experiment,scenario,family,nodes,offered_load,failure,control_mode,algorithm,trial,seed,pdr,pdr_critical,pdr_high,pdr_normal,pdr_low,throughput_mbps,mean_latency_ms,p95_latency_ms,time_to_restore_critical_s,time_to_restore_overall_s,censored,reroutes,preemptions,cascade_depth,cascade_threshold,cascade_dwell_ticks,cascade_saturated,total_links,time_to_converge_s,peak_restore_critical,optimality_gap,control_seconds,control_calls,blackholed_flow_ticks,wall_clock_s
a10-scale,scale_free-n100-load0.7-critical_link-centralised-deg4.0,scale_free,100,0.7,critical_link,CENTRALISED,cspf,0,17679872869091796778,0.8000870510333873,0.9994943043810013,0.965072267399044,0.7656837631726475,0.5498106403957047,7129.903252940517,53.56821742317256,153.0,0.0,0.0,False,107,0,0,0.98,3,False,392,0.30000000000000004,1.0,,0.4146781000017654,2,10,7.160697499988601
a10-scale,scale_free-n100-load0.7-critical_link-centralised-deg4.0,scale_free,100,0.7,critical_link,CENTRALISED,ecmp,0,17679872869091796778,0.727194968288589,0.9922304513521992,0.9047222193436244,0.6775078452559818,0.44483097195658544,6480.332062900023,42.124669317112236,103.02190031558179,0.0,0.0,False,12,0,0,0.98,3,False,392,0.30000000000000004,1.0,,0.6093490999774076,2,6,9.122443600004772
a10-scale,scale_free-n100-load0.7-critical_link-centralised-deg4.0,scale_free,100,0.7,critical_link,CENTRALISED,orbit,0,17679872869091796778,0.7956734404076669,0.9994943043810013,0.9990350829004616,0.8573473989570646,0.36669299074400385,7090.57176180228,48.00195553347813,109.3030908362262,0.0,0.0,False,262,0,0,0.98,3,False,392,0.30000000000000004,1.0,,0.2869461999798659,2,6,7.979784099996323
a10-scale,scale_free-n100-load0.7-critical_link-centralised-deg4.0,scale_free,100,0.7,critical_link,CENTRALISED,spf-reconverge,0,17679872869091796778,0.6233299080879228,0.9939548338805133,0.736212708956323,0.5724384486263125,0.3473455077852515,5554.747990972967,44.51771693396627,153.0,0.0,0.0,False,8,0,0,0.98,3,False,392,0.30000000000000004,1.0211183025785893,,0.09964729999774136,2,16,3.9302137999911793
a10-scale,scale_free-n100-load0.7-critical_link-centralised-deg4.0,scale_free,100,0.7,critical_link,CENTRALISED,spf-static,0,17679872869091796778,0.6227888557029185,0.971270402225928,0.7298601807564575,0.5830453501688904,0.3509104565278792,5549.926451673124,42.995844299956765,106.47402153997763,0.0,0.0,False,0,0,0,0.98,3,False,392,0.0,0.993893513578762,,0.0585970000247471,2,1040,3.908032800012734
a10-scale,scale_free-n100-load0.7-critical_link-centralised-deg4.0,scale_free,100,0.7,critical_link,CENTRALISED,cspf,1,12359370843532441103,0.7411577916329959,0.9412337676470636,0.8909753351050661,0.7033069407683523,0.5310964330956544,6961.342793283405,57.19289381471072,154.04920888452696,,0.0,True,96,0,0,0.98,3,False,392,0.30000000000000004,1.0,,0.4016451000061352,2,8,6.419684099993901
a10-scale,scale_free-n100-load0.7-critical_link-centralised-deg4.0,scale_free,100,0.7,critical_link,CENTRALISED,ecmp,1,12359370843532441103,0.7015033008221818,0.9951645929442628,0.8647294237148041,0.6573466486771703,0.42923917297654995,6588.887012687798,57.264490898153944,111.38740529261385,0.0,0.0,False,9,0,0,0.98,3,False,392,0.30000000000000004,1.0,,0.5942024000105448,2,2,9.957414600008633
a10-scale,scale_free-n100-load0.7-critical_link-centralised-deg4.0,scale_free,100,0.7,critical_link,CENTRALISED,orbit,1,12359370843532441103,0.7247543303627112,1.0,0.9760760244884887,0.7536295828875834,0.27224098393745155,6807.272879713172,60.70577764250868,154.01563478084262,0.0,0.0,False,275,0,0,0.98,3,False,392,0.30000000000000004,1.0,,0.32118669999181293,2,8,7.2032071000139695
a10-scale,scale_free-n100-load0.7-critical_link-centralised-deg4.0,scale_free,100,0.7,critical_link,CENTRALISED,spf-reconverge,1,12359370843532441103,0.6052399873239742,0.9321719059646962,0.7023862668552446,0.5237585266456249,0.4297720627672034,5684.731472203164,51.445954225460405,153.0,0.0,0.0,False,9,0,0,0.98,3,False,392,0.30000000000000004,1.0,,0.09261399999377318,2,18,3.840573099994799
a10-scale,scale_free-n100-load0.7-critical_link-centralised-deg4.0,scale_free,100,0.7,critical_link,CENTRALISED,spf-static,1,12359370843532441103,0.595646897976173,0.9321719059646962,0.6733641899819051,0.5161421078891018,0.42937538234574296,5594.628144476552,51.42699398224273,153.0,0.0,0.0,False,0,0,0,0.98,3,False,392,0.0,1.0,,0.0494868999812752,2,1170,3.720449600019492
a10-scale,scale_free-n100-load0.7-critical_link-centralised-deg4.0,scale_free,100,0.7,critical_link,CENTRALISED,cspf,2,6935717107551045830,0.7721145073901488,0.9947897100442554,0.9248086417930699,0.7005897577588966,0.5834976903092665,6729.346569492717,54.68153999065682,106.37626118800148,0.0,0.0,True,66,0,0,0.98,3,False,392,0.30000000000000004,1.0,,0.4455569999990985,2,8,7.061157200019807
a10-scale,scale_free-n100-load0.7-critical_link-centralised-deg4.0,scale_free,100,0.7,critical_link,CENTRALISED,ecmp,2,6935717107551045830,0.7199087299530417,1.0,0.8623302096526265,0.6530427189044814,0.49800124366370324,6274.348294053528,47.03157444079794,104.56553419779176,0.0,0.0,False,21,0,0,0.98,3,False,392,0.30000000000000004,1.0,,0.6168862999766134,2,8,9.817567999998573
a10-scale,scale_free-n100-load0.7-critical_link-centralised-deg4.0,scale_free,100,0.7,critical_link,CENTRALISED,orbit,2,6935717107551045830,0.7781889422113278,0.9997550778661625,0.9997162065059747,0.7617894925203558,0.4414886810416024,6782.288169131452,48.83298291665697,108.5562413030037,0.0,0.0,False,260,0,0,0.98,3,False,392,0.30000000000000004,1.0,,0.30633269998361357,2,8,7.247640100016724
a10-scale,scale_free-n100-load0.7-critical_link-centralised-deg4.0,scale_free,100,0.7,critical_link,CENTRALISED,spf-reconverge,2,6935717107551045830,0.6261204640661914,0.979287854487495,0.7418953064644627,0.50999721366327,0.4560207211519441,5456.938778672624,51.80126575868041,105.10256730882833,0.0,0.0,False,12,0,0,0.98,3,False,392,0.30000000000000004,1.0121188411936441,,0.11413879998144694,2,24,4.178688499989221
a10-scale,scale_free-n100-load0.7-critical_link-centralised-deg4.0,scale_free,100,0.7,critical_link,CENTRALISED,spf-static,2,6935717107551045830,0.615811800241238,0.9306408920983018,0.7526745147300862,0.5065011391429897,0.4393375594051497,5367.093851679883,50.23649587804972,152.99999999999997,0.0,0.0,False,0,0,0,0.98,3,False,392,0.0,0.9533391511601438,,0.055680999998003244,2,1560,4.027812000014819
a10-scale,scale_free-n100-load0.7-critical_link-centralised-deg4.0,scale_free,100,0.7,critical_link,CENTRALISED,cspf,3,7771308638562684793,0.7649117820063187,0.9987527650408853,0.918884839612478,0.7162092358663336,0.5392017190883666,6664.689412392986,56.654884867460545,108.55690862956351,0.0,0.0,False,86,0,0,0.98,3,False,392,0.30000000000000004,1.0085768108461803,,0.4129428000014741,2,8,6.751659300003666
a10-scale,scale_free-n100-load0.7-critical_link-centralised-deg4.0,scale_free,100,0.7,critical_link,CENTRALISED,ecmp,3,7771308638562684793,0.6503001532438005,0.9462837347511904,0.7880001155730266,0.5822744376004779,0.43078329541828475,5666.076334755283,46.53624183854482,104.1981885781408,0.0,0.0,False,20,0,0,0.98,3,False,392,0.30000000000000004,1.0,,0.564628999971319,2,2,8.29359309998108
a10-scale,scale_free-n100-load0.7-critical_link-centralised-deg4.0,scale_free,100,0.7,critical_link,CENTRALISED,orbit,3,7771308638562684793,0.7542451544833422,0.9995470463043707,0.9736653807531631,0.7985787669356754,0.3136566858706551,6571.750904723701,51.021847376173,107.5147969170246,0.0,0.0,False,259,1,0,0.98,3,False,392,0.30000000000000004,1.0,,0.337152199994307,2,8,7.072566699993331
a10-scale,scale_free-n100-load0.7-critical_link-centralised-deg4.0,scale_free,100,0.7,critical_link,CENTRALISED,spf-reconverge,3,7771308638562684793,0.5744076090270978,0.9199701205840781,0.6533209119058307,0.47798284008919767,0.4249378397241527,5004.823301635644,48.85814402470598,105.07583538116612,0.2,0.2,False,14,0,0,0.98,3,False,392,0.30000000000000004,1.0275257269256657,,0.10405689998879097,2,28,3.646583299996564
a10-scale,scale_free-n100-load0.7-critical_link-centralised-deg4.0,scale_free,100,0.7,critical_link,CENTRALISED,spf-static,3,7771308638562684793,0.5538511823216947,0.8348365821214856,0.6317478384282109,0.4751763928310474,0.41919669821928346,4825.714804887453,49.8868221603471,105.07583538116612,,0.0,True,0,0,0,0.98,3,False,392,0.0,0.9166543428656891,,0.048786800005473197,2,1820,3.5192391000164207
a10-scale,scale_free-n100-load0.7-critical_link-centralised-deg4.0,scale_free,100,0.7,critical_link,CENTRALISED,cspf,4,7035188518757833784,0.7378853131878749,0.9997688505810585,0.92052095521587,0.6748283118404328,0.5105353496987098,6709.585157969359,61.139806530869585,154.0324673712621,0.0,0.0,False,93,0,0,0.98,3,False,392,0.30000000000000004,1.0,,0.39221610000822693,2,14,6.883981599996332
a10-scale,scale_free-n100-load0.7-critical_link-centralised-deg4.0,scale_free,100,0.7,critical_link,CENTRALISED,ecmp,4,7035188518757833784,0.6513413725701936,0.9963016019865096,0.8164302950902999,0.590956499603958,0.39143967122490375,5922.641809047155,51.86676324486212,119.6759291802726,0.0,0.0,False,18,0,0,0.98,3,False,392,0.30000000000000004,1.0,,0.5667223999917042,2,12,9.789690500008874
a10-scale,scale_free-n100-load0.7-critical_link-centralised-deg4.0,scale_free,100,0.7,critical_link,CENTRALISED,orbit,4,7035188518757833784,0.6956622667553163,0.9995051984454051,1.0,0.728823764776577,0.20614911311891546,6325.651339793451,53.33921891517772,110.72768472670109,0.0,0.0,True,272,0,0,0.98,3,False,392,0.30000000000000004,1.0,,0.32779710000613704,2,14,7.208392900007311
a10-scale,scale_free-n100-load0.7-critical_link-centralised-deg4.0,scale_free,100,0.7,critical_link,CENTRALISED,spf-reconverge,4,7035188518757833784,0.5691456511502465,0.9002981852163711,0.6264188103992483,0.4972168870346263,0.43135450753990684,5175.236781963437,49.83248278455648,153.0,0.0,0.0,True,12,0,0,0.98,3,False,392,0.30000000000000004,1.0,,0.10450580003089271,2,24,3.5837268000177573
a10-scale,scale_free-n100-load0.7-critical_link-centralised-deg4.0,scale_free,100,0.7,critical_link,CENTRALISED,spf-static,4,7035188518757833784,0.5632742688648784,0.8855046224041148,0.6381881621903711,0.48603472528363045,0.4211035205014194,5121.848350543824,50.30463621122847,153.0,0.0,0.0,False,0,0,0,0.98,3,False,392,0.0,0.9807488709652847,,0.04990460001863539,2,1560,3.3664889999781735
a10-scale,scale_free-n100-load0.7-critical_link-centralised-deg4.0,scale_free,100,0.7,critical_link,CENTRALISED,cspf,5,1737965448155918523,0.7535245248096113,0.9899383647103035,0.9111903371359699,0.7088690832887241,0.531765076134202,6949.382633960261,54.79445024566604,112.38166630580162,0.0,0.0,False,77,0,0,0.98,3,False,392,0.30000000000000004,0.9921720467539014,,0.4131209999904968,2,6,6.715800000005402
a10-scale,scale_free-n100-load0.7-critical_link-centralised-deg4.0,scale_free,100,0.7,critical_link,CENTRALISED,ecmp,5,1737965448155918523,0.6616808890982947,0.9979500627236804,0.8601404701272037,0.5466647552135862,0.44211712061702607,6102.354374046278,46.49241356040632,104.07889250273966,0.0,0.0,False,16,0,0,0.98,3,False,392,0.30000000000000004,1.0,,0.5517432000197005,2,2,8.256592100020498
a10-scale,scale_free-n100-load0.7-critical_link-centralised-deg4.0,scale_free,100,0.7,critical_link,CENTRALISED,orbit,5,1737965448155918523,0.7319303255410393,0.9934151504402196,0.9902426421920517,0.7860537752102023,0.2642135217532712,6750.2300537184865,50.49245877570313,108.33481447266362,0.0,0.0,False,262,0,0,0.98,3,False,392,0.30000000000000004,0.995284785121889,,0.33490220000385307,2,6,6.609709800017299
a10-scale,scale_free-n100-load0.7-critical_link-centralised-deg4.0,scale_free,100,0.7,critical_link,CENTRALISED,spf-reconverge,5,1737965448155918523,0.5629275522079948,0.9622532265049597,0.6373400464317213,0.43238220540150096,0.4434052430984648,5191.601370214751,49.383866421210335,153.0,0.2,0.2,True,16,0,0,0.98,3,False,392,0.30000000000000004,0.9895896427867822,,0.11552939997636713,2,32,3.64016619999893
a10-scale,scale_free-n100-load0.7-critical_link-centralised-deg4.0,scale_free,100,0.7,critical_link,CENTRALISED,spf-static,5,1737965448155918523,0.5543789109646687,0.9140843093959237,0.6145001172835715,0.42878769259524385,0.4642957299774889,5112.761495672729,47.574360724009836,104.18266863991715,,0.0,True,0,0,0,0.98,3,False,392,0.0,0.9315020850223169,,0.059295799961546436,2,2080,3.392318800004432
a10-scale,scale_free-n100-load0.7-critical_link-centralised-deg4.0,scale_free,100,0.7,critical_link,CENTRALISED,cspf,6,8085569334340774627,0.7516377203176329,0.999751192935103,0.9430184820725845,0.6798083247219034,0.4871117734107219,6816.2475017509,57.156923131402635,108.11565482997851,0.0,0.0,True,91,0,0,0.98,3,False,392,0.30000000000000004,1.0,,0.416367400001036,2,8,6.510480500000995
a10-scale,scale_free-n100-load0.7-critical_link-centralised-deg4.0,scale_free,100,0.7,critical_link,CENTRALISED,ecmp,6,8085569334340774627,0.6571958778930221,0.999751192935103,0.8214407115097847,0.6223336325441682,0.30432948961582285,5959.799035839065,46.67415672852326,103.25768331206808,0.0,0.0,False,17,0,0,0.98,3,False,392,0.30000000000000004,1.0,,0.5592381000169553,2,6,7.5834832999971695
a10-scale,scale_free-n100-load0.7-critical_link-centralised-deg4.0,scale_free,100,0.7,critical_link,CENTRALISED,orbit,6,8085569334340774627,0.7501757654354518,0.9994983132629204,0.9924651657413717,0.7785202643657987,0.2804595284742834,6802.989723377127,51.597716260175474,110.18587204310018,0.0,0.0,False,260,2,0,0.98,3,False,392,0.30000000000000004,1.0,,0.29191200001514517,2,6,7.187972399988212
a10-scale,scale_free-n100-load0.7-critical_link-centralised-deg4.0,scale_free,100,0.7,critical_link,CENTRALISED,spf-reconverge,6,8085569334340774627,0.5926949219697679,0.995371245526929,0.6963475276692538,0.5183805363077475,0.3243398858129995,5374.870329112327,50.433374647495036,153.0,0.2,0.2,True,12,0,0,0.98,3,False,392,0.30000000000000004,0.9964006660607222,,0.09138070003245957,2,24,3.702634700021008
a10-scale,scale_free-n100-load0.7-critical_link-centralised-deg4.0,scale_free,100,0.7,critical_link,CENTRALISED,spf-static,6,8085569334340774627,0.5886135391921226,0.9504085880735641,0.661090853871851,0.5393360495824724,0.3437805856390251,5337.858196259205,49.9190681642505,105.05844677327626,,0.0,True,0,0,0,0.98,3,False,392,0.0,0.9436673740239698,,0.06155929999658838,2,1560,3.682761700008996
a10-scale,scale_free-n100-load0.7-critical_link-centralised-deg4.0,scale_free,100,0.7,critical_link,CENTRALISED,cspf,7,16984946048539308106,0.7287454290371908,0.990392868083858,0.9031554660719191,0.693184639389431,0.44205475340204353,6747.329715036702,61.47986781069123,112.61490577911445,0.0,0.0,True,78,0,0,0.98,3,False,392,0.30000000000000004,1.0108404338378534,,0.44802250000066124,2,12,6.533387700008461
a10-scale,scale_free-n100-load0.7-critical_link-centralised-deg4.0,scale_free,100,0.7,critical_link,CENTRALISED,ecmp,7,16984946048539308106,0.6984597089728005,0.9999999999999998,0.8897459966195166,0.6541964078995858,0.38281693295271696,6466.919395068417,49.98302914310636,107.19452751394465,0.0,0.0,False,19,0,0,0.98,3,False,392,0.30000000000000004,1.0,,0.5836688000126742,2,8,8.935254599986365
a10-scale,scale_free-n100-load0.7-critical_link-centralised-deg4.0,scale_free,100,0.7,critical_link,CENTRALISED,orbit,7,16984946048539308106,0.7427499993599685,0.9996022829063141,1.0,0.7515695297157351,0.30898765968459424,6876.995644619331,52.740879532393215,107.3086310671803,0.0,0.0,True,268,1,0,0.98,3,False,392,0.30000000000000004,1.0,,0.3380083999945782,2,8,7.184935099998256
a10-scale,scale_free-n100-load0.7-critical_link-centralised-deg4.0,scale_free,100,0.7,critical_link,CENTRALISED,spf-reconverge,7,16984946048539308106,0.5999299642548145,0.9759734945866598,0.7627994497750351,0.5351717063891149,0.2976920625132409,5554.64928281675,54.06140586665839,154.0446597454588,0.2,0.2,True,18,0,0,0.98,3,False,392,0.30000000000000004,1.0,,0.11916989999008365,2,36,4.040724299993599
a10-scale,scale_free-n100-load0.7-critical_link-centralised-deg4.0,scale_free,100,0.7,critical_link,CENTRALISED,spf-static,7,16984946048539308106,0.6048114218191804,0.9198022473069885,0.7991322913892277,0.5184697241622288,0.33980269949193004,5599.845866375775,49.8557849069728,153.0,,0.0,True,0,0,0,0.98,3,False,392,0.0,0.9326144223342234,,0.05458630001521669,2,2340,3.8509944999823347
a10-scale,scale_free-n100-load0.7-critical_link-centralised-deg4.0,scale_free,100,0.7,critical_link,CENTRALISED,cspf,8,15558075038550466753,0.7034519975948132,0.9913221389894575,0.8883099094266758,0.6627603003045424,0.40598497622543744,6730.7334326072005,61.84594906510961,153.0,0.0,0.0,True,83,0,0,0.98,3,False,392,0.30000000000000004,0.9918903128655168,,0.41135920002125204,2,8,6.369765899988124
a10-scale,scale_free-n100-load0.7-critical_link-centralised-deg4.0,scale_free,100,0.7,critical_link,CENTRALISED,ecmp,8,15558075038550466753,0.6587778835617598,1.0,0.8038032654708069,0.6128140304108559,0.3787415278512286,6303.28485911182,53.33115241841333,106.75106440185772,0.0,0.0,False,29,0,0,0.98,3,False,392,0.30000000000000004,1.0,,0.5234557999938261,2,4,9.43600729998434
a10-scale,scale_free-n100-load0.7-critical_link-centralised-deg4.0,scale_free,100,0.7,critical_link,CENTRALISED,orbit,8,15558075038550466753,0.723013712162062,0.9973451606354312,0.9904962581053796,0.6986049712523706,0.32690509121327765,6917.9028296479055,60.71125118939703,154.01779477975944,0.0,0.0,False,263,0,0,0.98,3,False,392,0.30000000000000004,0.9975476475462692,,0.3019200999988243,2,6,7.601047500007553
a10-scale,scale_free-n100-load0.7-critical_link-centralised-deg4.0,scale_free,100,0.7,critical_link,CENTRALISED,spf-reconverge,8,15558075038550466753,0.5593289633216006,0.9839832688126418,0.6852466707176388,0.46815415585865455,0.3124345348403299,5351.742785756761,49.45082830520387,104.2918688398849,0.2,0.2,False,13,0,0,0.98,3,False,392,0.30000000000000004,1.029767184197338,,0.11324079998303205,2,26,3.5499005999881774
a10-scale,scale_free-n100-load0.7-critical_link-centralised-deg4.0,scale_free,100,0.7,critical_link,CENTRALISED,spf-static,8,15558075038550466753,0.5460051796537487,0.8978012378388278,0.6803276940236611,0.46969326307784587,0.3118943499791537,5224.258840173182,45.67688679694431,104.12030480676911,,0.0,True,0,0,0,0.98,3,False,392,0.0,0.9246246810195601,,0.06241290000616573,2,1690,3.345114299998386
a10-scale,scale_free-n100-load0.7-critical_link-centralised-deg4.0,scale_free,100,0.7,critical_link,CENTRALISED,cspf,9,5804199878736579024,0.7216876456715052,0.981214698949608,0.9151979593187347,0.6563830075666431,0.46903249681588177,7033.792050953766,63.79601763064342,155.04098376241416,0.0,0.0,False,45,0,0,0.98,3,False,392,0.30000000000000004,1.0,,0.3968008999945596,2,6,6.935022799996659
a10-scale,scale_free-n100-load0.7-critical_link-centralised-deg4.0,scale_free,100,0.7,critical_link,CENTRALISED,ecmp,9,5804199878736579024,0.6312547298554536,0.9996743096360112,0.8355192752258332,0.5082138431844179,0.39060743864166586,6152.404752409036,49.36250324658696,103.6072851883563,0.0,0.0,False,16,0,0,0.98,3,False,392,0.30000000000000004,1.0,,0.5819519000069704,2,2,7.270146900002146
a10-scale,scale_free-n100-load0.7-critical_link-centralised-deg4.0,scale_free,100,0.7,critical_link,CENTRALISED,orbit,9,5804199878736579024,0.7203961643457539,0.9996282931264661,0.9969772870599637,0.7383353397713683,0.24371712877392976,7021.20487263984,55.73288316399124,109.51257483844194,0.0,0.0,False,269,0,0,0.98,3,False,392,0.30000000000000004,1.0,,0.30687119998037815,2,8,6.689665799989598
a10-scale,scale_free-n100-load0.7-critical_link-centralised-deg4.0,scale_free,100,0.7,critical_link,CENTRALISED,spf-reconverge,9,5804199878736579024,0.5561651133540171,0.9569085194513801,0.6989729630625622,0.4117843634875934,0.39107415992578703,5420.558016740542,50.67880460499817,104.16383003713344,0.2,0.2,False,16,0,0,0.98,3,False,392,0.30000000000000004,0.9930633504564613,,0.10961159999715164,2,32,3.365810599992983
a10-scale,scale_free-n100-load0.7-critical_link-centralised-deg4.0,scale_free,100,0.7,critical_link,CENTRALISED,spf-static,9,5804199878736579024,0.5513973770358108,0.9044680571966985,0.7225152928380851,0.4032191535936695,0.39225075586550007,5374.090177063393,48.98726271606072,153.0,,0.0,True,0,0,0,0.98,3,False,392,0.0,0.9292829993545967,,0.048461200000019744,2,2080,3.0806772999931127
a10-scale,scale_free-n100-load0.7-critical_link-centralised-deg4.0,scale_free,100,0.7,critical_link,CENTRALISED,cspf,10,14001328947861355237,0.7325502567177339,0.9994107921314164,0.9587836993180799,0.7056768068949951,0.4028006306554068,6791.321412451023,59.134597956388255,153.0,0.0,0.0,True,47,0,0,0.98,3,False,392,0.30000000000000004,1.0,,0.43549140001414344,2,6,6.9623251000011805
a10-scale,scale_free-n100-load0.7-critical_link-centralised-deg4.0,scale_free,100,0.7,critical_link,CENTRALISED,ecmp,10,14001328947861355237,0.6558886214658237,0.9662655779015801,0.87318582225489,0.5453172601618451,0.424211306308514,6080.6073007222785,51.17991510352866,113.15559730449077,0.0,0.0,False,10,0,0,0.98,3,False,392,0.30000000000000004,1.0,,0.5771551000070758,2,2,8.88500889998977
a10-scale,scale_free-n100-load0.7-critical_link-centralised-deg4.0,scale_free,100,0.7,critical_link,CENTRALISED,orbit,10,14001328947861355237,0.7408956250647121,0.9996154769595353,0.9946984259047074,0.7580838333747135,0.3294593904485887,6868.689590579261,55.43604300749782,153.0,0.0,0.0,False,267,2,0,0.98,3,False,392,0.30000000000000004,1.0,,0.34260050000739284,2,4,7.254565499984892
a10-scale,scale_free-n100-load0.7-critical_link-centralised-deg4.0,scale_free,100,0.7,critical_link,CENTRALISED,spf-reconverge,10,14001328947861355237,0.5722472688830345,0.9697701007376072,0.6860868252328676,0.4659242940676757,0.3826110289952678,5305.185678037984,50.80807522874485,105.04474764851848,0.0,0.0,False,6,0,0,0.98,3,False,392,0.30000000000000004,1.0,,0.1056271999841556,2,12,3.7921237999980804
a10-scale,scale_free-n100-load0.7-critical_link-centralised-deg4.0,scale_free,100,0.7,critical_link,CENTRALISED,spf-static,10,14001328947861355237,0.5633976241098411,0.932060797148259,0.6863520372679242,0.4600716648032984,0.3775706167868105,5223.142457808888,49.09292258068996,104.10481949196772,0.0,0.0,False,0,0,0,0.98,3,False,392,0.0,0.954459559719952,,0.054931300022872165,2,780,3.566300799982855
a10-scale,scale_free-n100-load0.7-critical_link-centralised-deg4.0,scale_free,100,0.7,critical_link,CENTRALISED,cspf,11,13352601960838221931,0.7363337339411836,0.999628093532141,0.8680241883263194,0.6503828912173475,0.5684759553933889,6657.76120692374,59.56809887112245,154.29349541047642,0.0,0.0,True,101,0,0,0.98,3,False,392,0.30000000000000004,1.0,,0.420444800023688,2,6,6.57403799999156
a10-scale,scale_free-n100-load0.7-critical_link-centralised-deg4.0,scale_free,100,0.7,critical_link,CENTRALISED,ecmp,11,13352601960838221931,0.671778998908012,1.0,0.7813649239280075,0.6829446458328156,0.34914707363021336,6074.072057811062,53.01471047334091,114.8593457013898,0.0,0.0,True,12,0,0,0.98,3,False,392,0.30000000000000004,1.0,,0.5890463000105228,2,2,9.618179000011878
a10-scale,scale_free-n100-load0.7-critical_link-centralised-deg4.0,scale_free,100,0.7,critical_link,CENTRALISED,orbit,11,13352601960838221931,0.7427772816918546,0.9996518470739286,0.9849250606326682,0.7912798532880507,0.27021243907383385,6716.0222919072585,50.85482842517444,109.28187462336463,0.0,0.0,False,270,2,0,0.98,3,False,392,0.30000000000000004,1.0,,0.35704899998381734,2,6,7.324444500001846
a10-scale,scale_free-n100-load0.7-critical_link-centralised-deg4.0,scale_free,100,0.7,critical_link,CENTRALISED,spf-reconverge,11,13352601960838221931,0.5802616169806007,0.9697502473597187,0.739705585182547,0.5614163717597691,0.21296287487037768,5246.592822418307,51.759943628702054,154.01602852615474,0.0,0.0,False,11,0,0,0.98,3,False,392,0.30000000000000004,1.0,,0.10422289997222833,2,22,3.7999634000007063
a10-scale,scale_free-n100-load0.7-critical_link-centralised-deg4.0,scale_free,100,0.7,critical_link,CENTRALISED,spf-static,11,13352601960838221931,0.5801947112355121,0.9697502473597187,0.739705585182549,0.5555184015002833,0.22117641971056448,5245.987875974,50.09053541135633,105.14975194142302,0.0,0.0,False,0,0,0,0.98,3,False,392,0.0,1.0,,0.049674299982143566,2,1430,3.7150698000041302
a10-scale,scale_free-n100-load0.7-critical_link-centralised-deg4.0,scale_free,100,0.7,critical_link,CENTRALISED,cspf,12,14425300526958828506,0.7592663691641083,0.9992376208385221,0.8980347377344655,0.7368621603737309,0.5094893690953726,6860.433049903518,59.580714251938886,153.0,0.2,0.2,True,72,0,0,0.98,3,False,392,0.30000000000000004,1.0,,0.39240639997296967,2,8,6.451439600001322
a10-scale,scale_free-n100-load0.7-critical_link-centralised-deg4.0,scale_free,100,0.7,critical_link,CENTRALISED,ecmp,12,14425300526958828506,0.6474013878624066,0.9962337476224175,0.8587922128313313,0.5616043381149973,0.3524160091407625,5849.664963739072,45.65425025386481,103.0277697299386,0.0,0.0,False,19,0,0,0.98,3,False,392,0.30000000000000004,1.0240501294915332,,0.622444299980998,2,10,8.472042799985502
a10-scale,scale_free-n100-load0.7-critical_link-centralised-deg4.0,scale_free,100,0.7,critical_link,CENTRALISED,orbit,12,14425300526958828506,0.7424453290081182,0.9982924374493783,0.9998442222093167,0.7798505213816709,0.27428661038827873,6708.444729984971,52.18479729350965,108.20198776651631,0.0,0.0,True,263,0,0,0.98,3,False,392,0.30000000000000004,0.9986658451585131,,0.3148133000067901,2,6,6.931189299997641
a10-scale,scale_free-n100-load0.7-critical_link-centralised-deg4.0,scale_free,100,0.7,critical_link,CENTRALISED,spf-reconverge,12,14425300526958828506,0.5375456986259767,0.979385125537779,0.6907091587592762,0.4274725567926847,0.28326497948387097,4857.052052426734,51.187673425369795,104.0877213557991,0.2,0.2,False,19,0,0,0.98,3,False,392,0.30000000000000004,1.0988196130266703,,0.10551950000808574,2,38,3.3032958999974653
a10-scale,scale_free-n100-load0.7-critical_link-centralised-deg4.0,scale_free,100,0.7,critical_link,CENTRALISED,spf-static,12,14425300526958828506,0.5356772483919329,0.8374377975577493,0.7218040982030757,0.4574232451880869,0.28307103954805446,4840.169469109042,48.637862540290996,104.0617433763923,,0.0,True,0,0,0,0.98,3,False,392,0.0,0.914844146346173,,0.0495770999987144,2,2470,3.1763307999935932
a10-scale,scale_free-n100-load0.7-critical_link-centralised-deg4.0,scale_free,100,0.7,critical_link,CENTRALISED,cspf,13,8135741296859666995,0.6873558239654015,0.9772651198547008,0.8971307760960626,0.5845329232991388,0.453012423652407,6477.462845266803,63.78347102117789,154.07668374948437,0.0,0.0,False,81,0,0,0.98,3,False,392,0.30000000000000004,1.0,,0.46082020000903867,2,6,6.287298399984138
a10-scale,scale_free-n100-load0.7-critical_link-centralised-deg4.0,scale_free,100,0.7,critical_link,CENTRALISED,ecmp,13,8135741296859666995,0.6251829756473438,0.9639201209743841,0.8696563441254402,0.5444410169180205,0.29216107363267013,5891.562062988862,53.946554294937194,120.68794764918175,0.0,0.0,False,16,0,0,0.98,3,False,392,0.30000000000000004,0.9986048437545908,,0.5912759999919217,2,6,8.982166799978586
a10-scale,scale_free-n100-load0.7-critical_link-centralised-deg4.0,scale_free,100,0.7,critical_link,CENTRALISED,orbit,13,8135741296859666995,0.6884351543468555,0.9996409474096373,1.0,0.6218041580636283,0.2799239955525272,6487.634174583986,57.82868215701632,154.02296613496122,0.0,0.0,False,272,0,0,0.98,3,False,392,0.30000000000000004,1.0,,0.31738490000134334,2,8,6.987609300005715
a10-scale,scale_free-n100-load0.7-critical_link-centralised-deg4.0,scale_free,100,0.7,critical_link,CENTRALISED,spf-reconverge,13,8135741296859666995,0.5348059519746209,0.9273708303825882,0.6387479415612328,0.40429205334620955,0.3928882470805627,5039.872454063211,47.210791789336916,105.0629840357976,0.0,0.0,False,16,0,0,0.98,3,False,392,0.30000000000000004,1.0,,0.11245689998031594,2,32,3.3888709000020754
a10-scale,scale_free-n100-load0.7-critical_link-centralised-deg4.0,scale_free,100,0.7,critical_link,CENTRALISED,spf-static,13,8135741296859666995,0.5155408594604504,0.8916912595784594,0.6233781065964985,0.4032714683774767,0.3514929041255989,4858.323223489661,45.300319511015786,105.0629840357976,0.0,0.0,False,0,0,0,0.98,3,False,392,0.0,0.9549404884307934,,0.05651969998143613,2,2080,2.908026199991582
a10-scale,scale_free-n100-load0.7-critical_link-centralised-deg4.0,scale_free,100,0.7,critical_link,CENTRALISED,cspf,14,4050076156522042287,0.7297165473631163,0.986564202463248,0.8110887731685337,0.6949856869155216,0.537489520410399,7024.794409727122,61.075685822018606,154.0141901006579,0.2,0.2,True,84,0,0,0.98,3,False,392,0.30000000000000004,0.9852820574411505,,0.42075740001746453,2,8,6.0813168000022415
a10-scale,scale_free-n100-load0.7-critical_link-centralised-deg4.0,scale_free,100,0.7,critical_link,CENTRALISED,ecmp,14,4050076156522042287,0.6893753448211309,1.0,0.8018296989507324,0.6385612530393048,0.4553481159037303,6636.439979335411,48.57819651096531,104.13582093470313,0.0,0.0,False,9,0,0,0.98,3,False,392,0.30000000000000004,1.0,,0.5699488000245765,2,2,9.036236799991457
a10-scale,scale_free-n100-load0.7-critical_link-centralised-deg4.0,scale_free,100,0.7,critical_link,CENTRALISED,orbit,14,4050076156522042287,0.7358740148409726,1.0,0.983464857134482,0.6964843855645081,0.37330625184416416,7084.070772957236,58.77311085829197,155.14831116484015,0.0,0.0,False,275,0,0,0.98,3,False,392,0.30000000000000004,1.0,,0.33027340003172867,2,6,7.165224700002
a10-scale,scale_free-n100-load0.7-critical_link-centralised-deg4.0,scale_free,100,0.7,critical_link,CENTRALISED,spf-reconverge,14,4050076156522042287,0.5833264568119124,0.9762849049885062,0.6800139978062562,0.47997495552592645,0.3924528887661761,5615.534480704546,48.18856972532712,154.0184173013897,0.0,0.0,True,9,0,0,0.98,3,False,392,0.30000000000000004,1.0216408052316444,,0.11458769996534102,2,18,3.623662999976659
a10-scale,scale_free-n100-load0.7-critical_link-centralised-deg4.0,scale_free,100,0.7,critical_link,CENTRALISED,spf-static,14,4050076156522042287,0.5873245760290227,0.9332518403876062,0.7131213507732386,0.48253210131488217,0.39746231415496325,5654.023350975159,48.61958596035418,153.0,0.0,0.0,False,0,0,0,0.98,3,False,392,0.0,0.9690538661476998,,0.060232500021811575,2,1170,3.5300878999987617
a10-scale,scale_free-n100-load0.7-critical_link-centralised-deg4.0,scale_free,100,0.7,critical_link,CENTRALISED,cspf,15,64125717928683501,0.6989999145311848,0.989409927616167,0.8490855770794415,0.6260261415839758,0.48022329081588405,6557.773152320612,60.299934263399315,154.34527423846566,0.2,0.2,True,103,0,0,0.98,3,False,392,0.30000000000000004,1.0138741581970276,,0.45847549999598414,2,8,6.622829900006764
a10-scale,scale_free-n100-load0.7-critical_link-centralised-deg4.0,scale_free,100,0.7,critical_link,CENTRALISED,ecmp,15,64125717928683501,0.6397582699509508,1.0,0.8139943289538004,0.586740552596288,0.3301709625761819,6001.988726240762,47.01270862981027,104.09800208754898,0.0,0.0,True,17,0,0,0.98,3,False,392,0.30000000000000004,1.0,,0.5773907000257168,2,6,10.77403579998645
a10-scale,scale_free-n100-load0.7-critical_link-centralised-deg4.0,scale_free,100,0.7,critical_link,CENTRALISED,orbit,15,64125717928683501,0.7144369749214061,0.9980587411139128,0.9911306120084827,0.75067476523235,0.24047648999717924,6702.59826327308,55.36826130513912,153.0,0.0,0.0,True,261,0,0,0.98,3,False,392,0.30000000000000004,0.9983040666126097,,0.3154847000259906,2,6,7.892121899989434
a10-scale,scale_free-n100-load0.7-critical_link-centralised-deg4.0,scale_free,100,0.7,critical_link,CENTRALISED,spf-reconverge,15,64125717928683501,0.531421019783205,0.9658214932403854,0.680775912191279,0.44410773750417887,0.2444879776245071,4985.606469566553,50.1979872859147,153.0,0.2,0.2,True,15,0,0,0.98,3,False,392,0.30000000000000004,1.049460806834823,,0.10611309998785146,2,30,3.3901882999925874
a10-scale,scale_free-n100-load0.7-critical_link-centralised-deg4.0,scale_free,100,0.7,critical_link,CENTRALISED,spf-static,15,64125717928683501,0.5252192077009156,0.8737680178149494,0.6948128850169843,0.4480594018601108,0.2586514832203753,4927.423233884397,49.878373564817366,153.0,,0.0,True,0,0,0,0.98,3,False,392,0.0,0.9331535400914722,,0.04559910000534728,2,1950,3.3986544999934267
a10-scale,scale_free-n100-load0.7-critical_link-centralised-deg4.0,scale_free,100,0.7,critical_link,CENTRALISED,cspf,16,5987983725734804619,0.7329110714776796,0.983512622766631,0.8681597357359723,0.7154319054776387,0.47310267100062486,6774.876576246654,70.25210018135733,155.10383487531246,0.0,0.0,True,74,0,0,0.98,3,False,392,0.30000000000000004,0.9811335485060316,,0.39511660003336146,2,4,9.617601799982367
a10-scale,scale_free-n100-load0.7-critical_link-centralised-deg4.0,scale_free,100,0.7,critical_link,CENTRALISED,ecmp,16,5987983725734804619,0.6652103255548331,1.0,0.8761171257982637,0.5842914192957209,0.3728836954611129,6149.065047949816,47.7973240616169,103.06828312789158,0.0,0.0,False,16,0,0,0.98,3,False,392,0.30000000000000004,1.0,,0.5937207999813836,2,2,15.0234894999885
a10-scale,scale_free-n100-load0.7-critical_link-centralised-deg4.0,scale_free,100,0.7,critical_link,CENTRALISED,orbit,16,5987983725734804619,0.7152780778402844,0.9994905209309042,1.0,0.7399513030352327,0.2179394187643174,6611.880872931327,52.30940019207314,153.0,0.0,0.0,True,276,0,0,0.98,3,False,392,0.30000000000000004,1.0,,0.32703380001476035,2,6,11.688844799995422
a10-scale,scale_free-n100-load0.7-critical_link-centralised-deg4.0,scale_free,100,0.7,critical_link,CENTRALISED,spf-reconverge,16,5987983725734804619,0.5580379339987669,0.9206572826301029,0.7603994692014108,0.442040592927233,0.3108427081855361,5158.38588723033,51.74073398573112,154.01677873688737,0.2,0.2,True,15,0,0,0.98,3,False,392,0.30000000000000004,0.9892047423934565,,0.10050499998033047,2,30,3.545359899988398
a10-scale,scale_free-n100-load0.7-critical_link-centralised-deg4.0,scale_free,100,0.7,critical_link,CENTRALISED,spf-static,16,5987983725734804619,0.5535024464169079,0.8639321364101172,0.7552733062259372,0.4383572952311966,0.33599841496411675,5116.460789116801,50.443064676344925,154.01677873688737,,0.0,True,0,0,0,0.98,3,False,392,0.0,0.9177454548856059,,0.05929370000376366,2,1950,3.4332646999973804
a10-scale,scale_free-n100-load0.7-critical_link-centralised-deg4.0,scale_free,100,0.7,critical_link,CENTRALISED,cspf,17,2790174773871802140,0.7553908489734169,0.9994926367538679,0.9210738785800305,0.6678071907314834,0.5561162102102867,7161.097105855552,65.47313432301361,154.04477341389858,0.0,0.0,False,3,0,0,0.98,3,False,392,0.30000000000000004,1.0,,0.4226792999834288,2,4,12.528005100000883
a10-scale,scale_free-n100-load0.7-critical_link-centralised-deg4.0,scale_free,100,0.7,critical_link,CENTRALISED,ecmp,17,2790174773871802140,0.6399270026494537,0.9492296607875711,0.7802719416000335,0.5428760580736272,0.4423894160252744,6066.501087297507,48.36559574724648,104.49169800390912,0.0,0.0,False,7,0,0,0.98,3,False,392,0.30000000000000004,1.0,,0.6046962999680545,2,0,16.141518200020073
a10-scale,scale_free-n100-load0.7-critical_link-centralised-deg4.0,scale_free,100,0.7,critical_link,CENTRALISED,orbit,17,2790174773871802140,0.7227789672254906,0.9994926367538679,0.9819208905328832,0.6727135366522292,0.34674909040772617,6851.936818411035,57.0298019743847,154.04,0.0,0.0,False,268,5,0,0.98,3,False,392,0.30000000000000004,1.0,,0.3690950000018347,2,514,13.661528600001475
a10-scale,scale_free-n100-load0.7-critical_link-centralised-deg4.0,scale_free,100,0.7,critical_link,CENTRALISED,spf-reconverge,17,2790174773871802140,0.5209393763482195,0.9127031731884475,0.6267195070747397,0.36756794411490795,0.39384920375301513,4938.499672538013,52.691321201973395,153.0,0.0,0.0,True,6,0,0,0.98,3,False,392,0.30000000000000004,1.0,,0.10029990001930855,2,12,3.274057600006927
a10-scale,scale_free-n100-load0.7-critical_link-centralised-deg4.0,scale_free,100,0.7,critical_link,CENTRALISED,spf-static,17,2790174773871802140,0.5162765023866703,0.8802319254359968,0.6267195070747397,0.3748732181460427,0.3833984351257539,4894.295677643981,53.117914938946456,153.0,0.0,0.0,False,0,0,0,0.98,3,False,392,0.0,0.958331357401466,,0.06231630002730526,2,780,3.156239200005075
a10-scale,scale_free-n100-load0.7-critical_link-centralised-deg4.0,scale_free,100,0.7,critical_link,CENTRALISED,cspf,18,16154544572141256510,0.7420744760105713,0.9997396292474823,0.8547505834768429,0.7144576879410406,0.5410669700926172,6770.671616582835,56.231704099619954,153.0,0.0,0.0,False,60,0,0,0.98,3,False,392,0.30000000000000004,1.001778412266303,,0.4409379000135232,2,6,15.093224699987331
a10-scale,scale_free-n100-load0.7-critical_link-centralised-deg4.0,scale_free,100,0.7,critical_link,CENTRALISED,ecmp,18,16154544572141256510,0.6810196900711013,1.0,0.8931897544275242,0.6551308630772708,0.3495455169181212,6213.60905806543,52.332209113049935,124.02983488452796,0.0,0.0,False,18,0,0,0.98,3,False,392,0.30000000000000004,1.0,,0.5874593000044115,2,4,23.255404600000475
a10-scale,scale_free-n100-load0.7-critical_link-centralised-deg4.0,scale_free,100,0.7,critical_link,CENTRALISED,orbit,18,16154544572141256510,0.7567791017667116,1.0,0.9996896730679349,0.8132966198423499,0.3198198636107393,6904.836306864074,51.25157154445247,107.26671363544249,0.0,0.0,False,261,2,0,0.98,3,False,392,0.30000000000000004,1.0,,0.31233879999490455,2,8,18.28424820001237
a10-scale,scale_free-n100-load0.7-critical_link-centralised-deg4.0,scale_free,100,0.7,critical_link,CENTRALISED,spf-reconverge,18,16154544572141256510,0.5897575358021458,0.9701785671169461,0.7992438080549128,0.5848929758071657,0.20141522420820915,5380.935118248886,51.584287906565834,106.026135565144,0.2,0.2,False,15,0,0,0.98,3,False,392,0.30000000000000004,1.0,,0.09866500002681278,2,30,7.3090745999943465
a10-scale,scale_free-n100-load0.7-critical_link-centralised-deg4.0,scale_free,100,0.7,critical_link,CENTRALISED,spf-static,18,16154544572141256510,0.5863417147860921,0.9201108023858339,0.7780345144778319,0.5937926666687641,0.22179487437673528,5349.76924049891,51.78874673950419,153.0,,0.0,True,0,0,0,0.98,3,False,392,0.0,0.9395720638718622,,0.04760810002335347,2,1950,6.09761029999936
a10-scale,scale_free-n100-load0.7-critical_link-centralised-deg4.0,scale_free,100,0.7,critical_link,CENTRALISED,cspf,19,3386361459082376484,0.8055488040841886,1.0,0.8888272102655764,0.7516394987768297,0.6678545260190717,6941.354981571497,51.20925810939321,107.23164436933475,0.0,0.0,False,57,0,0,0.98,3,False,392,0.30000000000000004,1.0,,0.8762472000089474,2,6,19.113982799986843
a10-scale,scale_free-n100-load0.7-critical_link-centralised-deg4.0,scale_free,100,0.7,critical_link,CENTRALISED,ecmp,19,3386361459082376484,0.7041277959720504,0.9940865971882258,0.8104186037612706,0.6082835238110434,0.5387339803522005,6067.4175909058185,45.39610813369374,104.31320996226819,0.0,0.0,False,9,0,0,0.98,3,False,392,0.30000000000000004,1.0,,1.2543584000086412,2,6,26.88006329999189
a10-scale,scale_free-n100-load0.7-critical_link-centralised-deg4.0,scale_free,100,0.7,critical_link,CENTRALISED,orbit,19,3386361459082376484,0.7691423879746284,1.0,0.9997281692254573,0.7998844137571526,0.3384411157482545,6627.643563291184,49.267322719256455,107.29000554020038,0.0,0.0,True,273,1,0,0.98,3,False,392,0.30000000000000004,1.0,,0.8593157999857794,2,4,21.191758100001607
a10-scale,scale_free-n100-load0.7-critical_link-centralised-deg4.0,scale_free,100,0.7,critical_link,CENTRALISED,spf-reconverge,19,3386361459082376484,0.6074075226985901,0.9796521282227872,0.7299991538534827,0.4658098663903505,0.4352550227124051,5233.98608768491,49.72083449065859,154.0183608255027,0.0,0.2,False,7,0,0,0.98,3,False,392,0.30000000000000004,1.0,,0.10395419999258593,2,14,9.073350899998331
a10-scale,scale_free-n100-load0.7-critical_link-centralised-deg4.0,scale_free,100,0.7,critical_link,CENTRALISED,spf-static,19,3386361459082376484,0.5985819341584049,0.9796521282227872,0.7063770880002317,0.44007899311285437,0.4594073505428467,5157.936638330489,47.87921303025331,154.0183608255027,0.0,0.0,True,0,0,0,0.98,3,False,392,0.0,1.0,,0.05944180002552457,2,910,8.233024899993325
a10-scale,scale_free-n100-load0.7-critical_link-centralised-deg4.0,scale_free,100,0.7,critical_link,CENTRALISED,cspf,20,12302404567296046698,0.7483684256645491,0.9975221463884524,0.9116924249369176,0.6814401643976203,0.5263163398735903,6715.303631649224,61.56974313110589,153.0,0.0,0.0,True,71,0,0,0.98,3,False,392,0.30000000000000004,1.0,,1.3561625000147615,2,6,19.335748100013006
a10-scale,scale_free-n100-load0.7-critical_link-centralised-deg4.0,scale_free,100,0.7,critical_link,CENTRALISED,ecmp,20,12302404567296046698,0.6482196237264009,0.9781291139113258,0.8970681783312587,0.5231647010797685,0.37622134803118584,5816.642503925455,44.74811019611326,104.08537564726436,0.0,0.0,False,10,0,0,0.98,3,False,392,0.30000000000000004,1.0,,1.8114080000086688,2,2,26.01095309999073
a10-scale,scale_free-n100-load0.7-critical_link-centralised-deg4.0,scale_free,100,0.7,critical_link,CENTRALISED,orbit,20,12302404567296046698,0.7379824433012387,0.9998173542877269,0.9998163252435026,0.7500018014033106,0.2884318581775047,6622.107523033806,50.321006192651176,153.0,0.0,0.0,False,252,0,0,0.98,3,False,392,0.30000000000000004,1.0,,0.9558469000039622,2,6,21.111940700007835
a10-scale,scale_free-n100-load0.7-critical_link-centralised-deg4.0,scale_free,100,0.7,critical_link,CENTRALISED,spf-reconverge,20,12302404567296046698,0.5421347602553013,0.9733068390688543,0.705799036834176,0.39533444596230094,0.32555922157592937,4864.7155592552745,47.89646665562633,105.17747344477108,0.0,0.0,False,7,0,0,0.98,3,False,392,0.30000000000000004,1.0,,0.30929080001078546,2,14,9.651736500003608
a10-scale,scale_free-n100-load0.7-critical_link-centralised-deg4.0,scale_free,100,0.7,critical_link,CENTRALISED,spf-static,20,12302404567296046698,0.5396943596036049,0.9733068390688543,0.6913943524835421,0.39445898786211137,0.3313598232241348,4842.817212402301,45.963234490552985,106.7913148919586,0.0,0.0,False,0,0,0,0.98,3,False,392,0.0,1.0,,0.1549757999891881,2,910,9.364600400003837
a10-scale,scale_free-n100-load0.7-critical_link-centralised-deg4.0,scale_free,100,0.7,critical_link,CENTRALISED,cspf,21,10886652148833046392,0.7207012936922651,0.9977902026982945,0.9212613610408545,0.661699847190148,0.45663173181374794,6929.1172307798315,54.068114501204114,107.30659171236128,0.0,0.0,True,97,0,0,0.98,3,False,392,0.30000000000000004,1.0152972808522032,,1.310073700005887,2,4,19.411870599986287
a10-scale,scale_free-n100-load0.7-critical_link-centralised-deg4.0,scale_free,100,0.7,critical_link,CENTRALISED,ecmp,21,10886652148833046392,0.6516303249823847,0.9858428151877537,0.8992712394469888,0.5116186871027238,0.4225045569014908,6265.040665879636,49.003244568031555,109.72269726741787,0.0,0.0,False,21,0,0,0.98,3,False,392,0.30000000000000004,1.0,,1.80262719996972,2,0,25.39375079999445
a10-scale,scale_free-n100-load0.7-critical_link-centralised-deg4.0,scale_free,100,0.7,critical_link,CENTRALISED,orbit,21,10886652148833046392,0.7344966191265908,0.9995627261795639,0.9997617487170426,0.6935788642229858,0.394945928499898,7061.751136127056,45.73397579877191,105.50330737607158,0.0,0.0,False,261,0,0,0.98,3,False,392,0.30000000000000004,1.0,,0.9744780999899376,2,4,19.868086300004506
a10-scale,scale_free-n100-load0.7-critical_link-centralised-deg4.0,scale_free,100,0.7,critical_link,CENTRALISED,spf-reconverge,21,10886652148833046392,0.5245506338383539,0.9937368276016315,0.7122215564182114,0.3288869025461415,0.34469504331665324,5043.244499707812,53.48890531795189,154.011921470663,0.2,0.2,False,13,0,0,0.98,3,False,392,0.30000000000000004,1.0,,0.32882709996192716,2,26,10.696235099982005
a10-scale,scale_free-n100-load0.7-critical_link-centralised-deg4.0,scale_free,100,0.7,critical_link,CENTRALISED,spf-static,21,10886652148833046392,0.5122926436461294,0.9444611211965516,0.6956183573351254,0.33011551743637996,0.3399521961174789,4925.391164631185,52.974349382809145,153.0,,0.0,True,0,0,0,0.98,3,False,392,0.0,0.9419360724972854,,0.16650610000942834,2,1690,9.845683599996846
a10-scale,scale_free-n100-load0.7-critical_link-centralised-deg4.0,scale_free,100,0.7,critical_link,CENTRALISED,cspf,22,4038953752709076756,0.8182487467135287,0.9995768206089489,0.9345531134945863,0.8401376252843312,0.5898614762199031,7113.645569190436,49.222462843687836,106.12278735881642,0.0,0.0,True,96,0,0,0.98,3,False,392,0.30000000000000004,1.0,,1.3341922000108752,2,8,21.60668870000518
a10-scale,scale_free-n100-load0.7-critical_link-centralised-deg4.0,scale_free,100,0.7,critical_link,CENTRALISED,ecmp,22,4038953752709076756,0.7450453671681052,1.0,0.930149774104347,0.7229811534207995,0.4737673734849948,6477.23408839732,37.02203071501461,103.04988522491581,0.0,0.0,False,12,0,0,0.98,3,False,392,0.30000000000000004,1.0,,1.842599399999017,2,6,25.14095680002356
a10-scale,scale_free-n100-load0.7-critical_link-centralised-deg4.0,scale_free,100,0.7,critical_link,CENTRALISED,orbit,22,4038953752709076756,0.8414035318471267,0.9997233682092086,0.9865065177858693,0.9494330052221154,0.48500339758366934,7314.9473558815225,36.71767989707713,106.21004732410888,0.0,0.0,False,247,0,0,0.98,3,False,392,0.30000000000000004,1.0,,0.887409499991918,2,6,23.204698299989104
a10-scale,scale_free-n100-load0.7-critical_link-centralised-deg4.0,scale_free,100,0.7,critical_link,CENTRALISED,spf-reconverge,22,4038953752709076756,0.6635632224025103,0.9970977504824435,0.7901703557937648,0.6221282678359413,0.4310201954368751,5768.849137723098,38.548661497422614,104.07309932555741,0.2,0.2,False,11,0,0,0.98,3,False,392,0.30000000000000004,1.0,,0.310887300001923,2,22,12.74338450000505
a10-scale,scale_free-n100-load0.7-critical_link-centralised-deg4.0,scale_free,100,0.7,critical_link,CENTRALISED,spf-static,22,4038953752709076756,0.6591178680124541,0.9465589120734601,0.7795441649656579,0.6166300253418507,0.45728022558929377,5730.202362292867,38.044018980648616,104.09011070085596,,0.0,True,0,0,0,0.98,3,False,392,0.0,0.9406494158725249,,0.15987410003435798,2,1430,12.400069299997995
a10-scale,scale_free-n100-load0.7-critical_link-centralised-deg4.0,scale_free,100,0.7,critical_link,CENTRALISED,cspf,23,16859764717684247662,0.7671069150265745,0.9894725168327505,0.891797539049397,0.7356419198405046,0.5559567258384315,6993.595886333028,53.47431540996427,106.00373060219422,0.0,0.0,True,68,0,0,0.98,3,False,392,0.30000000000000004,1.0,,1.3103036000102293,2,6,19.467871200002264
a10-scale,scale_free-n100-load0.7-critical_link-centralised-deg4.0,scale_free,100,0.7,critical_link,CENTRALISED,ecmp,23,16859764717684247662,0.6327150616461755,0.9740555159311345,0.7882577145847235,0.5830623630961852,0.346861558143648,5768.366006968337,50.8478208458117,104.08568787756515,0.0,0.0,False,23,0,0,0.98,3,False,392,0.30000000000000004,1.0,,1.8203563000133727,2,4,25.540879300009692
a10-scale,scale_free-n100-load0.7-critical_link-centralised-deg4.0,scale_free,100,0.7,critical_link,CENTRALISED,orbit,23,16859764717684247662,0.7484667106348689,0.999772041045123,0.9958054602724484,0.7978157030576774,0.27660833369482846,6823.656006766537,52.77920658701028,107.46655790271382,0.0,0.0,False,262,0,0,0.98,3,False,392,0.30000000000000004,1.0,,0.9544020000321325,2,6,21.48955549998209
a10-scale,scale_free-n100-load0.7-critical_link-centralised-deg4.0,scale_free,100,0.7,critical_link,CENTRALISED,spf-reconverge,23,16859764717684247662,0.5413124658565354,0.9527456218238718,0.6478029162342674,0.4523719244630422,0.32170567507044295,4935.0625842082345,52.18997412226662,153.0,0.0,0.0,False,18,0,0,0.98,3,False,392,0.30000000000000004,1.0,,0.31348810001509264,2,36,9.575907199992798
a10-scale,scale_free-n100-load0.7-critical_link-centralised-deg4.0,scale_free,100,0.7,critical_link,CENTRALISED,spf-static,23,16859764717684247662,0.5302526205857621,0.938156248711749,0.6328968900587864,0.4306674213701089,0.3323701077489586,4834.231674104289,48.79514053834447,153.0,0.0,0.0,False,0,0,0,0.98,3,False,392,0.0,0.9820593960204026,,0.14719839999452233,2,2340,9.141091500001494
a10-scale,scale_free-n100-load0.7-critical_link-centralised-deg4.0,scale_free,100,0.7,critical_link,CENTRALISED,cspf,24,18315320948308974893,0.7329308361021845,1.0,0.839323132212652,0.6948167628830147,0.5325771665831194,6927.3960201070295,62.47485423210694,153.0,0.0,0.0,False,86,0,0,0.98,3,False,392,0.30000000000000004,1.0,,1.2662963999900967,2,6,18.252196400018875
a10-scale,scale_free-n100-load0.7-critical_link-centralised-deg4.0,scale_free,100,0.7,critical_link,CENTRALISED,ecmp,24,18315320948308974893,0.6195146582565809,1.0,0.7959661833331708,0.5285859538827414,0.3658403328629636,5855.427506404262,46.685891763090076,104.35538916425315,0.0,0.0,False,14,0,0,0.98,3,False,392,0.30000000000000004,1.0,,1.7733321000123397,2,2,23.354251800017664
a10-scale,scale_free-n100-load0.7-critical_link-centralised-deg4.0,scale_free,100,0.7,critical_link,CENTRALISED,orbit,24,18315320948308974893,0.7131815438560721,0.9996210223589727,1.0,0.709668528069283,0.2640068972617159,6740.732883878204,56.60684280991375,108.56399873165898,0.0,0.0,False,271,0,0,0.98,3,False,392,0.30000000000000004,1.0,,1.016572399996221,2,6,20.403579999983776
a10-scale,scale_free-n100-load0.7-critical_link-centralised-deg4.0,scale_free,100,0.7,critical_link,CENTRALISED,spf-reconverge,24,18315320948308974893,0.5102419527583133,0.9668667265184642,0.6830624462809207,0.37474040583490853,0.28662429337550216,4822.6215881805,51.46140353295833,153.0,0.0,0.2,False,9,0,0,0.98,3,False,392,0.30000000000000004,1.0,,0.32462519998080097,2,18,9.212446299992735
a10-scale,scale_free-n100-load0.7-critical_link-centralised-deg4.0,scale_free,100,0.7,critical_link,CENTRALISED,spf-static,24,18315320948308974893,0.49710301800818124,0.9426121574927098,0.6834396805964323,0.3693437030779226,0.25393633820644684,4698.437149740771,50.90679813033185,153.0,0.0,0.0,True,0,0,0,0.98,3,False,392,0.0,0.9706141645759422,,0.15314229999785312,2,1170,8.86843050000607
a10-scale,scale_free-n100-load0.7-critical_link-centralised-deg4.0,scale_free,100,0.7,critical_link,CENTRALISED,cspf,25,5145449088220000140,0.6852766142487319,0.9830324170818373,0.8718014923181182,0.6778236245589045,0.3363545489257941,6529.7277553490385,64.17903270740085,154.0286681193022,0.0,0.0,True,99,0,0,0.98,3,False,392,0.30000000000000004,1.0,,1.286254700011341,2,8,18.758766799990553
a10-scale,scale_free-n100-load0.7-critical_link-centralised-deg4.0,scale_free,100,0.7,critical_link,CENTRALISED,ecmp,25,5145449088220000140,0.6305335814286459,0.9855257361832552,0.8365000056110613,0.5481502346509659,0.3403531216090168,6008.103212230521,54.53461830400116,119.70524204377926,0.0,0.0,False,19,0,0,0.98,3,False,392,0.30000000000000004,1.0,,1.83648890000768,2,2,25.253620599978603
a10-scale,scale_free-n100-load0.7-critical_link-centralised-deg4.0,scale_free,100,0.7,critical_link,CENTRALISED,orbit,25,5145449088220000140,0.7310806376891864,0.9994447588119268,0.999568037844197,0.7404204411161456,0.28998269326418336,6966.176040533385,57.01816065354032,153.0,0.0,0.0,False,256,0,0,0.98,3,False,392,0.30000000000000004,1.0,,0.977700699964771,2,6,21.7703954000026
a10-scale,scale_free-n100-load0.7-critical_link-centralised-deg4.0,scale_free,100,0.7,critical_link,CENTRALISED,spf-reconverge,25,5145449088220000140,0.5332585088862941,0.9835213405495015,0.6925465468572793,0.4470704665507001,0.2424760771038834,5081.207812801588,50.867998538010326,104.78152319332546,0.2,0.2,True,19,0,0,0.98,3,False,392,0.30000000000000004,1.0069627117178876,,0.32148689997848123,2,38,10.719964699994307
a10-scale,scale_free-n100-load0.7-critical_link-centralised-deg4.0,scale_free,100,0.7,critical_link,CENTRALISED,spf-static,25,5145449088220000140,0.5317558575762185,0.9133902860321714,0.6442131797582178,0.4868099988633904,0.2667095806937376,5066.889647316299,47.61214394973184,104.54679761585835,,0.0,True,0,0,0,0.98,3,False,392,0.0,0.922990212827625,,0.15344230001210235,2,2470,10.251985300012166
a10-scale,scale_free-n100-load0.7-critical_link-centralised-deg4.0,scale_free,100,0.7,critical_link,CENTRALISED,cspf,26,8514008696575627351,0.701860904931575,0.9913458171672321,0.878785203616939,0.6584605231947165,0.4070001966981543,6961.148219986122,61.80252271587559,154.01356889311145,0.0,0.0,False,102,0,0,0.98,3,False,392,0.30000000000000004,1.0007096911017905,,1.2457046000054106,2,10,17.70334219999495
a10-scale,scale_free-n100-load0.7-critical_link-centralised-deg4.0,scale_free,100,0.7,critical_link,CENTRALISED,ecmp,26,8514008696575627351,0.6349716076721359,0.9984813167435492,0.7923532139580279,0.5487710153032365,0.3712682794654067,6297.731424319092,45.99776206852246,128.01012399063978,0.0,0.0,False,18,0,0,0.98,3,False,392,0.30000000000000004,1.0,,1.819586999976309,2,6,22.680740800016792
a10-scale,scale_free-n100-load0.7-critical_link-centralised-deg4.0,scale_free,100,0.7,critical_link,CENTRALISED,orbit,26,8514008696575627351,0.7181725663024763,0.9995241612495129,0.9716250455451667,0.7842664143949211,0.21335201488665886,7122.92941013253,48.16010594181435,108.50642419581719,0.0,0.0,False,271,1,0,0.98,3,False,392,0.30000000000000004,1.0,,0.9629911000083666,2,10,20.11936969999806
a10-scale,scale_free-n100-load0.7-critical_link-centralised-deg4.0,scale_free,100,0.7,critical_link,CENTRALISED,spf-reconverge,26,8514008696575627351,0.552174787440824,0.90785675892393,0.6158255416649245,0.504318620538137,0.34340199624794693,5476.541735986334,47.56157819929914,104.06546771086687,0.0,0.0,False,17,0,0,0.98,3,False,392,0.30000000000000004,0.997224597455079,,0.3150844000047073,2,34,9.665767500002403
a10-scale,scale_free-n100-load0.7-critical_link-centralised-deg4.0,scale_free,100,0.7,critical_link,CENTRALISED,spf-static,26,8514008696575627351,0.5414542597325168,0.8795594294797472,0.5940117742335023,0.49943215865867313,0.34701238978039933,5370.214140518868,47.61172154706439,104.06546771086687,0.0,0.0,False,0,0,0,0.98,3,False,392,0.0,0.9608035810267921,,0.15406960001564585,2,2210,9.141347800003132
a10-scale,scale_free-n100-load0.7-critical_link-centralised-deg4.0,scale_free,100,0.7,critical_link,CENTRALISED,cspf,27,489385404096013685,0.7754872213166506,0.9996336269284921,0.9216298303864441,0.7546969184348912,0.5291432273230187,7229.3109992666205,53.87864111690773,106.15917392668106,0.0,0.0,True,70,0,0,0.98,3,False,392,0.30000000000000004,1.0,,1.3057450999913272,2,6,20.366720999998506
a10-scale,scale_free-n100-load0.7-critical_link-centralised-deg4.0,scale_free,100,0.7,critical_link,CENTRALISED,ecmp,27,489385404096013685,0.6405576433175173,0.9962710807016077,0.736355674650585,0.5675765413206014,0.4433556394168249,5971.4593473730065,45.57994202540764,104.05208230984758,0.0,0.0,False,20,0,0,0.98,3,False,392,0.30000000000000004,1.0,,1.7887755999981891,2,2,23.329784800007474
a10-scale,scale_free-n100-load0.7-critical_link-centralised-deg4.0,scale_free,100,0.7,critical_link,CENTRALISED,orbit,27,489385404096013685,0.7398571423759884,0.9997353151246278,0.9969859397132851,0.7683585155026295,0.29078230641067576,6897.157335724446,53.310237031205624,107.74275771993032,0.0,0.0,False,258,0,0,0.98,3,False,392,0.30000000000000004,1.0,,0.9983233999810182,2,8,21.489028299984057
a10-scale,scale_free-n100-load0.7-critical_link-centralised-deg4.0,scale_free,100,0.7,critical_link,CENTRALISED,spf-reconverge,27,489385404096013685,0.546829015364106,0.9956400227547284,0.6179265564592724,0.4402688120649863,0.36864808427330814,5097.694593571749,41.66744772630702,104.03598380530075,0.0,0.0,False,11,0,0,0.98,3,False,392,0.30000000000000004,1.0,,0.3047647000057623,2,22,9.453650999988895
a10-scale,scale_free-n100-load0.7-critical_link-centralised-deg4.0,scale_free,100,0.7,critical_link,CENTRALISED,spf-static,27,489385404096013685,0.5381187617006358,0.9787001907309136,0.5889851064919358,0.43671200123200843,0.3775297759954916,5016.495147746173,38.887269110672236,104.03527412167358,0.0,0.0,False,0,0,0,0.98,3,False,392,0.0,0.9800670028961422,,0.14905619996716268,2,1430,8.88761199999135
a10-scale,scale_free-n100-load0.7-critical_link-centralised-deg4.0,scale_free,100,0.7,critical_link,CENTRALISED,cspf,28,6351781353309046620,0.7196842080035131,1.0,0.8921856061083266,0.6421638904530899,0.49464925387291464,6782.426985240157,63.7327511214483,154.05202726243104,0.0,0.0,True,96,0,0,0.98,3,False,392,0.30000000000000004,1.0,,1.2635185999970417,2,8,19.725407100020675
a10-scale,scale_free-n100-load0.7-critical_link-centralised-deg4.0,scale_free,100,0.7,critical_link,CENTRALISED,ecmp,28,6351781353309046620,0.6633478998530532,0.9997794741878867,0.8299036829569226,0.580461563356501,0.41862811441894826,6251.503988182231,51.7051683927476,104.19653694889142,0.0,0.0,False,15,0,0,0.98,3,False,392,0.30000000000000004,1.0016566836521597,,1.8432186999707483,2,6,27.679145200003404
a10-scale,scale_free-n100-load0.7-critical_link-centralised-deg4.0,scale_free,100,0.7,critical_link,CENTRALISED,orbit,28,6351781353309046620,0.7228463970264329,0.999608280576658,1.0,0.6810348699242734,0.3468465034007995,6812.227995076094,52.26859390376013,106.11583203549122,0.0,0.0,True,268,0,0,0.98,3,False,392,0.30000000000000004,1.0,,0.9718771999760065,2,8,20.62953129998641
a10-scale,scale_free-n100-load0.7-critical_link-centralised-deg4.0,scale_free,100,0.7,critical_link,CENTRALISED,spf-reconverge,28,6351781353309046620,0.5523680572928084,0.8806575596897747,0.6999315832243594,0.4651394099376587,0.33720827662967906,5205.610983128779,51.459739559101344,104.34039433534285,0.2,0.2,False,11,0,0,0.98,3,False,392,0.30000000000000004,1.0254967228335603,,0.2997081000066828,2,22,10.731661500001792
a10-scale,scale_free-n100-load0.7-critical_link-centralised-deg4.0,scale_free,100,0.7,critical_link,CENTRALISED,spf-static,28,6351781353309046620,0.549415228711822,0.8191415460072237,0.7201800962476484,0.46417775750107043,0.343224956044826,5177.783021881681,50.85324542043028,104.14668087940296,,0.0,True,0,0,0,0.98,3,False,392,0.0,0.941920865765347,,0.14032379997661337,2,1430,10.089652800001204
a10-scale,scale_free-n100-load0.7-critical_link-centralised-deg4.0,scale_free,100,0.7,critical_link,CENTRALISED,cspf,29,3119076520669627389,0.7452801626431883,0.9927522242851773,0.9566063989671952,0.6737862618904622,0.5024741700042529,6952.514753358517,56.0804998928415,154.0283272543987,0.0,0.0,False,87,0,0,0.98,3,False,392,0.30000000000000004,1.0,,1.2856053999857977,2,4,19.90845519999857
a10-scale,scale_free-n100-load0.7-critical_link-centralised-deg4.0,scale_free,100,0.7,critical_link,CENTRALISED,ecmp,29,3119076520669627389,0.6648885788430313,1.0,0.8788189520940743,0.5654575793307783,0.41051359441628726,6202.563660558479,45.334544094890134,103.13811949949746,0.0,0.0,False,9,0,0,0.98,3,False,392,0.30000000000000004,1.0,,1.7888199999870267,2,0,26.187575100018876
a10-scale,scale_free-n100-load0.7-critical_link-centralised-deg4.0,scale_free,100,0.7,critical_link,CENTRALISED,orbit,29,3119076520669627389,0.737007745138715,0.9995791539196168,1.0,0.7593050019526193,0.3020365678105365,6875.343633518411,56.369052145674814,110.74779011378736,0.0,0.0,True,262,0,0,0.98,3,False,392,0.30000000000000004,1.0,,0.9667513000022154,2,4,21.36140829999931
a10-scale,scale_free-n100-load0.7-critical_link-centralised-deg4.0,scale_free,100,0.7,critical_link,CENTRALISED,spf-reconverge,29,3119076520669627389,0.5617659304890478,0.9334295122838223,0.7349802205316186,0.43620696863040126,0.3640392140972851,5240.560685001317,50.60168110254893,105.25661443151903,0.2,0.2,False,8,0,0,0.98,3,False,392,0.30000000000000004,1.0,,0.3099017000058666,2,16,10.800824400008423
a10-scale,scale_free-n100-load0.7-critical_link-centralised-deg4.0,scale_free,100,0.7,critical_link,CENTRALISED,spf-static,29,3119076520669627389,0.5595186783957984,0.8876729728502222,0.7403547455336684,0.4323372283830039,0.3808130472179373,5219.596684997049,49.152114959120716,105.05104295877054,,0.0,True,0,0,0,0.98,3,False,392,0.0,0.9425988730358031,,0.15553569997427985,2,1040,10.38989789999323
a10-scale,scale_free-n100-load0.7-random_node_30-centralised-deg4.0,scale_free,100,0.7,random_node_30,CENTRALISED,cspf,0,14992117620261367262,0.36185238908588574,0.5066609405037165,0.3745433122107263,0.3833049146718921,0.22301057824407228,3448.044688856766,57.67826777509389,155.04380269894253,,,True,74,0,0,0.98,3,False,392,0.30000000000000004,0.4342360633142353,,0.9277784999867436,2,17790,7.8443200000037905
a10-scale,scale_free-n100-load0.7-random_node_30-centralised-deg4.0,scale_free,100,0.7,random_node_30,CENTRALISED,ecmp,0,14992117620261367262,0.31332227997087286,0.5080251553182652,0.3700389866849495,0.2854171862526296,0.1696843701298928,2985.6075458925316,52.99398718184399,105.12044318665824,,,True,62,0,0,0.98,3,False,392,0.30000000000000004,0.4340178532558183,,1.224296600004891,2,17730,9.974690000002738
a10-scale,scale_free-n100-load0.7-random_node_30-centralised-deg4.0,scale_free,100,0.7,random_node_30,CENTRALISED,orbit,0,14992117620261367262,0.3720384756009034,0.5093002835925435,0.4119090944799679,0.41744037150345986,0.17213465814446618,3545.1065919080843,48.866339355631666,118.20051267394527,,,True,304,3,0,0.98,3,False,392,0.30000000000000004,0.4360403242341106,,0.997195699979784,2,17798,8.354847700014943
a10-scale,scale_free-n100-load0.7-random_node_30-centralised-deg4.0,scale_free,100,0.7,random_node_30,CENTRALISED,spf-reconverge,0,14992117620261367262,0.2692914203514449,0.4677443324764885,0.25096787004780247,0.27919128488282585,0.1474200531377235,2566.0431703743916,41.80428809676904,104.08236863792982,,,True,40,0,0,0.98,3,False,392,0.30000000000000004,0.4399524679528602,,0.22752119999495335,2,17760,4.458843800006434
a10-scale,scale_free-n100-load0.7-random_node_30-centralised-deg4.0,scale_free,100,0.7,random_node_30,CENTRALISED,spf-static,0,14992117620261367262,0.24727536450213336,0.38892289068745745,0.2421155805117701,0.28367412496777944,0.10716500363972849,2356.255017164839,34.16684478952938,104.03643855041568,,,True,0,0,0,0.98,3,False,392,0.0,0.3385925148710256,,0.16196759999729693,2,22880,4.028099100018153
a10-scale,scale_free-n100-load0.7-random_node_30-centralised-deg4.0,scale_free,100,0.7,random_node_30,CENTRALISED,cspf,1,5970640581755883703,0.3916183053417497,0.46505883931966385,0.4206581861211321,0.37438788516390187,0.3412490255143972,3613.5790081858227,25.374568577725082,103.0539247144203,,,True,57,0,0,0.98,3,False,392,0.30000000000000004,0.3836525915253151,,1.0612189999956172,2,19156,7.967141100001754
a10-scale,scale_free-n100-load0.7-random_node_30-centralised-deg4.0,scale_free,100,0.7,random_node_30,CENTRALISED,ecmp,1,5970640581755883703,0.3535356813041648,0.4649481198199951,0.41122336696848427,0.3169771011279982,0.2782158927727759,3262.1792678729716,32.23894108968619,103.01735777748421,,,True,28,0,0,0.98,3,False,392,0.30000000000000004,0.38621355284087805,,1.2783931999874767,2,19120,9.234724599984474
a10-scale,scale_free-n100-load0.7-random_node_30-centralised-deg4.0,scale_free,100,0.7,random_node_30,CENTRALISED,orbit,1,5970640581755883703,0.3867509805554683,0.4641659479603147,0.43410515706901676,0.37854127983649255,0.30238729438002193,3568.6667494026688,26.45065353750305,103.01438879203275,,,True,276,0,0,0.98,3,False,392,0.30000000000000004,0.3836525915253151,,1.0338432999851648,2,19174,8.29267080000136
a10-scale,scale_free-n100-load0.7-random_node_30-centralised-deg4.0,scale_free,100,0.7,random_node_30,CENTRALISED,spf-reconverge,1,5970640581755883703,0.30458651178921703,0.4600747234644328,0.3505931662222374,0.2818397045411519,0.19397350061483384,2810.510668589833,47.71773522858823,104.05167355241822,,,True,11,0,0,0.98,3,False,392,0.30000000000000004,0.3996053009868491,,0.23674169997684658,2,19132,4.857863600016572
a10-scale,scale_free-n100-load0.7-random_node_30-centralised-deg4.0,scale_free,100,0.7,random_node_30,CENTRALISED,spf-static,1,5970640581755883703,0.28052720948481547,0.43225389645054135,0.3366831282775892,0.258835113560484,0.16043110536929522,2588.5083041117146,46.530221120839904,103.37160604367205,,,True,0,0,0,0.98,3,False,392,0.0,0.36564711912264497,,0.15476599999237806,2,20540,4.505067299993243
a10-scale,scale_free-n100-load0.7-random_node_30-centralised-deg4.0,scale_free,100,0.7,random_node_30,CENTRALISED,cspf,2,11619170857000824521,0.31495822715052757,0.3848070432669311,0.47990982912585217,0.27181888401757204,0.17684989968937065,2815.9266477532165,55.3313388436671,106.1185694115736,,,True,66,0,0,0.98,3,False,392,0.30000000000000004,0.3023524420455405,,0.9505095999920741,2,20000,7.062234999990324
a10-scale,scale_free-n100-load0.7-random_node_30-centralised-deg4.0,scale_free,100,0.7,random_node_30,CENTRALISED,ecmp,2,11619170857000824521,0.2799975383112782,0.3890145039885591,0.44351541637070024,0.22768450806719107,0.13405044988734943,2503.355878553401,48.05012802530746,105.0938667555784,,,True,61,0,0,0.98,3,False,392,0.30000000000000004,0.29673632884174633,,1.1869757999957073,2,19952,8.172399900009623
a10-scale,scale_free-n100-load0.7-random_node_30-centralised-deg4.0,scale_free,100,0.7,random_node_30,CENTRALISED,orbit,2,11619170857000824521,0.3119376074389726,0.38748519151335065,0.49190401001611783,0.28700353547440866,0.1293933053012628,2788.9203884932194,49.29016610211843,107.14260158724473,,,True,305,4,0,0.98,3,False,392,0.30000000000000004,0.29673632884174633,,1.0238080999988597,2,20010,7.323311999993166
a10-scale,scale_free-n100-load0.7-random_node_30-centralised-deg4.0,scale_free,100,0.7,random_node_30,CENTRALISED,spf-reconverge,2,11619170857000824521,0.24759545158451615,0.38639274466683415,0.37918599871074876,0.1909826905375815,0.12182493783254422,2213.6606377521725,40.78843037704358,105.03979727308298,,,True,52,0,0,0.98,3,False,392,0.30000000000000004,0.3001925948419731,,0.21108909999020398,2,19994,4.3181721000000834
a10-scale,scale_free-n100-load0.7-random_node_30-centralised-deg4.0,scale_free,100,0.7,random_node_30,CENTRALISED,spf-static,2,11619170857000824521,0.19636976628247937,0.22146852264081593,0.28465258497982676,0.19392721516937186,0.09946236672086893,1755.6704668128195,33.251554777178036,104.03998940017004,,,True,0,0,0,0.98,3,False,392,0.0,0.10467088387422692,,0.15521160000935197,2,26650,3.508601599984104
a10-scale,scale_free-n100-load0.7-random_node_30-centralised-deg4.0,scale_free,100,0.7,random_node_30,CENTRALISED,cspf,3,1137045866872485866,0.40071764060984755,0.5023403405815561,0.45661658875222205,0.43038801764467693,0.24821600598979263,3835.1762016053685,52.558941732923806,108.40015058559794,,,True,73,0,0,0.98,3,False,392,0.30000000000000004,0.4321267456375369,,1.0415820000343956,2,17386,8.560634299996309
a10-scale,scale_free-n100-load0.7-random_node_30-centralised-deg4.0,scale_free,100,0.7,random_node_30,CENTRALISED,ecmp,3,1137045866872485866,0.3271695305042147,0.48948819843500435,0.4051970080222896,0.3023275730939182,0.19136222726519292,3131.2641873479092,42.0602136080877,104.0612705670812,,,True,56,0,0,0.98,3,False,392,0.30000000000000004,0.4348211884456858,,1.4005951000144705,2,17326,9.906374000012875
a10-scale,scale_free-n100-load0.7-random_node_30-centralised-deg4.0,scale_free,100,0.7,random_node_30,CENTRALISED,orbit,3,1137045866872485866,0.3997615555685268,0.5051074695785897,0.5042756919034468,0.41896529013946027,0.21399156675097197,3826.025731983907,46.45677418697457,109.24162681073241,,,True,298,2,0,0.98,3,False,392,0.30000000000000004,0.4312143274673084,,1.1522389999881852,2,17394,9.00279539998155
a10-scale,scale_free-n100-load0.7-random_node_30-centralised-deg4.0,scale_free,100,0.7,random_node_30,CENTRALISED,spf-reconverge,3,1137045866872485866,0.28644670685195794,0.4486333715403791,0.34335499966479527,0.2476058777220464,0.18919314281992056,2741.515425861842,38.76355870916784,104.0505877323601,,,True,36,0,0,0.98,3,False,392,0.30000000000000004,0.4344581437629875,,0.2292796999681741,2,17362,4.873483499977738
a10-scale,scale_free-n100-load0.7-random_node_30-centralised-deg4.0,scale_free,100,0.7,random_node_30,CENTRALISED,spf-static,3,1137045866872485866,0.25675777096004704,0.40251961261512903,0.30849561664543707,0.23011126346200098,0.15767252180074257,2457.369461610409,35.806171519427295,104.04436602060098,,,True,0,0,0,0.98,3,False,392,0.0,0.37314163570681397,,0.14986200002022088,2,21970,4.326273799990304
a10-scale,scale_free-n100-load0.7-random_node_30-centralised-deg4.0,scale_free,100,0.7,random_node_30,CENTRALISED,cspf,4,2082696351027033642,0.28646063111108555,0.5443510406491332,0.3162476315440287,0.24835270494622594,0.15674912748817413,2665.7900917524103,67.55603806162067,204.0,,,True,80,0,0,0.98,3,False,392,0.30000000000000004,0.49951323372290934,,0.9218982999736909,2,18350,6.5357528000022285
a10-scale,scale_free-n100-load0.7-random_node_30-centralised-deg4.0,scale_free,100,0.7,random_node_30,CENTRALISED,ecmp,4,2082696351027033642,0.26114184599492835,0.5169134354783621,0.2754679351084395,0.2166371475980676,0.15754321026050608,2430.1745859285516,44.33346214206165,106.23217070604795,,,True,79,0,0,0.98,3,False,392,0.30000000000000004,0.47394735731515997,,1.2117243999964558,2,18310,7.744185799994739
a10-scale,scale_free-n100-load0.7-random_node_30-centralised-deg4.0,scale_free,100,0.7,random_node_30,CENTRALISED,orbit,4,2082696351027033642,0.28880882997141893,0.5682493134527464,0.3474454365633972,0.23860534404853792,0.1344929146952439,2687.6423275415355,52.26814825447121,112.32099307179087,,,True,317,1,0,0.98,3,False,392,0.30000000000000004,0.5067492167803029,,1.0385417000215966,2,18348,6.816702799987979
a10-scale,scale_free-n100-load0.7-random_node_30-centralised-deg4.0,scale_free,100,0.7,random_node_30,CENTRALISED,spf-reconverge,4,2082696351027033642,0.22263368278294582,0.4771451764042514,0.24880109252308505,0.18018394976842705,0.10486723589873381,2071.8193049814827,46.57430824858807,106.4066018481573,,,True,71,0,0,0.98,3,False,392,0.30000000000000004,0.47249997743801636,,0.22718929997063242,2,18342,4.036341600003652
a10-scale,scale_free-n100-load0.7-random_node_30-centralised-deg4.0,scale_free,100,0.7,random_node_30,CENTRALISED,spf-static,4,2082696351027033642,0.15772759875237832,0.27041056921661394,0.20216140856071152,0.1301304857268842,0.08511370124533144,1467.8061286087789,34.51168842662032,104.3285306289503,,,True,0,0,0,0.98,3,False,392,0.0,0.19873354163920776,,0.14857070002472028,2,27430,3.139152199990349
a10-scale,scale_free-n100-load0.7-random_node_30-centralised-deg4.0,scale_free,100,0.7,random_node_30,CENTRALISED,cspf,5,2443212594591505801,0.43629860753052796,0.708500968905294,0.5445747219718252,0.34433434336570345,0.2938546632379297,3934.0883123946387,51.21644637913232,108.5126064773557,,,True,88,0,0,0.98,3,False,392,0.30000000000000004,0.6667097321253522,,0.9346362999931443,2,15060,8.867589000001317
a10-scale,scale_free-n100-load0.7-random_node_30-centralised-deg4.0,scale_free,100,0.7,random_node_30,CENTRALISED,ecmp,5,2443212594591505801,0.34717856072511694,0.7057991368435589,0.47621734105245256,0.22494946991518236,0.1755542018644705,3130.496165901944,53.43950190671807,134.04754280294117,,,True,53,0,0,0.98,3,False,392,0.30000000000000004,0.6608330512506705,,1.3048656999890227,2,14986,11.417662099993322
a10-scale,scale_free-n100-load0.7-random_node_30-centralised-deg4.0,scale_free,100,0.7,random_node_30,CENTRALISED,orbit,5,2443212594591505801,0.4249883261923475,0.7087033114995447,0.5976022446986623,0.3250580284953654,0.2188845973314807,3832.103926347022,54.18498373991289,107.31455628248186,,,True,301,2,0,0.98,3,False,392,0.30000000000000004,0.6667097321253522,,0.9797399000090081,2,15056,9.77789440000197
a10-scale,scale_free-n100-load0.7-random_node_30-centralised-deg4.0,scale_free,100,0.7,random_node_30,CENTRALISED,spf-reconverge,5,2443212594591505801,0.30216969873637534,0.6748498319228228,0.3789045440177614,0.18664734962310334,0.16807399888375305,2724.652931823545,49.73619675996373,105.07418646040922,,,True,33,0,0,0.98,3,False,392,0.30000000000000004,0.6414479537153619,,0.23577880003722385,2,15016,5.247479199984809
a10-scale,scale_free-n100-load0.7-random_node_30-centralised-deg4.0,scale_free,100,0.7,random_node_30,CENTRALISED,spf-static,5,2443212594591505801,0.2966407992404212,0.6094829351496804,0.3816191884191592,0.184928824690526,0.1836987151113518,2674.799050761328,52.028083642290156,153.0,,,True,0,0,0,0.98,3,False,392,0.0,0.5633292404916643,,0.1558513999916613,2,19240,4.7222013999999035
a10-scale,scale_free-n100-load0.7-random_node_30-centralised-deg4.0,scale_free,100,0.7,random_node_30,CENTRALISED,cspf,6,4465038821728634387,0.2771359018685473,0.4791705562567171,0.3602931362898388,0.23129680743131756,0.13758029253187093,2525.244960318469,67.46912337840557,158.13500826949613,,,True,66,0,0,0.98,3,False,392,0.30000000000000004,0.4043397809847909,,0.8784997000184376,2,19624,6.128791000024648
a10-scale,scale_free-n100-load0.7-random_node_30-centralised-deg4.0,scale_free,100,0.7,random_node_30,CENTRALISED,ecmp,6,4465038821728634387,0.2540190212799756,0.4824255730443111,0.327057495864184,0.19743148427278465,0.12613060286603744,2314.6053939144613,58.15728108025596,157.19860814193015,,,True,71,0,0,0.98,3,False,392,0.30000000000000004,0.41594714851862136,,1.1559173999994528,2,19608,7.914997799991397
a10-scale,scale_free-n100-load0.7-random_node_30-centralised-deg4.0,scale_free,100,0.7,random_node_30,CENTRALISED,orbit,6,4465038821728634387,0.2723698681252843,0.5088334897401904,0.3721093050983026,0.20249312818697185,0.1324412026167597,2481.8171596988605,54.201520898899915,159.36939297996085,,,True,312,4,0,0.98,3,False,392,0.30000000000000004,0.43915817114656563,,0.9634369000268634,2,19638,6.561694600008195
a10-scale,scale_free-n100-load0.7-random_node_30-centralised-deg4.0,scale_free,100,0.7,random_node_30,CENTRALISED,spf-reconverge,6,4465038821728634387,0.230721531799234,0.46745527193666325,0.300442028486305,0.17103632877916555,0.10617342337056407,2102.3201306098863,64.44170575574441,207.06165417770262,,,True,67,0,0,0.98,3,False,392,0.30000000000000004,0.4416204923349851,,0.21436979999998584,2,19634,4.301568099996075
a10-scale,scale_free-n100-load0.7-random_node_30-centralised-deg4.0,scale_free,100,0.7,random_node_30,CENTRALISED,spf-static,6,4465038821728634387,0.16353385983783233,0.14424628148424917,0.1832977419440002,0.1478828725957387,0.17950817274625905,1490.1102766280783,31.186187515419157,103.03507532718706,,,True,0,0,0,0.98,3,False,392,0.0,0.027937688630858843,,0.16402690001996234,2,28210,3.3026275000011083
a10-scale,scale_free-n100-load0.7-random_node_30-centralised-deg4.0,scale_free,100,0.7,random_node_30,CENTRALISED,cspf,7,9907862918521212055,0.36740149672112654,0.41546541704440804,0.44852877802638047,0.36207931011573086,0.2736051047917348,3422.3566961957667,50.01396880481655,105.68575861856729,,,True,68,0,0,0.98,3,False,392,0.30000000000000004,0.33030096249545604,,0.940527500002645,2,18302,7.5560428999888245
a10-scale,scale_free-n100-load0.7-random_node_30-centralised-deg4.0,scale_free,100,0.7,random_node_30,CENTRALISED,ecmp,7,9907862918521212055,0.34580791538823175,0.4175096524125871,0.4493358052979851,0.3528810863171846,0.20169701008439206,3221.2117952386147,46.78802527586791,104.15200255015596,,,True,56,0,0,0.98,3,False,392,0.30000000000000004,0.32916221598387374,,1.2085734000138473,2,18252,8.925899699999718
a10-scale,scale_free-n100-load0.7-random_node_30-centralised-deg4.0,scale_free,100,0.7,random_node_30,CENTRALISED,orbit,7,9907862918521212055,0.37202356407638093,0.416637978456615,0.46112615043803534,0.39853603627715145,0.22948776306755042,3465.411401483289,47.480020674567015,106.07372609199928,,,True,294,2,0,0.98,3,False,392,0.30000000000000004,0.32916221598387374,,0.9646192000072915,2,18300,7.814926399994874
a10-scale,scale_free-n100-load0.7-random_node_30-centralised-deg4.0,scale_free,100,0.7,random_node_30,CENTRALISED,spf-reconverge,7,9907862918521212055,0.31473208455971335,0.41292481119447905,0.41529602916262803,0.30360824734441855,0.18377665279251948,2931.7394368650916,48.36021129403182,105.10675645788052,,,True,38,0,0,0.98,3,False,392,0.30000000000000004,0.3390809194431191,,0.21967370001948439,2,18276,5.199110400018981
a10-scale,scale_free-n100-load0.7-random_node_30-centralised-deg4.0,scale_free,100,0.7,random_node_30,CENTRALISED,spf-static,7,9907862918521212055,0.279715116320963,0.2988632426159556,0.31442886945998266,0.29964484847075507,0.2101972304173168,2605.5552574268518,34.122599136478655,104.05120541924605,,,True,0,0,0,0.98,3,False,392,0.0,0.20138724046298734,,0.16422740003326908,2,23140,4.391623600007733
a10-scale,scale_free-n100-load0.7-random_node_30-centralised-deg4.0,scale_free,100,0.7,random_node_30,CENTRALISED,cspf,8,8214395199744170478,0.417429342805815,0.5083293441961262,0.45613554243784,0.4483723438244432,0.28909051876042785,3906.4166924869787,39.816932921114194,105.14417716644313,,,True,64,0,0,0.98,3,False,392,0.30000000000000004,0.43641376055466924,,0.993896500003757,2,17762,8.240015699993819
a10-scale,scale_free-n100-load0.7-random_node_30-centralised-deg4.0,scale_free,100,0.7,random_node_30,CENTRALISED,ecmp,8,8214395199744170478,0.36910587424775254,0.5091655132992402,0.44299407147169834,0.3670097417152581,0.2288042357141869,3454.1926036262685,44.851268706712354,104.09473359869776,,,True,32,0,0,0.98,3,False,392,0.30000000000000004,0.4347547326941753,,1.214885699970182,2,17704,9.312514500023099
a10-scale,scale_free-n100-load0.7-random_node_30-centralised-deg4.0,scale_free,100,0.7,random_node_30,CENTRALISED,orbit,8,8214395199744170478,0.40257364905075443,0.5081599733283577,0.47465737038492106,0.43325764882943646,0.2353569764607692,3767.393092293546,33.74911901484892,104.10382512537952,,,True,284,4,0,0.98,3,False,392,0.30000000000000004,0.4347547326941753,,0.9879112000053283,2,17760,8.272334100009175
a10-scale,scale_free-n100-load0.7-random_node_30-centralised-deg4.0,scale_free,100,0.7,random_node_30,CENTRALISED,spf-reconverge,8,8214395199744170478,0.324550273105576,0.5081463720159718,0.43710841406534906,0.30093809064078747,0.15552209129687436,3037.229237142091,43.11439244422259,104.40688542048113,,,True,17,0,0,0.98,3,False,392,0.30000000000000004,0.43810340217036586,,0.23650729999644682,2,17714,5.236903000011807
a10-scale,scale_free-n100-load0.7-random_node_30-centralised-deg4.0,scale_free,100,0.7,random_node_30,CENTRALISED,spf-static,8,8214395199744170478,0.3188069525143581,0.44701004973077474,0.38935883126255616,0.32178729348303414,0.18064457130515246,2983.4816896481075,36.55559030817494,104.0501889698266,,,True,0,0,0,0.98,3,False,392,0.0,0.3659074403536046,,0.16556870000204071,2,19890,5.0767610000038985
a10-scale,scale_free-n100-load0.7-random_node_30-centralised-deg4.0,scale_free,100,0.7,random_node_30,CENTRALISED,cspf,9,3882982536634382381,0.4508236421867004,0.5295665853013957,0.5168448393144418,0.4578722298795712,0.32416664741974277,4408.075727687066,43.860555688802364,115.88941460138908,,,True,68,0,0,0.98,3,False,392,0.30000000000000004,0.4606737576522498,,0.970601999986684,2,16328,8.82219740000437
a10-scale,scale_free-n100-load0.7-random_node_30-centralised-deg4.0,scale_free,100,0.7,random_node_30,CENTRALISED,ecmp,9,3882982536634382381,0.3829129638284755,0.5308038720701127,0.47017616462870404,0.33953260221079934,0.26703081979226034,3744.056841122812,31.308328391189654,104.09687514287143,,,True,35,0,0,0.98,3,False,392,0.30000000000000004,0.46378860002723415,,1.282837999984622,2,16268,9.854870700015454
a10-scale,scale_free-n100-load0.7-random_node_30-centralised-deg4.0,scale_free,100,0.7,random_node_30,CENTRALISED,orbit,9,3882982536634382381,0.45509894909152104,0.5321214470503596,0.542141001295114,0.4731528136576993,0.29111811861915216,4449.878940367177,28.033509614572743,106.2768982098789,,0.0,True,296,1,0,0.98,3,False,392,0.30000000000000004,0.4620039830202936,,1.0057231000100728,2,16354,9.273990199988475
a10-scale,scale_free-n100-load0.7-random_node_30-centralised-deg4.0,scale_free,100,0.7,random_node_30,CENTRALISED,spf-reconverge,9,3882982536634382381,0.33277168460999274,0.49324096816048213,0.434549883836749,0.2935571573037854,0.188002821595264,3253.7840710300675,38.228793494582405,104.3869935468139,,,True,15,0,0,0.98,3,False,392,0.30000000000000004,0.4348464626734463,,0.23566040000878274,2,16280,4.974073999997927
a10-scale,scale_free-n100-load0.7-random_node_30-centralised-deg4.0,scale_free,100,0.7,random_node_30,CENTRALISED,spf-static,9,3882982536634382381,0.3381553772484833,0.41041003957899225,0.4521375634686378,0.3122320204479279,0.21329129074902556,3306.4248880243763,32.43083227303099,103.04747522727442,,,True,0,0,0,0.98,3,False,392,0.0,0.33470422507963216,,0.16178980001132004,2,18200,5.151798600010807
a10-scale,scale_free-n100-load0.7-random_node_30-centralised-deg4.0,scale_free,100,0.7,random_node_30,CENTRALISED,cspf,10,18121353748616784224,0.3644094078210221,0.5985491026967497,0.42998464806640935,0.3298474599848951,0.21284233561081456,3402.2026039028447,49.42981967919649,154.01561938444334,,,True,84,0,0,0.98,3,False,392,0.30000000000000004,0.5610844550113764,,0.9902172000147402,2,17158,7.577780499996152
a10-scale,scale_free-n100-load0.7-random_node_30-centralised-deg4.0,scale_free,100,0.7,random_node_30,CENTRALISED,ecmp,10,18121353748616784224,0.30691265108808347,0.5316250160430678,0.3678141394960275,0.2443519056178051,0.20829399064206716,2865.400832942947,51.988892063412614,140.58120040314168,,,True,52,0,0,0.98,3,False,392,0.30000000000000004,0.48099714007982053,,1.2585963000019547,2,17088,8.277965299988864
a10-scale,scale_free-n100-load0.7-random_node_30-centralised-deg4.0,scale_free,100,0.7,random_node_30,CENTRALISED,orbit,10,18121353748616784224,0.3568513612051655,0.6015433802109227,0.44734269074620675,0.3259812149065257,0.16818179632930072,3331.6390966908803,50.31926925136367,108.78345649147242,,,True,296,6,0,0.98,3,False,392,0.30000000000000004,0.5453369802451725,,1.0231904000393115,2,17138,8.056895199988503
a10-scale,scale_free-n100-load0.7-random_node_30-centralised-deg4.0,scale_free,100,0.7,random_node_30,CENTRALISED,spf-reconverge,10,18121353748616784224,0.2825919102921661,0.44938036234103956,0.3407422655540315,0.24379673173660985,0.1846223363658141,2638.337299760633,44.86645239768901,105.13758513221532,,,True,43,0,0,0.98,3,False,392,0.30000000000000004,0.3958783654635395,,0.23095899997861125,2,17116,4.486627700011013
a10-scale,scale_free-n100-load0.7-random_node_30-centralised-deg4.0,scale_free,100,0.7,random_node_30,CENTRALISED,spf-static,10,18121353748616784224,0.2653879331443541,0.3498292627141986,0.2826415035881416,0.23479196111044162,0.24484028033235816,2477.7173635198033,38.51890982800704,104.0411539580864,,,True,0,0,0,0.98,3,False,392,0.0,0.2726218770781179,,0.15662279998650774,2,22620,4.088627199991606
a10-scale,scale_free-n100-load0.7-random_node_30-centralised-deg4.0,scale_free,100,0.7,random_node_30,CENTRALISED,cspf,11,14215939667952672520,0.4072443066560455,0.5476548000538227,0.4708411380298445,0.35669010038276566,0.32994029695385324,3564.6070724093483,41.99180058562731,106.1915722579022,,,True,86,0,0,0.98,3,False,392,0.30000000000000004,0.48164141003621835,,1.0201363999804016,2,16614,8.27651870000409
a10-scale,scale_free-n100-load0.7-random_node_30-centralised-deg4.0,scale_free,100,0.7,random_node_30,CENTRALISED,ecmp,11,14215939667952672520,0.36282444176947604,0.5477330746823235,0.44216769023171004,0.30310423557977006,0.2555728636418978,3175.800250700076,37.88762921092404,104.31370896920963,,,True,56,0,0,0.98,3,False,392,0.30000000000000004,0.4854534959443823,,1.3238310999877285,2,16554,11.329169600008754
a10-scale,scale_free-n100-load0.7-random_node_30-centralised-deg4.0,scale_free,100,0.7,random_node_30,CENTRALISED,orbit,11,14215939667952672520,0.40720107199749306,0.5483791467188304,0.4843420494554827,0.4074269949639122,0.2440601017046802,3564.2286396918603,42.38702738243351,108.3836735239222,,,True,304,0,0,0.98,3,False,392,0.30000000000000004,0.48164141003621835,,1.0610639000078663,2,16632,8.85746780000045
a10-scale,scale_free-n100-load0.7-random_node_30-centralised-deg4.0,scale_free,100,0.7,random_node_30,CENTRALISED,spf-reconverge,11,14215939667952672520,0.28380168827949026,0.5440358667599556,0.3557927191885804,0.20620489585365367,0.16233489558710135,2484.114544189826,50.19234940617619,154.2351532573573,,,True,40,0,0,0.98,3,False,392,0.30000000000000004,0.4962059773659709,,0.23253940002177842,2,16590,4.822261300025275
a10-scale,scale_free-n100-load0.7-random_node_30-centralised-deg4.0,scale_free,100,0.7,random_node_30,CENTRALISED,spf-static,11,14215939667952672520,0.26205265175207365,0.3644236500141202,0.3248712677613882,0.24207496626913733,0.16567710476013314,2293.7453526342597,33.48083044754975,103.03177015389132,,,True,0,0,0,0.98,3,False,392,0.0,0.2793580204527895,,0.15135120000923052,2,21710,4.243844500015257
a10-scale,scale_free-n100-load0.7-random_node_30-centralised-deg4.0,scale_free,100,0.7,random_node_30,CENTRALISED,cspf,12,1641301001344902774,0.4380023759414933,0.5273948320282836,0.4256492962724788,0.48202475472254414,0.3319047769671896,3876.003119929392,42.733552874554235,153.0,,,True,69,0,0,0.98,3,False,392,0.30000000000000004,0.45679302520584353,,1.0205206999962684,2,17758,8.691419900016626
a10-scale,scale_free-n100-load0.7-random_node_30-centralised-deg4.0,scale_free,100,0.7,random_node_30,CENTRALISED,ecmp,12,1641301001344902774,0.3777058443749793,0.46781898497989327,0.3982724201552317,0.4153918791194364,0.24617459900850353,3342.422579480571,45.635744632772976,104.03629733549813,,,True,35,0,0,0.98,3,False,392,0.30000000000000004,0.41473193885030024,,1.2886411999934353,2,17704,10.369089400017401
a10-scale,scale_free-n100-load0.7-random_node_30-centralised-deg4.0,scale_free,100,0.7,random_node_30,CENTRALISED,orbit,12,1641301001344902774,0.4368232158969799,0.5284673189812571,0.4648754728785505,0.49030810142862835,0.27429165984331155,3865.568409383346,33.43793099010073,105.52350454897359,,0.2,True,290,1,0,0.98,3,False,392,0.30000000000000004,0.45679302520584353,,1.0608340000035241,2,17774,9.27653800000553
a10-scale,scale_free-n100-load0.7-random_node_30-centralised-deg4.0,scale_free,100,0.7,random_node_30,CENTRALISED,spf-reconverge,12,1641301001344902774,0.338796547219198,0.45524284748976734,0.3906090680031022,0.3250696787706091,0.23099522034481249,2998.1035404664703,47.10105559670346,104.08144053901208,,,True,17,0,0,0.98,3,False,392,0.30000000000000004,0.44171926347549073,,0.22162749999552034,2,17714,5.421797699993476
a10-scale,scale_free-n100-load0.7-random_node_30-centralised-deg4.0,scale_free,100,0.7,random_node_30,CENTRALISED,spf-static,12,1641301001344902774,0.32881690093708504,0.45524284748976734,0.34637949295560605,0.3371472095034278,0.2188341342584971,2909.790914211611,41.56650781975939,104.04689718544694,,,True,0,0,0,0.98,3,False,392,0.0,0.44171926347549073,,0.1587417000264395,2,19890,5.1320563000044785
a10-scale,scale_free-n100-load0.7-random_node_30-centralised-deg4.0,scale_free,100,0.7,random_node_30,CENTRALISED,cspf,13,10689762060379508856,0.3681737388395808,0.4038446819081684,0.425190607281727,0.4243109565058188,0.20929780137242573,3288.035653836751,49.97271783045595,155.03799588397803,,,True,73,0,0,0.98,3,False,392,0.30000000000000004,0.3150279555696099,,0.9093317000078969,2,18442,7.781951000011759
a10-scale,scale_free-n100-load0.7-random_node_30-centralised-deg4.0,scale_free,100,0.7,random_node_30,CENTRALISED,ecmp,13,10689762060379508856,0.3148564823468672,0.4051033197690118,0.3935824100685744,0.3580794468267962,0.12090356351325503,2811.877194340577,47.02313201949955,104.76331963739452,,,True,60,0,0,0.98,3,False,392,0.30000000000000004,0.3150279555696099,,1.2138378999952693,2,18394,9.03924189999816
a10-scale,scale_free-n100-load0.7-random_node_30-centralised-deg4.0,scale_free,100,0.7,random_node_30,CENTRALISED,orbit,13,10689762060379508856,0.36289669410298747,0.40428316549093835,0.4551101478134373,0.45421493552209596,0.11427613951496149,3240.908144700716,44.753359276357656,109.38845695192327,,,True,301,2,0,0.98,3,False,392,0.30000000000000004,0.3150279555696099,,0.9557550000026822,2,18444,8.369625099992845
a10-scale,scale_free-n100-load0.7-random_node_30-centralised-deg4.0,scale_free,100,0.7,random_node_30,CENTRALISED,spf-reconverge,13,10689762060379508856,0.27203255767996265,0.404341639531933,0.327047356983515,0.3000720575086173,0.10101445744160958,2429.431147032046,49.183931873255986,154.0625194445758,,,True,48,0,0,0.98,3,False,392,0.30000000000000004,0.31599117258053677,,0.2051344999927096,2,18426,4.438090099982219
a10-scale,scale_free-n100-load0.7-random_node_30-centralised-deg4.0,scale_free,100,0.7,random_node_30,CENTRALISED,spf-static,13,10689762060379508856,0.22723166679959983,0.30133428411535557,0.25132274411172195,0.2706663498562502,0.09953056833660658,2029.3294803499832,30.61640847468021,104.0457859030235,,,True,0,0,0,0.98,3,False,392,0.0,0.1949103444980651,,0.14868290003505535,2,24570,3.652510399988387
a10-scale,scale_free-n100-load0.7-random_node_30-centralised-deg4.0,scale_free,100,0.7,random_node_30,CENTRALISED,cspf,14,17599906878625591240,0.290735241679029,0.4730304607145657,0.35737177975920387,0.2597792931952001,0.16233173087965874,2466.9133413893037,71.25865515444207,206.30502883925863,,,True,76,0,0,0.98,3,False,392,0.30000000000000004,0.40100685925966884,,0.8845816999964882,2,18474,6.965265900013037
a10-scale,scale_free-n100-load0.7-random_node_30-centralised-deg4.0,scale_free,100,0.7,random_node_30,CENTRALISED,ecmp,14,17599906878625591240,0.2726260706313063,0.47251669418447223,0.3429037543066233,0.21608498574846444,0.1665459231737247,2313.255479338827,60.12188137393923,155.41467894411102,,,True,79,0,0,0.98,3,False,392,0.30000000000000004,0.40366388201785497,,1.2023278000124265,2,18450,8.368703499989351
a10-scale,scale_free-n100-load0.7-random_node_30-centralised-deg4.0,scale_free,100,0.7,random_node_30,CENTRALISED,orbit,14,17599906878625591240,0.2804837525917259,0.47817019130224303,0.3721530816854321,0.26601341114153176,0.09565990939193661,2379.92858146641,61.85899378824552,157.29139469558137,,,True,319,2,0,0.98,3,False,392,0.30000000000000004,0.4019901322613179,,0.9440633000049274,2,18484,6.960091499990085
a10-scale,scale_free-n100-load0.7-random_node_30-centralised-deg4.0,scale_free,100,0.7,random_node_30,CENTRALISED,spf-reconverge,14,17599906878625591240,0.2500032823816835,0.4704702412965854,0.32682762347830396,0.17701952572586516,0.14872862680844975,2121.299190069871,57.99803036439714,156.2439728919032,,,True,73,0,0,0.98,3,False,392,0.30000000000000004,0.4051014838818317,,0.21392059998470359,2,18476,4.6136570000089705
a10-scale,scale_free-n100-load0.7-random_node_30-centralised-deg4.0,scale_free,100,0.7,random_node_30,CENTRALISED,spf-static,14,17599906878625591240,0.17234305425915672,0.29642753339544,0.1540503140036529,0.15524637850024117,0.1399232710446428,1462.3455257517933,25.15474401014612,104.02680335911519,,,True,0,0,0,0.98,3,False,392,0.0,0.19630407986031306,,0.1603095000027679,2,27820,3.276956399990013
a10-scale,scale_free-n100-load0.7-random_node_30-centralised-deg4.0,scale_free,100,0.7,random_node_30,CENTRALISED,cspf,15,12236970974082883268,0.39635315133944754,0.4097569236104897,0.5018269994982902,0.3461113104557517,0.3525253872244948,3667.0228506771427,47.1045591905121,107.72974382795643,,,True,73,0,0,0.98,3,False,392,0.30000000000000004,0.322477677161115,,1.0077482000051532,2,18288,8.343712500005495
a10-scale,scale_free-n100-load0.7-random_node_30-centralised-deg4.0,scale_free,100,0.7,random_node_30,CENTRALISED,ecmp,15,12236970974082883268,0.3195657570286585,0.40613816582116263,0.47673308104879847,0.2521425970078821,0.20096636172687962,2956.592950902066,53.64210140424738,153.0,,,True,42,0,0,0.98,3,False,392,0.30000000000000004,0.32787310672678754,,1.231654500035802,2,18230,9.440747500018915
a10-scale,scale_free-n100-load0.7-random_node_30-centralised-deg4.0,scale_free,100,0.7,random_node_30,CENTRALISED,orbit,15,12236970974082883268,0.3702608819983904,0.41055810840459556,0.5156440775292903,0.35481679337292144,0.21688024201046288,3425.6195779232057,49.637894433415234,154.0127541577145,,,True,292,7,0,0.98,3,False,392,0.30000000000000004,0.322477677161115,,1.0117719000263605,2,18286,8.465762899984838
a10-scale,scale_free-n100-load0.7-random_node_30-centralised-deg4.0,scale_free,100,0.7,random_node_30,CENTRALISED,spf-reconverge,15,12236970974082883268,0.25739539621493474,0.3817226401903632,0.43088548716072006,0.16037041437109614,0.14140629496907256,2381.3984987617837,52.65844355103542,155.04638662276403,,,True,26,0,0,0.98,3,False,392,0.30000000000000004,0.299977659193372,,0.2269181000010576,2,18252,4.562739999993937
a10-scale,scale_free-n100-load0.7-random_node_30-centralised-deg4.0,scale_free,100,0.7,random_node_30,CENTRALISED,spf-static,15,12236970974082883268,0.25629696825892734,0.30037913915529735,0.39945808957286943,0.2143856282150879,0.14171306266768396,2371.2359444818712,38.040484992711704,104.05441815403344,,,True,0,0,0,0.98,3,False,392,0.0,0.20208458431488302,,0.15913719998206943,2,21580,4.4398936000070535
a10-scale,scale_free-n100-load0.7-random_node_30-centralised-deg4.0,scale_free,100,0.7,random_node_30,CENTRALISED,cspf,16,8795720927692901925,0.33558465440049084,0.5431193176645646,0.40298509750145006,0.314252381577752,0.19117987003718903,3275.5207227675996,61.39456813312913,155.12062012715293,,,True,79,0,0,0.98,3,False,392,0.30000000000000004,0.5155288700612205,,0.9483878000173718,2,17164,7.255162799992831
a10-scale,scale_free-n100-load0.7-random_node_30-centralised-deg4.0,scale_free,100,0.7,random_node_30,CENTRALISED,ecmp,16,8795720927692901925,0.2935486561850848,0.5347453251452594,0.3608398239884494,0.2564499417427264,0.15379321856759018,2865.2225120143044,56.41180923335827,127.86783094874906,,,True,68,0,0,0.98,3,False,392,0.30000000000000004,0.49535882340659815,,1.2815600000030827,2,17098,8.999541800003499
a10-scale,scale_free-n100-load0.7-random_node_30-centralised-deg4.0,scale_free,100,0.7,random_node_30,CENTRALISED,orbit,16,8795720927692901925,0.34680234473179616,0.5517737249614162,0.47666400520500257,0.3153727714498523,0.1568420835009753,3385.012550418127,50.61338032454785,108.24124197565773,,,True,308,3,0,0.98,3,False,392,0.30000000000000004,0.4852017009640519,,0.9803359000361525,2,17160,8.245107700000517
a10-scale,scale_free-n100-load0.7-random_node_30-centralised-deg4.0,scale_free,100,0.7,random_node_30,CENTRALISED,spf-reconverge,16,8795720927692901925,0.2667011936972765,0.5343773464768325,0.32737286809764826,0.19875439332032288,0.16288583977248505,2603.1741180266763,63.48670353309367,154.01200613281665,,,True,43,0,0,0.98,3,False,392,0.30000000000000004,0.501474749538756,,0.22638440001173876,2,17116,4.642833100020653
a10-scale,scale_free-n100-load0.7-random_node_30-centralised-deg4.0,scale_free,100,0.7,random_node_30,CENTRALISED,spf-static,16,8795720927692901925,0.2481769514728742,0.4042470152925953,0.2605901113769052,0.2420878155935132,0.16302996270162323,2422.365673766933,46.69572924893907,104.04358875477558,,,True,0,0,0,0.98,3,False,392,0.0,0.3400134063553655,,0.16078279999783263,2,22620,4.11486210001749
a10-scale,scale_free-n100-load0.7-random_node_30-centralised-deg4.0,scale_free,100,0.7,random_node_30,CENTRALISED,cspf,17,9639371695922477366,0.3356164611858106,0.641166026802416,0.3815036911215025,0.2646743081409454,0.20740000546221568,3171.806353404769,62.721814012727805,154.01988332133283,,,True,87,0,0,0.98,3,False,392,0.30000000000000004,0.594438448693408,,0.9096795000077691,2,16402,7.330639100022381
a10-scale,scale_free-n100-load0.7-random_node_30-centralised-deg4.0,scale_free,100,0.7,random_node_30,CENTRALISED,ecmp,17,9639371695922477366,0.2999319137195954,0.6261560898741378,0.369867992927233,0.19132539291879744,0.19036268898010064,2834.562840462023,51.97889792000457,153.0,,,True,76,0,0,0.98,3,False,392,0.30000000000000004,0.5810206213718649,,1.2562544000102207,2,16326,8.882420299982186
a10-scale,scale_free-n100-load0.7-random_node_30-centralised-deg4.0,scale_free,100,0.7,random_node_30,CENTRALISED,orbit,17,9639371695922477366,0.34562005683537256,0.6446870830230127,0.4625551162601229,0.24532809764530034,0.19442880149838093,3266.3472115202067,60.660266273615655,155.07235346093398,,,True,318,5,0,0.98,3,False,392,0.30000000000000004,0.5948513192079036,,1.0192802000092342,2,16386,8.270079400012037
a10-scale,scale_free-n100-load0.7-random_node_30-centralised-deg4.0,scale_free,100,0.7,random_node_30,CENTRALISED,spf-reconverge,17,9639371695922477366,0.2645241986550311,0.6236633199262389,0.31644258866199854,0.1660636796275094,0.13775447423425974,2499.935584085723,44.313440924673976,104.59031799694439,,,True,57,0,0,0.98,3,False,392,0.30000000000000004,0.5856372213059389,,0.2205031999910716,2,16364,4.649798099999316
a10-scale,scale_free-n100-load0.7-random_node_30-centralised-deg4.0,scale_free,100,0.7,random_node_30,CENTRALISED,spf-static,17,9639371695922477366,0.22153660621572652,0.4553416738736739,0.24973597700236144,0.187311141366702,0.10099224527587215,2093.6732740225907,33.55710105585042,104.03337685029756,,,True,0,0,0,0.98,3,False,392,0.0,0.3837894448464963,,0.1484241000143811,2,23660,3.7105999999912456
a10-scale,scale_free-n100-load0.7-random_node_30-centralised-deg4.0,scale_free,100,0.7,random_node_30,CENTRALISED,cspf,18,10781437550513149370,0.2948653824102304,0.4725589826825468,0.345217810027009,0.2746980552479965,0.1629851460648033,2650.7732772836957,57.844859718756176,154.26856349952868,,,True,64,0,0,0.98,3,False,392,0.30000000000000004,0.40092361915884567,,0.8587042999861296,2,19104,6.757918799994513
a10-scale,scale_free-n100-load0.7-random_node_30-centralised-deg4.0,scale_free,100,0.7,random_node_30,CENTRALISED,ecmp,18,10781437550513149370,0.2630800556790404,0.4676071880203557,0.2755629109003739,0.23960351327984258,0.15858329186368222,2365.0303595492933,45.656928330608395,116.60233656148898,,,True,61,0,0,0.98,3,False,392,0.30000000000000004,0.40255845344484986,,1.1939991999824997,2,19062,8.250927099987166
a10-scale,scale_free-n100-load0.7-random_node_30-centralised-deg4.0,scale_free,100,0.7,random_node_30,CENTRALISED,orbit,18,10781437550513149370,0.3038879133810859,0.47340925597088396,0.37558689569804593,0.3240181866143027,0.09792909794784899,2731.883795566694,55.41404004086619,109.49543692598444,,,True,306,2,0,0.98,3,False,392,0.30000000000000004,0.3966193733878463,,1.0064134999993257,2,19106,7.219134599989047
a10-scale,scale_free-n100-load0.7-random_node_30-centralised-deg4.0,scale_free,100,0.7,random_node_30,CENTRALISED,spf-reconverge,18,10781437550513149370,0.22819485555952443,0.43002893928638003,0.23285604522202397,0.19344519705603655,0.14936978564252054,2051.420279269152,43.215514233412414,105.05281617485112,,,True,50,0,0,0.98,3,False,392,0.30000000000000004,0.40651248690745145,,0.22923690002062358,2,19080,4.183782000007341
a10-scale,scale_free-n100-load0.7-random_node_30-centralised-deg4.0,scale_free,100,0.7,random_node_30,CENTRALISED,spf-static,18,10781437550513149370,0.2009865639229788,0.27473280422933716,0.19367085568495562,0.22144119574215568,0.13456836202696268,1806.8238746279462,34.07468209099359,104.04170645978631,,,True,0,0,0,0.98,3,False,392,0.0,0.20214173764895668,,0.16003809997346252,2,25480,3.6540383999818005
a10-scale,scale_free-n100-load0.7-random_node_30-centralised-deg4.0,scale_free,100,0.7,random_node_30,CENTRALISED,cspf,19,12420344974280816679,0.3646435846102795,0.4806888546839322,0.472509280812769,0.3460182372564166,0.21708100479965217,3456.070895452394,40.63907045837706,105.1556551850918,,,True,57,0,0,0.98,3,False,392,0.30000000000000004,0.4042018324779586,,0.9892383000114933,2,20362,7.263513599988073
a10-scale,scale_free-n100-load0.7-random_node_30-centralised-deg4.0,scale_free,100,0.7,random_node_30,CENTRALISED,ecmp,19,12420344974280816679,0.33939435912425003,0.4823986246325703,0.43478076068897525,0.3023657496565122,0.21379050079430126,3216.760190375145,36.05779947684113,103.05346491442639,,,True,42,0,0,0.98,3,False,392,0.30000000000000004,0.4042018324779586,,1.181717800005572,2,20310,8.611887999984901
a10-scale,scale_free-n100-load0.7-random_node_30-centralised-deg4.0,scale_free,100,0.7,random_node_30,CENTRALISED,orbit,19,12420344974280816679,0.3603794033007154,0.4809512685096125,0.4701491890559901,0.3494163752640986,0.19804230652268143,3415.6552305705686,34.84904287961338,106.2852395270468,,,True,285,1,0,0.98,3,False,392,0.30000000000000004,0.4042018324779586,,0.9949427999963518,2,20362,7.602823900000658
a10-scale,scale_free-n100-load0.7-random_node_30-centralised-deg4.0,scale_free,100,0.7,random_node_30,CENTRALISED,spf-reconverge,19,12420344974280816679,0.2940844586281236,0.46132334648683676,0.3876155172814445,0.25766773629221296,0.15580449116506043,2787.3155628277555,42.315224971868524,104.2774934261309,,,True,28,0,0,0.98,3,False,392,0.30000000000000004,0.380887404458323,,0.22668160000466742,2,20336,4.664366599987261
a10-scale,scale_free-n100-load0.7-random_node_30-centralised-deg4.0,scale_free,100,0.7,random_node_30,CENTRALISED,spf-static,19,12420344974280816679,0.25805782103058816,0.32612948768909633,0.35329282050451233,0.21155960215580402,0.18770622210136606,2445.857166418762,35.53179945460344,153.0,,,True,0,0,0,0.98,3,False,392,0.0,0.22245710117972206,,0.1856347999710124,2,23920,4.09762889999547
a10-scale,scale_free-n100-load0.7-random_node_30-centralised-deg4.0,scale_free,100,0.7,random_node_30,CENTRALISED,cspf,20,6924523267875327343,0.3312439075550848,0.5622425757174578,0.44666760667664424,0.2541057214688787,0.17930151823416823,2947.609739523193,66.65378024967043,156.07969695606084,,,True,86,0,0,0.98,3,False,392,0.30000000000000004,0.5005392462357436,,0.9583236999751534,2,16918,7.600653200002853
a10-scale,scale_free-n100-load0.7-random_node_30-centralised-deg4.0,scale_free,100,0.7,random_node_30,CENTRALISED,ecmp,20,6924523267875327343,0.3145575118287609,0.5646011192759883,0.3876269519465702,0.26635808347085344,0.15168205382705874,2799.1240423114755,59.58406170314998,155.05231983827872,,,True,83,0,0,0.98,3,False,392,0.30000000000000004,0.5005555424217079,,1.2632076000154484,2,16864,9.834390999982134
a10-scale,scale_free-n100-load0.7-random_node_30-centralised-deg4.0,scale_free,100,0.7,random_node_30,CENTRALISED,orbit,20,6924523267875327343,0.3272650047727796,0.5636550152779207,0.49673720303197305,0.28953652325717577,0.06197972142171814,2912.203042747077,67.30610626312166,157.11406209463127,,,True,319,4,0,0.98,3,False,392,0.30000000000000004,0.500190354921874,,0.9844833000097424,2,16924,7.962221199995838
a10-scale,scale_free-n100-load0.7-random_node_30-centralised-deg4.0,scale_free,100,0.7,random_node_30,CENTRALISED,spf-reconverge,20,6924523267875327343,0.2727164509348919,0.5575781229708163,0.30747701378415715,0.19874590829180097,0.1626175072906038,2426.796836316776,45.4751927415222,155.06802746343612,,,True,67,0,0,0.98,3,False,392,0.30000000000000004,0.5228230537578624,,0.22434710001107305,2,16904,4.856595399993239
a10-scale,scale_free-n100-load0.7-random_node_30-centralised-deg4.0,scale_free,100,0.7,random_node_30,CENTRALISED,spf-static,20,6924523267875327343,0.20253480156573206,0.3347558947734362,0.2633276990632298,0.1722105325793062,0.10117654925338164,1802.2778383879288,35.89998998860541,104.0591591553443,,,True,0,0,0,0.98,3,False,392,0.0,0.24988806172270653,,0.15544709999812767,2,25480,3.649046900012763
a10-scale,scale_free-n100-load0.7-random_node_30-centralised-deg4.0,scale_free,100,0.7,random_node_30,CENTRALISED,cspf,21,13907247289806786277,0.4377374149786742,0.5026676558922719,0.6378850248673071,0.3003101901618728,0.3895414243650902,3932.5684855788486,49.05328329464815,106.4397410572688,,,True,81,0,0,0.98,3,False,392,0.30000000000000004,0.42894386143582675,,0.9361923999967985,2,16486,8.843440299999202
a10-scale,scale_free-n100-load0.7-random_node_30-centralised-deg4.0,scale_free,100,0.7,random_node_30,CENTRALISED,ecmp,21,13907247289806786277,0.35929342760118405,0.504234548860618,0.6116829030412035,0.2076653552344232,0.23508463562316403,3227.8392527375304,46.40600151384544,104.0431303767025,,,True,51,0,0,0.98,3,False,392,0.30000000000000004,0.42894386143582675,,1.3025492999877315,2,16422,10.173653899983037
a10-scale,scale_free-n100-load0.7-random_node_30-centralised-deg4.0,scale_free,100,0.7,random_node_30,CENTRALISED,orbit,21,13907247289806786277,0.4327297446637531,0.5028353944295397,0.7119130188882733,0.3088229005802647,0.2854252224311548,3887.580312777611,42.85721598864691,105.18424334932256,,,True,301,3,0,0.98,3,False,392,0.30000000000000004,0.42894386143582675,,0.9948213000316173,2,16498,9.45824609999545
a10-scale,scale_free-n100-load0.7-random_node_30-centralised-deg4.0,scale_free,100,0.7,random_node_30,CENTRALISED,spf-reconverge,21,13907247289806786277,0.2941326230440158,0.49473469857186125,0.4409738470915012,0.19737424570405251,0.17015474429914854,2642.444178594813,47.044794181646864,105.07412902224527,,,True,29,0,0,0.98,3,False,392,0.30000000000000004,0.46001805374966576,,0.22817380001652054,2,16438,4.820739999995567
a10-scale,scale_free-n100-load0.7-random_node_30-centralised-deg4.0,scale_free,100,0.7,random_node_30,CENTRALISED,spf-static,21,13907247289806786277,0.27495629657339987,0.40876205465647036,0.3958006221945202,0.1792470871931295,0.21156597557738466,2470.1668850233013,37.968754811599815,104.03189186717876,,,True,0,0,0,0.98,3,False,392,0.0,0.3519702381073256,,0.15982030000304803,2,20150,4.377340799983358
a10-scale,scale_free-n100-load0.7-random_node_30-centralised-deg4.0,scale_free,100,0.7,random_node_30,CENTRALISED,cspf,22,1421777722018707943,0.32607373418488733,0.5664839262015853,0.34381439979462736,0.29141326452079147,0.2143829175232029,2815.5260975265346,62.148464804835726,158.23049160895832,,,True,86,0,0,0.98,3,False,392,0.30000000000000004,0.5270248119415468,,0.9922390999854542,2,17182,7.645461499982048
a10-scale,scale_free-n100-load0.7-random_node_30-centralised-deg4.0,scale_free,100,0.7,random_node_30,CENTRALISED,ecmp,22,1421777722018707943,0.2919236519285759,0.5730993725047147,0.34247999836745896,0.22502530828162506,0.16901644982593209,2520.6527675244183,56.59182147545202,155.05581035380334,,,True,78,0,0,0.98,3,False,392,0.30000000000000004,0.5270830449175038,,1.2781934999802615,2,17128,8.646434499998577
a10-scale,scale_free-n100-load0.7-random_node_30-centralised-deg4.0,scale_free,100,0.7,random_node_30,CENTRALISED,orbit,22,1421777722018707943,0.3278432977773594,0.5893793259740384,0.38888598967909227,0.3068490686973898,0.14690842362286058,2830.805624681006,56.76546657076979,159.02874281156082,,,True,321,5,0,0.98,3,False,392,0.30000000000000004,0.5312334476643445,,1.0162995999853592,2,17184,8.18351599999005
a10-scale,scale_free-n100-load0.7-random_node_30-centralised-deg4.0,scale_free,100,0.7,random_node_30,CENTRALISED,spf-reconverge,22,1421777722018707943,0.2674123179727384,0.5799845872725704,0.30372210395738686,0.19602946162477286,0.1447591143164795,2309.006464241621,57.1684583779505,157.07246131098535,,,True,69,0,0,0.98,3,False,392,0.30000000000000004,0.5452968978466427,,0.22526259999722242,2,17168,4.8860768000013195
a10-scale,scale_free-n100-load0.7-random_node_30-centralised-deg4.0,scale_free,100,0.7,random_node_30,CENTRALISED,spf-static,22,1421777722018707943,0.21365367248902756,0.34211853665924263,0.23130281867855496,0.17663476427419617,0.17085358333688327,1844.8204429252191,35.284756241380876,104.0428443659462,,,True,0,0,0,0.98,3,False,392,0.0,0.25593504859409166,,0.16424740001093596,2,26000,3.66035930000362
a10-scale,scale_free-n100-load0.7-random_node_30-centralised-deg4.0,scale_free,100,0.7,random_node_30,CENTRALISED,cspf,23,13742168806850803197,0.4100513935005269,0.5126316381674165,0.4859366674602477,0.40613355247585564,0.2780251741798454,3796.2675799854446,49.45639074729353,153.0,,,True,69,0,0,0.98,3,False,392,0.30000000000000004,0.4500793368396969,,1.0286210000340361,2,17628,8.65482319999137
a10-scale,scale_free-n100-load0.7-random_node_30-centralised-deg4.0,scale_free,100,0.7,random_node_30,CENTRALISED,ecmp,23,13742168806850803197,0.354762500169427,0.5158498357610733,0.4646619809267879,0.3135311391800131,0.20664319875758222,3284.4014173214755,38.88851229640066,104.06165336900781,,,True,48,0,0,0.98,3,False,392,0.30000000000000004,0.4413651951089389,,1.2469669999845792,2,17578,9.32512590000988
a10-scale,scale_free-n100-load0.7-random_node_30-centralised-deg4.0,scale_free,100,0.7,random_node_30,CENTRALISED,orbit,23,13742168806850803197,0.4063158111284616,0.5150199260935965,0.4981659040121303,0.4360499848240633,0.20671284179870872,3761.6834510781537,37.42359650080505,105.25187372174175,,,True,293,0,0,0.98,3,False,392,0.30000000000000004,0.4413651951089389,,1.0243818000308238,2,17650,8.736730600008741
a10-scale,scale_free-n100-load0.7-random_node_30-centralised-deg4.0,scale_free,100,0.7,random_node_30,CENTRALISED,spf-reconverge,23,13742168806850803197,0.32291061557155587,0.5127055580752191,0.4420150281390533,0.27634688347087866,0.15598302257669222,2989.5157547510335,44.715409865735,104.10614283407867,,,True,39,0,0,0.98,3,False,392,0.30000000000000004,0.44813802671062747,,0.24739359997329302,2,17628,5.306705599999987
a10-scale,scale_free-n100-load0.7-random_node_30-centralised-deg4.0,scale_free,100,0.7,random_node_30,CENTRALISED,spf-static,23,13742168806850803197,0.2707487172553564,0.4404383684006624,0.3593770622696101,0.25179448926985315,0.10724739216643232,2506.5994017597072,33.85194834000285,103.05475054359505,,,True,0,0,0,0.98,3,False,392,0.0,0.36215035885333746,,0.16393200002494268,2,22620,4.276009299996076
a10-scale,scale_free-n100-load0.7-random_node_30-centralised-deg4.0,scale_free,100,0.7,random_node_30,CENTRALISED,cspf,24,7431324897939472513,0.2686300601888296,0.4263718307950508,0.36351785537611936,0.2031807733801772,0.18188606229735918,2495.740549893482,75.15550202973648,156.06440089669837,,,True,83,0,0,0.98,3,False,392,0.30000000000000004,0.35879849699827676,,0.8952286000130698,2,17970,6.23218610000913
a10-scale,scale_free-n100-load0.7-random_node_30-centralised-deg4.0,scale_free,100,0.7,random_node_30,CENTRALISED,ecmp,24,7431324897939472513,0.2383291312334417,0.4280439546035845,0.3325434899133707,0.17332294521750566,0.1350368548874555,2214.22604983997,53.044653368117736,105.18884747065366,,,True,74,0,0,0.98,3,False,392,0.30000000000000004,0.3560704715475975,,1.2235795999877155,2,17932,7.374317099980544
a10-scale,scale_free-n100-load0.7-random_node_30-centralised-deg4.0,scale_free,100,0.7,random_node_30,CENTRALISED,orbit,24,7431324897939472513,0.276871632857848,0.44353351822288195,0.4244585175338067,0.2068950381779934,0.1399238747802302,2572.3098924700516,74.34092815861096,156.07230277041933,,,True,319,5,0,0.98,3,False,392,0.30000000000000004,0.36245576868326546,,0.9897577000083402,2,17962,6.967597199982265
a10-scale,scale_free-n100-load0.7-random_node_30-centralised-deg4.0,scale_free,100,0.7,random_node_30,CENTRALISED,spf-reconverge,24,7431324897939472513,0.21732376733437117,0.4272213230975797,0.3049213647245268,0.14869062056767063,0.11492441029470922,2019.0731380201673,61.86083660437005,154.02193523204988,,,True,74,0,0,0.98,3,False,392,0.30000000000000004,0.3560704715475975,,0.22565539999050088,2,17958,4.071655299980193
a10-scale,scale_free-n100-load0.7-random_node_30-centralised-deg4.0,scale_free,100,0.7,random_node_30,CENTRALISED,spf-static,24,7431324897939472513,0.15632543963393108,0.2105503773305801,0.2029976528131828,0.12424882068485706,0.12564078385983563,1452.3606866635803,36.67830966720487,104.05148053460523,,,True,0,0,0,0.98,3,False,392,0.0,0.09548371329001942,,0.1524022000376135,2,27430,3.152486599981785
a10-scale,scale_free-n100-load0.7-random_node_30-centralised-deg4.0,scale_free,100,0.7,random_node_30,CENTRALISED,cspf,25,7139158731268134524,0.2342161946132723,0.4049672917439068,0.3559304349337842,0.15756232147507945,0.11364615040411442,2028.632605512408,76.36108292361713,206.07992379007305,,,True,79,0,0,0.98,3,False,392,0.30000000000000004,0.326452525152198,,0.8504699000041,2,18876,6.073354399995878
a10-scale,scale_free-n100-load0.7-random_node_30-centralised-deg4.0,scale_free,100,0.7,random_node_30,CENTRALISED,ecmp,25,7139158731268134524,0.22522850132268266,0.398236785108991,0.391130384803952,0.14344697947127544,0.06569581782594246,1950.7868882777802,68.66305164246633,207.16246830440824,,,True,80,0,0,0.98,3,False,392,0.30000000000000004,0.30905359427647616,,1.1767557999992277,2,18848,7.535296099988045
a10-scale,scale_free-n100-load0.7-random_node_30-centralised-deg4.0,scale_free,100,0.7,random_node_30,CENTRALISED,orbit,25,7139158731268134524,0.23826348358314403,0.41458066865104426,0.39339788544607807,0.16336214776896593,0.07691259096592604,2063.687663860398,69.44185343631246,208.2174934478333,,,True,321,3,0,0.98,3,False,392,0.30000000000000004,0.32873670083323014,,0.9851340999884997,2,18876,6.548106000002008
a10-scale,scale_free-n100-load0.7-random_node_30-centralised-deg4.0,scale_free,100,0.7,random_node_30,CENTRALISED,spf-reconverge,25,7139158731268134524,0.20413756466823674,0.3664850860993767,0.33133167289894366,0.1358849440697178,0.07054155270259474,1768.1105287346165,63.8877330215984,155.07810773508217,,,True,78,0,0,0.98,3,False,392,0.30000000000000004,0.30146942041031544,,0.21917969998321496,2,18876,4.3555091000162065
a10-scale,scale_free-n100-load0.7-random_node_30-centralised-deg4.0,scale_free,100,0.7,random_node_30,CENTRALISED,spf-static,25,7139158731268134524,0.14499782059590816,0.15353454783937098,0.21848971516017468,0.13953254323147946,0.07224544618345785,1255.8794539155638,36.33186261057982,153.0,,,True,0,0,0,0.98,3,False,392,0.0,0.035186619487990074,,0.16305640002246946,2,28860,3.194181300001219
a10-scale,scale_free-n100-load0.7-random_node_30-centralised-deg4.0,scale_free,100,0.7,random_node_30,CENTRALISED,cspf,26,7594210518077099191,0.4772658751913975,0.5528388800340852,0.5502675432527353,0.4396434517802571,0.40744051228187,4376.780281431149,28.176877309350193,104.04402099225177,,,True,70,0,0,0.98,3,False,392,0.30000000000000004,0.4968552325267377,,0.9984165000205394,2,17230,8.982032300002174
a10-scale,scale_free-n100-load0.7-random_node_30-centralised-deg4.0,scale_free,100,0.7,random_node_30,CENTRALISED,ecmp,26,7594210518077099191,0.41816175651089993,0.5553090908547466,0.4810324777933695,0.37759386050651794,0.3240798572661397,3834.7642802066166,35.00512548605693,103.01887487240319,,,True,33,0,0,0.98,3,False,392,0.30000000000000004,0.4957244957266579,,1.2548688999959268,2,17172,10.322753000014927
a10-scale,scale_free-n100-load0.7-random_node_30-centralised-deg4.0,scale_free,100,0.7,random_node_30,CENTRALISED,orbit,26,7594210518077099191,0.4805325472690691,0.5559861207505158,0.5594637014119405,0.4612942480510649,0.37941453953391124,4406.737390620489,24.84735253708105,104.03543429392407,,,True,280,2,0,0.98,3,False,392,0.30000000000000004,0.4893169763620776,,0.9802507000276819,2,17234,9.031798600015463
a10-scale,scale_free-n100-load0.7-random_node_30-centralised-deg4.0,scale_free,100,0.7,random_node_30,CENTRALISED,spf-reconverge,26,7594210518077099191,0.3573347124941095,0.528099805083165,0.3985549974230485,0.2950489651414528,0.2941217596508806,3276.9481431872487,35.74439119886545,103.0263505924481,,,True,13,0,0,0.98,3,False,392,0.30000000000000004,0.5031004907211555,,0.24088510000729002,2,17186,4.977487900003325
a10-scale,scale_free-n100-load0.7-random_node_30-centralised-deg4.0,scale_free,100,0.7,random_node_30,CENTRALISED,spf-static,26,7594210518077099191,0.34838447585380694,0.4847894304477051,0.3892206819447259,0.30196608988477563,0.2852479505454965,3194.8697435411204,32.520245232285625,103.02611494430118,,,True,0,0,0,0.98,3,False,392,0.0,0.448451360839176,,0.15313210000749677,2,18850,4.904369200026849
a10-scale,scale_free-n100-load0.7-random_node_30-centralised-deg4.0,scale_free,100,0.7,random_node_30,CENTRALISED,cspf,27,12847512672644492641,0.3879409730491573,0.6336959830501859,0.4078161756048291,0.35738645957977766,0.26454650660368184,3744.4527965841708,59.838052979745086,153.0,,,True,75,0,0,0.98,3,False,392,0.30000000000000004,0.5939707493335734,,0.9323084999923594,2,16752,7.815591899998253
a10-scale,scale_free-n100-load0.7-random_node_30-centralised-deg4.0,scale_free,100,0.7,random_node_30,CENTRALISED,ecmp,27,12847512672644492641,0.34482477446197246,0.6356667651360227,0.4030314629863012,0.2927233814634063,0.18542788594470952,3328.2900770113524,57.885804157672645,104.15270801049323,,,True,59,0,0,0.98,3,False,392,0.30000000000000004,0.580689431624415,,1.250330999988364,2,16690,9.4415100000042
a10-scale,scale_free-n100-load0.7-random_node_30-centralised-deg4.0,scale_free,100,0.7,random_node_30,CENTRALISED,orbit,27,12847512672644492641,0.39356240139039916,0.6397310211413552,0.4713528483176818,0.3790327252221739,0.1855210970121326,3798.7114970965636,52.51621045920921,109.51205900444323,,,True,304,5,0,0.98,3,False,392,0.30000000000000004,0.5879803510836675,,1.0097430999740027,2,16760,8.917653499986045
a10-scale,scale_free-n100-load0.7-random_node_30-centralised-deg4.0,scale_free,100,0.7,random_node_30,CENTRALISED,spf-reconverge,27,12847512672644492641,0.30636875187032986,0.6280923632826169,0.36419164002167825,0.2431490178183718,0.14510183639475438,2957.1079350298355,54.847815056272104,106.10275439279154,,,True,45,0,0,0.98,3,False,392,0.30000000000000004,0.6243627217938046,,0.22334769999724813,2,16730,5.11843860000954
a10-scale,scale_free-n100-load0.7-random_node_30-centralised-deg4.0,scale_free,100,0.7,random_node_30,CENTRALISED,spf-static,27,12847512672644492641,0.26919800455029025,0.4583855655416048,0.3383009153495439,0.21860302161581172,0.1568916725486676,2598.3314241094245,35.36535301063446,103.03500628026208,,,True,0,0,0,0.98,3,False,392,0.0,0.4117076960097357,,0.14998539999942295,2,22490,4.122762700018939
a10-scale,scale_free-n100-load0.7-random_node_30-centralised-deg4.0,scale_free,100,0.7,random_node_30,CENTRALISED,cspf,28,16290879970039252336,0.2961272067973211,0.429002154540497,0.3699849693348952,0.2561976135045249,0.20526456566071022,2661.8136431174066,61.761453750496074,158.27685736337742,,,True,79,0,0,0.98,3,False,392,0.30000000000000004,0.3457088535761903,,0.8647896000184119,2,17694,6.963269100000616
a10-scale,scale_free-n100-load0.7-random_node_30-centralised-deg4.0,scale_free,100,0.7,random_node_30,CENTRALISED,ecmp,28,16290879970039252336,0.3067222759682771,0.42823494021010206,0.39030572185501583,0.26222042640617077,0.21930744236239685,2757.0500787493606,47.56222765288964,154.01371873437873,,,True,76,0,0,0.98,3,False,392,0.30000000000000004,0.35269178313444827,,1.2050717999809422,2,17662,8.392752000014298
a10-scale,scale_free-n100-load0.7-random_node_30-centralised-deg4.0,scale_free,100,0.7,random_node_30,CENTRALISED,orbit,28,16290879970039252336,0.3210740316732274,0.4299937839692515,0.4096272210930875,0.29466039240423264,0.21044377619396415,2886.054433166114,47.89861545172072,108.23433268946624,,,True,312,3,0,0.98,3,False,392,0.30000000000000004,0.3457088535761903,,0.9733723999815993,2,17684,7.330909100011922
a10-scale,scale_free-n100-load0.7-random_node_30-centralised-deg4.0,scale_free,100,0.7,random_node_30,CENTRALISED,spf-reconverge,28,16290879970039252336,0.26563001668899444,0.42553248615237416,0.3360738565953165,0.2321312587892382,0.15366835479301863,2387.6820035931473,50.70506771405982,154.04409830408161,,,True,68,0,0,0.98,3,False,392,0.30000000000000004,0.3573584476103524,,0.23304669998469763,2,17686,4.615411500009941
a10-scale,scale_free-n100-load0.7-random_node_30-centralised-deg4.0,scale_free,100,0.7,random_node_30,CENTRALISED,spf-static,28,16290879970039252336,0.21326685040899948,0.22914023089917288,0.2735250909580084,0.18904916707724334,0.17985816383537162,1917.0025550265968,23.974554405893052,103.04414913365602,,,True,0,0,0,0.98,3,False,392,0.0,0.11945584252407888,,0.15962540000327863,2,26390,3.5680830999917816
a10-scale,scale_free-n100-load0.7-random_node_30-centralised-deg4.0,scale_free,100,0.7,random_node_30,CENTRALISED,cspf,29,415589836109758362,0.2082001450670152,0.3144625875605304,0.2901747135886424,0.17867531225409258,0.10880966610109186,1918.6543116986852,71.3071924098336,157.08390146651118,,,True,67,0,0,0.98,3,False,392,0.30000000000000004,0.21133640346462357,,0.8582116000179667,2,20278,5.755936000001384
a10-scale,scale_free-n100-load0.7-random_node_30-centralised-deg4.0,scale_free,100,0.7,random_node_30,CENTRALISED,ecmp,29,415589836109758362,0.21127794172282555,0.3204000305460177,0.28747950356671564,0.17689054812814706,0.12221901479839459,1947.0175379697405,63.030531824596444,155.2514870328558,,,True,66,0,0,0.98,3,False,392,0.30000000000000004,0.22008426481806226,,1.1159358999866527,2,20256,6.7044295000087
a10-scale,scale_free-n100-load0.7-random_node_30-centralised-deg4.0,scale_free,100,0.7,random_node_30,CENTRALISED,orbit,29,415589836109758362,0.23412738214897175,0.32359999285917257,0.3442572642627728,0.21829434749785018,0.09914446067097052,2157.585006015531,66.42910145719577,157.11838305808345,,,True,310,5,0,0.98,3,False,392,0.30000000000000004,0.22296874163183553,,0.9422473999729846,2,20282,6.567273299995577
a10-scale,scale_free-n100-load0.7-random_node_30-centralised-deg4.0,scale_free,100,0.7,random_node_30,CENTRALISED,spf-reconverge,29,415589836109758362,0.19039078164983012,0.30782367361835383,0.2545870573202704,0.15161563387197158,0.1139516684124805,1754.5333313891258,68.42646683681487,159.26692453614766,,,True,62,0,0,0.98,3,False,392,0.30000000000000004,0.24201647456776007,,0.19900259998394176,2,20274,3.816392699984135
a10-scale,scale_free-n100-load0.7-random_node_30-centralised-deg4.0,scale_free,100,0.7,random_node_30,CENTRALISED,spf-static,29,415589836109758362,0.1513415769253685,0.14602540168168646,0.22334374065465182,0.1508559950551121,0.08593758660570457,1394.6780345118007,41.4661355183786,105.64078007875675,,,True,0,0,0,0.98,3,False,392,0.0,0.03241345415821208,,0.14386320000630803,2,28210,3.0328341999847908
a10-scale,scale_free-n250-load0.7-critical_link-centralised-deg4.0,scale_free,250,0.7,critical_link,CENTRALISED,cspf,0,4667926244301931869,0.6826757274682177,0.9862425813520743,0.8821967432917449,0.5660697843696956,0.48104634068951957,15440.79698080725,65.90950633152137,155.2977304511131,0.0,0.0,False,272,0,0,0.98,3,False,992,0.30000000000000004,1.0060158923612894,,4.717967100004898,2,6,36.59441750001861
a10-scale,scale_free-n250-load0.7-critical_link-centralised-deg4.0,scale_free,250,0.7,critical_link,CENTRALISED,ecmp,0,4667926244301931869,0.5576188369059452,0.9569136658969415,0.6955440750862557,0.44636052191043923,0.3530497498390334,12612.25338312532,46.31940454984886,104.12768052392256,0.0,0.0,False,38,0,0,0.98,3,False,992,0.30000000000000004,0.9994277028397024,,6.238924200006295,2,10,42.37048680000589
a10-scale,scale_free-n250-load0.7-critical_link-centralised-deg4.0,scale_free,250,0.7,critical_link,CENTRALISED,orbit,0,4667926244301931869,0.6621805659136566,0.999780835707054,0.9963928136521464,0.6296459159950889,0.20093505621411983,14977.236294643031,59.91890927083709,154.02772977019248,0.0,0.0,False,682,5,0,0.98,3,False,992,0.30000000000000004,0.9999999999999999,,3.826127299980726,2,266,39.22897819997161
a10-scale,scale_free-n250-load0.7-critical_link-centralised-deg4.0,scale_free,250,0.7,critical_link,CENTRALISED,spf-reconverge,0,4667926244301931869,0.45598466887448674,0.8210999335046165,0.5367494615841476,0.3658045018099685,0.29612493838825643,10313.486206054331,52.181746808289546,153.0,0.0,0.0,False,31,0,0,0.98,3,False,992,0.30000000000000004,1.0556939480411787,,1.3951937000092585,2,62,15.007649499981198
a10-scale,scale_free-n250-load0.7-critical_link-centralised-deg4.0,scale_free,250,0.7,critical_link,CENTRALISED,spf-static,0,4667926244301931869,0.44582586843631006,0.7644375326716573,0.5224583675090726,0.37323217409084875,0.2922913380313248,10083.713901542853,49.885674684324655,105.07773876302814,0.0,0.0,False,0,0,0,0.98,3,False,992,0.0,0.9710132197880502,,1.0863036000228021,2,4030,14.247443400003249
a10-scale,scale_free-n250-load0.7-critical_link-centralised-deg4.0,scale_free,250,0.7,critical_link,CENTRALISED,cspf,1,15407154414781083556,0.7490270418648644,0.9960937250600125,0.9212249016596767,0.7243945743251724,0.4662191198073031,15278.698536090988,66.75716402051283,155.09769991555194,0.0,0.0,False,258,0,0,0.98,3,False,992,0.30000000000000004,1.0015067551881816,,3.0774722000351176,2,18,40.11489669998991
a10-scale,scale_free-n250-load0.7-critical_link-centralised-deg4.0,scale_free,250,0.7,critical_link,CENTRALISED,ecmp,1,15407154414781083556,0.5826957939482061,0.9905110870622156,0.7349961007563779,0.5075190501854545,0.2958822888344013,11885.86376243147,50.63356352718919,104.08647957778746,0.0,0.0,False,36,0,0,0.98,3,False,992,0.30000000000000004,0.9975996736793855,,4.2615641000447795,2,10,44.07758589999867
a10-scale,scale_free-n250-load0.7-critical_link-centralised-deg4.0,scale_free,250,0.7,critical_link,CENTRALISED,orbit,1,15407154414781083556,0.7251400535466291,0.9998234106902701,0.9999395853771172,0.7902286436352256,0.19645577184418717,14791.450315331438,56.760250978091605,114.63275707964989,0.0,0.0,False,654,2,0,0.98,3,False,992,0.30000000000000004,1.0,,2.106017999991309,2,14,42.04901940000127
a10-scale,scale_free-n250-load0.7-critical_link-centralised-deg4.0,scale_free,250,0.7,critical_link,CENTRALISED,spf-reconverge,1,15407154414781083556,0.47099657885564195,0.8719843124574107,0.5700715176360132,0.40579042957877604,0.22686185042270815,9607.416471839297,47.253210329762226,105.19289269393202,0.0,0.0,False,33,0,0,0.98,3,False,992,0.30000000000000004,0.9843626688913858,,1.3297595000185538,2,66,13.820927499997197
a10-scale,scale_free-n250-load0.7-critical_link-centralised-deg4.0,scale_free,250,0.7,critical_link,CENTRALISED,spf-static,1,15407154414781083556,0.4670818562927524,0.855593859815457,0.5564769496199561,0.42017043961935713,0.21394418957571373,9527.56372614682,47.50853901117513,105.1982224751859,0.0,0.0,False,0,0,0,0.98,3,False,992,0.0,0.9626401555419031,,1.1001165000197943,2,4290,14.23847760001081
a10-scale,scale_free-n250-load0.7-critical_link-centralised-deg4.0,scale_free,250,0.7,critical_link,CENTRALISED,cspf,2,12604092671733268897,0.7606522828719121,0.9997770525400869,0.9441696960797367,0.68848632404167,0.5341745615089802,15085.326832218456,61.65901256549364,154.05075464645205,0.0,0.0,False,282,0,0,0.98,3,False,992,0.30000000000000004,1.0005676065305373,,2.687434099963866,2,16,39.59906310000224
a10-scale,scale_free-n250-load0.7-critical_link-centralised-deg4.0,scale_free,250,0.7,critical_link,CENTRALISED,ecmp,2,12604092671733268897,0.6089408943901243,0.9210559175728942,0.8111629445159272,0.49730448804511157,0.376629980567403,12076.572463170154,46.097559402923615,104.3307011942631,0.0,0.0,False,42,0,0,0.98,3,False,992,0.30000000000000004,0.9889338655415321,,3.6232738999824505,2,20,43.759250100003555
a10-scale,scale_free-n250-load0.7-critical_link-centralised-deg4.0,scale_free,250,0.7,critical_link,CENTRALISED,orbit,2,12604092671733268897,0.7572741724207281,0.9998012212505024,0.9998780324817674,0.8449573555868896,0.23917703231892948,15018.331831507961,54.42219025159032,154.02069408177834,0.0,0.0,False,634,1,0,0.98,3,False,992,0.30000000000000004,1.0,,1.850849799986463,2,16,45.18847999998252
a10-scale,scale_free-n250-load0.7-critical_link-centralised-deg4.0,scale_free,250,0.7,critical_link,CENTRALISED,spf-reconverge,2,12604092671733268897,0.5006470772493418,0.8645469228200985,0.601350021000842,0.41617333143638846,0.3030681553148147,9928.879407797704,46.5936417980074,105.072962234061,0.0,0.0,False,36,0,0,0.98,3,False,992,0.30000000000000004,0.9856755091771338,,0.701636600017082,2,72,13.956127499986906
a10-scale,scale_free-n250-load0.7-critical_link-centralised-deg4.0,scale_free,250,0.7,critical_link,CENTRALISED,spf-static,2,12604092671733268897,0.49152996312693226,0.8597250362364701,0.6034727656508395,0.40435240179044485,0.2837416684577009,9748.067952419027,46.05899413884271,105.072962234061,0.0,0.0,False,0,0,0,0.98,3,False,992,0.0,0.9792212478634829,,0.40469030002714135,2,4680,13.209381499997107
a10-scale,scale_free-n250-load0.7-critical_link-centralised-deg4.0,scale_free,250,0.7,critical_link,CENTRALISED,cspf,3,10133122956444208980,0.7386844343679055,0.985889128265362,0.9078992698194005,0.7013405624791695,0.47245725544493433,15268.49495016049,62.60068257691919,154.02587710716438,0.0,0.0,False,183,0,0,0.98,3,False,992,0.30000000000000004,1.0005041615276273,,2.601001400005771,2,8,43.47390050001559
a10-scale,scale_free-n250-load0.7-critical_link-centralised-deg4.0,scale_free,250,0.7,critical_link,CENTRALISED,ecmp,3,10133122956444208980,0.5928675865133335,0.9986318943460679,0.7407624245926375,0.5286658084600105,0.2889607879451957,12254.482874732106,49.0932125484767,104.21378105714899,0.0,0.0,False,27,0,0,0.98,3,False,992,0.30000000000000004,1.005457381688034,,3.6983770999941044,2,10,49.3008052999794
a10-scale,scale_free-n250-load0.7-critical_link-centralised-deg4.0,scale_free,250,0.7,critical_link,CENTRALISED,orbit,3,10133122956444208980,0.7337935473826853,0.9998202421772184,0.9999432458327299,0.8162997363328108,0.1850663852936965,15167.401059777458,57.11825880985178,154.04355393496394,0.0,0.0,False,644,2,0,0.98,3,False,992,0.30000000000000004,1.0,,1.9099887999764178,2,8,63.45244939997792
a10-scale,scale_free-n250-load0.7-critical_link-centralised-deg4.0,scale_free,250,0.7,critical_link,CENTRALISED,spf-reconverge,3,10133122956444208980,0.47998609962921646,0.9212969637706839,0.5514163923944991,0.4147001897996632,0.23156396501113435,9921.23970313126,50.83804420381062,153.0,0.0,0.0,False,23,0,0,0.98,3,False,992,0.30000000000000004,0.9953329081017726,,0.658537699986482,2,46,13.877736299997196
a10-scale,scale_free-n250-load0.7-critical_link-centralised-deg4.0,scale_free,250,0.7,critical_link,CENTRALISED,spf-static,3,10133122956444208980,0.47481584531471144,0.913917387345972,0.5397308153387953,0.41222241865555875,0.230299191594206,9814.371332526407,50.500520416946095,153.0,0.0,0.0,False,0,0,0,0.98,3,False,992,0.0,0.9859853423031685,,0.28652039999724366,2,2990,13.131630899995798
a10-scale,scale_free-n250-load0.7-critical_link-centralised-deg4.0,scale_free,250,0.7,critical_link,CENTRALISED,cspf,4,9418177955604798431,0.6843670417128656,0.9604723300894247,0.8690662308055243,0.6147624389163113,0.4322969865858034,15223.728376369287,67.76582880122213,154.3510355775849,0.0,0.0,False,240,0,0,0.98,3,False,992,0.30000000000000004,1.0,,2.6472353999852203,2,20,41.36253169999691
a10-scale,scale_free-n250-load0.7-critical_link-centralised-deg4.0,scale_free,250,0.7,critical_link,CENTRALISED,ecmp,4,9418177955604798431,0.5503796159935909,0.9315411037087851,0.7242771311149211,0.4312212601950731,0.31388914591769446,12243.181315111167,50.338938930191944,104.19180688829547,0.0,0.0,False,49,0,0,0.98,3,False,992,0.30000000000000004,1.0284160110242238,,3.6838886000041384,2,16,52.43195369999739
a10-scale,scale_free-n250-load0.7-critical_link-centralised-deg4.0,scale_free,250,0.7,critical_link,CENTRALISED,orbit,4,9418177955604798431,0.6815862809864559,0.9838164867600577,0.9968516747816929,0.6355635794844423,0.2528693511977144,15161.870420918098,62.093163770710746,154.04606540594216,0.0,0.0,False,686,2,0,0.98,3,False,992,0.30000000000000004,1.0000000000000002,,1.950224200001685,2,22,57.18017320000217
a10-scale,scale_free-n250-load0.7-critical_link-centralised-deg4.0,scale_free,250,0.7,critical_link,CENTRALISED,spf-reconverge,4,9418177955604798431,0.46766909139176943,0.8637252078085884,0.5673190187194163,0.3738709183316061,0.2617388187147985,10403.287685438925,51.418673886631055,105.28000046694716,0.0,0.0,False,46,0,0,0.98,3,False,992,0.30000000000000004,1.0951873964642134,,0.5763345000159461,2,92,12.841032299998915
a10-scale,scale_free-n250-load0.7-critical_link-centralised-deg4.0,scale_free,250,0.7,critical_link,CENTRALISED,spf-static,4,9418177955604798431,0.4551686241351462,0.7779112269405714,0.5785927709974811,0.3722172980169223,0.2543110063480539,10125.215092088682,48.384612020926625,105.10278321214365,0.0,0.0,False,0,0,0,0.98,3,False,992,0.0,0.9693481042073698,,0.30831090002902783,2,5980,11.533966299990425
a10-scale,scale_free-n250-load0.7-critical_link-centralised-deg4.0,scale_free,250,0.7,critical_link,CENTRALISED,cspf,5,4156561374305189481,0.751605176087957,0.9871983083791771,0.9059571367739374,0.6980319951290901,0.5399922521222974,15742.30177746524,64.40249068346145,155.05230791027725,0.0,0.0,False,251,0,0,0.98,3,False,992,0.30000000000000004,1.01673540351632,,2.726061399996979,2,18,77.47440100001404
a10-scale,scale_free-n250-load0.7-critical_link-centralised-deg4.0,scale_free,250,0.7,critical_link,CENTRALISED,ecmp,5,4156561374305189481,0.6152583002474026,0.9351449935974312,0.8111809962970875,0.5189756110768132,0.37261329885795863,12886.528914020504,50.545682184463445,127.57665253528437,0.0,0.0,False,48,0,0,0.98,3,False,992,0.30000000000000004,1.0004625362718018,,3.708299799996894,2,12,103.61882430000696
a10-scale,scale_free-n250-load0.7-critical_link-centralised-deg4.0,scale_free,250,0.7,critical_link,CENTRALISED,orbit,5,4156561374305189481,0.7478046592316586,0.9997772635946447,0.9999528908025814,0.8342569592328402,0.24512828001197387,15662.700298968784,53.38434908875008,110.36287572154244,0.0,0.0,False,647,0,0,0.98,3,False,992,0.30000000000000004,1.0,,1.9770768000162207,2,8,110.18890249999822
a10-scale,scale_free-n250-load0.7-critical_link-centralised-deg4.0,scale_free,250,0.7,critical_link,CENTRALISED,spf-reconverge,5,4156561374305189481,0.5102010706471841,0.8157352557501535,0.6292237801950282,0.4301095852898482,0.32747833650216096,10686.114833746058,45.5745700830218,105.09570951477495,0.0,0.0,False,46,0,0,0.98,3,False,992,0.30000000000000004,1.0394707500550993,,0.6391432000091299,2,92,13.322740300005535
a10-scale,scale_free-n250-load0.7-critical_link-centralised-deg4.0,scale_free,250,0.7,critical_link,CENTRALISED,spf-static,5,4156561374305189481,0.49792054244519374,0.7638040677404739,0.6306982205398338,0.4185987689663477,0.3239837169264663,10428.900291998702,44.5361066063691,105.26566835194328,0.0,0.0,False,0,0,0,0.98,3,False,992,0.0,0.9623916890105757,,0.3316547999565955,2,5980,12.047749599994859
a10-scale,scale_free-n250-load0.7-critical_link-centralised-deg4.0,scale_free,250,0.7,critical_link,CENTRALISED,cspf,6,4297730378714066185,0.7658144666066936,1.0,0.9391230480518991,0.694195995427824,0.5549434426885571,15349.44692774511,55.445528853812,114.36731322773504,0.0,0.0,False,236,0,0,0.98,3,False,992,0.30000000000000004,1.0,,5.871926299994811,2,4,109.13921899997513
a10-scale,scale_free-n250-load0.7-critical_link-centralised-deg4.0,scale_free,250,0.7,critical_link,CENTRALISED,ecmp,6,4297730378714066185,0.6236026605975549,0.9951545940348729,0.8216150295589513,0.4719027790202349,0.41840450662908507,12499.053439478537,46.306896669317744,104.05220339447914,0.0,0.0,False,20,0,0,0.98,3,False,992,0.30000000000000004,1.0,,7.898797999980161,2,2,120.19158099999186
a10-scale,scale_free-n250-load0.7-critical_link-centralised-deg4.0,scale_free,250,0.7,critical_link,CENTRALISED,orbit,6,4297730378714066185,0.7641279486085035,0.9997985133113272,1.0,0.8330510819434738,0.29813858065367943,15315.643546332625,49.605339896400295,107.42263774134283,0.0,0.0,False,651,0,0,0.98,3,False,992,0.30000000000000004,1.0,,3.0022374999825843,2,6,123.07288910000352
a10-scale,scale_free-n250-load0.7-critical_link-centralised-deg4.0,scale_free,250,0.7,critical_link,CENTRALISED,spf-reconverge,6,4297730378714066185,0.5113841626215602,0.9294838358703525,0.6127167724984179,0.3952881668800814,0.3286346859209406,10249.824737093057,46.4112327659372,105.06547542958265,0.0,0.0,False,19,0,0,0.98,3,False,992,0.30000000000000004,1.0,,0.6554879999894183,2,38,27.94695290000527
a10-scale,scale_free-n250-load0.7-critical_link-centralised-deg4.0,scale_free,250,0.7,critical_link,CENTRALISED,spf-static,6,4297730378714066185,0.5086383132023568,0.9165886877952907,0.6095164351115898,0.3938210770315532,0.3303982257956584,10194.788861212577,46.66341714381778,105.06547542958265,0.0,0.0,False,0,0,0,0.98,3,False,992,0.0,0.9837455736002545,,0.3073099000030197,2,2470,24.933204399974784
a10-scale,scale_free-n250-load0.7-critical_link-centralised-deg4.0,scale_free,250,0.7,critical_link,CENTRALISED,cspf,7,3026104365295613724,0.7408709864323871,0.9834611607908869,0.9399400909583001,0.686608640258163,0.4680611064294953,15008.913448100271,65.1609611689748,155.08833131164636,0.0,0.0,False,259,0,0,0.98,3,False,992,0.30000000000000004,0.9926643428972777,,8.746496599982493,2,14,119.4075531999988
a10-scale,scale_free-n250-load0.7-critical_link-centralised-deg4.0,scale_free,250,0.7,critical_link,CENTRALISED,ecmp,7,3026104365295613724,0.5990769933733702,0.9641555298758944,0.7654752242552934,0.5129031784400981,0.3283404647731385,12136.383941267522,48.569722290417225,104.19436573580522,0.0,0.0,False,36,0,0,0.98,3,False,992,0.30000000000000004,0.9988033684687008,,9.945766400021967,2,16,138.0009534000128
a10-scale,scale_free-n250-load0.7-critical_link-centralised-deg4.0,scale_free,250,0.7,critical_link,CENTRALISED,orbit,7,3026104365295613724,0.7357747152485369,0.9998036494579917,0.9993237060776139,0.8359792625442566,0.16343732863136837,14905.670785737711,55.44982204541692,112.4501730004196,0.0,0.0,False,639,3,0,0.98,3,False,992,0.30000000000000004,1.0,,5.978457400022307,2,6,139.26855369997793
a10-scale,scale_free-n250-load0.7-critical_link-centralised-deg4.0,scale_free,250,0.7,critical_link,CENTRALISED,spf-reconverge,7,3026104365295613724,0.4998317960036329,0.869364489211078,0.599086687130199,0.42281336135709635,0.2804067536146402,10125.82798113349,55.58932252150157,154.01940369576255,0.0,0.0,False,29,0,0,0.98,3,False,992,0.30000000000000004,0.9834499163296355,,1.3583373999863397,2,58,41.437267600005725
a10-scale,scale_free-n250-load0.7-critical_link-centralised-deg4.0,scale_free,250,0.7,critical_link,CENTRALISED,spf-static,7,3026104365295613724,0.49913543909237784,0.8544143253292855,0.59253181520208,0.4254545320739732,0.2896805213420383,10111.72085478975,56.949365519679525,154.01981105045883,0.0,0.0,False,0,0,0,0.98,3,False,992,0.0,0.9635919715102201,,0.3348466999887023,2,3770,36.48955240001669
a10-scale,scale_free-n250-load0.7-critical_link-centralised-deg4.0,scale_free,250,0.7,critical_link,CENTRALISED,cspf,8,7902370355312246713,0.7532201049382016,0.9956912378899644,0.9131850147396586,0.7272782260190002,0.4844704234222302,14974.470180296026,62.26607646305625,154.04333782931474,0.0,0.0,True,281,0,0,0.98,3,False,992,0.30000000000000004,1.0086510135112357,,8.743260400020517,2,12,121.15906440000981
a10-scale,scale_free-n250-load0.7-critical_link-centralised-deg4.0,scale_free,250,0.7,critical_link,CENTRALISED,ecmp,8,7902370355312246713,0.6223140673955202,1.0,0.8401998837158391,0.49150314439536513,0.3613741496864279,12371.979165050989,51.33675148320398,105.19520982299767,0.0,0.0,False,35,0,0,0.98,3,False,992,0.30000000000000004,1.0,,11.664197600010084,2,6,150.78617269999813
a10-scale,scale_free-n250-load0.7-critical_link-centralised-deg4.0,scale_free,250,0.7,critical_link,CENTRALISED,orbit,8,7902370355312246713,0.7656126609994518,0.9998135176239322,1.0,0.8643040449383536,0.25339531646790425,15220.841672480323,47.57481300918985,108.38598324949851,0.0,0.0,False,637,7,0,0.98,3,False,992,0.30000000000000004,1.0,,5.999935700005153,2,518,144.32037890001084
a10-scale,scale_free-n250-load0.7-critical_link-centralised-deg4.0,scale_free,250,0.7,critical_link,CENTRALISED,spf-reconverge,8,7902370355312246713,0.5280768228474068,0.9109360387367761,0.744849771092394,0.37176853848887625,0.30083263020267903,10498.48588054185,50.14075800226856,153.0,0.0,0.0,False,28,0,0,0.98,3,False,992,0.30000000000000004,1.0027822168759815,,2.096197000006214,2,56,48.42325629998231
a10-scale,scale_free-n250-load0.7-critical_link-centralised-deg4.0,scale_free,250,0.7,critical_link,CENTRALISED,spf-static,8,7902370355312246713,0.5266671396410407,0.8874460293339704,0.7301361785796805,0.3795849500808628,0.31302894090679784,10470.460527794361,49.42495988715459,105.14705579577351,0.0,0.0,False,0,0,0,0.98,3,False,992,0.0,0.9725027948760262,,1.052281000011135,2,3640,46.69737680000253
a10-scale,scale_free-n250-load0.7-critical_link-centralised-deg4.0,scale_free,250,0.7,critical_link,CENTRALISED,cspf,9,14895018210316597665,0.7293718407607618,0.9843166368668502,0.8971277509316105,0.6798825449932527,0.4685038056080947,15526.744342329073,62.28644448300783,154.04585984893353,0.0,0.0,False,249,0,0,0.98,3,False,992,0.30000000000000004,1.0023176384991745,,8.974384900007863,2,8,117.4011919000186
a10-scale,scale_free-n250-load0.7-critical_link-centralised-deg4.0,scale_free,250,0.7,critical_link,CENTRALISED,ecmp,9,14895018210316597665,0.6012642090744691,0.9899858956198755,0.7729425671562234,0.5044439434295406,0.3195360371953437,12799.610753761104,49.399351330876605,104.06815536840989,0.0,0.0,False,30,0,0,0.98,3,False,992,0.30000000000000004,0.9994281989337775,,12.235661000013351,2,10,132.33085550001124
a10-scale,scale_free-n250-load0.7-critical_link-centralised-deg4.0,scale_free,250,0.7,critical_link,CENTRALISED,orbit,9,14895018210316597665,0.7216815611001288,0.9998394003598298,1.0,0.755659859108845,0.21559867960461934,15363.03497004632,53.253912533146156,153.0,0.0,0.0,False,650,0,0,0.98,3,False,992,0.30000000000000004,0.9999999999999999,,6.765717000031145,2,10,132.7804132999736
a10-scale,scale_free-n250-load0.7-critical_link-centralised-deg4.0,scale_free,250,0.7,critical_link,CENTRALISED,spf-reconverge,9,14895018210316597665,0.507613475884687,0.9378582721540428,0.6249814685801214,0.4254953479793892,0.23461918905135332,10805.989790559745,56.44244886063425,153.0,0.0,0.0,False,21,0,0,0.98,3,False,992,0.30000000000000004,1.0035928630771616,,2.1156298000132665,2,42,46.329559500009054
a10-scale,scale_free-n250-load0.7-critical_link-centralised-deg4.0,scale_free,250,0.7,critical_link,CENTRALISED,spf-static,9,14895018210316597665,0.5064422183244996,0.9268917659900326,0.6283196630473163,0.421978395447588,0.2382801452856816,10781.056257785734,55.69863888666532,153.0,0.0,0.0,False,0,0,0,0.98,3,False,992,0.0,0.9898498096790425,,1.0509212000179105,2,2730,45.75643380000838
a10-scale,scale_free-n250-load0.7-critical_link-centralised-deg4.0,scale_free,250,0.7,critical_link,CENTRALISED,cspf,10,3376925179659083133,0.6835966097802,0.9840353148038911,0.8401960967916512,0.5810814946424359,0.5041079782484317,14574.588994938149,68.27781970816193,154.09104812633353,0.0,0.0,False,280,0,0,0.98,3,False,992,0.30000000000000004,0.9968714533723136,,9.104099099960877,2,8,110.4243064999755
a10-scale,scale_free-n250-load0.7-critical_link-centralised-deg4.0,scale_free,250,0.7,critical_link,CENTRALISED,ecmp,10,3376925179659083133,0.5751391787833134,0.9405082613442993,0.76981243541623,0.4571258886594542,0.34380006164490506,12262.227497512435,54.18177152945088,115.11130940935764,0.0,0.0,False,35,0,0,0.98,3,False,992,0.30000000000000004,1.0,,12.553589699993609,2,6,148.2879183999903
a10-scale,scale_free-n250-load0.7-critical_link-centralised-deg4.0,scale_free,250,0.7,critical_link,CENTRALISED,orbit,10,3376925179659083133,0.6912616727557288,0.9998594581793596,1.0,0.7041070874687844,0.20744455593923636,14738.011605422673,57.51637235605933,154.03024984528122,0.0,0.0,False,673,2,0,0.98,3,False,992,0.30000000000000004,1.0,,6.718121699988842,2,10,133.3872318000067
a10-scale,scale_free-n250-load0.7-critical_link-centralised-deg4.0,scale_free,250,0.7,critical_link,CENTRALISED,spf-reconverge,10,3376925179659083133,0.4548475527567558,0.8744983802021726,0.5713451559382192,0.32759745591756984,0.27730956928334405,9697.555607999118,52.060975362710835,153.0,0.0,0.0,False,25,0,0,0.98,3,False,992,0.30000000000000004,1.0031429662638733,,2.293138999986695,2,50,42.25381819999893
a10-scale,scale_free-n250-load0.7-critical_link-centralised-deg4.0,scale_free,250,0.7,critical_link,CENTRALISED,spf-static,10,3376925179659083133,0.45339368615537795,0.8454105037541102,0.5531855086177553,0.3382329381722257,0.2908570018534546,9666.558514295912,50.8717667980321,153.0,0.0,0.0,False,0,0,0,0.98,3,False,992,0.0,0.9640777700140432,,1.167629700008547,2,3250,40.11897599999793
a10-scale,scale_free-n250-load0.7-critical_link-centralised-deg4.0,scale_free,250,0.7,critical_link,CENTRALISED,cspf,11,728566300710748678,0.7564450109301246,0.9838429820883811,0.9388115229724083,0.6845186545527158,0.5358866606083462,15157.781554347712,64.10021859708199,155.02945576060944,0.0,0.0,False,290,0,0,0.98,3,False,992,0.30000000000000004,1.0,,9.252291300013894,2,8,132.23728519998258
a10-scale,scale_free-n250-load0.7-critical_link-centralised-deg4.0,scale_free,250,0.7,critical_link,CENTRALISED,ecmp,11,728566300710748678,0.6147711179155739,0.9997878854394112,0.7441438874741614,0.504882876104709,0.4083865265958304,12318.89453514711,48.20066366980051,104.1355471618911,0.0,0.0,False,31,0,0,0.98,3,False,992,0.30000000000000004,1.0,,12.715199400001438,2,10,151.61976969998796
a10-scale,scale_free-n250-load0.7-critical_link-centralised-deg4.0,scale_free,250,0.7,critical_link,CENTRALISED,orbit,11,728566300710748678,0.7653183143677594,0.9998394470135142,0.9965510515104251,0.8370517165960499,0.2938439501079156,15335.586408936852,50.335120569064614,153.0,0.0,0.0,False,656,0,0,0.98,3,False,992,0.30000000000000004,1.0,,6.394261000008555,2,8,147.59982860001037
a10-scale,scale_free-n250-load0.7-critical_link-centralised-deg4.0,scale_free,250,0.7,critical_link,CENTRALISED,spf-reconverge,11,728566300710748678,0.5266297983631061,0.9713780111946009,0.6528500152425948,0.4152185447279223,0.2906913312310074,10552.702877612763,46.64492287869057,105.06917274253176,0.0,0.0,False,21,0,0,0.98,3,False,992,0.30000000000000004,1.0,,2.11019079995458,2,42,52.6089670000074
a10-scale,scale_free-n250-load0.7-critical_link-centralised-deg4.0,scale_free,250,0.7,critical_link,CENTRALISED,spf-static,11,728566300710748678,0.5261287777531382,0.9713780111946009,0.6412226821390753,0.4253290907099657,0.2867308430987632,10542.663336270845,46.28765680973867,105.0324348226976,0.0,0.0,False,0,0,0,0.98,3,False,992,0.0,1.0,,1.062205800000811,2,2730,51.16440179999336
a10-scale,scale_free-n250-load0.7-critical_link-centralised-deg4.0,scale_free,250,0.7,critical_link,CENTRALISED,cspf,12,9186265875437833045,0.7688916687485137,0.9935216755408385,0.9446431980791805,0.7087644822399453,0.547924925456625,14997.827759000085,59.94788373329702,154.01384459617194,0.0,0.0,True,258,0,0,0.98,3,False,992,0.30000000000000004,1.0,,10.265792400023201,2,8,133.85770950000733
a10-scale,scale_free-n250-load0.7-critical_link-centralised-deg4.0,scale_free,250,0.7,critical_link,CENTRALISED,ecmp,12,9186265875437833045,0.598279568789611,0.9933825717646846,0.7683033028382186,0.45683489742275346,0.39020614821709126,11669.90655398849,48.49564503196383,104.16877276138908,0.0,0.0,False,39,0,0,0.98,3,False,992,0.30000000000000004,1.0014657031459346,,13.439710000006016,2,10,142.21905280000647
a10-scale,scale_free-n250-load0.7-critical_link-centralised-deg4.0,scale_free,250,0.7,critical_link,CENTRALISED,orbit,12,9186265875437833045,0.7665746884380709,0.9998337125109155,1.0,0.8649627863862026,0.2752021693076674,14952.63326277986,46.32299779749155,108.04780113918689,0.0,0.0,False,647,0,0,0.98,3,False,992,0.30000000000000004,1.0,,7.538110699999379,2,8,152.9201109999849
a10-scale,scale_free-n250-load0.7-critical_link-centralised-deg4.0,scale_free,250,0.7,critical_link,CENTRALISED,spf-reconverge,12,9186265875437833045,0.5023518148952706,0.890355224059369,0.6169887287761429,0.3787014203890738,0.3279500219626339,9798.76138661169,44.773135628826594,105.0681940678576,0.0,0.0,False,26,0,0,0.98,3,False,992,0.30000000000000004,1.0021178086911253,,2.206838299985975,2,52,46.949923200008925
a10-scale,scale_free-n250-load0.7-critical_link-centralised-deg4.0,scale_free,250,0.7,critical_link,CENTRALISED,spf-static,12,9186265875437833045,0.4924150975098785,0.8599732944969621,0.615803470633449,0.36440353380989976,0.32744270041297946,9604.93801474639,45.14255087540037,105.0840169703898,0.0,0.0,False,0,0,0,0.98,3,False,992,0.0,0.9620774255477883,,1.0459833000204526,2,3380,43.76148089999333
a10-scale,scale_free-n250-load0.7-critical_link-centralised-deg4.0,scale_free,250,0.7,critical_link,CENTRALISED,cspf,13,12242184083177437941,0.7520867717934433,0.9981271439632556,0.9421398804117197,0.7078112738327593,0.49302412247902916,15521.891948504803,64.35131367724105,154.05219154975865,0.0,0.0,False,277,0,0,0.98,3,False,992,0.30000000000000004,1.0,,9.898704199993517,2,12,125.61399730000994
a10-scale,scale_free-n250-load0.7-critical_link-centralised-deg4.0,scale_free,250,0.7,critical_link,CENTRALISED,ecmp,13,12242184083177437941,0.6106969112641657,0.9968736530472804,0.8043299337700887,0.49143342912925553,0.3678823733091281,12603.826879342336,49.51839692214521,105.14238680906416,0.0,0.0,False,43,0,0,0.98,3,False,992,0.30000000000000004,0.9998017268005565,,13.351665199996205,2,8,152.39360619999934
a10-scale,scale_free-n250-load0.7-critical_link-centralised-deg4.0,scale_free,250,0.7,critical_link,CENTRALISED,orbit,13,12242184083177437941,0.7518387495828607,0.9997901561859537,1.0,0.864897786424105,0.2289178324695293,15516.773158894512,49.36340765983386,121.44768968642563,0.0,0.0,False,633,1,0,0.98,3,False,992,0.30000000000000004,1.0,,6.6694350999896415,2,10,148.8043305000174
a10-scale,scale_free-n250-load0.7-critical_link-centralised-deg4.0,scale_free,250,0.7,critical_link,CENTRALISED,spf-reconverge,13,12242184083177437941,0.491118422070615,0.9149826956063934,0.6249984435089768,0.3559032488657244,0.30385889011378053,10135.914321590944,51.07436487230881,153.0,0.0,0.0,False,43,0,0,0.98,3,False,992,0.30000000000000004,1.005976961951523,,2.465243900020141,2,86,45.532307100016624
a10-scale,scale_free-n250-load0.7-critical_link-centralised-deg4.0,scale_free,250,0.7,critical_link,CENTRALISED,spf-static,13,12242184083177437941,0.48819579753915887,0.8825186728213954,0.6229578083320987,0.3663889084805743,0.2991597436071946,10075.59593296255,50.507883753472086,153.0,0.0,0.0,False,0,0,0,0.98,3,False,992,0.0,0.9642060556571589,,1.189829999988433,2,5590,44.41532020000159
a10-scale,scale_free-n250-load0.7-critical_link-centralised-deg4.0,scale_free,250,0.7,critical_link,CENTRALISED,cspf,14,1513078415604017302,0.761828268912695,0.9953576085303198,0.9146275568813469,0.743922355902201,0.48189747444932474,15043.455450694342,65.63743220570564,155.05481714092318,0.0,0.0,False,158,0,0,0.98,3,False,992,0.30000000000000004,1.0058847082019216,,9.815610100020422,2,14,129.25386159998016
a10-scale,scale_free-n250-load0.7-critical_link-centralised-deg4.0,scale_free,250,0.7,critical_link,CENTRALISED,ecmp,14,1513078415604017302,0.5967484104539853,0.9832603110648843,0.8101610415428767,0.4495561810518785,0.3523375702236996,11783.703091970674,50.590365442092924,104.15697563101314,0.0,0.0,False,41,0,0,0.98,3,False,992,0.30000000000000004,0.999641717099753,,13.068324499996379,2,8,146.18538169999374
a10-scale,scale_free-n250-load0.7-critical_link-centralised-deg4.0,scale_free,250,0.7,critical_link,CENTRALISED,orbit,14,1513078415604017302,0.7426164769036275,0.9998345302221496,0.9999443032024563,0.8009899850849183,0.22239936079273417,14664.089458370512,56.304841848560265,109.69825055571992,0.0,0.0,False,654,3,0,0.98,3,False,992,0.30000000000000004,1.0,,6.8777732999878936,2,12,144.030004500004
a10-scale,scale_free-n250-load0.7-critical_link-centralised-deg4.0,scale_free,250,0.7,critical_link,CENTRALISED,spf-reconverge,14,1513078415604017302,0.49366798431257547,0.9040393162028706,0.6418070999595269,0.36913878060219046,0.26937059229876364,9748.22362530547,51.3511324035234,153.0,0.0,0.0,True,20,0,0,0.98,3,False,992,0.30000000000000004,0.9967211753367684,,2.3914485999848694,2,40,46.55069360000198
a10-scale,scale_free-n250-load0.7-critical_link-centralised-deg4.0,scale_free,250,0.7,critical_link,CENTRALISED,spf-static,14,1513078415604017302,0.4907978508164599,0.8828990042812593,0.6422877581424864,0.3588291585507395,0.2855197383909256,9691.548483218681,51.27074656619173,153.0,0.0,0.0,False,0,0,0,0.98,3,False,992,0.0,0.9694055693200431,,1.182368799985852,2,2600,44.951747200015234
a10-scale,scale_free-n250-load0.7-critical_link-centralised-deg4.0,scale_free,250,0.7,critical_link,CENTRALISED,cspf,15,1816998957047047852,0.7473863219920661,0.9920625009221409,0.9146268774897328,0.7087723161200467,0.4988568671456197,15046.14606034333,61.376502588753446,153.0,0.0,0.0,False,264,0,0,0.98,3,False,992,0.30000000000000004,1.0,,9.806052700005239,2,10,126.9359196999867
a10-scale,scale_free-n250-load0.7-critical_link-centralised-deg4.0,scale_free,250,0.7,critical_link,CENTRALISED,ecmp,15,1816998957047047852,0.6401164771075999,0.9929407116311901,0.809122197043317,0.5672257590381778,0.37447477392961276,12886.623325567905,50.28952177067293,104.19127698916627,0.0,0.0,False,27,0,0,0.98,3,False,992,0.30000000000000004,1.0,,13.11315520000062,2,4,171.59593019998283
a10-scale,scale_free-n250-load0.7-critical_link-centralised-deg4.0,scale_free,250,0.7,critical_link,CENTRALISED,orbit,15,1816998957047047852,0.7452103476594063,0.9998947935379824,0.9999263049692488,0.7982451357623185,0.28187733127230985,15002.34003035673,55.82210845112213,154.02789833461915,0.0,0.0,False,663,0,0,0.98,3,False,992,0.30000000000000004,1.0,,7.069108700030483,2,8,141.862502199976
a10-scale,scale_free-n250-load0.7-critical_link-centralised-deg4.0,scale_free,250,0.7,critical_link,CENTRALISED,spf-reconverge,15,1816998957047047852,0.537138045023848,0.9712070890388319,0.644318368962141,0.4468474695792735,0.30785133911485524,10813.493961803975,49.26501135629582,153.0,0.0,0.0,False,17,0,0,0.98,3,False,992,0.30000000000000004,0.9999113408983029,,2.3430775000015274,2,34,56.37292779999552
a10-scale,scale_free-n250-load0.7-critical_link-centralised-deg4.0,scale_free,250,0.7,critical_link,CENTRALISED,spf-static,15,1816998957047047852,0.5302801869627559,0.9645473664062143,0.6220892406373053,0.43937652107002556,0.3164684652185531,10675.433723059883,49.02465956510392,153.0,0.0,0.0,False,0,0,0,0.98,3,False,992,0.0,0.9918770845100957,,1.1519800999958534,2,2210,53.284736600006
a10-scale,scale_free-n250-load0.7-critical_link-centralised-deg4.0,scale_free,250,0.7,critical_link,CENTRALISED,cspf,16,7321710399295005378,0.708496229414974,0.9973394154182778,0.8812752682879593,0.6432472674681722,0.4547279744689175,15190.888145590372,62.56198704065923,153.0,0.0,0.0,True,137,0,0,0.98,3,False,992,0.30000000000000004,1.0175057238196092,,9.889515399991069,2,16,116.2743979000079
a10-scale,scale_free-n250-load0.7-critical_link-centralised-deg4.0,scale_free,250,0.7,critical_link,CENTRALISED,ecmp,16,7321710399295005378,0.5997244682591495,0.9790563420131461,0.7811927074316618,0.5096171365849038,0.3158234131606043,12858.70966881656,53.922175267550124,120.85790712764175,0.0,0.0,False,46,0,0,0.98,3,False,992,0.30000000000000004,0.9969827055344659,,13.242369199957466,2,12,153.88559879999957
a10-scale,scale_free-n250-load0.7-critical_link-centralised-deg4.0,scale_free,250,0.7,critical_link,CENTRALISED,orbit,16,7321710399295005378,0.711142194463084,0.9998091593240125,0.9993178928716403,0.7299605158539865,0.2318785158432873,15247.620358711916,57.59195014594085,116.11960851142983,0.0,0.0,False,652,0,0,0.98,3,False,992,0.30000000000000004,0.9999999999999999,,7.074598100007279,2,12,135.82590749999508
a10-scale,scale_free-n250-load0.7-critical_link-centralised-deg4.0,scale_free,250,0.7,critical_link,CENTRALISED,spf-reconverge,16,7321710399295005378,0.5027389694280896,0.9063095842584489,0.6063290509468509,0.39922325766063993,0.2964658509861839,10779.240783423253,55.75891743345594,154.0127500575005,0.0,0.0,False,30,0,0,0.98,3,False,992,0.30000000000000004,1.0027346988053696,,2.3102838000049815,2,60,47.893127199989976
a10-scale,scale_free-n250-load0.7-critical_link-centralised-deg4.0,scale_free,250,0.7,critical_link,CENTRALISED,spf-static,16,7321710399295005378,0.49487021316513446,0.8788340712242356,0.5954837273161747,0.4034635509559253,0.2869185714139709,10610.526552813773,53.886911656138516,153.0,0.0,0.0,False,0,0,0,0.98,3,False,992,0.0,0.9671410141234572,,1.1428485999931581,2,3900,45.711469300003955
a10-scale,scale_free-n250-load0.7-critical_link-centralised-deg4.0,scale_free,250,0.7,critical_link,CENTRALISED,cspf,17,11387980520052842696,0.7928322528591544,0.9988042544441869,0.9522260316601847,0.7762228832113832,0.5358810691390831,15416.864629176223,61.51200048112214,109.63554081201711,0.0,0.0,False,275,0,0,0.98,3,False,992,0.30000000000000004,1.0082198252866077,,9.300874000007752,2,8,138.73740499999258
a10-scale,scale_free-n250-load0.7-critical_link-centralised-deg4.0,scale_free,250,0.7,critical_link,CENTRALISED,ecmp,17,11387980520052842696,0.6362499114767544,0.9795869226379886,0.8005390800398985,0.5458298977682068,0.40051497285088616,12372.073310828124,45.750594809237754,104.04360265839199,0.0,0.0,False,54,0,0,0.98,3,False,992,0.30000000000000004,1.0006189283854616,,13.143447999987984,2,10,151.3243010000151
a10-scale,scale_free-n250-load0.7-critical_link-centralised-deg4.0,scale_free,250,0.7,critical_link,CENTRALISED,orbit,17,11387980520052842696,0.787643531007125,0.9997757536912389,1.0,0.8854810925902041,0.306420408761594,15315.968352438354,46.708889179788216,107.18612463750272,0.0,0.0,False,630,2,0,0.98,3,False,992,0.30000000000000004,1.0,,6.647107400000095,2,6,144.39693149999948
a10-scale,scale_free-n250-load0.7-critical_link-centralised-deg4.0,scale_free,250,0.7,critical_link,CENTRALISED,spf-reconverge,17,11387980520052842696,0.5308183637434093,0.9379050638141342,0.6162056288068443,0.4356227022466543,0.3420069988225507,10321.924753945099,50.56149685130317,153.0,0.0,0.0,False,46,0,0,0.98,3,False,992,0.30000000000000004,1.0423784133097371,,2.2916242000064813,2,92,51.20784019998973
a10-scale,scale_free-n250-load0.7-critical_link-centralised-deg4.0,scale_free,250,0.7,critical_link,CENTRALISED,spf-static,17,11387980520052842696,0.5252620590873918,0.8754499831475987,0.6241366145028627,0.43783532879038617,0.3458000374289773,10213.880717629258,48.96560374842079,153.0,0.0,0.0,False,0,0,0,0.98,3,False,992,0.0,0.9615612954758783,,1.138348299980862,2,5980,48.75772140000481
a10-scale,scale_free-n250-load0.7-critical_link-centralised-deg4.0,scale_free,250,0.7,critical_link,CENTRALISED,cspf,18,8000240866545484190,0.7684140556948323,0.9945043725598466,0.9064149754735962,0.7308770560422084,0.5428764883356472,14978.427713003039,62.76059554274214,154.04704586219052,0.0,0.0,False,218,0,0,0.98,3,False,992,0.30000000000000004,1.0,,10.151627899991581,2,6,126.71817040001042
a10-scale,scale_free-n250-load0.7-critical_link-centralised-deg4.0,scale_free,250,0.7,critical_link,CENTRALISED,ecmp,18,8000240866545484190,0.6300934120614939,0.9827708575620833,0.8255141712761414,0.5228672390579184,0.36655680340049157,12282.191554224577,50.049501886252614,113.52712271154986,0.0,0.0,False,31,0,0,0.98,3,False,992,0.30000000000000004,1.0,,13.53126949997386,2,6,154.85243859997718
a10-scale,scale_free-n250-load0.7-critical_link-centralised-deg4.0,scale_free,250,0.7,critical_link,CENTRALISED,orbit,18,8000240866545484190,0.7556654579898333,0.9998239454987514,0.9993375802588301,0.8204314152115034,0.26883904284065907,14729.92373555586,56.0380551321256,154.0232567650437,0.0,0.0,False,645,0,0,0.98,3,False,992,0.30000000000000004,1.0,,6.911176099994918,2,8,144.3228280999756
a10-scale,scale_free-n250-load0.7-critical_link-centralised-deg4.0,scale_free,250,0.7,critical_link,CENTRALISED,spf-reconverge,18,8000240866545484190,0.5268711332959672,0.9447695449382039,0.6404878043251269,0.4374458181309122,0.28110067424325486,10270.11560454295,49.807275492645864,153.0,0.0,0.0,False,25,0,0,0.98,3,False,992,0.30000000000000004,1.0041390014992941,,2.2196572000102606,2,50,52.502057399979094
a10-scale,scale_free-n250-load0.7-critical_link-centralised-deg4.0,scale_free,250,0.7,critical_link,CENTRALISED,spf-static,18,8000240866545484190,0.5257279900235127,0.9175228922040106,0.6444613811741513,0.43973393423179014,0.2859809173445112,10247.83271064588,49.11223513304496,106.81631826332247,0.0,0.0,False,0,0,0,0.98,3,False,992,0.0,0.9702367930483594,,1.164553300011903,2,3250,51.04525610001292
a10-scale,scale_free-n250-load0.7-critical_link-centralised-deg4.0,scale_free,250,0.7,critical_link,CENTRALISED,cspf,19,8956020266211825920,0.7703935688560383,0.9998417125455258,0.9352684555832457,0.7272935712181476,0.5209834926766213,15048.702727546442,63.30545969633677,155.0396922318684,0.0,0.0,False,197,0,0,0.98,3,False,992,0.30000000000000004,1.0,,9.637610100005986,2,6,127.69957750002504
a10-scale,scale_free-n250-load0.7-critical_link-centralised-deg4.0,scale_free,250,0.7,critical_link,CENTRALISED,ecmp,19,8956020266211825920,0.6401030473812025,0.9937996053964631,0.8141798583498131,0.5624423315847659,0.3569819571069393,12503.635627877804,49.57005877344241,105.11855159205642,0.0,0.0,False,24,0,0,0.98,3,False,992,0.30000000000000004,1.0,,12.753748800023459,2,6,157.3260176999902
a10-scale,scale_free-n250-load0.7-critical_link-centralised-deg4.0,scale_free,250,0.7,critical_link,CENTRALISED,orbit,19,8956020266211825920,0.7766143150453392,0.9998417125455258,1.0,0.8692432051825967,0.26802205607089563,15170.217449281872,46.96855786265162,107.35546990982829,0.0,0.0,False,629,0,0,0.98,3,False,992,0.30000000000000004,1.0,,6.552634699997725,2,8,143.47585080002318
a10-scale,scale_free-n250-load0.7-critical_link-centralised-deg4.0,scale_free,250,0.7,critical_link,CENTRALISED,spf-reconverge,19,8956020266211825920,0.5277686920061616,0.949622894825301,0.6985635979634891,0.4018956835891276,0.27829829427070507,10309.320425273294,51.4685697618026,154.01686805436296,0.0,0.0,False,17,0,0,0.98,3,False,992,0.30000000000000004,1.0148068022089352,,2.2813030000252184,2,34,49.93493300001137
a10-scale,scale_free-n250-load0.7-critical_link-centralised-deg4.0,scale_free,250,0.7,critical_link,CENTRALISED,spf-static,19,8956020266211825920,0.5281322226657651,0.9268099432591704,0.6948422246060779,0.4132353884302208,0.2807469510144022,10316.421555202045,50.59730908625382,154.01311866279102,0.0,0.0,False,0,0,0,0.98,3,False,992,0.0,0.9863040853047118,,1.1446649999998044,2,2210,48.882047999999486
a10-scale,scale_free-n250-load0.7-critical_link-centralised-deg4.0,scale_free,250,0.7,critical_link,CENTRALISED,cspf,20,10038342096903768567,0.6842450326716526,0.9782042450281603,0.8367584227098719,0.6196056779424635,0.4399308313669881,14550.571633497302,72.19980979351075,155.7171257685718,0.0,0.0,True,235,0,0,0.98,3,False,992,0.30000000000000004,1.0,,9.149657199974172,2,12,107.46056050001062
a10-scale,scale_free-n250-load0.7-critical_link-centralised-deg4.0,scale_free,250,0.7,critical_link,CENTRALISED,ecmp,20,10038342096903768567,0.5610836693952048,0.9609167678389487,0.7145798279200053,0.47795853537688193,0.2751495017189976,11931.527061356295,57.63279864769034,132.6936200227562,0.0,0.0,False,34,0,0,0.98,3,False,992,0.30000000000000004,1.0009206206022703,,12.290634800010594,2,8,149.24399889999768
a10-scale,scale_free-n250-load0.7-critical_link-centralised-deg4.0,scale_free,250,0.7,critical_link,CENTRALISED,orbit,20,10038342096903768567,0.6724011842696934,0.9997908727817727,0.9999317177360103,0.6686019657035537,0.15273040387267633,14298.710448745833,63.53361798846372,155.07195817225588,0.0,0.0,False,674,4,0,0.98,3,False,992,0.30000000000000004,1.0,,7.015156500041485,2,6,128.82370629999787
a10-scale,scale_free-n250-load0.7-critical_link-centralised-deg4.0,scale_free,250,0.7,critical_link,CENTRALISED,spf-reconverge,20,10038342096903768567,0.4499058449062542,0.8546685263085751,0.5103887704360677,0.40013426999567786,0.20667166602452658,9567.314210637436,52.79570560476371,154.02084980693124,0.0,0.0,False,29,0,0,0.98,3,False,992,0.30000000000000004,1.0218927962970243,,2.1472671999945305,2,58,41.66080990000046
a10-scale,scale_free-n250-load0.7-critical_link-centralised-deg4.0,scale_free,250,0.7,critical_link,CENTRALISED,spf-static,20,10038342096903768567,0.4514715146385885,0.8176673272015815,0.5339208115273404,0.401802458350447,0.21054137946693283,9600.608408632235,53.05299627934707,154.02219055488428,0.0,0.0,False,0,0,0,0.98,3,False,992,0.0,0.9702310960544097,,1.1544234000029974,2,3770,41.11977590000606
a10-scale,scale_free-n250-load0.7-critical_link-centralised-deg4.0,scale_free,250,0.7,critical_link,CENTRALISED,cspf,21,10372237002125898269,0.7477171231967564,0.9996402298794183,0.9100427950466887,0.716465942708146,0.48309799508706774,14844.602652750003,67.82742476888806,155.10236993455013,0.0,0.0,False,284,0,0,0.98,3,False,992,0.30000000000000004,1.002459009992521,,8.92903839997598,2,8,126.0942156999954
a10-scale,scale_free-n250-load0.7-critical_link-centralised-deg4.0,scale_free,250,0.7,critical_link,CENTRALISED,ecmp,21,10372237002125898269,0.6270603848718209,0.9991644326801756,0.8711097840833081,0.49663317631872,0.34545603037752187,12449.176251181312,55.25248566458261,120.7058713291642,0.0,0.0,False,16,0,0,0.98,3,False,992,0.30000000000000004,1.0,,12.090756699995836,2,10,156.3935031000001
a10-scale,scale_free-n250-load0.7-critical_link-centralised-deg4.0,scale_free,250,0.7,critical_link,CENTRALISED,orbit,21,10372237002125898269,0.7315788567877922,0.9998072654626133,1.0,0.7898270699579355,0.2324689259583478,14524.20588114597,57.316072634106455,122.64905913399208,0.0,0.0,False,658,0,0,0.98,3,False,992,0.30000000000000004,1.0,,6.359193099982804,2,10,141.4708030000038
a10-scale,scale_free-n250-load0.7-critical_link-centralised-deg4.0,scale_free,250,0.7,critical_link,CENTRALISED,spf-reconverge,21,10372237002125898269,0.524335203866813,0.973304697593817,0.7234693340442682,0.35528829493205033,0.29415035864229233,10409.749244438957,61.429052822333155,154.03613051471487,0.0,0.0,False,13,0,0,0.98,3,False,992,0.30000000000000004,1.0,,2.1680457000038587,2,26,54.49820939998608
a10-scale,scale_free-n250-load0.7-critical_link-centralised-deg4.0,scale_free,250,0.7,critical_link,CENTRALISED,spf-static,21,10372237002125898269,0.5251426101316055,0.9672613015043161,0.7270473956166279,0.35712151708034734,0.29484215018013626,10425.778869558337,61.3354268809806,154.03316537585604,0.0,0.0,False,0,0,0,0.98,3,False,992,0.0,0.9927243567353738,,1.1418306999839842,2,1690,53.72518010000931
a10-scale,scale_free-n250-load0.7-critical_link-centralised-deg4.0,scale_free,250,0.7,critical_link,CENTRALISED,cspf,22,13567589071002220039,0.7282421168256342,0.9923540943531894,0.8935961129927955,0.6857409191783768,0.46823891738261897,15479.166813351165,62.98303475365649,154.05020957112777,0.0,0.0,False,257,0,0,0.98,3,False,992,0.30000000000000004,1.0060732024000525,,9.251251899986528,2,16,114.07670420000795
a10-scale,scale_free-n250-load0.7-critical_link-centralised-deg4.0,scale_free,250,0.7,critical_link,CENTRALISED,ecmp,22,13567589071002220039,0.5587774854881133,0.9644504309834075,0.7255102025264857,0.4237287989526914,0.346633375952886,11877.10750254009,43.96337880723962,104.04777651612912,0.0,0.0,False,24,0,0,0.98,3,False,992,0.30000000000000004,1.0005014761083344,,12.497900899965316,2,12,122.28801359998761
a10-scale,scale_free-n250-load0.7-critical_link-centralised-deg4.0,scale_free,250,0.7,critical_link,CENTRALISED,orbit,22,13567589071002220039,0.7398153460256608,0.9998710830026053,0.9906881616598163,0.8103059951649639,0.23537545814983932,15725.161848817168,50.43383202489715,113.62069722830753,0.0,0.0,False,645,0,0,0.98,3,False,992,0.30000000000000004,1.0,,6.527327999996487,2,8,130.25581480000983
a10-scale,scale_free-n250-load0.7-critical_link-centralised-deg4.0,scale_free,250,0.7,critical_link,CENTRALISED,spf-reconverge,22,13567589071002220039,0.4523948366708969,0.8491712827657543,0.5928026230039734,0.32791601143389804,0.2570367338174063,9615.888700384314,47.67904599005381,105.07606469174571,0.0,0.0,False,24,0,0,0.98,3,False,992,0.30000000000000004,1.0,,2.132530599978054,2,48,37.024027000006754
a10-scale,scale_free-n250-load0.7-critical_link-centralised-deg4.0,scale_free,250,0.7,critical_link,CENTRALISED,spf-static,22,13567589071002220039,0.44945403400419354,0.8477824637835936,0.5830397299798741,0.32261554312049373,0.26344388596233526,9553.380402674928,46.601337079951925,105.05271361513702,0.0,0.0,False,0,0,0,0.98,3,False,992,0.0,0.9980834483124782,,1.0842807999870274,2,3120,34.968214200023795
a10-scale,scale_free-n250-load0.7-critical_link-centralised-deg4.0,scale_free,250,0.7,critical_link,CENTRALISED,cspf,23,15537175411085244018,0.7375691187875176,0.9882695707555026,0.9032280365987624,0.6349072498065867,0.5641816825731085,15081.750340842082,65.59117629905596,155.05010132858627,0.0,0.0,True,265,0,0,0.98,3,False,992,0.30000000000000004,1.0088354076655135,,9.448995200014906,2,24,120.6556393999781
a10-scale,scale_free-n250-load0.7-critical_link-centralised-deg4.0,scale_free,250,0.7,critical_link,CENTRALISED,ecmp,23,15537175411085244018,0.604798305344338,0.9577642400151396,0.7789598336290579,0.5093008457690394,0.3506613915110743,12366.864088293565,51.39112971429748,130.3231762701059,0.0,0.0,False,61,0,0,0.98,3,False,992,0.30000000000000004,0.9993006311786875,,12.216472300002351,2,22,146.97145000001183
a10-scale,scale_free-n250-load0.7-critical_link-centralised-deg4.0,scale_free,250,0.7,critical_link,CENTRALISED,orbit,23,15537175411085244018,0.725579400068514,0.9998131946690803,0.986399878813449,0.7494946845077406,0.25959446658566093,14836.585596588428,59.38734824600649,155.10497396215368,0.0,0.0,False,670,0,0,0.98,3,False,992,0.30000000000000004,1.0,,6.755580099998042,2,18,134.78298479999648
a10-scale,scale_free-n250-load0.7-critical_link-centralised-deg4.0,scale_free,250,0.7,critical_link,CENTRALISED,spf-reconverge,23,15537175411085244018,0.4885610515269509,0.8826752148545653,0.5622586747152458,0.41229341862828156,0.2844463285591779,9990.05465074449,48.83015510126775,153.0,0.0,0.0,False,50,0,0,0.98,3,False,992,0.30000000000000004,1.0248447123074576,,2.2896637999801897,2,100,42.94434529999853
a10-scale,scale_free-n250-load0.7-critical_link-centralised-deg4.0,scale_free,250,0.7,critical_link,CENTRALISED,spf-static,23,15537175411085244018,0.48324424393393095,0.839992320202148,0.5895687114570641,0.39095847971964304,0.29139385730444095,9881.33702322229,48.06315983308194,153.0,0.0,0.0,False,0,0,0,0.98,3,False,992,0.0,0.9670007254525925,,1.0985171000356786,2,6500,41.008594999992056
a10-scale,scale_free-n250-load0.7-critical_link-centralised-deg4.0,scale_free,250,0.7,critical_link,CENTRALISED,cspf,24,2560889983418072647,0.7150239205082861,0.9886685579045723,0.8922910523255885,0.6792400849888443,0.44048267518071876,15202.069472185529,66.33908295192612,154.18975349724138,0.0,0.0,False,241,0,0,0.98,3,False,992,0.30000000000000004,0.9931890761659202,,9.289514599979157,2,8,116.4927800000005
a10-scale,scale_free-n250-load0.7-critical_link-centralised-deg4.0,scale_free,250,0.7,critical_link,CENTRALISED,ecmp,24,2560889983418072647,0.5935203572904685,0.9905871435409269,0.7932937706242437,0.5074157633502815,0.297544029745014,12618.791408086212,51.23210691916748,119.4883359129164,0.0,0.0,False,34,0,0,0.98,3,False,992,0.30000000000000004,1.0223569439338118,,12.586411099997349,2,18,146.7890837000159
a10-scale,scale_free-n250-load0.7-critical_link-centralised-deg4.0,scale_free,250,0.7,critical_link,CENTRALISED,orbit,24,2560889983418072647,0.7295472366751333,0.99978494075079,0.9959095783714789,0.7755439564393235,0.25795181222809904,15510.848598313196,53.54716088828688,109.99567774195464,0.0,0.0,False,666,2,0,0.98,3,False,992,0.30000000000000004,1.0,,6.724817699985579,2,8,128.40989999999874
a10-scale,scale_free-n250-load0.7-critical_link-centralised-deg4.0,scale_free,250,0.7,critical_link,CENTRALISED,spf-reconverge,24,2560889983418072647,0.49856333281388276,0.8794118506317371,0.5712563830051747,0.4385053539167739,0.296296087283349,10599.917295540561,47.50258744516819,153.0,0.0,0.0,False,29,0,0,0.98,3,False,992,0.30000000000000004,1.0235158521965175,,2.2151536000019405,2,58,43.80984430000535
a10-scale,scale_free-n250-load0.7-critical_link-centralised-deg4.0,scale_free,250,0.7,critical_link,CENTRALISED,spf-static,24,2560889983418072647,0.4925535747243327,0.8399946677852986,0.565895270931535,0.44598134003909123,0.28986621893345077,10472.144283522412,46.797868596478025,153.0,0.0,0.0,False,0,0,0,0.98,3,False,992,0.0,0.9699568327572505,,1.1031894000188913,2,3770,40.96766500000376
a10-scale,scale_free-n250-load0.7-critical_link-centralised-deg4.0,scale_free,250,0.7,critical_link,CENTRALISED,cspf,25,8201797395749507151,0.6935881764838249,0.9536633269737202,0.8473708189663471,0.6522379953738325,0.44925711029757764,15266.921988127147,66.86728581426429,154.65835892017068,0.0,0.0,False,205,0,0,0.98,3,False,992,0.30000000000000004,1.0,,9.062724799965508,2,6,107.39105949999066
a10-scale,scale_free-n250-load0.7-critical_link-centralised-deg4.0,scale_free,250,0.7,critical_link,CENTRALISED,ecmp,25,8201797395749507151,0.576053756353339,0.9932769812105777,0.7360751572529715,0.4798619548872298,0.3111818320347772,12679.812109540951,50.00028141177052,104.10596993314687,0.0,0.0,False,32,0,0,0.98,3,False,992,0.30000000000000004,1.0,,12.255780400009826,2,2,128.3551210000005
a10-scale,scale_free-n250-load0.7-critical_link-centralised-deg4.0,scale_free,250,0.7,critical_link,CENTRALISED,orbit,25,8201797395749507151,0.698835535973222,0.9998257276242086,0.9992108013296198,0.7033066241887059,0.22266365646054673,15382.42428572168,54.00288830546698,110.02290990241072,0.0,0.0,False,654,0,0,0.98,3,False,992,0.30000000000000004,1.0,,6.743367799994303,2,8,121.13583849999122
a10-scale,scale_free-n250-load0.7-critical_link-centralised-deg4.0,scale_free,250,0.7,critical_link,CENTRALISED,spf-reconverge,25,8201797395749507151,0.4791892648438776,0.9102334493731724,0.6080230161150024,0.3655069060647428,0.2614230332595627,10547.678538880178,44.70072495636784,104.09312557930511,0.0,0.0,True,32,0,0,0.98,3,False,992,0.30000000000000004,1.0204443557854328,,2.197295899997698,2,64,42.51032800000394
a10-scale,scale_free-n250-load0.7-critical_link-centralised-deg4.0,scale_free,250,0.7,critical_link,CENTRALISED,spf-static,25,8201797395749507151,0.4823229817151869,0.8742237591969027,0.5989445159392953,0.38818223161385124,0.2722036884842428,10616.65637418541,44.02766716076014,104.05212006516005,0.0,0.0,False,0,0,0,0.98,3,False,992,0.0,0.9732915917346149,,1.0893459999933839,2,4160,41.55026859999634
a10-scale,scale_free-n250-load0.7-critical_link-centralised-deg4.0,scale_free,250,0.7,critical_link,CENTRALISED,cspf,26,8112942377402326167,0.763668650705648,0.995129339697747,0.9054627093233715,0.7429252978426897,0.49781493008073086,15189.128318414087,64.54373295798142,154.02864565328917,0.0,0.0,False,270,0,0,0.98,3,False,992,0.30000000000000004,1.0,,8.921365000016522,2,4,125.79759490001015
a10-scale,scale_free-n250-load0.7-critical_link-centralised-deg4.0,scale_free,250,0.7,critical_link,CENTRALISED,ecmp,26,8112942377402326167,0.6329175612841652,0.9975922895849589,0.8047268251025538,0.5492189222468279,0.3421985166327472,12588.530437173013,50.939097665581606,104.09248529287156,0.0,0.0,False,28,0,0,0.98,3,False,992,0.30000000000000004,1.0,,12.258537899993826,2,2,151.64930930000264
a10-scale,scale_free-n250-load0.7-critical_link-centralised-deg4.0,scale_free,250,0.7,critical_link,CENTRALISED,orbit,26,8112942377402326167,0.7734692387662151,0.9997996148633674,0.9983233928289383,0.8553579112483352,0.27528207360986945,15384.058920201023,50.55158529656047,108.25884806836349,0.0,0.0,False,656,2,0,0.98,3,False,992,0.30000000000000004,1.0,,6.2342251999652945,2,8,143.13178779999726
a10-scale,scale_free-n250-load0.7-critical_link-centralised-deg4.0,scale_free,250,0.7,critical_link,CENTRALISED,spf-reconverge,26,8112942377402326167,0.5318581503496757,0.9616693093068004,0.7008594163151928,0.4056563200093855,0.2644750265313089,10578.490665278592,52.4609167639642,153.0,0.0,0.0,False,27,0,0,0.98,3,False,992,0.30000000000000004,0.9917114363765279,,2.1744540999934543,2,54,53.33528870000737
a10-scale,scale_free-n250-load0.7-critical_link-centralised-deg4.0,scale_free,250,0.7,critical_link,CENTRALISED,spf-static,26,8112942377402326167,0.5310537886801815,0.9452979078540689,0.6956416450370071,0.4123335557574434,0.2673725508828378,10562.492165666134,52.18082254018018,154.0152841610542,0.0,0.0,False,0,0,0,0.98,3,False,992,0.0,0.9719100815853959,,1.0565653999801725,2,3510,51.294576899992535
a10-scale,scale_free-n250-load0.7-critical_link-centralised-deg4.0,scale_free,250,0.7,critical_link,CENTRALISED,cspf,27,1013621281651201436,0.7696445524830042,1.0,0.9348042454687594,0.7109111130024061,0.5485205734295807,14863.851363289874,59.35618089287997,154.07140994327042,0.0,0.0,True,319,0,0,0.98,3,False,992,0.30000000000000004,1.0,,9.192523000005167,2,10,131.02494549998664
a10-scale,scale_free-n250-load0.7-critical_link-centralised-deg4.0,scale_free,250,0.7,critical_link,CENTRALISED,ecmp,27,1013621281651201436,0.611506908008853,0.9670058934414443,0.8465857203061948,0.49146115175388594,0.33076425672473003,11809.799418374083,45.60846212965643,104.31528424974606,0.0,0.0,False,32,0,0,0.98,3,False,992,0.30000000000000004,1.0,,12.398196800000733,2,8,150.70419799999218
a10-scale,scale_free-n250-load0.7-critical_link-centralised-deg4.0,scale_free,250,0.7,critical_link,CENTRALISED,orbit,27,1013621281651201436,0.7911439830588626,0.9998222864707428,0.9984779429125716,0.8582570053754343,0.3657061379145667,15279.061656722031,45.90913475768314,109.47505423163753,0.0,0.0,False,650,0,0,0.98,3,False,992,0.30000000000000004,1.0,,6.269682200014358,2,8,144.4390693999885
a10-scale,scale_free-n250-load0.7-critical_link-centralised-deg4.0,scale_free,250,0.7,critical_link,CENTRALISED,spf-reconverge,27,1013621281651201436,0.4938569849574124,0.9230298369786089,0.6571756658733876,0.35040908025979334,0.26893025979203533,9537.671377582526,46.754527243645036,105.09267416487606,0.0,0.0,False,26,0,0,0.98,3,False,992,0.30000000000000004,1.0,,2.1480905000062194,2,52,46.383874299994204
a10-scale,scale_free-n250-load0.7-critical_link-centralised-deg4.0,scale_free,250,0.7,critical_link,CENTRALISED,spf-static,27,1013621281651201436,0.4880780474491696,0.9116561711061414,0.6432947298315828,0.3506583278159572,0.2659799172739811,9426.06496409835,45.54246410990456,105.09851064521555,0.0,0.0,False,0,0,0,0.98,3,False,992,0.0,0.9855628187973934,,1.0775943000044208,2,3380,43.790713499998674
a10-scale,scale_free-n250-load0.7-critical_link-centralised-deg4.0,scale_free,250,0.7,critical_link,CENTRALISED,cspf,28,785189968300517574,0.76734740000252,0.9948219630548062,0.9294301852524783,0.6980789065196058,0.5658195586442942,15120.660660335974,61.96750926520835,154.18359278256202,0.0,0.0,False,263,0,0,0.98,3,False,992,0.30000000000000004,1.0036633670642545,,9.113083500007633,2,10,125.28690490001463
a10-scale,scale_free-n250-load0.7-critical_link-centralised-deg4.0,scale_free,250,0.7,critical_link,CENTRALISED,ecmp,28,785189968300517574,0.6441773419388981,0.9914342307283177,0.7937817849211793,0.584807408990437,0.3693923785537808,12693.581802066841,49.44619026281688,117.2480667129484,0.0,0.0,False,20,0,0,0.98,3,False,992,0.30000000000000004,0.9994632372636415,,12.547792400000617,2,10,153.4280829000054
a10-scale,scale_free-n250-load0.7-critical_link-centralised-deg4.0,scale_free,250,0.7,critical_link,CENTRALISED,orbit,28,785189968300517574,0.7629775019213646,0.9998945171057054,0.9999557627768564,0.862035804647367,0.241039188825665,15034.551362245975,53.01190378808989,112.19470353342896,0.0,0.0,False,638,0,0,0.98,3,False,992,0.30000000000000004,1.0,,6.4321426000096835,2,10,145.48036409998895
a10-scale,scale_free-n250-load0.7-critical_link-centralised-deg4.0,scale_free,250,0.7,critical_link,CENTRALISED,spf-reconverge,28,785189968300517574,0.556119935090571,0.9182830118817477,0.6009485407653612,0.521496331989979,0.34300474943042303,10958.401403230113,47.83572540985557,154.01193340065683,0.0,0.0,False,15,0,0,0.98,3,False,992,0.30000000000000004,0.9957764850357638,,2.183351100044092,2,30,54.14836099999957
a10-scale,scale_free-n250-load0.7-critical_link-centralised-deg4.0,scale_free,250,0.7,critical_link,CENTRALISED,spf-static,28,785189968300517574,0.5568020865194468,0.9019988473644395,0.6104913787347768,0.5206771817050917,0.34704426971570346,10971.84326838136,47.31178482096524,154.01093318894027,0.0,0.0,False,0,0,0,0.98,3,False,992,0.0,0.9750771066823307,,1.0882165000075474,2,1950,52.62475080002332
a10-scale,scale_free-n250-load0.7-critical_link-centralised-deg4.0,scale_free,250,0.7,critical_link,CENTRALISED,cspf,29,9272922011395698339,0.7488170718162762,0.9966952563175412,0.9091503534002876,0.6897047148640317,0.5298657759131397,15211.884556653082,65.22724439936907,154.2749345455008,0.0,0.0,False,279,0,0,0.98,3,False,992,0.30000000000000004,1.0011832194525483,,9.310904500016477,2,4,129.43507249999675
a10-scale,scale_free-n250-load0.7-critical_link-centralised-deg4.0,scale_free,250,0.7,critical_link,CENTRALISED,ecmp,29,9272922011395698339,0.5878359151329792,0.9943100808194002,0.7629459062088587,0.468795620593326,0.3492544304938849,11941.624217471577,53.14832521669624,119.1781191281372,0.0,0.0,False,24,0,0,0.98,3,False,992,0.30000000000000004,1.0039462401765085,,12.701541999995243,2,2,156.0926838000014
a10-scale,scale_free-n250-load0.7-critical_link-centralised-deg4.0,scale_free,250,0.7,critical_link,CENTRALISED,orbit,29,9272922011395698339,0.728135928369393,0.9998917687652573,1.0,0.7707971114124554,0.23318324073307228,14791.756359187575,59.47565225417767,155.0476556627292,0.0,0.0,True,666,0,0,0.98,3,False,992,0.30000000000000004,1.0,,6.60520600003656,2,6,138.5077253000054
a10-scale,scale_free-n250-load0.7-critical_link-centralised-deg4.0,scale_free,250,0.7,critical_link,CENTRALISED,spf-reconverge,29,9272922011395698339,0.48314039414601034,0.9137984923274481,0.5866856528641662,0.3677294928570931,0.29648911186298715,9814.78144265411,54.043442348286874,154.01415362958014,0.0,0.0,True,11,0,0,0.98,3,False,992,0.30000000000000004,0.9956307213327307,,2.171287300006952,2,22,44.55913959999452
a10-scale,scale_free-n250-load0.7-critical_link-centralised-deg4.0,scale_free,250,0.7,critical_link,CENTRALISED,spf-static,29,9272922011395698339,0.4831993366200253,0.9080107815736301,0.585118745050732,0.36206784316514196,0.3100739444207733,9815.978832702956,53.15807768892396,154.0128471056267,0.0,0.0,False,0,0,0,0.98,3,False,992,0.0,0.9882372732839626,,1.0909001000109129,2,1430,43.20008390001021
a10-scale,scale_free-n250-load0.7-random_node_30-centralised-deg4.0,scale_free,250,0.7,random_node_30,CENTRALISED,cspf,0,9394757561766584018,0.42623633064040617,0.48433759418275807,0.5000510950524221,0.42278153155936077,0.3261291782556699,8510.646158890226,57.59474342123635,154.01613816952607,,,True,210,0,0,0.98,3,False,992,0.30000000000000004,0.408984156260322,,7.038188300008187,2,42174,49.620840500021586
a10-scale,scale_free-n250-load0.7-random_node_30-centralised-deg4.0,scale_free,250,0.7,random_node_30,CENTRALISED,ecmp,0,9394757561766584018,0.3520285057845763,0.46992972910810193,0.48804971682626835,0.3348135360756446,0.17574096437610237,7028.941071433288,47.97092509049412,105.11203872802858,,,True,148,0,0,0.98,3,False,992,0.30000000000000004,0.4060000785629747,,8.766022199997678,2,41974,55.91271199999028
a10-scale,scale_free-n250-load0.7-random_node_30-centralised-deg4.0,scale_free,250,0.7,random_node_30,CENTRALISED,orbit,0,9394757561766584018,0.41695652900185687,0.4852225179115513,0.5341055884984749,0.46504328829520813,0.20039522066164675,8325.3566786347,46.00689099953768,109.35087490779954,,,True,763,3,0,0.98,3,False,992,0.30000000000000004,0.408984156260322,,7.127585099980934,2,42160,53.69139270001324
a10-scale,scale_free-n250-load0.7-random_node_30-centralised-deg4.0,scale_free,250,0.7,random_node_30,CENTRALISED,spf-reconverge,0,9394757561766584018,0.3116059055166696,0.46213444285196986,0.4084320271261829,0.28952699399385523,0.16034322551594551,6221.8244017079915,51.327678488319876,154.02462048338805,,,True,97,0,0,0.98,3,False,992,0.30000000000000004,0.4105907781797393,,1.6559603000059724,2,42054,23.755987000011373
a10-scale,scale_free-n250-load0.7-random_node_30-centralised-deg4.0,scale_free,250,0.7,random_node_30,CENTRALISED,spf-static,0,9394757561766584018,0.2719859032579859,0.31531051001618415,0.3467016653109249,0.28170635613339795,0.16202103505762905,5430.733178837644,42.293474665904185,104.2112561946037,,,True,0,0,0,0.98,3,False,992,0.0,0.22936217921215338,,1.09531859998242,2,54470,19.8862858999928
a10-scale,scale_free-n250-load0.7-random_node_30-centralised-deg4.0,scale_free,250,0.7,random_node_30,CENTRALISED,cspf,1,5758586105041087588,0.27141959518253606,0.4467365299749533,0.36600617791543033,0.21106415877682855,0.15330549615201472,5241.380565211028,61.19962660094097,157.14733108191106,,,True,173,0,0,0.98,3,False,992,0.30000000000000004,0.36670783295353304,,6.342512300005183,2,52824,34.8048447999754
a10-scale,scale_free-n250-load0.7-random_node_30-centralised-deg4.0,scale_free,250,0.7,random_node_30,CENTRALISED,ecmp,1,5758586105041087588,0.22377650923947123,0.4429192398568901,0.30723175730983826,0.13657612435684138,0.12788429687587544,4321.34550082771,49.13764147017243,153.0,,,True,155,0,0,0.98,3,False,992,0.30000000000000004,0.3589429489038091,,8.178906300017843,2,52726,38.647262900019996
a10-scale,scale_free-n250-load0.7-random_node_30-centralised-deg4.0,scale_free,250,0.7,random_node_30,CENTRALISED,orbit,1,5758586105041087588,0.27339049406899957,0.44709363116515544,0.40096759948008304,0.21998615452443213,0.11295743288801222,5279.440570099616,53.212835048943816,154.05509999682172,,,True,755,5,0,0.98,3,False,992,0.30000000000000004,0.36598587240450375,,6.712047599983634,2,52816,38.250104999984615
a10-scale,scale_free-n250-load0.7-random_node_30-centralised-deg4.0,scale_free,250,0.7,random_node_30,CENTRALISED,spf-reconverge,1,5758586105041087588,0.19689951315710066,0.41336160341253086,0.2647594396407453,0.12072899187945925,0.10329473167114331,3802.324150056591,54.27983398178748,154.0149509155118,,,True,129,0,0,0.98,3,False,992,0.30000000000000004,0.35139161725017254,,1.3798429000307806,2,52778,15.932727600011276
a10-scale,scale_free-n250-load0.7-random_node_30-centralised-deg4.0,scale_free,250,0.7,random_node_30,CENTRALISED,spf-static,1,5758586105041087588,0.16546243192126858,0.30159559695936905,0.2154101219717039,0.11999791307466025,0.09580159095297852,3195.2430492774215,32.64943166826651,104.05120111842209,,,True,0,0,0,0.98,3,False,992,0.0,0.2132330316639775,,1.1388903000042774,2,69290,13.202534599986393
a10-scale,scale_free-n250-load0.7-random_node_30-centralised-deg4.0,scale_free,250,0.7,random_node_30,CENTRALISED,cspf,2,16264834688112508989,0.3995591713737841,0.4983801546245992,0.46737757097927723,0.37086932134465417,0.31202416317401255,7704.050713366142,58.78559716602372,155.10325671547423,,,True,194,0,0,0.98,3,False,992,0.30000000000000004,0.4316951107092419,,6.654817500006175,2,46422,48.540819699992426
a10-scale,scale_free-n250-load0.7-random_node_30-centralised-deg4.0,scale_free,250,0.7,random_node_30,CENTRALISED,ecmp,2,16264834688112508989,0.31571024848204715,0.4954191184758012,0.42453275984078975,0.24347279884041628,0.19872385212250948,6087.328083779038,46.99131918781733,104.0929544519219,,,True,143,0,0,0.98,3,False,992,0.30000000000000004,0.44336174359371766,,8.47960379999131,2,46284,54.29331939999247
a10-scale,scale_free-n250-load0.7-random_node_30-centralised-deg4.0,scale_free,250,0.7,random_node_30,CENTRALISED,orbit,2,16264834688112508989,0.40154091312336876,0.5021564931828293,0.48495401901744223,0.40076332035604706,0.2587307953947141,7742.261421650229,40.98814111221383,107.1559203468599,,,True,743,0,0,0.98,3,False,992,0.30000000000000004,0.4284423131963527,,6.771332700009225,2,46412,52.27448550000554
a10-scale,scale_free-n250-load0.7-random_node_30-centralised-deg4.0,scale_free,250,0.7,random_node_30,CENTRALISED,spf-reconverge,2,16264834688112508989,0.26344427948789473,0.4543441671252188,0.33335844511084395,0.17461116802077128,0.201074570375365,5079.5682710591145,45.47405929033548,106.43493504191854,,,True,116,0,0,0.98,3,False,992,0.30000000000000004,0.41248865930133577,,1.5590865000267513,2,46382,18.692230199987534
a10-scale,scale_free-n250-load0.7-random_node_30-centralised-deg4.0,scale_free,250,0.7,random_node_30,CENTRALISED,spf-static,2,16264834688112508989,0.22896629017912437,0.3328065856730478,0.2299638646838546,0.18132945714713392,0.23064161170390837,4414.785187200986,32.03015309056424,104.0431260475678,,,True,0,0,0,0.98,3,False,992,0.0,0.25926676243247676,,1.104149300022982,2,61230,15.061754599999404
a10-scale,scale_free-n250-load0.7-random_node_30-centralised-deg4.0,scale_free,250,0.7,random_node_30,CENTRALISED,cspf,3,12688381916117374979,0.3329917846804698,0.48242204479828205,0.4542888103962982,0.3172278858212264,0.14798682004521707,6634.694899254192,66.1551412807404,156.1084694403671,,,True,211,0,0,0.98,3,False,992,0.30000000000000004,0.4120021365339419,,6.516913100000238,2,43926,41.3660843000107
a10-scale,scale_free-n250-load0.7-random_node_30-centralised-deg4.0,scale_free,250,0.7,random_node_30,CENTRALISED,ecmp,3,12688381916117374979,0.2784973359865027,0.48696451880073055,0.3813259137875073,0.2279589346102119,0.1268514005736946,5548.920242277382,56.236715764026066,137.0183064457791,,,True,197,0,0,0.98,3,False,992,0.30000000000000004,0.42103696863863604,,8.62285610003164,2,43818,48.98421990001225
a10-scale,scale_free-n250-load0.7-random_node_30-centralised-deg4.0,scale_free,250,0.7,random_node_30,CENTRALISED,orbit,3,12688381916117374979,0.33617585518950327,0.48796868191962633,0.48989374544058567,0.31202065802453993,0.12880122108284872,6698.135912927912,67.61504463041112,161.72143573518787,,,True,796,7,0,0.98,3,False,992,0.30000000000000004,0.4136207942019362,,6.701389199995901,2,43924,46.84495630001766
a10-scale,scale_free-n250-load0.7-random_node_30-centralised-deg4.0,scale_free,250,0.7,random_node_30,CENTRALISED,spf-reconverge,3,12688381916117374979,0.23866458757509146,0.46727992236675303,0.2802005766336963,0.20328741268882597,0.1163384932662989,4755.272636340016,56.669668172393365,155.11013703024378,,,True,177,0,0,0.98,3,False,992,0.30000000000000004,0.47366057052431215,,1.58957409998402,2,43904,18.666660700022476
a10-scale,scale_free-n250-load0.7-random_node_30-centralised-deg4.0,scale_free,250,0.7,random_node_30,CENTRALISED,spf-static,3,12688381916117374979,0.18280917911057198,0.2378154942098708,0.19640881277187217,0.19987367135414694,0.11429402906082492,3642.3815360658486,32.326774021603576,104.04448359973172,,,True,0,0,0,0.98,3,False,992,0.0,0.1630827438460194,,1.1305043000320438,2,66560,12.563533400010783
a10-scale,scale_free-n250-load0.7-random_node_30-centralised-deg4.0,scale_free,250,0.7,random_node_30,CENTRALISED,cspf,4,5691869532053188440,0.37606539704212194,0.4785965932400016,0.47658686573584286,0.35322033915425494,0.24551611092878128,7637.045325182366,56.87378417895978,156.14605243383676,,,True,211,0,0,0.98,3,False,992,0.30000000000000004,0.40507749881415017,,6.796884900017176,2,43476,44.26383870001882
a10-scale,scale_free-n250-load0.7-random_node_30-centralised-deg4.0,scale_free,250,0.7,random_node_30,CENTRALISED,ecmp,4,5691869532053188440,0.3044190908002105,0.47921347911671813,0.39200292136654397,0.25929977150856637,0.17517378660143462,6182.069428822278,47.31219258391163,106.32672274818162,,,True,168,0,0,0.98,3,False,992,0.30000000000000004,0.4075696551886711,,8.73407799997949,2,43364,52.14177889999701
a10-scale,scale_free-n250-load0.7-random_node_30-centralised-deg4.0,scale_free,250,0.7,random_node_30,CENTRALISED,orbit,4,5691869532053188440,0.37400333148824083,0.48561329706759065,0.515882023449629,0.38540833861342483,0.14809064651510917,7595.169395563871,54.24885304804991,154.02181891830776,,,True,785,5,0,0.98,3,False,992,0.30000000000000004,0.40984436118231965,,6.960988800012274,2,43508,49.03335889999289
a10-scale,scale_free-n250-load0.7-random_node_30-centralised-deg4.0,scale_free,250,0.7,random_node_30,CENTRALISED,spf-reconverge,4,5691869532053188440,0.24732235767460417,0.4254751148445725,0.30433201146401084,0.205756165682721,0.1419598714685306,5022.562751978898,47.45113599870696,154.0125,,,True,144,0,0,0.98,3,False,992,0.30000000000000004,0.37734821108496774,,1.6117787999974098,2,43448,18.167226399993524
a10-scale,scale_free-n250-load0.7-random_node_30-centralised-deg4.0,scale_free,250,0.7,random_node_30,CENTRALISED,spf-static,4,5691869532053188440,0.20934071786200123,0.2772221456758907,0.2670907761681845,0.19631697062023845,0.12884440825955776,4251.240776984453,32.93893177587735,104.0488763920481,,,True,0,0,0,0.98,3,False,992,0.0,0.1903841975885631,,1.1208146000280976,2,61880,14.650813099986408
a10-scale,scale_free-n250-load0.7-random_node_30-centralised-deg4.0,scale_free,250,0.7,random_node_30,CENTRALISED,cspf,5,6983345179145089443,0.36056469760257803,0.49294352846789663,0.46588838687027295,0.33684184618146135,0.21546007394695424,7224.599447544529,61.661108938517266,156.1307891248561,,,True,198,0,0,0.98,3,False,992,0.30000000000000004,0.4228450402873413,,6.517879899969557,2,44926,44.170263200008776
a10-scale,scale_free-n250-load0.7-random_node_30-centralised-deg4.0,scale_free,250,0.7,random_node_30,CENTRALISED,ecmp,5,6983345179145089443,0.308949944443457,0.4960495983509064,0.41087850780226504,0.2450964254270523,0.1903783802362207,6190.399705756311,47.12042531404837,106.2348353346808,,,True,178,0,0,0.98,3,False,992,0.30000000000000004,0.4205739677340161,,8.43703050003387,2,44784,48.02585239999462
a10-scale,scale_free-n250-load0.7-random_node_30-centralised-deg4.0,scale_free,250,0.7,random_node_30,CENTRALISED,orbit,5,6983345179145089443,0.3712771641621239,0.4952197892623243,0.5069310230844356,0.36432120642169546,0.17902692806966686,7439.244088305335,54.199366498482924,156.08927294816786,,,True,769,2,0,0.98,3,False,992,0.30000000000000004,0.4205739677340161,,6.842951800033916,2,44912,50.61916380000184
a10-scale,scale_free-n250-load0.7-random_node_30-centralised-deg4.0,scale_free,250,0.7,random_node_30,CENTRALISED,spf-reconverge,5,6983345179145089443,0.2766601164822302,0.4795408306602963,0.35515091658214165,0.21720436236930377,0.1653797950476238,5543.411592940246,49.363970894576916,154.0452364914378,,,True,150,0,0,0.98,3,False,992,0.30000000000000004,0.42684897119328874,,1.5387601999973413,2,44890,21.654925500013633
a10-scale,scale_free-n250-load0.7-random_node_30-centralised-deg4.0,scale_free,250,0.7,random_node_30,CENTRALISED,spf-static,5,6983345179145089443,0.20424346390363673,0.29143118972451476,0.23905651769486674,0.17929013276946187,0.15456553570708434,4092.406234703562,31.199286756170917,104.07930158052699,,,True,0,0,0,0.98,3,False,992,0.0,0.19690964078656514,,1.1373583999811672,2,64090,15.510352699988289
a10-scale,scale_free-n250-load0.7-random_node_30-centralised-deg4.0,scale_free,250,0.7,random_node_30,CENTRALISED,cspf,6,14890491080717144367,0.38611800398676477,0.5226483450956511,0.4796016494822106,0.3644144734834315,0.2442061983135384,7812.7137545237765,66.24449448238802,155.1587464613978,,,True,218,0,0,0.98,3,False,992,0.30000000000000004,0.4553280599332052,,6.891957599989837,2,41286,48.04073840001365
a10-scale,scale_free-n250-load0.7-random_node_30-centralised-deg4.0,scale_free,250,0.7,random_node_30,CENTRALISED,ecmp,6,14890491080717144367,0.32090077714888293,0.5206124248253753,0.4170358191870634,0.2693472428692354,0.18132713296928077,6493.108038428544,55.8202161045206,129.03631520872318,,,True,189,0,0,0.98,3,False,992,0.30000000000000004,0.4610750705556292,,8.971255799988285,2,41164,57.82018720000633
a10-scale,scale_free-n250-load0.7-random_node_30-centralised-deg4.0,scale_free,250,0.7,random_node_30,CENTRALISED,orbit,6,14890491080717144367,0.3981824181450781,0.5237884630772945,0.5147510211008196,0.4153089427630454,0.18518522857311764,8056.825175026605,58.39284509775661,156.11698295022074,,0.0,True,788,2,0,0.98,3,False,992,0.30000000000000004,0.4547329814283183,,6.88479880001978,2,41304,53.35283850002452
a10-scale,scale_free-n250-load0.7-random_node_30-centralised-deg4.0,scale_free,250,0.7,random_node_30,CENTRALISED,spf-reconverge,6,14890491080717144367,0.27223691317162474,0.46812158899755546,0.32318048692564233,0.2343679664837934,0.16026846348783239,5508.443154849503,55.7880459240135,153.0,,,True,151,0,0,0.98,3,False,992,0.30000000000000004,0.4440751240265397,,1.6507475999824237,2,41252,21.74000300001353
a10-scale,scale_free-n250-load0.7-random_node_30-centralised-deg4.0,scale_free,250,0.7,random_node_30,CENTRALISED,spf-static,6,14890491080717144367,0.2172534076640981,0.27704336743565955,0.28979545917624355,0.1860034413389796,0.15452408395326508,4395.9066108003635,38.353802774387496,104.08324982249533,,,True,0,0,0,0.98,3,False,992,0.0,0.19777260539229552,,1.0929554000031203,2,60580,15.754306199989514
a10-scale,scale_free-n250-load0.7-random_node_30-centralised-deg4.0,scale_free,250,0.7,random_node_30,CENTRALISED,cspf,7,14275375538775963603,0.3357834741523798,0.5662881263729103,0.36271403548935527,0.29937850580089337,0.21892310230852594,6896.715600167775,58.959835780289346,155.14878771820432,,,True,185,0,0,0.98,3,False,992,0.30000000000000004,0.5093105069739163,,6.6742949999752454,2,47218,40.136683299992
a10-scale,scale_free-n250-load0.7-random_node_30-centralised-deg4.0,scale_free,250,0.7,random_node_30,CENTRALISED,ecmp,7,14275375538775963603,0.258838039720705,0.5544974679981454,0.27273078072105195,0.21307080906603518,0.1297963261384713,5316.319842615401,49.3611124118942,115.38264668383263,,,True,151,0,0,0.98,3,False,992,0.30000000000000004,0.5050887002574409,,8.46210369997425,2,47110,43.60376960001304
a10-scale,scale_free-n250-load0.7-random_node_30-centralised-deg4.0,scale_free,250,0.7,random_node_30,CENTRALISED,orbit,7,14275375538775963603,0.329373131984145,0.5730948854196473,0.384373955362347,0.3289780742141519,0.12235561566970743,6765.052459372419,53.01967338944044,154.1706730657691,,,True,771,4,0,0.98,3,False,992,0.30000000000000004,0.512175637956102,,7.033886499993969,2,47258,44.83778119998169
a10-scale,scale_free-n250-load0.7-random_node_30-centralised-deg4.0,scale_free,250,0.7,random_node_30,CENTRALISED,spf-reconverge,7,14275375538775963603,0.2173860942660263,0.48955937002030575,0.22321451676545162,0.16392183752289083,0.12242117786650962,4464.931073122677,42.52793200548233,107.69458149997365,,,True,117,0,0,0.98,3,False,992,0.30000000000000004,0.5162228432153431,,1.5700022999953944,2,47164,15.874272900022333
a10-scale,scale_free-n250-load0.7-random_node_30-centralised-deg4.0,scale_free,250,0.7,random_node_30,CENTRALISED,spf-static,7,14275375538775963603,0.19034572259162064,0.3296763182579009,0.200473813556978,0.17891694400738278,0.11106114167395495,3909.5441422084464,33.32485025399339,104.04694238356635,,,True,0,0,0,0.98,3,False,992,0.0,0.29509703014817085,,1.0761796000006143,2,62140,13.141926900018007
a10-scale,scale_free-n250-load0.7-random_node_30-centralised-deg4.0,scale_free,250,0.7,random_node_30,CENTRALISED,cspf,8,17488157064112196140,0.29098826674882405,0.4043571206774122,0.390579101151605,0.2581144918658278,0.16985142526117564,6081.910027293454,70.39283264282663,157.09633877830194,,,True,210,0,0,0.98,3,False,992,0.30000000000000004,0.33128688799210565,,6.567205799976364,2,45472,35.43027849998907
a10-scale,scale_free-n250-load0.7-random_node_30-centralised-deg4.0,scale_free,250,0.7,random_node_30,CENTRALISED,ecmp,8,17488157064112196140,0.2503804823287527,0.40080418107444815,0.3329069959423962,0.2025456477001933,0.14440479854373311,5233.171712137311,65.41386325257788,155.04927174186463,,,True,194,0,0,0.98,3,False,992,0.30000000000000004,0.3248507170680034,,8.658508699998492,2,45368,45.702719900000375
a10-scale,scale_free-n250-load0.7-random_node_30-centralised-deg4.0,scale_free,250,0.7,random_node_30,CENTRALISED,orbit,8,17488157064112196140,0.2901363408303972,0.4126037428652419,0.45128690372658464,0.2278903781542808,0.1438837303719854,6064.104028296717,67.87323849000829,160.39609176870513,,,True,797,14,0,0.98,3,False,992,0.30000000000000004,0.32565534157278053,,6.86359550000634,2,45482,38.65616929999669
a10-scale,scale_free-n250-load0.7-random_node_30-centralised-deg4.0,scale_free,250,0.7,random_node_30,CENTRALISED,spf-reconverge,8,17488157064112196140,0.2221945427283507,0.38174192075605146,0.25963042095843963,0.18996769603451452,0.13326044799226042,4644.060850040789,55.938154172233446,155.04657676150254,,,True,175,0,0,0.98,3,False,992,0.30000000000000004,0.3411579327689103,,1.5794188999861944,2,45460,17.550217599986354
a10-scale,scale_free-n250-load0.7-random_node_30-centralised-deg4.0,scale_free,250,0.7,random_node_30,CENTRALISED,spf-static,8,17488157064112196140,0.17304779900620543,0.22147618112022624,0.19259497774593193,0.15553800957026528,0.14879273664820397,3616.8507951743936,32.31724132355414,104.13053290294211,,,True,0,0,0,0.98,3,False,992,0.0,0.13147000801904407,,1.1628864999802317,2,67860,13.011627100000624
a10-scale,scale_free-n250-load0.7-random_node_30-centralised-deg4.0,scale_free,250,0.7,random_node_30,CENTRALISED,cspf,9,6756398864036938222,0.3283072374182955,0.428509001820658,0.4494013219301053,0.29177368202125437,0.20397253385757666,7300.293724143792,60.17414756051499,153.0,,,True,193,0,0,0.98,3,False,992,0.30000000000000004,0.3503720094496507,,6.6747272000066005,2,46454,38.64618330000667
a10-scale,scale_free-n250-load0.7-random_node_30-centralised-deg4.0,scale_free,250,0.7,random_node_30,CENTRALISED,ecmp,9,6756398864036938222,0.265204536396721,0.42864637642362063,0.3576972421214338,0.2128289827007681,0.15372500527182356,5897.131686453512,48.80438749148599,104.50126116396052,,,True,169,0,0,0.98,3,False,992,0.30000000000000004,0.3528924983386123,,8.762405200017383,2,46330,44.32431210001232
a10-scale,scale_free-n250-load0.7-random_node_30-centralised-deg4.0,scale_free,250,0.7,random_node_30,CENTRALISED,orbit,9,6756398864036938222,0.3387044551634216,0.43064635804995943,0.5316781091068893,0.3193029953276044,0.12616749554453444,7531.487967835086,53.69469156379406,153.0,,,True,765,6,0,0.98,3,False,992,0.30000000000000004,0.34538581093514276,,7.113667200028431,2,46452,43.488728600001195
a10-scale,scale_free-n250-load0.7-random_node_30-centralised-deg4.0,scale_free,250,0.7,random_node_30,CENTRALISED,spf-reconverge,9,6756398864036938222,0.21354280183332644,0.3703379976917605,0.2971471885726174,0.15846658796597662,0.11821284282585218,4748.372860491319,48.44644370119264,105.13792119891086,,,True,146,0,0,0.98,3,False,992,0.30000000000000004,0.3873490121441041,,1.6463324000069406,2,46442,15.981162899988703
a10-scale,scale_free-n250-load0.7-random_node_30-centralised-deg4.0,scale_free,250,0.7,random_node_30,CENTRALISED,spf-static,9,6756398864036938222,0.16791155431549062,0.28063001741810734,0.20576019884153637,0.13809921816876264,0.10733294948418107,3733.7089362389297,35.145893748084056,104.03,,,True,0,0,0,0.98,3,False,992,0.0,0.254707506239999,,1.1658418999868445,2,65130,11.742752999998629
a10-scale,scale_free-n250-load0.7-random_node_30-centralised-deg4.0,scale_free,250,0.7,random_node_30,CENTRALISED,cspf,10,1589512874832468841,0.37987432100535223,0.47800765535599926,0.5053166207584958,0.33636999525492683,0.2575475893991755,7021.857824980255,64.47073319172176,155.293051004941,,,True,227,0,0,0.98,3,False,992,0.30000000000000004,0.41346414552123156,,6.610390299989376,2,43654,45.266768400004366
a10-scale,scale_free-n250-load0.7-random_node_30-centralised-deg4.0,scale_free,250,0.7,random_node_30,CENTRALISED,ecmp,10,1589512874832468841,0.3245448977060433,0.4835591186100548,0.4258921211326982,0.24337524405231162,0.24357126256944817,5999.110767696477,44.19027515550903,118.57590062005262,,,True,179,0,0,0.98,3,False,992,0.30000000000000004,0.41516458699627634,,8.76808759997948,2,43488,51.58685400002287
a10-scale,scale_free-n250-load0.7-random_node_30-centralised-deg4.0,scale_free,250,0.7,random_node_30,CENTRALISED,orbit,10,1589512874832468841,0.3961505206734457,0.48463508704409175,0.5503141780958984,0.3577513233725529,0.24352996576038485,7322.718277189482,49.40273870638333,111.8367343273869,,,True,779,2,0,0.98,3,False,992,0.30000000000000004,0.40926818146162885,,6.750970500026597,2,43632,50.971475099999225
a10-scale,scale_free-n250-load0.7-random_node_30-centralised-deg4.0,scale_free,250,0.7,random_node_30,CENTRALISED,spf-reconverge,10,1589512874832468841,0.285029938549269,0.47324427400404145,0.36160003005735186,0.21106123571523197,0.2014394955204362,5268.68912607448,48.5244986965723,154.0183599879096,,,True,145,0,0,0.98,3,False,992,0.30000000000000004,0.4217170109776996,,1.6447022999927867,2,43580,21.922872499999357
a10-scale,scale_free-n250-load0.7-random_node_30-centralised-deg4.0,scale_free,250,0.7,random_node_30,CENTRALISED,spf-static,10,1589512874832468841,0.23915624156456325,0.24775322484262557,0.31283166057189693,0.20084920909198606,0.21435053905513224,4420.728207630902,34.40224558739287,104.1500621856913,,,True,0,0,0,0.98,3,False,992,0.0,0.1452463991416105,,1.082480500015663,2,62140,16.57689900000696
a10-scale,scale_free-n250-load0.7-random_node_30-centralised-deg4.0,scale_free,250,0.7,random_node_30,CENTRALISED,cspf,11,14350642887284325941,0.43124048533099957,0.5249478503495234,0.5349821631766077,0.41436836744224076,0.2947170702304107,8759.332655603152,57.845974412499636,153.0,,,True,218,0,0,0.98,3,False,992,0.30000000000000004,0.45944330902985175,,7.228570100007346,2,40322,51.1162433999998
a10-scale,scale_free-n250-load0.7-random_node_30-centralised-deg4.0,scale_free,250,0.7,random_node_30,CENTRALISED,ecmp,11,14350642887284325941,0.3679798427053693,0.5194088239235043,0.4548134462484599,0.34216964439765674,0.2264265104235758,7474.386015354829,43.46720299221979,105.25345794877826,,,True,128,0,0,0.98,3,False,992,0.30000000000000004,0.4706927556710495,,9.07940490002511,2,40148,61.10230460000457
a10-scale,scale_free-n250-load0.7-random_node_30-centralised-deg4.0,scale_free,250,0.7,random_node_30,CENTRALISED,orbit,11,14350642887284325941,0.44063622500621974,0.526002374705619,0.5790573308760325,0.47055187872672716,0.2067426386080895,8950.178395185167,42.18032647062641,107.5454382035757,,0.0,True,758,9,0,0.98,3,False,992,0.30000000000000004,0.4557402312160908,,6.956848499976331,2,40312,58.51448519999394
a10-scale,scale_free-n250-load0.7-random_node_30-centralised-deg4.0,scale_free,250,0.7,random_node_30,CENTRALISED,spf-reconverge,11,14350642887284325941,0.3077206710286241,0.5036519901978745,0.36312285049096676,0.2653034559774071,0.19480061856178013,6250.405085404402,43.84105630324453,105.0884997005074,,,True,76,0,0,0.98,3,False,992,0.30000000000000004,0.5107581736751137,,1.6403676000190899,2,40192,22.2140227999771
a10-scale,scale_free-n250-load0.7-random_node_30-centralised-deg4.0,scale_free,250,0.7,random_node_30,CENTRALISED,spf-static,11,14350642887284325941,0.2786452524321893,0.41685497487356293,0.3160940028086853,0.2702272856520675,0.16956960414966155,5659.826806577909,39.59652927668972,104.06300278582145,,,True,0,0,0,0.98,3,False,992,0.0,0.3947461735287378,,1.1390483000141103,2,49920,18.533840199990664
a10-scale,scale_free-n250-load0.7-random_node_30-centralised-deg4.0,scale_free,250,0.7,random_node_30,CENTRALISED,cspf,12,15805455146769488774,0.42557807230986916,0.4957783470620789,0.49279628912842205,0.4265451141047548,0.31204486844070745,8532.613209931913,49.68275749911487,154.040553797411,,,True,220,0,0,0.98,3,False,992,0.30000000000000004,0.42502549914464965,,7.335026500019012,2,41514,49.523554999992484
a10-scale,scale_free-n250-load0.7-random_node_30-centralised-deg4.0,scale_free,250,0.7,random_node_30,CENTRALISED,ecmp,12,15805455146769488774,0.3306219531397051,0.49188833436801327,0.41697316434831744,0.2857366723214116,0.20738828427861225,6628.793700628634,40.90176774786813,104.08696117175734,,,True,137,0,0,0.98,3,False,992,0.30000000000000004,0.4313496769897118,,9.082113199983723,2,41328,52.98739289998775
a10-scale,scale_free-n250-load0.7-random_node_30-centralised-deg4.0,scale_free,250,0.7,random_node_30,CENTRALISED,orbit,12,15805455146769488774,0.4240026491237303,0.4973061018160961,0.5121377166621952,0.44691771473560615,0.2556975940536537,8501.026815885996,41.73791341832068,107.21192377002174,,,True,751,2,0,0.98,3,False,992,0.30000000000000004,0.42278509727193175,,7.231554000027245,2,41492,53.418335100024706
a10-scale,scale_free-n250-load0.7-random_node_30-centralised-deg4.0,scale_free,250,0.7,random_node_30,CENTRALISED,spf-reconverge,12,15805455146769488774,0.27375757975161963,0.453109522290035,0.3400374318006906,0.21299227221562203,0.18299592470204898,5488.693363897945,40.00643767503929,104.33446705255277,,,True,86,0,0,0.98,3,False,992,0.30000000000000004,0.4535947923343792,,1.6451017999788746,2,41382,19.69237630002317
a10-scale,scale_free-n250-load0.7-random_node_30-centralised-deg4.0,scale_free,250,0.7,random_node_30,CENTRALISED,spf-static,12,15805455146769488774,0.24232260151455437,0.35875342749196065,0.28630823436781655,0.20714103032685183,0.17634558369695574,4858.438827747388,33.468417022671204,104.05036715975388,,,True,0,0,0,0.98,3,False,992,0.0,0.32554071399484646,,1.0941372999805026,2,52390,16.54225620001671
a10-scale,scale_free-n250-load0.7-random_node_30-centralised-deg4.0,scale_free,250,0.7,random_node_30,CENTRALISED,cspf,13,10479942602030533286,0.321223595394545,0.4851411833707348,0.39944790587383067,0.2906150901118888,0.1878385878690937,6609.416598842177,59.526961483963156,154.05185844570235,,,True,182,0,0,0.98,3,False,992,0.30000000000000004,0.423432810370081,,6.506062300002668,2,47608,37.75344359999872
a10-scale,scale_free-n250-load0.7-random_node_30-centralised-deg4.0,scale_free,250,0.7,random_node_30,CENTRALISED,ecmp,13,10479942602030533286,0.26623922830476954,0.4392621689700763,0.3404480046330169,0.2335961415996743,0.1343592759663469,5478.0719724499995,46.08269184968008,106.14236680364762,,,True,162,0,0,0.98,3,False,992,0.30000000000000004,0.384865411756639,,8.473224900022615,2,47510,46.19517760002054
a10-scale,scale_free-n250-load0.7-random_node_30-centralised-deg4.0,scale_free,250,0.7,random_node_30,CENTRALISED,orbit,13,10479942602030533286,0.32644605684131145,0.49380368478461345,0.44110590641051944,0.30724724157997135,0.13873126320098947,6716.872663303057,58.42310526683357,155.05085396037936,,,True,766,6,0,0.98,3,False,992,0.30000000000000004,0.42021051259777703,,6.689593699993566,2,47628,43.37077360000694
a10-scale,scale_free-n250-load0.7-random_node_30-centralised-deg4.0,scale_free,250,0.7,random_node_30,CENTRALISED,spf-reconverge,13,10479942602030533286,0.22535082568122855,0.37151226032972284,0.31111445705636026,0.18619206286689885,0.10627262879553678,4636.762395959396,47.151945091616845,106.57776444401574,,,True,132,0,0,0.98,3,False,992,0.30000000000000004,0.34284914830606544,,1.5558078000030946,2,47584,16.85500859998865
a10-scale,scale_free-n250-load0.7-random_node_30-centralised-deg4.0,scale_free,250,0.7,random_node_30,CENTRALISED,spf-static,13,10479942602030533286,0.19082386183543343,0.24565654652186034,0.24040027460415325,0.1852965898036551,0.11613388465626652,3926.3441974776497,32.8822892200668,104.08634415644784,,,True,0,0,0,0.98,3,False,992,0.0,0.17285637122797734,,1.1380847999826074,2,64480,13.902876000007382
a10-scale,scale_free-n250-load0.7-random_node_30-centralised-deg4.0,scale_free,250,0.7,random_node_30,CENTRALISED,cspf,14,17682574361452637574,0.37652523148608374,0.5066397150398836,0.4533661715170174,0.37296182275652895,0.22723360033365514,7381.285180952591,62.02647658434114,155.06503131934863,,,True,198,0,0,0.98,3,False,992,0.30000000000000004,0.4376710711839966,,6.783033500018064,2,44386,45.73735489998944
a10-scale,scale_free-n250-load0.7-random_node_30-centralised-deg4.0,scale_free,250,0.7,random_node_30,CENTRALISED,ecmp,14,17682574361452637574,0.32316639488815624,0.507256698931009,0.4109338585400434,0.2707531031251706,0.19962739770311752,6335.254910155958,50.87859992301537,112.20871310225652,,,True,172,0,0,0.98,3,False,992,0.30000000000000004,0.44242334695872004,,8.651689199992688,2,44252,55.13081360000069
a10-scale,scale_free-n250-load0.7-random_node_30-centralised-deg4.0,scale_free,250,0.7,random_node_30,CENTRALISED,orbit,14,17682574361452637574,0.39003905414984263,0.5081228777199556,0.4832032325652418,0.39816291352202715,0.21551423242110399,7646.206016595744,48.48902741325626,110.66117128838528,,,True,768,3,0,0.98,3,False,992,0.30000000000000004,0.43657924358798494,,6.895371700025862,2,44384,49.77140149998013
a10-scale,scale_free-n250-load0.7-random_node_30-centralised-deg4.0,scale_free,250,0.7,random_node_30,CENTRALISED,spf-reconverge,14,17682574361452637574,0.2715133729341356,0.4895217895301247,0.3248533600332166,0.2169662872196492,0.16406662329936872,5322.664906570175,58.113400198526065,155.03034424524117,,,True,157,0,0,0.98,3,False,992,0.30000000000000004,0.4627770076155883,,1.5600484000169672,2,44384,20.411861900007352
a10-scale,scale_free-n250-load0.7-random_node_30-centralised-deg4.0,scale_free,250,0.7,random_node_30,CENTRALISED,spf-static,14,17682574361452637574,0.21522252134425623,0.25592565295773334,0.2342877562978713,0.1874208147553276,0.21123291006180503,4219.156312939751,33.378458288098756,104.06886855701396,,,True,0,0,0,0.98,3,False,992,0.0,0.16614316406029309,,1.1207840000279248,2,64480,14.966406699997606
a10-scale,scale_free-n250-load0.7-random_node_30-centralised-deg4.0,scale_free,250,0.7,random_node_30,CENTRALISED,cspf,15,4363038843906805424,0.3752141917449201,0.478890496877994,0.48141403457009185,0.3201753627494819,0.2911124206906235,7633.159303038978,63.81211833414857,156.08653744826077,,,True,190,0,0,0.98,3,False,992,0.30000000000000004,0.4026855121483057,,6.773833999992348,2,43710,42.758745400002226
a10-scale,scale_free-n250-load0.7-random_node_30-centralised-deg4.0,scale_free,250,0.7,random_node_30,CENTRALISED,ecmp,15,4363038843906805424,0.32106755035207696,0.4713142359468418,0.4043781791537038,0.2662950162020405,0.23192311320834336,6531.628634505325,47.50299512636071,124.03261968780664,,,True,161,0,0,0.98,3,False,992,0.30000000000000004,0.4099183664120821,,8.851657599996543,2,43570,51.51048709999304
a10-scale,scale_free-n250-load0.7-random_node_30-centralised-deg4.0,scale_free,250,0.7,random_node_30,CENTRALISED,orbit,15,4363038843906805424,0.38676882061357276,0.48439240759389474,0.5202658239964871,0.37448355624413965,0.22045218539401712,7868.220568796959,49.74355364020179,153.0,,,True,763,6,0,0.98,3,False,992,0.30000000000000004,0.4083702909397482,,6.732350900012534,2,43724,44.53329560000566
a10-scale,scale_free-n250-load0.7-random_node_30-centralised-deg4.0,scale_free,250,0.7,random_node_30,CENTRALISED,spf-reconverge,15,4363038843906805424,0.27571462045881917,0.44401399202522807,0.32929372824940867,0.2105636649108277,0.2191723893386705,5608.992587278889,50.49677991180577,154.01333333333332,,,True,131,0,0,0.98,3,False,992,0.30000000000000004,0.42229629086917425,,1.5816193000064231,2,43682,20.2726964999747
a10-scale,scale_free-n250-load0.7-random_node_30-centralised-deg4.0,scale_free,250,0.7,random_node_30,CENTRALISED,spf-static,15,4363038843906805424,0.22250184298946205,0.3020574146715742,0.26850892465840404,0.1703285585003383,0.20576259022938506,4526.459953073788,35.29904519510426,104.09148886415436,,,True,0,0,0,0.98,3,False,992,0.0,0.2361484510914778,,1.1139356999774463,2,60450,15.400731100002304
a10-scale,scale_free-n250-load0.7-random_node_30-centralised-deg4.0,scale_free,250,0.7,random_node_30,CENTRALISED,cspf,16,7082678466917860650,0.2943389537876659,0.5165547839370946,0.3803006383003333,0.24500128687720926,0.14933457128528038,5900.115021854704,69.14019742459111,155.0683907779914,,,True,213,0,0,0.98,3,False,992,0.30000000000000004,0.4486857399550368,,6.45837050001137,2,45758,33.07547759998124
a10-scale,scale_free-n250-load0.7-random_node_30-centralised-deg4.0,scale_free,250,0.7,random_node_30,CENTRALISED,ecmp,16,7082678466917860650,0.25347234356432924,0.4989158524783438,0.31770004045377426,0.19479419115880808,0.13004755339767957,5080.931227904923,59.54962572020582,155.050959890573,,,True,207,0,0,0.98,3,False,992,0.30000000000000004,0.4412166650526401,,8.456356300011976,2,45660,38.60456810001051
a10-scale,scale_free-n250-load0.7-random_node_30-centralised-deg4.0,scale_free,250,0.7,random_node_30,CENTRALISED,orbit,16,7082678466917860650,0.29292178096331994,0.5259323685551793,0.43140285317079463,0.24037638062098776,0.09385482035397753,5871.707355924357,67.02632796689339,159.4067084296563,,,True,806,10,0,0.98,3,False,992,0.30000000000000004,0.45827434492399155,,5.719356200017501,2,45758,37.653287799999816
a10-scale,scale_free-n250-load0.7-random_node_30-centralised-deg4.0,scale_free,250,0.7,random_node_30,CENTRALISED,spf-reconverge,16,7082678466917860650,0.2260166742921811,0.45838245604999067,0.27279447386488764,0.1681971710150002,0.12646558083637033,4530.573877567477,54.365754776089894,155.09754283831003,,,True,189,0,0,0.98,3,False,992,0.30000000000000004,0.4463358593866958,,1.5099398999882396,2,45748,17.884044399979757
a10-scale,scale_free-n250-load0.7-random_node_30-centralised-deg4.0,scale_free,250,0.7,random_node_30,CENTRALISED,spf-static,16,7082678466917860650,0.1597564824219834,0.22045533734549974,0.17916042715689087,0.14771550079570503,0.1221170885563977,3202.367915109813,25.24838134904477,104.02968106882464,,,True,0,0,0,0.98,3,False,992,0.0,0.13248431343733963,,1.097288099990692,2,69940,12.649271900008898
a10-scale,scale_free-n250-load0.7-random_node_30-centralised-deg4.0,scale_free,250,0.7,random_node_30,CENTRALISED,cspf,17,15702227726637969421,0.3745426230580483,0.4673009034391169,0.4642228560373438,0.36921783575156175,0.2361930908579945,7027.4642823194245,59.562310936823444,155.10928677826843,,,True,208,0,0,0.98,3,False,992,0.30000000000000004,0.3892573169949165,,6.647535999974934,2,44946,43.13296410001931
a10-scale,scale_free-n250-load0.7-random_node_30-centralised-deg4.0,scale_free,250,0.7,random_node_30,CENTRALISED,ecmp,17,15702227726637969421,0.3250732601027458,0.46810496601970814,0.40906288094576404,0.305517088529748,0.180661279810055,6099.281053401298,47.3413257473998,106.09691185551837,,,True,170,0,0,0.98,3,False,992,0.30000000000000004,0.39295974245593157,,7.062642200005939,2,44788,45.481962099991506
a10-scale,scale_free-n250-load0.7-random_node_30-centralised-deg4.0,scale_free,250,0.7,random_node_30,CENTRALISED,orbit,17,15702227726637969421,0.3918679615557918,0.4678268256829244,0.4889270287945267,0.4308349860216819,0.19821693190280734,7352.535956346538,55.30786509077837,154.05285101695685,,,True,775,1,0,0.98,3,False,992,0.30000000000000004,0.3892573169949165,,6.920737499982351,2,44924,47.077669899998
a10-scale,scale_free-n250-load0.7-random_node_30-centralised-deg4.0,scale_free,250,0.7,random_node_30,CENTRALISED,spf-reconverge,17,15702227726637969421,0.28694551616154,0.4528971809322334,0.34908544978752204,0.26384886395787394,0.15506436249852606,5383.898231215217,52.83481825515931,154.01996318150552,,,True,145,0,0,0.98,3,False,992,0.30000000000000004,0.4178594692397803,,1.605751600000076,2,44880,22.13748519998626
a10-scale,scale_free-n250-load0.7-random_node_30-centralised-deg4.0,scale_free,250,0.7,random_node_30,CENTRALISED,spf-static,17,15702227726637969421,0.22554714145425392,0.30602863622928284,0.2686283501570315,0.2050548780683144,0.16089704838130206,4231.8934694473,33.258748022621994,104.05805404267224,,,True,0,0,0,0.98,3,False,992,0.0,0.23051537142384937,,1.132106599980034,2,63440,15.963610500009963
a10-scale,scale_free-n250-load0.7-random_node_30-centralised-deg4.0,scale_free,250,0.7,random_node_30,CENTRALISED,cspf,18,1789099945737430317,0.39112139945296653,0.5023691999689137,0.4751676258560766,0.3706108756085036,0.2724689683816071,8206.271434620761,57.030752433183146,153.0,,,True,182,0,0,0.98,3,False,992,0.30000000000000004,0.4307435653668105,,5.841149200045038,2,44970,39.86365669997758
a10-scale,scale_free-n250-load0.7-random_node_30-centralised-deg4.0,scale_free,250,0.7,random_node_30,CENTRALISED,ecmp,18,1789099945737430317,0.31541795645948106,0.4999404778246505,0.3975070795540941,0.24909390786914062,0.2191010345519276,6617.907815016287,44.50526600347685,106.16066247633131,,,True,124,0,0,0.98,3,False,992,0.30000000000000004,0.4245547139606667,,8.76254080000217,2,44820,45.37279610001133
a10-scale,scale_free-n250-load0.7-random_node_30-centralised-deg4.0,scale_free,250,0.7,random_node_30,CENTRALISED,orbit,18,1789099945737430317,0.39251701485210316,0.5030678630101708,0.5184965512562156,0.37986383855195055,0.22244281499634624,8235.553388509426,44.5661303939842,111.20084264969107,,0.2,True,748,7,0,0.98,3,False,992,0.30000000000000004,0.4296869333869376,,7.123146200028714,2,44990,43.08317200001329
a10-scale,scale_free-n250-load0.7-random_node_30-centralised-deg4.0,scale_free,250,0.7,random_node_30,CENTRALISED,spf-reconverge,18,1789099945737430317,0.25495505024146264,0.4720059857604704,0.3090651558443229,0.16700678499399185,0.19684413091226224,5349.311873078457,44.716513790698336,153.0,,,True,78,0,0,0.98,3,False,992,0.30000000000000004,0.4968621196843093,,1.6076391999959014,2,44876,16.504186999984086
a10-scale,scale_free-n250-load0.7-random_node_30-centralised-deg4.0,scale_free,250,0.7,random_node_30,CENTRALISED,spf-static,18,1789099945737430317,0.2424824005456332,0.3603277425647482,0.27477755707175344,0.1967521523527064,0.20530060577835074,5087.618319475735,33.26055042524101,104.07736730373934,,,True,0,0,0,0.98,3,False,992,0.0,0.34107261973405245,,1.1222338999796193,2,54860,15.641647200012812
a10-scale,scale_free-n250-load0.7-random_node_30-centralised-deg4.0,scale_free,250,0.7,random_node_30,CENTRALISED,cspf,19,8792024878586286984,0.33297842928415505,0.4753937352390984,0.40474995807293157,0.3379569059574324,0.16544556353793335,6619.16610127831,65.52534056009691,155.18496929102443,,,True,192,0,0,0.98,3,False,992,0.30000000000000004,0.4030707472678775,,3.955840900016483,2,46096,36.05718689999776
a10-scale,scale_free-n250-load0.7-random_node_30-centralised-deg4.0,scale_free,250,0.7,random_node_30,CENTRALISED,ecmp,19,8792024878586286984,0.26812560447542094,0.4770205098978428,0.33048061935563644,0.24217647475045792,0.11427323813450395,5329.978629077867,52.67884900435212,127.70364982978563,,,True,183,0,0,0.98,3,False,992,0.30000000000000004,0.40301631515597125,,4.794264600001043,2,45974,39.69678019999992
a10-scale,scale_free-n250-load0.7-random_node_30-centralised-deg4.0,scale_free,250,0.7,random_node_30,CENTRALISED,orbit,19,8792024878586286984,0.3342074676457729,0.47671613363143633,0.4655968136353001,0.3409185789788474,0.1003811310939988,6643.597741123211,54.71131945383275,153.0,,,True,788,6,0,0.98,3,False,992,0.30000000000000004,0.39999805768342744,,3.6007677000015974,2,46122,39.720059300016146
a10-scale,scale_free-n250-load0.7-random_node_30-centralised-deg4.0,scale_free,250,0.7,random_node_30,CENTRALISED,spf-reconverge,19,8792024878586286984,0.23113058445703313,0.44753321039438465,0.26786360501941986,0.20474140954327713,0.10090746749593373,4594.567080202866,48.532366088385224,106.15496483706474,,,True,146,0,0,0.98,3,False,992,0.30000000000000004,0.4417458981923426,,1.287664199975552,2,46052,13.709077399980742
a10-scale,scale_free-n250-load0.7-random_node_30-centralised-deg4.0,scale_free,250,0.7,random_node_30,CENTRALISED,spf-static,19,8792024878586286984,0.1850894749808553,0.290218528745865,0.24004361914853306,0.17436091933715808,0.07919762182461719,3679.3313642883945,34.92507440411866,104.0552301603617,,,True,0,0,0,0.98,3,False,992,0.0,0.2302765334143822,,1.1326055000245105,2,64740,8.78788750001695
a10-scale,scale_free-n250-load0.7-random_node_30-centralised-deg4.0,scale_free,250,0.7,random_node_30,CENTRALISED,cspf,20,16851228957607744811,0.2779632838906255,0.4548593768410616,0.3381507156925856,0.25955307375675346,0.14755581900703277,5671.758160873386,71.88071775714909,158.28369722825033,,,True,189,0,0,0.98,3,False,992,0.30000000000000004,0.3855659682588178,,6.291948300000513,2,48832,33.29676940001082
a10-scale,scale_free-n250-load0.7-random_node_30-centralised-deg4.0,scale_free,250,0.7,random_node_30,CENTRALISED,ecmp,20,16851228957607744811,0.24012572104953464,0.4759332527586857,0.28233862489709705,0.18985521276183695,0.1369499050570922,4899.693941355959,55.14983235221909,130.14447150725005,,,True,190,0,0,0.98,3,False,992,0.30000000000000004,0.403826045044234,,7.846756599959917,2,48754,40.746258700004546
a10-scale,scale_free-n250-load0.7-random_node_30-centralised-deg4.0,scale_free,250,0.7,random_node_30,CENTRALISED,orbit,20,16851228957607744811,0.27686696167012814,0.49009758790877683,0.38476458604609165,0.2455913545936659,0.09844966627809663,5649.388031933984,65.24544479300792,158.14265951045613,,,True,783,3,0,0.98,3,False,992,0.30000000000000004,0.4168256688400194,,6.548409899958642,2,48838,37.39514770000824
a10-scale,scale_free-n250-load0.7-random_node_30-centralised-deg4.0,scale_free,250,0.7,random_node_30,CENTRALISED,spf-reconverge,20,16851228957607744811,0.2129173546232355,0.4597069075706466,0.23920114434245932,0.163035595091384,0.11819948363904409,4344.515314299884,65.35947559404873,156.11489573863818,,,True,183,0,0,0.98,3,False,992,0.30000000000000004,0.43246247404388627,,0.8035477999947034,2,48856,16.360932699986733
a10-scale,scale_free-n250-load0.7-random_node_30-centralised-deg4.0,scale_free,250,0.7,random_node_30,CENTRALISED,spf-static,20,16851228957607744811,0.13154941423558164,0.1698182590011627,0.17408288283416334,0.12420614469953838,0.07992559663886757,2684.2266838463447,33.91587225342952,104.09622368261937,,,True,0,0,0,0.98,3,False,992,0.0,0.06062627147101399,,0.3498192000261042,2,72280,8.248134900000878
a10-scale,scale_free-n250-load0.7-random_node_30-centralised-deg4.0,scale_free,250,0.7,random_node_30,CENTRALISED,cspf,21,16242621524753350937,0.36967791077889595,0.6249294347764908,0.4184845239459568,0.3216079808148303,0.2357831978246538,7825.681726239765,61.80499345457408,154.0590812925348,,,True,195,0,0,0.98,3,False,992,0.30000000000000004,0.5730070134373163,,6.834030099998927,2,41516,34.847601799992844
a10-scale,scale_free-n250-load0.7-random_node_30-centralised-deg4.0,scale_free,250,0.7,random_node_30,CENTRALISED,ecmp,21,16242621524753350937,0.3047437032764131,0.6132837582429578,0.35212706159138346,0.2290416973617678,0.17788611670776153,6451.094751352949,53.945954892724586,154.0173831916984,,,True,155,0,0,0.98,3,False,992,0.30000000000000004,0.5562530684840593,,8.679302100004861,2,41324,37.023517000023276
a10-scale,scale_free-n250-load0.7-random_node_30-centralised-deg4.0,scale_free,250,0.7,random_node_30,CENTRALISED,orbit,21,16242621524753350937,0.3869310902899164,0.6262792735619395,0.4919651289174756,0.3671405269376144,0.1695657113078531,8190.912884721618,49.575032456758024,110.55692173761437,,,True,772,12,0,0.98,3,False,992,0.30000000000000004,0.5729121878049489,,6.805867999995826,2,41526,35.5014097999956
a10-scale,scale_free-n250-load0.7-random_node_30-centralised-deg4.0,scale_free,250,0.7,random_node_30,CENTRALISED,spf-reconverge,21,16242621524753350937,0.2685687985569934,0.5769895362425246,0.30868027581005975,0.19069369858707164,0.15179720188354723,5685.311125778022,53.61522904849802,154.02923717281178,,,True,106,0,0,0.98,3,False,992,0.30000000000000004,0.6040725734229787,,1.6196382000052836,2,41422,19.710722399991937
a10-scale,scale_free-n250-load0.7-random_node_30-centralised-deg4.0,scale_free,250,0.7,random_node_30,CENTRALISED,spf-static,21,16242621524753350937,0.2319396697115799,0.41540760695287926,0.2521638548740855,0.19137419094017472,0.15827879751441123,4909.912066500503,47.30161280088035,154.0132715642225,,,True,0,0,0,0.98,3,False,992,0.0,0.3894454091266305,,1.1122084999806248,2,54990,16.37258780002594
a10-scale,scale_free-n250-load0.7-random_node_30-centralised-deg4.0,scale_free,250,0.7,random_node_30,CENTRALISED,cspf,22,18069470674087442685,0.3498410762417472,0.4555771799219397,0.4399199365839454,0.33946241370985525,0.20500598870590217,6710.852457225722,62.255117792656954,157.0869781649616,,,True,215,0,0,0.98,3,False,992,0.30000000000000004,0.380354187279788,,4.846747599978698,2,44564,25.82501929998398
a10-scale,scale_free-n250-load0.7-random_node_30-centralised-deg4.0,scale_free,250,0.7,random_node_30,CENTRALISED,ecmp,22,18069470674087442685,0.29301911993893914,0.4525752416430047,0.37589961640409403,0.26741960449382385,0.14398798229267842,5620.861055485437,49.730424806506015,153.0,,,True,191,0,0,0.98,3,False,992,0.30000000000000004,0.3771439193898281,,6.4617476999992505,2,44434,27.838853400025982
a10-scale,scale_free-n250-load0.7-random_node_30-centralised-deg4.0,scale_free,250,0.7,random_node_30,CENTRALISED,orbit,22,18069470674087442685,0.35048798264034964,0.463090076264269,0.4757094583237245,0.3666900294021498,0.12590422761624864,6723.261787317241,57.53332759166418,156.11995816318841,,,True,791,4,0,0.98,3,False,992,0.30000000000000004,0.3843544530173782,,5.0289440999913495,2,44564,26.60895240001264
a10-scale,scale_free-n250-load0.7-random_node_30-centralised-deg4.0,scale_free,250,0.7,random_node_30,CENTRALISED,spf-reconverge,22,18069470674087442685,0.2465332404847947,0.40255506182101397,0.3087505732808311,0.2165128204736748,0.12762267470283134,4729.142216427289,53.08935894090501,155.04210262676546,,,True,160,0,0,0.98,3,False,992,0.30000000000000004,0.32814607888803893,,1.4360242999973707,2,44520,18.245617699983995
a10-scale,scale_free-n250-load0.7-random_node_30-centralised-deg4.0,scale_free,250,0.7,random_node_30,CENTRALISED,spf-static,22,18069470674087442685,0.1939150383323867,0.2767712094812519,0.2493362765365389,0.18035758331769888,0.10408885640242614,3719.789641244611,36.08715984518607,104.09424443336664,,,True,0,0,0,0.98,3,False,992,0.0,0.17593093979990018,,1.1107900999777485,2,65000,14.43696579997777
a10-scale,scale_free-n250-load0.7-random_node_30-centralised-deg4.0,scale_free,250,0.7,random_node_30,CENTRALISED,cspf,23,1321531222858071164,0.2982160305324492,0.5412449722548602,0.3746137102110515,0.2409307352279967,0.15168614510631281,5915.681942728655,71.83850963427979,159.88406131219304,,,True,195,0,0,0.98,3,False,992,0.30000000000000004,0.48431305037513034,,4.788611600000877,2,47526,19.82422070001485
a10-scale,scale_free-n250-load0.7-random_node_30-centralised-deg4.0,scale_free,250,0.7,random_node_30,CENTRALISED,ecmp,23,1321531222858071164,0.2629933766773625,0.5557639637843641,0.32908892026739994,0.1865829642059,0.12323050450528152,5216.973637164089,59.49044313900727,155.05019298757466,,,True,186,0,0,0.98,3,False,992,0.30000000000000004,0.5101841568669857,,6.41764709999552,2,47462,24.117340600001626
a10-scale,scale_free-n250-load0.7-random_node_30-centralised-deg4.0,scale_free,250,0.7,random_node_30,CENTRALISED,orbit,23,1321531222858071164,0.30673927291211667,0.5629361244900165,0.425600130143768,0.24382543106906102,0.11632541699234794,6084.756659969289,62.74721438712923,158.33766376449236,,,True,784,5,0,0.98,3,False,992,0.30000000000000004,0.5015904790154331,,4.788786899967818,2,47542,19.509079799987376
a10-scale,scale_free-n250-load0.7-random_node_30-centralised-deg4.0,scale_free,250,0.7,random_node_30,CENTRALISED,spf-reconverge,23,1321531222858071164,0.22818183681045523,0.5418886956826108,0.27950634146335207,0.14492135579238508,0.10035527704854132,4526.420559177109,64.42148855541666,206.0805143579062,,,True,174,0,0,0.98,3,False,992,0.30000000000000004,0.5181936229411046,,1.4197009999770671,2,47538,15.277566300006583
a10-scale,scale_free-n250-load0.7-random_node_30-centralised-deg4.0,scale_free,250,0.7,random_node_30,CENTRALISED,spf-static,23,1321531222858071164,0.1609874885091511,0.2629590682653295,0.16758840736417022,0.14344692409931017,0.11680478102281289,3193.4929087428636,29.696620674008305,104.08035019769127,,,True,0,0,0,0.98,3,False,992,0.0,0.1696685984311818,,1.0382886000152212,2,69810,12.601388700015377
a10-scale,scale_free-n250-load0.7-random_node_30-centralised-deg4.0,scale_free,250,0.7,random_node_30,CENTRALISED,cspf,24,790749575478983918,0.2847555173612289,0.4397494817100349,0.33863781005855237,0.26881872592369527,0.15857473785691573,5637.511171858482,66.80897031144815,158.13854953000217,,,True,172,0,0,0.98,3,False,992,0.30000000000000004,0.3574831340976231,,4.099841800023569,2,51784,12.747249700012617
a10-scale,scale_free-n250-load0.7-random_node_30-centralised-deg4.0,scale_free,250,0.7,random_node_30,CENTRALISED,ecmp,24,790749575478983918,0.23022559673152868,0.42481577433658374,0.2825251735071511,0.1771578930320074,0.13214162850839442,4557.942847426264,56.29310059300217,153.0,,,True,162,0,0,0.98,3,False,992,0.30000000000000004,0.3451565474971678,,4.980514399998356,2,51732,14.232769599999301
a10-scale,scale_free-n250-load0.7-random_node_30-centralised-deg4.0,scale_free,250,0.7,random_node_30,CENTRALISED,orbit,24,790749575478983918,0.2859233428165176,0.4463279944660402,0.41329062883171463,0.24275424382984487,0.12145794336931554,5660.631458032321,64.93421733460951,158.15180077865108,,,True,762,11,0,0.98,3,False,992,0.30000000000000004,0.3649684155357567,,3.6627250000019558,2,51786,13.783565099991392
a10-scale,scale_free-n250-load0.7-random_node_30-centralised-deg4.0,scale_free,250,0.7,random_node_30,CENTRALISED,spf-reconverge,24,790749575478983918,0.1918842123397358,0.38207620179014345,0.22526494246613477,0.14904129931766286,0.10110079555137182,3798.8706971962333,53.85221225536862,156.05955720008836,,,True,145,0,0,0.98,3,False,992,0.30000000000000004,0.33666567025884947,,1.1602811999910045,2,51770,7.9586142000043765
a10-scale,scale_free-n250-load0.7-random_node_30-centralised-deg4.0,scale_free,250,0.7,random_node_30,CENTRALISED,spf-static,24,790749575478983918,0.14914493248431226,0.20825394185411625,0.1502359157307308,0.16654660542100455,0.08801803361627603,2952.730225907363,29.722373390827773,104.04431288746778,,,True,0,0,0,0.98,3,False,992,0.0,0.1116244758558969,,1.0210887000139337,2,70330,9.063251300016418
a10-scale,scale_free-n250-load0.7-random_node_30-centralised-deg4.0,scale_free,250,0.7,random_node_30,CENTRALISED,cspf,25,4121729705606796424,0.33890728235561995,0.47987240316365887,0.4345338441231081,0.3131278572633931,0.19058564980093634,6280.859427301441,66.38462115799179,158.1536881545622,,,True,223,0,0,0.98,3,False,992,0.30000000000000004,0.40731100669024145,,1.8821868999802973,2,43412,12.761423299991293
a10-scale,scale_free-n250-load0.7-random_node_30-centralised-deg4.0,scale_free,250,0.7,random_node_30,CENTRALISED,ecmp,25,4121729705606796424,0.2946195931451235,0.4622077279859996,0.38305936766483734,0.24545141724096897,0.17058148144281962,5460.089957971299,55.66602846329317,154.08073337343905,,,True,201,0,0,0.98,3,False,992,0.30000000000000004,0.3880707740173831,,2.2880013000103645,2,43300,14.971858400007477
a10-scale,scale_free-n250-load0.7-random_node_30-centralised-deg4.0,scale_free,250,0.7,random_node_30,CENTRALISED,orbit,25,4121729705606796424,0.3613830208169943,0.48949723156191954,0.49025989598840913,0.3506028079286106,0.16540012135570212,6697.39504382607,55.675619392978064,156.3456164672592,,,True,796,7,0,0.98,3,False,992,0.30000000000000004,0.4151184578833062,,1.9359161999891512,2,43398,14.607966400013538
a10-scale,scale_free-n250-load0.7-random_node_30-centralised-deg4.0,scale_free,250,0.7,random_node_30,CENTRALISED,spf-reconverge,25,4121729705606796424,0.2513530271706611,0.42250636926835566,0.324413588404075,0.20476726386091015,0.13730265735511105,4658.244636446134,54.34086732031081,156.07637084563234,,,True,173,0,0,0.98,3,False,992,0.30000000000000004,0.35483263737947407,,0.6750579999934416,2,43376,6.296715000004042
a10-scale,scale_free-n250-load0.7-random_node_30-centralised-deg4.0,scale_free,250,0.7,random_node_30,CENTRALISED,spf-static,25,4121729705606796424,0.19894941687174902,0.2880828272764687,0.2119382400305324,0.1614869857087343,0.18410646006317977,3687.06541750807,28.63803208458952,104.08380753912519,,,True,0,0,0,0.98,3,False,992,0.0,0.19127701906574576,,0.9167722999700345,2,65520,5.27197729999898
a10-scale,scale_free-n250-load0.7-random_node_30-centralised-deg4.0,scale_free,250,0.7,random_node_30,CENTRALISED,cspf,26,13699328925870554055,0.25548427031546944,0.4592320004013209,0.33641203925740815,0.19410715313140495,0.13201631848417947,5532.730418002913,76.23799167012105,157.1600215732566,,,True,181,0,0,0.98,3,False,992,0.30000000000000004,0.39435791657559943,,1.7594736000173725,2,50142,9.751014300010866
a10-scale,scale_free-n250-load0.7-random_node_30-centralised-deg4.0,scale_free,250,0.7,random_node_30,CENTRALISED,ecmp,26,13699328925870554055,0.23106597571622786,0.4508458181650401,0.29289312594643196,0.1659083259995595,0.12193220478903793,5003.931360753087,60.98657814175101,156.12330647832763,,,True,177,0,0,0.98,3,False,992,0.30000000000000004,0.4077842648272629,,2.3932281999732368,2,50062,11.52249530001427
a10-scale,scale_free-n250-load0.7-random_node_30-centralised-deg4.0,scale_free,250,0.7,random_node_30,CENTRALISED,orbit,26,13699328925870554055,0.2639421028841485,0.480762270684031,0.39391053902785056,0.1987335482353663,0.08848216077563949,5715.892017209489,72.51826174010478,163.10303604457613,,,True,774,12,0,0.98,3,False,992,0.30000000000000004,0.4057059665086291,,1.781825599988224,2,50120,11.087674600013997
a10-scale,scale_free-n250-load0.7-random_node_30-centralised-deg4.0,scale_free,250,0.7,random_node_30,CENTRALISED,spf-reconverge,26,13699328925870554055,0.2028658543825792,0.4011367961718461,0.2351974971366329,0.15378133117106643,0.11438418622791208,4393.233610549544,60.83849532950256,156.15823915240398,,,True,168,0,0,0.98,3,False,992,0.30000000000000004,0.3992128966902352,,0.45472439998411573,2,50126,4.423542800010182
a10-scale,scale_free-n250-load0.7-random_node_30-centralised-deg4.0,scale_free,250,0.7,random_node_30,CENTRALISED,spf-static,26,13699328925870554055,0.13124011341108902,0.19019906940606804,0.16301227057148773,0.10277296128097242,0.10206372134681994,2842.1169202905653,29.476364905435098,104.0583871386328,,,True,0,0,0,0.98,3,False,992,0.0,0.10624982063646347,,0.2806890000065323,2,71630,3.095115900010569
a10-scale,scale_free-n250-load0.7-random_node_30-centralised-deg4.0,scale_free,250,0.7,random_node_30,CENTRALISED,cspf,27,10097293012767914269,0.3136178541153173,0.514469304208015,0.35729713230307775,0.2904385378610582,0.18194467856310234,6462.754636738079,64.29796517438194,155.03570124264922,,,True,182,0,0,0.98,3,False,992,0.30000000000000004,0.4624467160209849,,1.8853785000392236,2,46210,11.29185919999145
a10-scale,scale_free-n250-load0.7-random_node_30-centralised-deg4.0,scale_free,250,0.7,random_node_30,CENTRALISED,ecmp,27,10097293012767914269,0.2602640697264868,0.46400184916087944,0.29329691800241187,0.23044768881545954,0.14707146589080902,5363.2878400561185,49.891272460468635,115.05187036155473,,,True,159,0,0,0.98,3,False,992,0.30000000000000004,0.4416757915815416,,2.278707799996482,2,46098,11.710515599988867
a10-scale,scale_free-n250-load0.7-random_node_30-centralised-deg4.0,scale_free,250,0.7,random_node_30,CENTRALISED,orbit,27,10097293012767914269,0.3207631595255951,0.5238288258514682,0.38641096482757864,0.32235100341839257,0.13008503999613721,6609.998663394172,54.86699137161209,111.94668833762253,,,True,783,3,0,0.98,3,False,992,0.30000000000000004,0.45520508740226323,,1.8283039999951143,2,46238,12.440861400013091
a10-scale,scale_free-n250-load0.7-random_node_30-centralised-deg4.0,scale_free,250,0.7,random_node_30,CENTRALISED,spf-reconverge,27,10097293012767914269,0.2298600360324463,0.44636196941517403,0.24399994645505654,0.1899133329326714,0.14247671842087622,4736.748862273783,47.12464900455618,105.0733007664886,,,True,147,0,0,0.98,3,False,992,0.30000000000000004,0.4664869069138449,,0.41933309999876656,2,46184,4.943409400002565
a10-scale,scale_free-n250-load0.7-random_node_30-centralised-deg4.0,scale_free,250,0.7,random_node_30,CENTRALISED,spf-static,27,10097293012767914269,0.1813538967180039,0.29784945240660404,0.1953366428398496,0.16278017819060725,0.1237421138681129,3737.177974803172,34.27542109544731,104.02478505105691,,,True,0,0,0,0.98,3,False,992,0.0,0.25795032077723545,,0.27030120001290925,2,65000,3.7487847000011243
a10-scale,scale_free-n250-load0.7-random_node_30-centralised-deg4.0,scale_free,250,0.7,random_node_30,CENTRALISED,cspf,28,17613766892591118918,0.37030526677548903,0.5034974430438943,0.4176361253748084,0.3296791363319806,0.3016274627851304,7526.874865645231,67.63578363597236,155.08166849864335,,,True,196,0,0,0.98,3,False,992,0.30000000000000004,0.43249889545924347,,1.8485418999916874,2,44250,12.686757599993143
a10-scale,scale_free-n250-load0.7-random_node_30-centralised-deg4.0,scale_free,250,0.7,random_node_30,CENTRALISED,ecmp,28,17613766892591118918,0.3163762061816881,0.5038199330284797,0.37301286587532295,0.25748060416999646,0.23246223885304312,6430.705496394966,49.592741513764786,129.02538453820029,,,True,181,0,0,0.98,3,False,992,0.30000000000000004,0.4367567438218228,,2.3352458000008482,2,44112,14.552985499991337
a10-scale,scale_free-n250-load0.7-random_node_30-centralised-deg4.0,scale_free,250,0.7,random_node_30,CENTRALISED,orbit,28,17613766892591118918,0.37297973474681684,0.5042703781545211,0.45906747973694517,0.36772716198984834,0.2142023074163699,7581.236462842187,61.5796925086787,156.6478155650193,,0.0,True,771,5,0,0.98,3,False,992,0.30000000000000004,0.43157077022062,,1.9076176999951713,2,44264,14.85644480001065
a10-scale,scale_free-n250-load0.7-random_node_30-centralised-deg4.0,scale_free,250,0.7,random_node_30,CENTRALISED,spf-reconverge,28,17613766892591118918,0.26695352505973247,0.4620484383733735,0.31089698284085326,0.20532911857977526,0.19548261440646095,5426.133404917843,54.70123925648774,154.02567715250774,,,True,155,0,0,0.98,3,False,992,0.30000000000000004,0.429110430380332,,0.49243150002439506,2,44250,5.7688492000161204
a10-scale,scale_free-n250-load0.7-random_node_30-centralised-deg4.0,scale_free,250,0.7,random_node_30,CENTRALISED,spf-static,28,17613766892591118918,0.20508392772385114,0.3103469205960842,0.20006511098514576,0.1758925047580408,0.19009480376966031,4168.563613404793,35.894546207096035,104.18633518906127,,,True,0,0,0,0.98,3,False,992,0.0,0.23571342181086086,,0.29329539998434484,2,64090,4.149127299984684
a10-scale,scale_free-n250-load0.7-random_node_30-centralised-deg4.0,scale_free,250,0.7,random_node_30,CENTRALISED,cspf,29,8224347337519550512,0.3414229204602493,0.5144426483359538,0.38882613297416063,0.33424886306734075,0.18997644822257384,6967.68488788633,59.6001396943814,154.07629364547,,,True,184,0,0,0.98,3,False,992,0.30000000000000004,0.44380822634932404,,1.8472793999826536,2,46848,11.73521260000416
a10-scale,scale_free-n250-load0.7-random_node_30-centralised-deg4.0,scale_free,250,0.7,random_node_30,CENTRALISED,ecmp,29,8224347337519550512,0.2774682284837915,0.5006488344539297,0.33581542460797986,0.21990847524436571,0.1547437335665321,5662.5114092192125,47.48184891802432,105.11195828275483,,,True,161,0,0,0.98,3,False,992,0.30000000000000004,0.43295171477513356,,2.491289300000062,2,46688,13.577750800002832
a10-scale,scale_free-n250-load0.7-random_node_30-centralised-deg4.0,scale_free,250,0.7,random_node_30,CENTRALISED,orbit,29,8224347337519550512,0.351159866900335,0.5146096453922011,0.4307610680049924,0.37071032911987034,0.13225218369674888,7166.394378371878,59.19279581983083,155.06247037790726,,,True,767,1,0,0.98,3,False,992,0.30000000000000004,0.44380822634932404,,1.9312668000347912,2,46852,13.765569200011669
a10-scale,scale_free-n250-load0.7-random_node_30-centralised-deg4.0,scale_free,250,0.7,random_node_30,CENTRALISED,spf-reconverge,29,8224347337519550512,0.23599100283293398,0.48954937227076645,0.25375807469479617,0.18487960231473682,0.12882339822705677,4816.053186762005,49.71985124945333,106.59527079836374,,,True,130,0,0,0.98,3,False,992,0.30000000000000004,0.4424408612308919,,0.4131747000210453,2,46800,5.185876800009282
a10-scale,scale_free-n250-load0.7-random_node_30-centralised-deg4.0,scale_free,250,0.7,random_node_30,CENTRALISED,spf-static,29,8224347337519550512,0.1889287247718904,0.3477142335203447,0.1958460412779682,0.17529229560482626,0.09993835837211851,3855.6164264138793,43.83577502667032,104.17558860678457,,,True,0,0,0,0.98,3,False,992,0.0,0.2677724080068302,,0.2827644000062719,2,63440,4.052750400005607
a10-scale,scale_free-n50-load0.7-critical_link-centralised-deg4.0,scale_free,50,0.7,critical_link,CENTRALISED,cspf,0,1050211518712528876,0.8136435120571913,1.0,0.9387329078455856,0.8304275457662768,0.5573792317579489,4063.337439880794,40.11504708735477,104.10424124182636,0.0,0.0,False,37,0,0,0.98,3,False,192,0.30000000000000004,1.0,,0.12419100000988692,2,6,2.420675699977437
a10-scale,scale_free-n50-load0.7-critical_link-centralised-deg4.0,scale_free,50,0.7,critical_link,CENTRALISED,ecmp,0,1050211518712528876,0.6970520219895335,1.0,0.8995153907188561,0.6709920308664257,0.35320711587266307,3481.0792890530597,39.489000308989034,103.04301947719779,0.0,0.0,False,9,0,0,0.98,3,False,192,0.30000000000000004,1.0,,0.19420709999394603,2,4,3.237814000021899
a10-scale,scale_free-n50-load0.7-critical_link-centralised-deg4.0,scale_free,50,0.7,critical_link,CENTRALISED,orbit,0,1050211518712528876,0.7927975812525991,0.9993893282995533,0.9996624760020167,0.892179683982116,0.3356110376347397,3959.2328168459467,39.259565907894164,105.15936115429469,0.0,0.0,False,148,0,0,0.98,3,False,192,0.30000000000000004,1.0,,0.09312789997784421,2,6,2.6442882000119425
a10-scale,scale_free-n50-load0.7-critical_link-centralised-deg4.0,scale_free,50,0.7,critical_link,CENTRALISED,spf-reconverge,0,1050211518712528876,0.6073961493764691,0.9906406792562383,0.7631902274100062,0.5285428082381205,0.32873683335080767,3033.337669418243,42.00926298462545,103.19232610825222,0.0,0.2,True,9,0,0,0.98,3,False,192,0.30000000000000004,1.0,,0.02616779998061247,2,18,1.5519655999960378
a10-scale,scale_free-n50-load0.7-critical_link-centralised-deg4.0,scale_free,50,0.7,critical_link,CENTRALISED,spf-static,0,1050211518712528876,0.6037510911541085,0.9515576904276484,0.7205270422699908,0.5366764245705911,0.3679822298421368,3015.1342408577234,36.617562102836736,103.0505947874822,0.0,0.0,True,0,0,0,0.98,3,False,192,0.0,0.9537953945895775,,0.012589599995408207,2,1170,1.4540565000206698
a10-scale,scale_free-n50-load0.7-critical_link-centralised-deg4.0,scale_free,50,0.7,critical_link,CENTRALISED,cspf,1,9388715195686427012,0.8572964891255686,0.999182564595237,0.959211748347053,0.8620750604555727,0.67357407906499,3944.402402634514,40.7831793412879,105.45298787829833,0.2,0.2,True,53,0,0,0.98,3,False,192,0.30000000000000004,1.0,,0.12126399998669513,2,6,2.579010199988261
a10-scale,scale_free-n50-load0.7-critical_link-centralised-deg4.0,scale_free,50,0.7,critical_link,CENTRALISED,ecmp,1,9388715195686427012,0.7859138608446941,1.0,0.9272839102683285,0.7723401088361488,0.5479236616377597,3615.9724906158176,40.263773989362484,103.03296257541513,0.0,0.0,False,5,0,0,0.98,3,False,192,0.30000000000000004,1.0,,0.1696189999638591,2,6,3.253383799979929
a10-scale,scale_free-n50-load0.7-critical_link-centralised-deg4.0,scale_free,50,0.7,critical_link,CENTRALISED,orbit,1,9388715195686427012,0.8449830219315285,0.9993638056004381,0.9905600110117623,0.8640933220636695,0.5944088668969899,3887.7484092949726,38.25400051283843,104.06247715906255,0.0,0.0,False,151,0,0,0.98,3,False,192,0.30000000000000004,1.0,,0.08563839999260381,2,8,2.7075486999819987
a10-scale,scale_free-n50-load0.7-critical_link-centralised-deg4.0,scale_free,50,0.7,critical_link,CENTRALISED,spf-reconverge,1,9388715195686427012,0.7014771133933831,0.9535639148724342,0.8595839660295561,0.6115952103936995,0.5276022383092037,3227.4808617077097,44.65867115817536,104.05426185570651,0.0,0.0,False,4,0,0,0.98,3,False,192,0.30000000000000004,1.0,,0.034019699989585206,2,8,1.7461309999926016
a10-scale,scale_free-n50-load0.7-critical_link-centralised-deg4.0,scale_free,50,0.7,critical_link,CENTRALISED,spf-static,1,9388715195686427012,0.6956414461014786,0.9535639148724342,0.8419413160843323,0.6082923836546965,0.5259012692251065,3200.631084088018,42.330996068448805,104.02791654461723,0.0,0.0,False,0,0,0,0.98,3,False,192,0.0,1.0,,0.014166400011163205,2,520,1.6161995999864303
a10-scale,scale_free-n50-load0.7-critical_link-centralised-deg4.0,scale_free,50,0.7,critical_link,CENTRALISED,cspf,2,3330133679222496696,0.8661311313066458,0.9996581802744773,0.9548672316217838,0.8722606532931735,0.6859556168490786,4113.265541616998,41.621827333911035,107.11645629833477,0.0,0.2,False,46,0,0,0.98,3,False,192,0.30000000000000004,1.0,,0.12922999999136664,2,6,2.71510319999652
a10-scale,scale_free-n50-load0.7-critical_link-centralised-deg4.0,scale_free,50,0.7,critical_link,CENTRALISED,ecmp,2,3330133679222496696,0.739913680366566,1.0,0.7985908255812867,0.7464184516102179,0.5147170108211034,3513.857584857206,42.721609589231186,103.03838408928777,0.0,0.2,False,3,0,0,0.98,3,False,192,0.30000000000000004,1.0,,0.16703499999130145,2,2,2.7361667999939527
a10-scale,scale_free-n50-load0.7-critical_link-centralised-deg4.0,scale_free,50,0.7,critical_link,CENTRALISED,orbit,2,3330133679222496696,0.8498961542332709,0.9996024332682748,1.0,0.875324405881828,0.5694837687033498,4036.165470564117,36.47048275051764,105.08078766982194,0.0,0.0,True,153,0,0,0.98,3,False,192,0.30000000000000004,1.0,,0.09628370002610609,2,6,2.7242185000213794
a10-scale,scale_free-n50-load0.7-critical_link-centralised-deg4.0,scale_free,50,0.7,critical_link,CENTRALISED,spf-reconverge,2,3330133679222496696,0.6998229285242866,1.0,0.8128279503734869,0.6949004235522056,0.4104960706064461,3323.4661970755524,43.25725763333253,103.04986301283819,0.0,0.0,True,3,0,0,0.98,3,False,192,0.30000000000000004,1.0,,0.025771599990548566,2,6,1.7279658000043128
a10-scale,scale_free-n50-load0.7-critical_link-centralised-deg4.0,scale_free,50,0.7,critical_link,CENTRALISED,spf-static,2,3330133679222496696,0.6871559647311346,1.0,0.781852245095992,0.6949004235522056,0.3914367739470413,3263.3106573379605,41.36954139054628,103.04986301283819,0.0,0.0,True,0,0,0,0.98,3,False,192,0.0,1.0,,0.014032700011739507,2,390,1.76860179999494
a10-scale,scale_free-n50-load0.7-critical_link-centralised-deg4.0,scale_free,50,0.7,critical_link,CENTRALISED,cspf,3,6015418278896799641,0.7599611553057872,1.0,0.8774806540274857,0.6952304955551135,0.5926113775810302,3935.23291804157,45.86839506360693,105.25563114048546,0.0,0.0,True,49,0,0,0.98,3,False,192,0.30000000000000004,1.0,,0.10835790002602153,2,6,2.157333200011635
a10-scale,scale_free-n50-load0.7-critical_link-centralised-deg4.0,scale_free,50,0.7,critical_link,CENTRALISED,ecmp,3,6015418278896799641,0.668687065347883,0.9871171882367601,0.8570892576072465,0.610148748780209,0.3807199584251386,3462.597177571248,41.76473243526991,104.04219444505048,0.0,0.0,False,6,0,0,0.98,3,False,192,0.30000000000000004,1.0,,0.1511674000066705,2,4,2.796063299989328
a10-scale,scale_free-n50-load0.7-critical_link-centralised-deg4.0,scale_free,50,0.7,critical_link,CENTRALISED,orbit,3,6015418278896799641,0.7426500292605135,0.999367899645541,1.0,0.7569155947068205,0.332662722089732,3845.592398146422,48.810489704314605,110.48837176203979,0.0,0.0,True,153,1,0,0.98,3,False,192,0.30000000000000004,1.0,,0.09307780000381172,2,4,2.4287711000069976
a10-scale,scale_free-n50-load0.7-critical_link-centralised-deg4.0,scale_free,50,0.7,critical_link,CENTRALISED,spf-reconverge,3,6015418278896799641,0.5818582014984377,0.9864850878823005,0.7275312702608624,0.52251574254048,0.28134735321373305,3012.9797190065406,42.385849460217045,104.03407427527596,0.0,0.0,False,6,0,0,0.98,3,False,192,0.30000000000000004,1.0,,0.024780799984000623,2,12,1.4019794999912847
a10-scale,scale_free-n50-load0.7-critical_link-centralised-deg4.0,scale_free,50,0.7,critical_link,CENTRALISED,spf-static,3,6015418278896799641,0.5765130882865626,0.9460306651969302,0.7275312702608648,0.5330069211780776,0.2714767831447469,2985.301639258417,41.317935303643644,104.03407427527596,0.0,0.0,False,0,0,0,0.98,3,False,192,0.0,0.9519737604112594,,0.012459199992008507,2,780,1.4728217999800108
a10-scale,scale_free-n50-load0.7-critical_link-centralised-deg4.0,scale_free,50,0.7,critical_link,CENTRALISED,cspf,4,14983867547686253462,0.7510696493065813,0.9953390118794588,0.8906496799393687,0.7426939412858307,0.4787326443424755,4042.113413072591,54.64565237158696,153.0,0.0,0.0,False,43,0,0,0.98,3,False,192,0.30000000000000004,1.0,,0.1105521000281442,2,4,2.409920600010082
a10-scale,scale_free-n50-load0.7-critical_link-centralised-deg4.0,scale_free,50,0.7,critical_link,CENTRALISED,ecmp,4,14983867547686253462,0.673325121595449,0.9310307408251376,0.8190265433723721,0.6321525134721552,0.4315666461891343,3623.707212603311,45.43061944990973,103.12258402659816,0.0,0.0,True,10,0,0,0.98,3,False,192,0.30000000000000004,1.0,,0.17983509998884983,2,0,2.799341400008416
a10-scale,scale_free-n50-load0.7-critical_link-centralised-deg4.0,scale_free,50,0.7,critical_link,CENTRALISED,orbit,4,14983867547686253462,0.729906349798206,0.9994959888190678,0.9956163198708181,0.755655368325016,0.27068848476163476,3928.21657689148,45.543413634924335,105.08149436771802,0.0,0.0,True,153,0,0,0.98,3,False,192,0.30000000000000004,1.0,,0.09319380001397803,2,4,2.34790689998772
a10-scale,scale_free-n50-load0.7-critical_link-centralised-deg4.0,scale_free,50,0.7,critical_link,CENTRALISED,spf-reconverge,4,14983867547686253462,0.6053677520860324,0.869781889577973,0.7915720980568851,0.5893593808518272,0.2851068081458606,3257.9736284214046,48.95151614671778,104.04702140112933,0.0,0.2,True,10,0,0,0.98,3,False,192,0.30000000000000004,1.0,,0.020762600004673004,2,20,1.4951886000053491
a10-scale,scale_free-n50-load0.7-critical_link-centralised-deg4.0,scale_free,50,0.7,critical_link,CENTRALISED,spf-static,4,14983867547686253462,0.5966516326680437,0.869781889577973,0.7742579046133602,0.5487677112038853,0.32315165453683065,3211.0651383207573,41.63011332513411,103.04725029220829,0.0,0.0,True,0,0,0,0.98,3,False,192,0.0,1.0,,0.011352299974532798,2,1300,1.4146269999910146
a10-scale,scale_free-n50-load0.7-critical_link-centralised-deg4.0,scale_free,50,0.7,critical_link,CENTRALISED,cspf,5,11739188888608505089,0.8044803299169968,1.0,0.9188061197788163,0.7606712446072803,0.6349176932092482,3931.151857177021,47.565119694729965,153.0,0.0,0.2,False,4,0,0,0.98,3,False,192,0.30000000000000004,1.0,,0.10527860000729561,2,6,2.2904987999936566
a10-scale,scale_free-n50-load0.7-critical_link-centralised-deg4.0,scale_free,50,0.7,critical_link,CENTRALISED,ecmp,5,11739188888608505089,0.7625471623096698,1.0,0.9078783134921288,0.6998712361321513,0.5636192702198479,3726.242372648211,38.918555975000004,103.0637447631536,0.0,0.0,False,5,0,0,0.98,3,False,192,0.30000000000000004,1.0,,0.1456744999741204,2,0,2.733265399991069
a10-scale,scale_free-n50-load0.7-critical_link-centralised-deg4.0,scale_free,50,0.7,critical_link,CENTRALISED,orbit,5,11739188888608505089,0.8031538761197982,1.0,0.9996117660450697,0.8085411192486538,0.4820255736730631,3924.6700438692237,39.62725903386121,105.11277504503781,0.0,0.0,True,156,0,0,0.98,3,False,192,0.30000000000000004,1.0,,0.10338339998270385,2,6,2.451354699995136
a10-scale,scale_free-n50-load0.7-critical_link-centralised-deg4.0,scale_free,50,0.7,critical_link,CENTRALISED,spf-reconverge,5,11739188888608505089,0.7057014922823385,1.0,0.8385385190310772,0.6401239563689507,0.4887220166893467,3448.4618564689376,44.636968978063564,104.2004697039598,0.0,0.0,False,3,0,0,0.98,3,False,192,0.30000000000000004,1.0,,0.031335199979366735,2,6,1.6729690000065602
a10-scale,scale_free-n50-load0.7-critical_link-centralised-deg4.0,scale_free,50,0.7,critical_link,CENTRALISED,spf-static,5,11739188888608505089,0.6966747981189726,1.0,0.8385385190310772,0.6284128191585111,0.46910157092611304,3404.3522565137146,45.18160100775313,104.2004697039598,0.0,0.0,False,0,0,0,0.98,3,False,192,0.0,1.0,,0.01316410000436008,2,390,1.6149966999946628
a10-scale,scale_free-n50-load0.7-critical_link-centralised-deg4.0,scale_free,50,0.7,critical_link,CENTRALISED,cspf,6,16563940265924266820,0.891302719660451,0.9990105456064484,0.9579916729353655,0.8611605050958194,0.8051564916081927,4353.098215983236,36.5244371384014,105.18194575725414,0.2,0.2,False,65,0,0,0.98,3,False,192,0.30000000000000004,1.0,,0.12123389996122569,2,6,2.6001757999765687
a10-scale,scale_free-n50-load0.7-critical_link-centralised-deg4.0,scale_free,50,0.7,critical_link,CENTRALISED,ecmp,6,16563940265924266820,0.8166408187130313,0.9924157461362001,0.861316582720152,0.7625329454503746,0.7450595052480986,3988.451524520266,28.15276257029644,103.01789606934499,0.0,0.0,False,10,0,0,0.98,3,False,192,0.30000000000000004,1.0,,0.16659330000402406,2,4,3.0396458999894094
a10-scale,scale_free-n50-load0.7-critical_link-centralised-deg4.0,scale_free,50,0.7,critical_link,CENTRALISED,orbit,6,16563940265924266820,0.8409528790311516,0.9990105456064484,0.999699574727645,0.8890026369291838,0.5287540518971696,4107.190965187522,36.500485529017226,105.16947308652834,0.2,0.2,False,147,3,0,0.98,3,False,192,0.30000000000000004,1.0,,0.08176590001676232,2,134,2.724408999987645
a10-scale,scale_free-n50-load0.7-critical_link-centralised-deg4.0,scale_free,50,0.7,critical_link,CENTRALISED,spf-reconverge,6,16563940265924266820,0.7527036658816731,0.9883984795672558,0.81419135201163,0.7037172150775409,0.6228287339886512,3676.1842108613755,41.877297837640384,153.0,0.2,0.2,False,7,0,0,0.98,3,False,192,0.30000000000000004,1.0,,0.021812800026964396,2,14,1.7170263000007253
a10-scale,scale_free-n50-load0.7-critical_link-centralised-deg4.0,scale_free,50,0.7,critical_link,CENTRALISED,spf-static,6,16563940265924266820,0.7324657000716922,0.8937753463266013,0.7586119785278255,0.7147800305763733,0.6372929599562114,3577.342536849521,40.55854913729985,153.0,,0.0,True,0,0,0,0.98,3,False,192,0.0,0.8879795286966115,,0.012502599973231554,2,910,1.6657702999946196
a10-scale,scale_free-n50-load0.7-critical_link-centralised-deg4.0,scale_free,50,0.7,critical_link,CENTRALISED,cspf,7,16282722563948939760,0.8300738244818041,1.0,0.9643002852970879,0.8331924582639734,0.6026198635442939,4109.986940619271,47.33044732891785,104.73226192595675,0.0,0.0,True,40,0,0,0.98,3,False,192,0.30000000000000004,1.0,,0.11004219998721965,2,4,2.594967400014866
a10-scale,scale_free-n50-load0.7-critical_link-centralised-deg4.0,scale_free,50,0.7,critical_link,CENTRALISED,ecmp,7,16282722563948939760,0.7030079722242096,1.0,0.8925037848996034,0.6373368966242681,0.4442440028824891,3480.839293777868,40.00467440609806,103.02816626692254,0.0,0.0,False,5,0,0,0.98,3,False,192,0.30000000000000004,1.0,,0.1846176000253763,2,0,2.621482999995351
a10-scale,scale_free-n50-load0.7-critical_link-centralised-deg4.0,scale_free,50,0.7,critical_link,CENTRALISED,orbit,7,16282722563948939760,0.8346925155266934,0.9992260355424178,0.9867865936583731,0.8613074148249598,0.561894947033629,4132.855701586527,39.74064115256105,104.06773315990293,0.2,0.2,True,151,0,0,0.98,3,False,192,0.30000000000000004,1.0,,0.11945389999891631,2,4,2.4962226999923587
a10-scale,scale_free-n50-load0.7-critical_link-centralised-deg4.0,scale_free,50,0.7,critical_link,CENTRALISED,spf-reconverge,7,16282722563948939760,0.6370090249003124,0.9704880172976186,0.7118796910045017,0.6485425311267721,0.35484923355694553,3154.0553336100184,46.86007479422079,153.0,0.0,0.0,False,3,0,0,0.98,3,False,192,0.30000000000000004,1.0,,0.02512350000324659,2,6,1.5909158999857027
a10-scale,scale_free-n50-load0.7-critical_link-centralised-deg4.0,scale_free,50,0.7,critical_link,CENTRALISED,spf-static,7,16282722563948939760,0.6376415432808991,0.9704880172976186,0.6890385874342506,0.6607361196337171,0.3613444120415676,3157.1871541869837,45.4651087796782,153.0,0.0,0.0,False,0,0,0,0.98,3,False,192,0.0,1.0,,0.015982500015525147,2,390,1.4740822999738157
a10-scale,scale_free-n50-load0.7-critical_link-centralised-deg4.0,scale_free,50,0.7,critical_link,CENTRALISED,cspf,8,9283923229102915382,0.748769541073837,1.0,0.9186533641603725,0.6751680748657943,0.5187027835748768,4041.094828538567,58.63009491736042,155.1834562745814,0.0,0.0,False,48,0,0,0.98,3,False,192,0.30000000000000004,1.0000000000000002,,0.11257560001104139,2,4,2.4438030000019353
a10-scale,scale_free-n50-load0.7-critical_link-centralised-deg4.0,scale_free,50,0.7,critical_link,CENTRALISED,ecmp,8,9283923229102915382,0.733581353979347,0.9806696907452987,0.8151084777846882,0.6754562970018012,0.5751555030849022,3959.12447457038,46.18291987025597,103.03527720146539,0.0,0.0,False,6,0,0,0.98,3,False,192,0.30000000000000004,0.9999999999999999,,0.160275999980513,2,2,3.011294199997792
a10-scale,scale_free-n50-load0.7-critical_link-centralised-deg4.0,scale_free,50,0.7,critical_link,CENTRALISED,orbit,8,9283923229102915382,0.7819862565903035,0.999272397943049,0.9910133232217065,0.800147491016291,0.40562262981818326,4220.364804053494,49.116477318396164,107.0839135949872,0.2,0.2,False,151,0,0,0.98,3,False,192,0.30000000000000004,1.0000000000000002,,0.09203610001713969,2,6,2.5887588000041433
a10-scale,scale_free-n50-load0.7-critical_link-centralised-deg4.0,scale_free,50,0.7,critical_link,CENTRALISED,spf-reconverge,8,9283923229102915382,0.6898330367599493,0.9989017816328143,0.8244063475957252,0.5569840605984501,0.5418768594294501,3723.0156469876893,41.65692716067674,153.0,0.0,0.2,False,6,0,0,0.98,3,False,192,0.30000000000000004,1.0000000000000002,,0.028309499990427867,2,12,1.6614434999937657
a10-scale,scale_free-n50-load0.7-critical_link-centralised-deg4.0,scale_free,50,0.7,critical_link,CENTRALISED,spf-static,8,9283923229102915382,0.6758926610064065,0.9989017816328143,0.7655380226876054,0.5675187157832361,0.5311686754292938,3647.779706854848,41.21401970086455,153.0,0.0,0.0,True,0,0,0,0.98,3,False,192,0.0,1.0000000000000002,,0.011017899989383295,2,780,1.5809471000102349
a10-scale,scale_free-n50-load0.7-critical_link-centralised-deg4.0,scale_free,50,0.7,critical_link,CENTRALISED,cspf,9,18314133823688807089,0.7876106459488875,0.9082643714024049,0.9219961835463608,0.8240679716734992,0.5295336441394984,3919.5063732073954,41.04390610520171,105.18252853733955,0.2,0.2,False,54,0,0,0.98,3,False,192,0.30000000000000004,1.0,,0.12705300003290176,2,6,2.3427801999787334
a10-scale,scale_free-n50-load0.7-critical_link-centralised-deg4.0,scale_free,50,0.7,critical_link,CENTRALISED,ecmp,9,18314133823688807089,0.7254266641608782,1.0,0.9109436602461903,0.6830531281719873,0.43214419959571176,3610.050788543634,41.55341302067907,103.03767397072438,0.0,0.0,False,7,0,0,0.98,3,False,192,0.30000000000000004,1.0,,0.16761679999763146,2,0,2.839983800018672
a10-scale,scale_free-n50-load0.7-critical_link-centralised-deg4.0,scale_free,50,0.7,critical_link,CENTRALISED,orbit,9,18314133823688807089,0.7731922414095173,0.9994933628857009,0.9969448710591955,0.8527184948555594,0.30444775502087745,3847.753878781092,53.554109625178505,106.5202919037792,0.0,0.0,False,144,0,0,0.98,3,False,192,0.30000000000000004,1.0,,0.09650310000870377,2,2,2.651773699995829
a10-scale,scale_free-n50-load0.7-critical_link-centralised-deg4.0,scale_free,50,0.7,critical_link,CENTRALISED,spf-reconverge,9,18314133823688807089,0.629144678026302,0.9986303977298765,0.8090224192649065,0.5578508593696551,0.32756167090404953,3130.9081306572816,41.48025847324103,104.16430872579426,0.2,0.2,True,4,0,0,0.98,3,False,192,0.30000000000000004,1.0,,0.026679800008423626,2,8,1.5317091000033543
a10-scale,scale_free-n50-load0.7-critical_link-centralised-deg4.0,scale_free,50,0.7,critical_link,CENTRALISED,spf-static,9,18314133823688807089,0.6272831982094023,0.9109758524419833,0.8090224192649065,0.5579587772146718,0.368684902437049,3121.6445661746743,42.96507067047282,104.04671759885134,,0.0,True,0,0,0,0.98,3,False,192,0.0,0.8972798297407567,,0.012047799973515794,2,520,1.4470737999945413
a10-scale,scale_free-n50-load0.7-critical_link-centralised-deg4.0,scale_free,50,0.7,critical_link,CENTRALISED,cspf,10,16848856113815735377,0.7776336089560327,0.9676324009644558,0.958911224536593,0.7705313113217251,0.5262051909584395,4129.3438828685885,47.4106220398794,104.698389469919,0.0,0.0,False,39,0,0,0.98,3,False,192,0.30000000000000004,1.0,,0.1225611999980174,2,4,2.3046149000001606
a10-scale,scale_free-n50-load0.7-critical_link-centralised-deg4.0,scale_free,50,0.7,critical_link,CENTRALISED,ecmp,10,16848856113815735377,0.7052720645114451,0.9889973025503717,0.8854832435147967,0.6731496076066079,0.43423990983510374,3745.0939000157055,39.90996696864342,103.02750388218054,0.2,0.2,False,13,0,0,0.98,3,False,192,0.30000000000000004,1.0,,0.16321279999101534,2,2,3.2532197999826167
a10-scale,scale_free-n50-load0.7-critical_link-centralised-deg4.0,scale_free,50,0.7,critical_link,CENTRALISED,orbit,10,16848856113815735377,0.75032912620227,0.9991992723419781,1.0,0.7938319057035238,0.3435983685156147,3984.3532374854676,42.710435649856464,105.10253426289742,0.2,0.2,False,145,0,0,0.98,3,False,192,0.30000000000000004,1.0,,0.08566290000453591,2,4,2.459070899989456
a10-scale,scale_free-n50-load0.7-critical_link-centralised-deg4.0,scale_free,50,0.7,critical_link,CENTRALISED,spf-reconverge,10,16848856113815735377,0.5574903519914299,0.9443750285414986,0.5671909700488664,0.4935318632490905,0.41467668991768114,2960.3522124571987,43.09765340093742,104.04621404622988,0.2,0.2,True,13,0,0,0.98,3,False,192,0.30000000000000004,1.0645571072187867,,0.025899199972627684,2,26,1.2314855000004172
a10-scale,scale_free-n50-load0.7-critical_link-centralised-deg4.0,scale_free,50,0.7,critical_link,CENTRALISED,spf-static,10,16848856113815735377,0.5393303266383963,0.7889459126646475,0.5513670013795022,0.5232132645884431,0.41036515755559266,2863.919922570757,37.753405410900974,103.1832932901346,,0.0,True,0,0,0,0.98,3,False,192,0.0,0.861416424568218,,0.012638500018510967,2,1690,1.1396458999952301
a10-scale,scale_free-n50-load0.7-critical_link-centralised-deg4.0,scale_free,50,0.7,critical_link,CENTRALISED,cspf,11,6233854439261748304,0.7819030925755225,1.0,0.8953772316712552,0.7906712663424748,0.5537989674017753,3944.2977909544547,46.033598359198706,105.11494566341892,0.0,0.2,True,56,0,0,0.98,3,False,192,0.30000000000000004,1.0,,0.10812589997658506,2,4,2.3571724999928847
a10-scale,scale_free-n50-load0.7-critical_link-centralised-deg4.0,scale_free,50,0.7,critical_link,CENTRALISED,ecmp,11,6233854439261748304,0.6952279746880033,1.0,0.9609696410367018,0.6426969337382307,0.3637082321656073,3507.066528844517,44.070894677598176,103.02440152250341,0.0,0.0,True,8,0,0,0.98,3,False,192,0.30000000000000004,1.0000000000000002,,0.16185929998755455,2,2,2.928312600008212
a10-scale,scale_free-n50-load0.7-critical_link-centralised-deg4.0,scale_free,50,0.7,critical_link,CENTRALISED,orbit,11,6233854439261748304,0.7674467381838441,0.999169576802893,1.0,0.8369339271183304,0.34244534589514486,3871.3729397372376,44.30670338557546,105.31136794063502,0.2,0.2,False,150,1,0,0.98,3,False,192,0.30000000000000004,1.0,,0.0981160000374075,2,4,2.4771344999899156
a10-scale,scale_free-n50-load0.7-critical_link-centralised-deg4.0,scale_free,50,0.7,critical_link,CENTRALISED,spf-reconverge,11,6233854439261748304,0.6354615799939912,0.9810185036535852,0.8432422473874318,0.5355621568730248,0.398983316758468,3205.5758955380184,40.47888184700187,104.0530036069578,0.2,0.2,True,8,0,0,0.98,3,False,192,0.30000000000000004,1.0,,0.026803299988387153,2,16,1.4927966000104789
a10-scale,scale_free-n50-load0.7-critical_link-centralised-deg4.0,scale_free,50,0.7,critical_link,CENTRALISED,spf-static,11,6233854439261748304,0.63392061127325,0.8950458809387828,0.8197248269504708,0.5492227673560564,0.4409398951242967,3197.802503184333,37.88223915214448,104.0530036069578,,0.0,True,0,0,0,0.98,3,False,192,0.0,0.8974418950438209,,0.012963800021680072,2,1040,1.483694499998819
a10-scale,scale_free-n50-load0.7-critical_link-centralised-deg4.0,scale_free,50,0.7,critical_link,CENTRALISED,cspf,12,6332236872610331875,0.7448782716179815,0.9991572469082625,0.8809923428013092,0.7411098878404445,0.43552612360861753,3787.1358431912017,51.5144355703173,111.70767993196067,0.2,0.2,True,67,0,0,0.98,3,False,192,0.30000000000000004,1.0,,0.1293182999943383,2,8,2.3209412999858614
a10-scale,scale_free-n50-load0.7-critical_link-centralised-deg4.0,scale_free,50,0.7,critical_link,CENTRALISED,ecmp,12,6332236872610331875,0.6988948320398748,0.9761686888383335,0.8023926398457878,0.6680086610857486,0.4462549246160477,3553.345251016731,40.825635164252645,103.0817128034471,0.0,0.0,True,11,0,0,0.98,3,False,192,0.30000000000000004,1.0,,0.15813380002509803,2,6,2.8359806000080425
a10-scale,scale_free-n50-load0.7-critical_link-centralised-deg4.0,scale_free,50,0.7,critical_link,CENTRALISED,orbit,12,6332236872610331875,0.7642251747185614,0.9960248612239079,0.9809073160313498,0.8574028344754575,0.2459677270662493,3885.5000363469535,42.72486561796789,105.25429238613707,0.2,0.2,True,155,0,0,0.98,3,False,192,0.30000000000000004,0.9963292355261406,,0.08531589998165146,2,6,2.5668966000084765
a10-scale,scale_free-n50-load0.7-critical_link-centralised-deg4.0,scale_free,50,0.7,critical_link,CENTRALISED,spf-reconverge,12,6332236872610331875,0.5963524593584147,0.9745141493456484,0.6881336467125345,0.557204407900185,0.29659624866008244,3031.995777116392,43.3148628917145,104.04654315491199,0.2,0.2,True,9,0,0,0.98,3,False,192,0.30000000000000004,1.0006634569892254,,0.026811599964275956,2,18,1.374463599990122
a10-scale,scale_free-n50-load0.7-critical_link-centralised-deg4.0,scale_free,50,0.7,critical_link,CENTRALISED,spf-static,12,6332236872610331875,0.5800246511014605,0.8741465362793941,0.6529786858172947,0.5590807922179594,0.33116231700260457,2948.9813702706288,38.5974514284415,104.0371040871481,,0.0,True,0,0,0,0.98,3,False,192,0.0,0.880093792556539,,0.012167699984274805,2,1170,1.315012699982617
a10-scale,scale_free-n50-load0.7-critical_link-centralised-deg4.0,scale_free,50,0.7,critical_link,CENTRALISED,cspf,13,2651140130434348542,0.7413251410906513,1.0,0.8993969401823662,0.6156801407265613,0.61782554880553,3948.278156281107,51.14806001158676,108.29845517681167,0.0,0.0,True,36,0,0,0.98,3,False,192,0.30000000000000004,1.0,,0.12118690001079813,2,12,2.044968100002734
a10-scale,scale_free-n50-load0.7-critical_link-centralised-deg4.0,scale_free,50,0.7,critical_link,CENTRALISED,ecmp,13,2651140130434348542,0.667191500564816,1.0,0.8737493404307555,0.5872942611459034,0.3887896071170189,3553.4443413869767,53.31613491344735,103.19795400530447,0.0,0.0,False,19,0,0,0.98,3,False,192,0.30000000000000004,1.0,,0.16035720001673326,2,4,2.599845599994296
a10-scale,scale_free-n50-load0.7-critical_link-centralised-deg4.0,scale_free,50,0.7,critical_link,CENTRALISED,orbit,13,2651140130434348542,0.7372357672160675,1.0,0.9993267419142875,0.7135385462306286,0.3631744327138602,3926.498258842135,50.98656824775017,107.76897339613228,0.0,0.2,False,157,0,0,0.98,3,False,192,0.30000000000000004,1.0,,0.09832240000832826,2,8,2.261454599996796
a10-scale,scale_free-n50-load0.7-critical_link-centralised-deg4.0,scale_free,50,0.7,critical_link,CENTRALISED,spf-reconverge,13,2651140130434348542,0.5941096316012549,0.9951257809032843,0.7612847123082707,0.43393585035361565,0.43064497582238753,3164.212234103376,55.69587422757477,153.0,0.0,0.0,False,13,0,0,0.98,3,False,192,0.30000000000000004,1.0,,0.01838240001234226,2,26,1.4359478999977
a10-scale,scale_free-n50-load0.7-critical_link-centralised-deg4.0,scale_free,50,0.7,critical_link,CENTRALISED,spf-static,13,2651140130434348542,0.5899305851652519,0.9542347971250539,0.7202493694993733,0.444353176706824,0.46290335868820726,3141.9547429665186,49.23881145516689,104.04363119456781,0.0,0.0,False,0,0,0,0.98,3,False,192,0.0,0.9518770634331457,,0.015152100007981062,2,1690,1.3596779000072274
a10-scale,scale_free-n50-load0.7-critical_link-centralised-deg4.0,scale_free,50,0.7,critical_link,CENTRALISED,cspf,14,2932574051381279479,0.7848559680884369,0.9731427526938903,0.9012622678577976,0.818842052551817,0.522193203285289,4238.05445375044,47.90671035951759,110.35311678694347,0.0,0.2,False,39,0,0,0.98,3,False,192,0.30000000000000004,1.0,,0.12943619998986833,2,4,2.226093300007051
a10-scale,scale_free-n50-load0.7-critical_link-centralised-deg4.0,scale_free,50,0.7,critical_link,CENTRALISED,ecmp,14,2932574051381279479,0.6787961518918348,1.0,0.8272719667715696,0.6330060841903701,0.4306017634640826,3665.3541180560887,46.96232416653891,103.02378566527773,0.0,0.0,False,3,0,0,0.98,3,False,192,0.30000000000000004,1.0,,0.15451340001891367,2,2,2.8937639000068884
a10-scale,scale_free-n50-load0.7-critical_link-centralised-deg4.0,scale_free,50,0.7,critical_link,CENTRALISED,orbit,14,2932574051381279479,0.7898326336884429,0.9995911175107501,0.9968846350855433,0.8283976032085212,0.42087885722326596,4264.927384158679,37.88349339938512,104.05950554336975,0.0,0.0,False,147,0,0,0.98,3,False,192,0.30000000000000004,1.0,,0.08912229997804388,2,6,2.408014099986758
a10-scale,scale_free-n50-load0.7-critical_link-centralised-deg4.0,scale_free,50,0.7,critical_link,CENTRALISED,spf-reconverge,14,2932574051381279479,0.5474320720459722,0.9933973491715911,0.6823758267908759,0.4236285971226032,0.3598532686711524,2956.0161677955707,44.95502954194581,103.0610871002526,0.0,0.0,False,3,0,0,0.98,3,False,192,0.30000000000000004,1.0,,0.024740699998801574,2,6,1.2607505000196397
a10-scale,scale_free-n50-load0.7-critical_link-centralised-deg4.0,scale_free,50,0.7,critical_link,CENTRALISED,spf-static,14,2932574051381279479,0.5463352360584173,0.9933973491715911,0.6809442562724298,0.4216028912431784,0.3598532686711524,2950.093487926789,46.44737355943653,103.0474293389366,0.0,0.0,False,0,0,0,0.98,3,False,192,0.0,1.0,,0.01541319998796098,2,390,1.2651605999853928
a10-scale,scale_free-n50-load0.7-critical_link-centralised-deg4.0,scale_free,50,0.7,critical_link,CENTRALISED,cspf,15,12860693922508025296,0.8005920910848566,1.0,0.939505031102305,0.7498656294117204,0.6099686409578583,4055.792235585422,49.368451138367114,108.24112005941961,0.0,0.0,True,44,0,0,0.98,3,False,192,0.30000000000000004,1.0,,0.11835080001037568,2,6,2.5141199000063352
a10-scale,scale_free-n50-load0.7-critical_link-centralised-deg4.0,scale_free,50,0.7,critical_link,CENTRALISED,ecmp,15,12860693922508025296,0.7314959948367534,0.9273939665192502,0.9458396996352184,0.6308307971878678,0.5393363866825017,3705.752041842593,38.15178721776757,103.0202343383961,0.0,0.0,False,9,0,0,0.98,3,False,192,0.30000000000000004,1.0,,0.15106529998593032,2,6,3.1872949000098743
a10-scale,scale_free-n50-load0.7-critical_link-centralised-deg4.0,scale_free,50,0.7,critical_link,CENTRALISED,orbit,15,12860693922508025296,0.7965852589623182,0.9993086999495345,0.9998001617490337,0.829559334293115,0.42649929422417454,4035.4936605771873,42.74763197932941,105.08183759263542,0.2,0.2,False,149,0,0,0.98,3,False,192,0.30000000000000004,1.0,,0.08485400001518428,2,6,2.624098900007084
a10-scale,scale_free-n50-load0.7-critical_link-centralised-deg4.0,scale_free,50,0.7,critical_link,CENTRALISED,spf-reconverge,15,12860693922508025296,0.6544766398477501,0.8723818733897335,0.8510083176933428,0.5891818013136805,0.4166953270318892,3315.5726915433556,40.87767775502348,103.53485331849885,0.2,0.2,True,4,0,0,0.98,3,False,192,0.30000000000000004,1.0,,0.027412099996581674,2,8,1.5736641999974381
a10-scale,scale_free-n50-load0.7-critical_link-centralised-deg4.0,scale_free,50,0.7,critical_link,CENTRALISED,spf-static,15,12860693922508025296,0.6547927665809351,0.82813867015995,0.8227502192865039,0.6226282453030888,0.4271743941197901,3317.174186691997,42.1482298203136,153.0,,0.0,True,0,0,0,0.98,3,False,192,0.0,0.9406149388594689,,0.015199299989035353,2,520,1.606251199991675
a10-scale,scale_free-n50-load0.7-critical_link-centralised-deg4.0,scale_free,50,0.7,critical_link,CENTRALISED,cspf,16,11968123529344515806,0.7712883221426429,0.9994787372008004,0.8699614986496425,0.8100582331215318,0.4539829549936428,3837.6879278370066,51.978891364148495,153.0,0.0,0.0,False,50,0,0,0.98,3,False,192,0.30000000000000004,1.0,,0.1274625000078231,2,6,2.4676486999960616
a10-scale,scale_free-n50-load0.7-critical_link-centralised-deg4.0,scale_free,50,0.7,critical_link,CENTRALISED,ecmp,16,11968123529344515806,0.6631925975552165,1.0,0.7949020973355514,0.6060292411480434,0.38226756932789524,3299.8376254396635,48.44645154813464,103.05556182386327,0.0,0.0,False,4,0,0,0.98,3,False,192,0.30000000000000004,1.0,,0.17528449997189455,2,0,2.935256800003117
a10-scale,scale_free-n50-load0.7-critical_link-centralised-deg4.0,scale_free,50,0.7,critical_link,CENTRALISED,orbit,16,11968123529344515806,0.7918952636644447,0.9994787372008004,0.9850247445226891,0.8362839012119969,0.3695910353890021,3940.221582810764,32.80298818132197,105.28011618651844,0.0,0.0,False,147,0,0,0.98,3,False,192,0.30000000000000004,1.0,,0.08666110000922345,2,6,2.3865796999889426
a10-scale,scale_free-n50-load0.7-critical_link-centralised-deg4.0,scale_free,50,0.7,critical_link,CENTRALISED,spf-reconverge,16,11968123529344515806,0.558228188649872,0.9994787372008004,0.6870806892411467,0.4340673392312927,0.31468173803008476,2777.567764294158,49.464821403209854,153.0,0.0,0.0,False,4,0,0,0.98,3,False,192,0.30000000000000004,1.0,,0.023858799977460876,2,8,1.2940592999802902
a10-scale,scale_free-n50-load0.7-critical_link-centralised-deg4.0,scale_free,50,0.7,critical_link,CENTRALISED,spf-static,16,11968123529344515806,0.5515807853074983,0.9661179180520179,0.6870806892411467,0.4294890378880019,0.31416086700089285,2744.4923775339616,49.91121121924532,153.0,0.0,0.0,False,0,0,0,0.98,3,False,192,0.0,0.9609052900600219,,0.01600709997001104,2,520,1.2444128000061028
a10-scale,scale_free-n50-load0.7-critical_link-centralised-deg4.0,scale_free,50,0.7,critical_link,CENTRALISED,cspf,17,9846013059441217830,0.8004363014458692,0.9681394245727319,0.9250454638633884,0.8119155446797728,0.5749596642770435,4078.0937757450447,42.45194004781531,104.10126074138643,0.0,0.2,False,43,0,0,0.98,3,False,192,0.30000000000000004,1.0,,0.11828359999344684,2,4,2.35003639999195
a10-scale,scale_free-n50-load0.7-critical_link-centralised-deg4.0,scale_free,50,0.7,critical_link,CENTRALISED,ecmp,17,9846013059441217830,0.7192518062122079,1.0,0.8751783362222613,0.6495257152794199,0.5167441151794138,3664.4718746626545,35.81945226525075,103.08692519908912,0.0,0.0,False,12,0,0,0.98,3,False,192,0.30000000000000004,1.0,,0.1713515000010375,2,0,2.7978488999942783
a10-scale,scale_free-n50-load0.7-critical_link-centralised-deg4.0,scale_free,50,0.7,critical_link,CENTRALISED,orbit,17,9846013059441217830,0.8049940924218764,0.9993423856229332,1.0,0.8741474946982218,0.41716700255023664,4101.314985198972,40.049540144988725,105.11329449171053,0.0,0.0,False,149,0,0,0.98,3,False,192,0.30000000000000004,1.0,,0.08616409997921437,2,6,2.586424100009026
a10-scale,scale_free-n50-load0.7-critical_link-centralised-deg4.0,scale_free,50,0.7,critical_link,CENTRALISED,spf-reconverge,17,9846013059441217830,0.6348020253027189,0.9651702398244285,0.7746234499911087,0.5409023010466131,0.45466917270467144,3234.213870037024,35.99092362063018,104.0301143321764,0.0,0.2,False,11,0,0,0.98,3,False,192,0.30000000000000004,1.0,,0.02553099999204278,2,22,1.4693778000073507
a10-scale,scale_free-n50-load0.7-critical_link-centralised-deg4.0,scale_free,50,0.7,critical_link,CENTRALISED,spf-static,17,9846013059441217830,0.5923120217198112,0.9651702398244285,0.6545757097728999,0.5097094015287188,0.4470781111098945,3017.7341591220656,34.119076478135504,103.14128597265201,0.0,0.0,True,0,0,0,0.98,3,False,192,0.0,1.0,,0.014998499973444268,2,1430,1.2894178999995347
a10-scale,scale_free-n50-load0.7-critical_link-centralised-deg4.0,scale_free,50,0.7,critical_link,CENTRALISED,cspf,18,449947914354748879,0.8241136559145466,1.0,0.9416995835997392,0.7804630040286942,0.6761149372300589,4170.529248058913,57.239544332403085,108.42900529911152,0.0,0.0,True,49,0,0,0.98,3,False,192,0.30000000000000004,1.0,,0.1121831999917049,2,8,2.4459931000019424
a10-scale,scale_free-n50-load0.7-critical_link-centralised-deg4.0,scale_free,50,0.7,critical_link,CENTRALISED,ecmp,18,449947914354748879,0.7530935760184101,1.0,0.9472723146755365,0.7259377849199613,0.47306590330728227,3811.1233356819066,47.53938374727162,103.02889391660678,0.0,0.0,True,11,0,0,0.98,3,False,192,0.30000000000000004,1.0,,0.16361290001077577,2,8,3.129003800015198
a10-scale,scale_free-n50-load0.7-critical_link-centralised-deg4.0,scale_free,50,0.7,critical_link,CENTRALISED,orbit,18,449947914354748879,0.8314966704190171,0.9992070658492339,1.0,0.9489094424194187,0.4254139060718187,4207.891907576511,33.03403310308823,104.08241902830399,0.2,0.2,False,145,0,0,0.98,3,False,192,0.30000000000000004,1.0,,0.09011140000075102,2,6,2.6612848000077065
a10-scale,scale_free-n50-load0.7-critical_link-centralised-deg4.0,scale_free,50,0.7,critical_link,CENTRALISED,spf-reconverge,18,449947914354748879,0.6823324074850105,0.9992070658492339,0.9042042073429878,0.5756430325872447,0.4443280551954657,3453.0276763303164,44.27304285464647,104.08681965031867,0.2,0.2,True,11,0,0,0.98,3,False,192,0.30000000000000004,1.0,,0.02554730002884753,2,22,1.7173292999796104
a10-scale,scale_free-n50-load0.7-critical_link-centralised-deg4.0,scale_free,50,0.7,critical_link,CENTRALISED,spf-static,18,449947914354748879,0.6688797863387053,0.9484592802002039,0.8877715409636611,0.5497632697532938,0.4715192561887518,3384.9490204907156,39.98699582947597,104.08284248500955,,0.0,True,0,0,0,0.98,3,False,192,0.0,0.9405299386925453,,0.011682599986670539,2,1430,1.6611174999852665
a10-scale,scale_free-n50-load0.7-critical_link-centralised-deg4.0,scale_free,50,0.7,critical_link,CENTRALISED,cspf,19,15204541181508377416,0.7736608605890036,0.999428854211141,0.9752711909245374,0.7408649073395668,0.47700997299154374,3872.347788540744,55.01436601667197,154.01430878348725,0.0,0.2,True,54,0,0,0.98,3,False,192,0.30000000000000004,1.0,,0.12244130001636222,2,8,2.434320900007151
a10-scale,scale_free-n50-load0.7-critical_link-centralised-deg4.0,scale_free,50,0.7,critical_link,CENTRALISED,ecmp,19,15204541181508377416,0.6952920196034694,1.0,0.9445909196138104,0.6593555641136691,0.30671845801451847,3480.0939942234313,44.41487047560834,103.02614632324473,0.0,0.0,True,9,0,0,0.98,3,False,192,0.30000000000000004,1.0,,0.1777482999896165,2,8,2.9972922000160906
a10-scale,scale_free-n50-load0.7-critical_link-centralised-deg4.0,scale_free,50,0.7,critical_link,CENTRALISED,orbit,19,15204541181508377416,0.7788480737415455,0.9993613469371166,1.0,0.8036599929520722,0.38831131447691125,3898.3109649183666,44.38239187829376,106.1566644898563,0.0,0.0,True,145,0,0,0.98,3,False,192,0.30000000000000004,1.0,,0.08304739999584854,2,4,2.4759204000001773
a10-scale,scale_free-n50-load0.7-critical_link-centralised-deg4.0,scale_free,50,0.7,critical_link,CENTRALISED,spf-reconverge,19,15204541181508377416,0.5849620231533806,0.9681387885468726,0.8367405042839868,0.46401381416123916,0.2603056567150934,2927.8673797893675,46.06528899712058,104.10693153323035,0.0,0.2,False,7,0,0,0.98,3,False,192,0.30000000000000004,1.0,,0.02534570000716485,2,14,1.4057019000174478
a10-scale,scale_free-n50-load0.7-critical_link-centralised-deg4.0,scale_free,50,0.7,critical_link,CENTRALISED,spf-static,19,15204541181508377416,0.5719787237847564,0.9272649925223425,0.7799509104957584,0.48633465430313794,0.26103748671590116,2862.8830266197133,48.49829382591983,104.113999751233,0.0,0.0,True,0,0,0,0.98,3,False,192,0.0,0.9505572924606333,,0.014954300015233457,2,910,1.4109033000131603
a10-scale,scale_free-n50-load0.7-critical_link-centralised-deg4.0,scale_free,50,0.7,critical_link,CENTRALISED,cspf,20,5492424122803997263,0.8086304035653952,1.0,0.9384740370198426,0.7360043375848312,0.6757185645555015,3776.814942720223,48.996539363529706,105.20505475141078,0.0,0.0,True,50,0,0,0.98,3,False,192,0.30000000000000004,1.0,,0.1296233999892138,2,10,2.4272059999930207
a10-scale,scale_free-n50-load0.7-critical_link-centralised-deg4.0,scale_free,50,0.7,critical_link,CENTRALISED,ecmp,20,5492424122803997263,0.7577769438483057,1.0,0.949786606277633,0.7388751053561909,0.4559913579897893,3539.2971525138696,39.4522078273285,102.0,0.0,0.0,True,12,0,0,0.98,3,False,192,0.30000000000000004,1.0,,0.17257590001099743,2,8,3.053513099992415
a10-scale,scale_free-n50-load0.7-critical_link-centralised-deg4.0,scale_free,50,0.7,critical_link,CENTRALISED,orbit,20,5492424122803997263,0.781694201027443,1.0,0.9863176454929333,0.7952626700085066,0.4338794291128762,3651.005856397328,42.639789836338984,106.8040352485764,0.0,0.2,True,155,0,0,0.98,3,False,192,0.30000000000000004,1.0,,0.07797690000734292,2,8,2.338993899989873
a10-scale,scale_free-n50-load0.7-critical_link-centralised-deg4.0,scale_free,50,0.7,critical_link,CENTRALISED,spf-reconverge,20,5492424122803997263,0.7168670088844905,0.9467455525249701,0.9594388189141821,0.6440396362296472,0.45021436347199506,3348.2219060282177,49.194826234065395,104.07663447226108,0.0,0.0,False,9,0,0,0.98,3,False,192,0.30000000000000004,1.0,,0.02839029999449849,2,18,1.72161840001354
a10-scale,scale_free-n50-load0.7-critical_link-centralised-deg4.0,scale_free,50,0.7,critical_link,CENTRALISED,spf-static,20,5492424122803997263,0.7104781251291374,0.9467455525249701,0.9294899406138767,0.6390630168186736,0.4615362999720127,3318.381781877397,48.276143060748716,104.07663447226108,0.0,0.0,False,0,0,0,0.98,3,False,192,0.0,1.0,,0.01570799999171868,2,1170,1.6515275000128895
a10-scale,scale_free-n50-load0.7-critical_link-centralised-deg4.0,scale_free,50,0.7,critical_link,CENTRALISED,cspf,21,4559827019658143900,0.8150613869691107,0.9980022909024383,0.9506420177518962,0.8137768851370257,0.5855877161717963,3811.4209957673033,53.21119293891634,105.15593087591436,0.0,0.0,True,54,0,0,0.98,3,False,192,0.30000000000000004,1.0,,0.11847389998729341,2,4,2.4736405999865383
a10-scale,scale_free-n50-load0.7-critical_link-centralised-deg4.0,scale_free,50,0.7,critical_link,CENTRALISED,ecmp,21,4559827019658143900,0.7163989585794531,1.0,0.9390729061070133,0.6954314416513073,0.37428587513900186,3350.0520031125448,44.038377750109845,103.01870463054237,0.0,0.0,False,10,0,0,0.98,3,False,192,0.30000000000000004,1.0,,0.17107539999415167,2,0,3.2674053000228014
a10-scale,scale_free-n50-load0.7-critical_link-centralised-deg4.0,scale_free,50,0.7,critical_link,CENTRALISED,orbit,21,4559827019658143900,0.8188471111940622,0.9991948424530334,1.0,0.9258979900483101,0.4026900548613443,3829.1239430861806,29.993854427756077,103.04076181483853,0.2,0.2,False,145,0,0,0.98,3,False,192,0.30000000000000004,1.0,,0.08032340000499971,2,4,2.608330199989723
a10-scale,scale_free-n50-load0.7-critical_link-centralised-deg4.0,scale_free,50,0.7,critical_link,CENTRALISED,spf-reconverge,21,4559827019658143900,0.6208442590894021,0.998602734574884,0.8321426651763223,0.47050835360352167,0.4096564139306207,2903.2154903010032,35.76540880275959,104.03584119136325,0.2,0.2,False,9,0,0,0.98,3,False,192,0.30000000000000004,1.0,,0.024134299950674176,2,18,1.485471799998777
a10-scale,scale_free-n50-load0.7-critical_link-centralised-deg4.0,scale_free,50,0.7,critical_link,CENTRALISED,spf-static,21,4559827019658143900,0.6068741580348649,0.9091777473674683,0.8190143695374984,0.49422791151317785,0.3869643083411659,2837.8879734740135,36.4937434089344,104.05484731665742,,0.0,True,0,0,0,0.98,3,False,192,0.0,0.8952050931163106,,0.012725900014629588,2,1170,1.360426200000802
a10-scale,scale_free-n50-load0.7-critical_link-centralised-deg4.0,scale_free,50,0.7,critical_link,CENTRALISED,cspf,22,10731330564497673727,0.8334646559739984,0.9963119290297278,0.9824644379379052,0.7887400156881426,0.6374911024487551,4185.4399573486935,49.573432940585214,104.37737773618915,0.0,0.0,False,41,0,0,0.98,3,False,192,0.30000000000000004,1.0,,0.12932000000728294,2,6,2.513240800006315
a10-scale,scale_free-n50-load0.7-critical_link-centralised-deg4.0,scale_free,50,0.7,critical_link,CENTRALISED,ecmp,22,10731330564497673727,0.7306085403563112,1.0,0.9723738588790571,0.6586453918819939,0.4087355239263865,3668.9236382963168,45.11938233620333,103.27509452602506,0.0,0.0,False,4,0,0,0.98,3,False,192,0.30000000000000004,1.0,,0.17516660000546835,2,2,3.1478750000242144
a10-scale,scale_free-n50-load0.7-critical_link-centralised-deg4.0,scale_free,50,0.7,critical_link,CENTRALISED,orbit,22,10731330564497673727,0.8421485389933028,0.9996463179586449,1.0,0.9012557701914172,0.48878717048728765,4229.048130428888,33.12941892931981,103.2703985988194,0.0,0.0,False,145,0,0,0.98,3,False,192,0.30000000000000004,1.0,,0.07734779999009334,2,4,2.595750400010729
a10-scale,scale_free-n50-load0.7-critical_link-centralised-deg4.0,scale_free,50,0.7,critical_link,CENTRALISED,spf-reconverge,22,10731330564497673727,0.6016891482292812,0.9213824110472371,0.9262461064909955,0.389805127917733,0.36132502789366644,3021.5244100050945,47.37746906623592,103.05719671876508,0.0,0.0,True,4,0,0,0.98,3,False,192,0.30000000000000004,1.0,,0.026767900009872392,2,8,1.422556400008034
a10-scale,scale_free-n50-load0.7-critical_link-centralised-deg4.0,scale_free,50,0.7,critical_link,CENTRALISED,spf-static,22,10731330564497673727,0.6046913269509986,0.8987467604005156,0.9262461064909955,0.4002091026779402,0.3718855242647461,3036.6005607343586,45.73362866869831,103.05719671876508,0.0,0.0,True,0,0,0,0.98,3,False,192,0.0,0.971221531520218,,0.014634799998020753,2,520,1.4439999000169337
a10-scale,scale_free-n50-load0.7-critical_link-centralised-deg4.0,scale_free,50,0.7,critical_link,CENTRALISED,cspf,23,18002796389619134452,0.6896835620860008,1.0,0.9112208677106096,0.6114449990651649,0.4242932236438706,3820.4040150593105,56.76449222241026,106.31852419633246,0.0,0.0,True,37,0,0,0.98,3,False,192,0.30000000000000004,1.0,,0.11717979999957606,2,6,2.164235300006112
a10-scale,scale_free-n50-load0.7-critical_link-centralised-deg4.0,scale_free,50,0.7,critical_link,CENTRALISED,ecmp,23,18002796389619134452,0.6905123895807798,1.0,0.8846714856522081,0.6710166489821778,0.3700550596144028,3824.995187102425,48.61168565962009,103.05355660514161,0.0,0.0,False,10,0,0,0.98,3,False,192,0.30000000000000004,1.0,,0.1684876999934204,2,2,2.800754299998516
a10-scale,scale_free-n50-load0.7-critical_link-centralised-deg4.0,scale_free,50,0.7,critical_link,CENTRALISED,orbit,23,18002796389619134452,0.7111946715084914,0.9992004167495906,0.9972463817899746,0.6889250276583698,0.3189082856048669,3939.561746697136,52.26135916933364,154.04794981097018,0.2,0.2,True,147,1,0,0.98,3,False,192,0.30000000000000004,1.0,,0.09760229999665171,2,6,2.3105600000126287
a10-scale,scale_free-n50-load0.7-critical_link-centralised-deg4.0,scale_free,50,0.7,critical_link,CENTRALISED,spf-reconverge,23,18002796389619134452,0.6116816237256911,0.9992004167495906,0.7649584171190126,0.5888014234101985,0.2933868771789595,3388.3233698532463,46.9019474946466,106.98905779170153,0.2,0.2,False,10,0,0,0.98,3,False,192,0.30000000000000004,1.0,,0.02384789998177439,2,20,1.498275999998441
a10-scale,scale_free-n50-load0.7-critical_link-centralised-deg4.0,scale_free,50,0.7,critical_link,CENTRALISED,spf-static,23,18002796389619134452,0.6035746164796683,0.9480270887233929,0.7567426144512773,0.5845692598823585,0.30277664463570947,3343.4157560786866,46.21628011613415,104.0701985688816,,0.0,True,0,0,0,0.98,3,False,192,0.0,0.9400312562192965,,0.012328099983278662,2,1300,1.4232273999950849
a10-scale,scale_free-n50-load0.7-critical_link-centralised-deg4.0,scale_free,50,0.7,critical_link,CENTRALISED,cspf,24,6904433962620389838,0.7842574163748339,0.9974930946997435,0.9769585803704754,0.7415169870398481,0.5529960695496962,3813.723786921284,53.33655475292335,105.36490643821357,0.0,0.0,True,53,0,0,0.98,3,False,192,0.30000000000000004,1.0173897714348006,,0.12428079996607266,2,4,2.2736705999996047
a10-scale,scale_free-n50-load0.7-critical_link-centralised-deg4.0,scale_free,50,0.7,critical_link,CENTRALISED,ecmp,24,6904433962620389838,0.7342503723310405,0.9996768428713976,0.8945626905851858,0.6973121499588215,0.4982781270908514,3570.547185206772,43.12306431572371,129.07544713096027,0.0,0.0,False,10,0,0,0.98,3,False,192,0.30000000000000004,0.9996271263900726,,0.16721119999419898,2,0,2.778172100021038
a10-scale,scale_free-n50-load0.7-critical_link-centralised-deg4.0,scale_free,50,0.7,critical_link,CENTRALISED,orbit,24,6904433962620389838,0.7848043621817167,0.9987094670689041,0.9449620843683206,0.848814345217082,0.4323024986190019,3816.3835006712766,39.0946018317157,105.1640742108153,0.2,0.2,True,152,0,0,0.98,3,False,192,0.30000000000000004,0.9996271263900726,,0.08063309997669421,2,6,2.503376799984835
a10-scale,scale_free-n50-load0.7-critical_link-centralised-deg4.0,scale_free,50,0.7,critical_link,CENTRALISED,spf-reconverge,24,6904433962620389838,0.6452779098772402,0.9524712186921572,0.8123511853677027,0.6222275156018839,0.36160690760974895,3137.8877173378146,39.45681220873678,153.0,0.0,0.2,False,7,0,0,0.98,3,False,192,0.30000000000000004,1.0,,0.022509700007503852,2,14,1.570997000002535
a10-scale,scale_free-n50-load0.7-critical_link-centralised-deg4.0,scale_free,50,0.7,critical_link,CENTRALISED,spf-static,24,6904433962620389838,0.6163149214715828,0.9285875679504464,0.8123511853677027,0.5552747142864889,0.35665647552601926,2997.045137444138,41.15611558107014,153.0,0.0,0.0,True,0,0,0,0.98,3,False,192,0.0,0.9706262080237311,,0.007480000000214204,2,910,1.4840797000215389
a10-scale,scale_free-n50-load0.7-critical_link-centralised-deg4.0,scale_free,50,0.7,critical_link,CENTRALISED,cspf,25,1805592459885442153,0.8450889649129026,1.0,0.9600657703302524,0.8547957920083772,0.6135082817064882,4073.626462108389,43.329313501081955,104.8085454647481,0.0,0.0,False,54,0,0,0.98,3,False,192,0.30000000000000004,1.0,,0.11331010001595132,2,8,2.5421506999991834
a10-scale,scale_free-n50-load0.7-critical_link-centralised-deg4.0,scale_free,50,0.7,critical_link,CENTRALISED,ecmp,25,1805592459885442153,0.7493417443972007,0.9995235847124162,0.9559567081011727,0.7421543492151902,0.38565106165640356,3612.0911358172816,44.584619483076935,103.040536932301,0.0,0.0,False,9,0,0,0.98,3,False,192,0.30000000000000004,1.0,,0.16497419998631813,2,6,2.9561266000091564
a10-scale,scale_free-n50-load0.7-critical_link-centralised-deg4.0,scale_free,50,0.7,critical_link,CENTRALISED,orbit,25,1805592459885442153,0.8235647543390626,0.9995235847124163,0.9828372487867642,0.953414590229934,0.36104169040222367,3969.872186038029,39.22307335995095,107.81522624217504,0.0,0.0,True,150,0,0,0.98,3,False,192,0.30000000000000004,1.0,,0.09324779998860322,2,6,2.6814993000007235
a10-scale,scale_free-n50-load0.7-critical_link-centralised-deg4.0,scale_free,50,0.7,critical_link,CENTRALISED,spf-reconverge,25,1805592459885442153,0.6611125030960877,0.976711518883155,0.9237497537463928,0.5527431097989097,0.3414740924655613,3186.795117269693,43.59945748018628,104.21194163973152,0.2,0.2,True,8,0,0,0.98,3,False,192,0.30000000000000004,1.0,,0.022053099994082004,2,16,1.6031246000202373
a10-scale,scale_free-n50-load0.7-critical_link-centralised-deg4.0,scale_free,50,0.7,critical_link,CENTRALISED,spf-static,25,1805592459885442153,0.6540211635165942,0.9246400079919073,0.8955694949589191,0.5984935078059291,0.3093899858583201,3152.6123628353143,42.66485544964115,105.1980508510965,,0.0,True,0,0,0,0.98,3,False,192,0.0,0.9375757210087265,,0.013077100011287257,2,1040,1.5708581999933813
a10-scale,scale_free-n50-load0.7-critical_link-centralised-deg4.0,scale_free,50,0.7,critical_link,CENTRALISED,cspf,26,12172303559248126605,0.7007646552071833,1.0,0.8634556885954358,0.6295695068133447,0.43705243557866635,3889.1444555058597,52.45975733667997,105.16253950030445,0.0,0.2,False,58,0,0,0.98,3,False,192,0.30000000000000004,1.0000000000000002,,0.11566089998814277,2,8,2.0805509999918286
a10-scale,scale_free-n50-load0.7-critical_link-centralised-deg4.0,scale_free,50,0.7,critical_link,CENTRALISED,ecmp,26,12172303559248126605,0.661135761448552,1.0,0.8731283564313134,0.5721582616192199,0.34498894167365834,3669.2097152275487,50.12930184078017,104.50183738617163,0.0,0.0,True,12,0,0,0.98,3,False,192,0.30000000000000004,1.0000000000000002,,0.17937650001840666,2,0,2.914941099996213
a10-scale,scale_free-n50-load0.7-critical_link-centralised-deg4.0,scale_free,50,0.7,critical_link,CENTRALISED,orbit,26,12172303559248126605,0.7177250603582167,0.9992952404362611,0.9800327868742496,0.6434765319905384,0.3587768983630368,3983.272298806936,43.38948412259143,105.05296809548324,0.2,0.2,False,161,0,0,0.98,3,False,192,0.30000000000000004,1.0000000000000002,,0.08934529998805374,2,6,2.2331164999923203
a10-scale,scale_free-n50-load0.7-critical_link-centralised-deg4.0,scale_free,50,0.7,critical_link,CENTRALISED,spf-reconverge,26,12172303559248126605,0.5536181936446091,0.9614900543452657,0.7371825430053291,0.4058964641117187,0.31995698598174527,3072.5024618194093,45.40516205978349,103.31190225359708,0.2,0.2,False,10,0,0,0.98,3,False,192,0.30000000000000004,0.9556970475496117,,0.026295000046957284,2,20,1.3177422000153456
a10-scale,scale_free-n50-load0.7-critical_link-centralised-deg4.0,scale_free,50,0.7,critical_link,CENTRALISED,spf-static,26,12172303559248126605,0.5398133204624975,0.9541906283569712,0.707734190536113,0.40230909335334625,0.3027172722539758,2995.887373435283,43.586692931994904,103.31190225359708,,0.0,True,0,0,0,0.98,3,False,192,0.0,0.9471430327195828,,0.013249100011307746,2,1300,1.3131518999871332
a10-scale,scale_free-n50-load0.7-critical_link-centralised-deg4.0,scale_free,50,0.7,critical_link,CENTRALISED,cspf,27,5950006246737941696,0.8462803162538283,1.0,0.918888447784194,0.8436084244764716,0.6901836843280973,3859.8203299627494,40.17365226465892,105.08822812032291,0.0,0.0,False,69,0,0,0.98,3,False,192,0.30000000000000004,1.0,,0.12646080000558868,2,6,2.648905999987619
a10-scale,scale_free-n50-load0.7-critical_link-centralised-deg4.0,scale_free,50,0.7,critical_link,CENTRALISED,ecmp,27,5950006246737941696,0.7918787293709232,0.9859972390073615,0.9749092529829096,0.7476123020600833,0.5684749391456989,3611.6988186857557,35.00819989966587,103.02063938901397,0.2,0.2,False,12,0,0,0.98,3,False,192,0.30000000000000004,0.984655230530684,,0.1577186999784317,2,6,3.2966334000229836
a10-scale,scale_free-n50-load0.7-critical_link-centralised-deg4.0,scale_free,50,0.7,critical_link,CENTRALISED,orbit,27,5950006246737941696,0.8540468789496205,0.999019697218717,0.9965651266204791,0.9189586453625419,0.5311340275499503,3895.2430333051225,34.47963601650127,105.12970552552034,0.2,0.2,False,150,1,0,0.98,3,False,192,0.30000000000000004,1.0,,0.09251400001812726,2,6,2.812343300000066
a10-scale,scale_free-n50-load0.7-critical_link-centralised-deg4.0,scale_free,50,0.7,critical_link,CENTRALISED,spf-reconverge,27,5950006246737941696,0.704667793304455,0.9408741299718953,0.889983049703401,0.655418853440449,0.4622054998094327,3213.936354453429,43.63218703146872,153.0,0.2,0.2,True,12,0,0,0.98,3,False,192,0.30000000000000004,1.0736032834524283,,0.02469560000463389,2,24,1.8545884999912232
a10-scale,scale_free-n50-load0.7-critical_link-centralised-deg4.0,scale_free,50,0.7,critical_link,CENTRALISED,spf-static,27,5950006246737941696,0.6959181740365776,0.7535307567372082,0.9297964072898399,0.6425582027382419,0.5162929703340684,3174.0300046530665,44.10826992813547,153.0,,0.0,True,0,0,0,0.98,3,False,192,0.0,0.8261491423772034,,0.009903800033498555,2,1560,1.712028800015105
a10-scale,scale_free-n50-load0.7-critical_link-centralised-deg4.0,scale_free,50,0.7,critical_link,CENTRALISED,cspf,28,12702650527117010566,0.8443259165393491,1.0,0.9828409886192454,0.8316698443164655,0.6327945338510207,3835.2563937791847,39.40930592738013,104.31380885600751,0.0,0.2,True,60,0,0,0.98,3,False,192,0.30000000000000004,1.0,,0.12382880001678132,2,6,2.5318591999821365
a10-scale,scale_free-n50-load0.7-critical_link-centralised-deg4.0,scale_free,50,0.7,critical_link,CENTRALISED,ecmp,28,12702650527117010566,0.7939896417935118,1.0,0.9592999968421316,0.8047705071181445,0.4930184241771918,3606.6094746495846,38.71635807238917,102.00000000000001,0.0,0.2,False,10,0,0,0.98,3,False,192,0.30000000000000004,1.0,,0.18159179997746833,2,2,3.0861681000096723
a10-scale,scale_free-n50-load0.7-critical_link-centralised-deg4.0,scale_free,50,0.7,critical_link,CENTRALISED,orbit,28,12702650527117010566,0.8533528644614912,0.9994650789793067,1.0,0.9422566477353406,0.5009678532046111,3876.2602988548538,35.79323716429284,105.06626247658426,0.0,0.0,False,148,1,0,0.98,3,False,192,0.30000000000000004,1.0,,0.0836694999889005,2,8,2.814785299997311
a10-scale,scale_free-n50-load0.7-critical_link-centralised-deg4.0,scale_free,50,0.7,critical_link,CENTRALISED,spf-reconverge,28,12702650527117010566,0.7125985759539585,1.0,0.868786816672507,0.7059027554047193,0.39185096716185364,3236.899627370365,41.79925482738552,105.8650357577865,0.0,0.2,False,7,0,0,0.98,3,False,192,0.30000000000000004,1.0,,0.0226464000006672,2,14,1.677584899996873
a10-scale,scale_free-n50-load0.7-critical_link-centralised-deg4.0,scale_free,50,0.7,critical_link,CENTRALISED,spf-static,28,12702650527117010566,0.7067761241805288,1.0,0.7917900379431682,0.7245502238882158,0.41495590389063675,3210.451788977528,43.324746045991716,153.0,0.0,0.0,True,0,0,0,0.98,3,False,192,0.0,1.0,,0.01300389997777529,2,910,1.6245015999884345
a10-scale,scale_free-n50-load0.7-critical_link-centralised-deg4.0,scale_free,50,0.7,critical_link,CENTRALISED,cspf,29,10273716481140938558,0.8328145285215895,0.9983276972761385,0.9327313274805741,0.805666262928932,0.6711980165925348,4068.880038088814,45.22653454706928,104.1218754391942,0.2,0.2,True,59,0,0,0.98,3,False,192,0.30000000000000004,1.0,,0.10882110000238754,2,8,2.4504561999929138
a10-scale,scale_free-n50-load0.7-critical_link-centralised-deg4.0,scale_free,50,0.7,critical_link,CENTRALISED,ecmp,29,10273716481140938558,0.7511607273375986,1.0,0.9473018429504545,0.6591345988329211,0.5310395268084757,3669.944248314104,45.04344621340129,103.17511546581099,0.0,0.0,True,12,0,0,0.98,3,False,192,0.30000000000000004,1.0,,0.17098249998525716,2,2,3.2330550999904517
a10-scale,scale_free-n50-load0.7-critical_link-centralised-deg4.0,scale_free,50,0.7,critical_link,CENTRALISED,orbit,29,10273716481140938558,0.8004225149714609,0.9990658765486802,1.0,0.8693000675962272,0.3841883243542287,3910.622451538793,47.83971980228437,105.21392955583552,0.2,0.2,False,156,1,0,0.98,3,False,192,0.30000000000000004,1.0,,0.10024209998664446,2,6,2.695399499993073
a10-scale,scale_free-n50-load0.7-critical_link-centralised-deg4.0,scale_free,50,0.7,critical_link,CENTRALISED,spf-reconverge,29,10273716481140938558,0.6734326193460548,0.9917857246537779,0.8694822167338729,0.5074857440263323,0.5151017870500583,3290.1882087951494,47.3880274499372,153.0,0.2,0.2,True,11,0,0,0.98,3,False,192,0.30000000000000004,1.0450644823737776,,0.031267200014553964,2,22,1.6322069000161719
a10-scale,scale_free-n50-load0.7-critical_link-centralised-deg4.0,scale_free,50,0.7,critical_link,CENTRALISED,spf-static,29,10273716481140938558,0.6726275100551413,0.8340400662676307,0.9090541142915244,0.5687545292254306,0.477401503025667,3286.254688173105,46.0772011291626,153.0,,0.0,True,0,0,0,0.98,3,False,192,0.0,0.8518757501534275,,0.014190200017765164,2,1430,1.6229734000226017
a10-scale,scale_free-n50-load0.7-random_node_30-centralised-deg4.0,scale_free,50,0.7,random_node_30,CENTRALISED,cspf,0,11810506366203528766,0.4358314561083273,0.5060055613197865,0.4951181833249834,0.42029911892878563,0.36183829620021446,2191.0589257247516,33.11783000440824,104.27180767179959,,,True,43,0,0,0.98,3,False,192,0.30000000000000004,0.4345025813092204,,0.10556170000927523,2,9918,1.1740797999955248
a10-scale,scale_free-n50-load0.7-random_node_30-centralised-deg4.0,scale_free,50,0.7,random_node_30,CENTRALISED,ecmp,0,11810506366203528766,0.3916887921062362,0.5099022371346568,0.46729756734506717,0.3537054560432536,0.3113349055509264,1969.1401619193907,37.312435745844546,104.11334274850007,,,True,19,0,0,0.98,3,False,192,0.30000000000000004,0.4345025813092204,,0.12880330003099516,2,9884,1.466092499991646
a10-scale,scale_free-n50-load0.7-random_node_30-centralised-deg4.0,scale_free,50,0.7,random_node_30,CENTRALISED,orbit,0,11810506366203528766,0.42979795632563855,0.5085824798485183,0.49752569832960036,0.4209808782633678,0.3314586578344322,2160.726664556038,39.529415098004044,105.07472098557358,,0.0,True,164,2,0,0.98,3,False,192,0.30000000000000004,0.4345025813092204,,0.11106029999791645,2,9918,1.1601755000010598
a10-scale,scale_free-n50-load0.7-random_node_30-centralised-deg4.0,scale_free,50,0.7,random_node_30,CENTRALISED,spf-reconverge,0,11810506366203528766,0.336739807955291,0.5094968227637793,0.4105456004173074,0.2754382037875989,0.2665823309534923,1692.8946993763855,44.59000273628139,153.0,,,True,4,0,0,0.98,3,False,192,0.30000000000000004,0.4345025813092204,,0.0187869000073988,2,9888,0.8030639000062365
a10-scale,scale_free-n50-load0.7-random_node_30-centralised-deg4.0,scale_free,50,0.7,random_node_30,CENTRALISED,spf-static,0,11810506366203528766,0.32274493877748,0.4835503030276178,0.4105456004173074,0.26168189861003044,0.24428027695706733,1622.5381828913262,46.28091364493382,154.03034104779582,,,True,0,0,0,0.98,3,False,192,0.0,0.4040965034934061,,0.010551000013947487,2,10400,0.7713010000006761
a10-scale,scale_free-n50-load0.7-random_node_30-centralised-deg4.0,scale_free,50,0.7,random_node_30,CENTRALISED,cspf,1,18301637496842251118,0.27992479144736515,0.24545028542714625,0.3790017387576606,0.2606591885751177,0.23207390790409552,1445.7973859647223,58.767776940153176,154.01862575359317,,,True,26,0,0,0.98,3,False,192,0.30000000000000004,0.1302752160527476,,0.07867779998923652,2,13038,0.7710694000124931
a10-scale,scale_free-n50-load0.7-random_node_30-centralised-deg4.0,scale_free,50,0.7,random_node_30,CENTRALISED,ecmp,1,18301637496842251118,0.26183628456876284,0.24527192704298312,0.37412266360467755,0.20702598693346977,0.24125737457954047,1352.3711630643988,42.45362441869218,104.07084949656733,,,True,18,0,0,0.98,3,False,192,0.30000000000000004,0.13044971705836572,,0.0906480000121519,2,13018,0.9493638999992982
a10-scale,scale_free-n50-load0.7-random_node_30-centralised-deg4.0,scale_free,50,0.7,random_node_30,CENTRALISED,orbit,1,18301637496842251118,0.2808232187558311,0.24498370658013363,0.3909797223254436,0.2828297425178743,0.19199120144719375,1450.4377175600168,38.80014048504432,104.74373387646702,,,True,160,2,0,0.98,3,False,192,0.30000000000000004,0.1302752160527476,,0.10279890001402237,2,13038,0.7943362999940291
a10-scale,scale_free-n50-load0.7-random_node_30-centralised-deg4.0,scale_free,50,0.7,random_node_30,CENTRALISED,spf-reconverge,1,18301637496842251118,0.23853193621993413,0.24527192704298312,0.3526837459875259,0.1846529451050237,0.19997451512163267,1232.0053828484536,50.739942875643926,104.06975376769222,,,True,14,0,0,0.98,3,False,192,0.30000000000000004,0.13044971705836572,,0.019364300009328872,2,13028,0.5648712000111118
a10-scale,scale_free-n50-load0.7-random_node_30-centralised-deg4.0,scale_free,50,0.7,random_node_30,CENTRALISED,spf-static,1,18301637496842251118,0.2135327961733107,0.19482487732149298,0.23026122657222844,0.20177541977777738,0.22599068270552222,1102.8860892557304,44.426357358936315,153.0,,,True,0,0,0,0.98,3,False,192,0.0,0.071252893792905,,0.01224989999900572,2,14820,0.5073242000071332
a10-scale,scale_free-n50-load0.7-random_node_30-centralised-deg4.0,scale_free,50,0.7,random_node_30,CENTRALISED,cspf,2,11275521151598905812,0.38853324596478717,0.5659166428695854,0.465238722533201,0.34458690512822654,0.2617396701541631,1913.7414723684387,55.94811975625245,153.0,,,True,43,0,0,0.98,3,False,192,0.30000000000000004,0.5041256282898899,,0.08324589999392629,2,9682,1.009445500007132
a10-scale,scale_free-n50-load0.7-random_node_30-centralised-deg4.0,scale_free,50,0.7,random_node_30,CENTRALISED,ecmp,2,11275521151598905812,0.36631161356775477,0.5570689461782466,0.4322577463523348,0.2960778055646671,0.27790012136303627,1804.2876226822239,48.76636809062644,104.54111735920931,,,True,31,0,0,0.98,3,False,192,0.30000000000000004,0.508289030378848,,0.11051100000622682,2,9646,1.2157969999825582
a10-scale,scale_free-n50-load0.7-random_node_30-centralised-deg4.0,scale_free,50,0.7,random_node_30,CENTRALISED,orbit,2,11275521151598905812,0.41225755203720893,0.5691837817239027,0.49213406361022305,0.3599744864735871,0.30754182482080644,2030.5968223429702,49.884433239724764,111.80122342757895,,,True,181,1,0,0.98,3,False,192,0.30000000000000004,0.507602116262758,,0.0933002999809105,2,9696,1.0672808999952395
a10-scale,scale_free-n50-load0.7-random_node_30-centralised-deg4.0,scale_free,50,0.7,random_node_30,CENTRALISED,spf-reconverge,2,11275521151598905812,0.30613838425488665,0.5446406055206043,0.33950630959599665,0.2676498525422592,0.1727741075753134,1507.9011341169482,46.920030718047066,154.03481902753327,,,True,23,0,0,0.98,3,False,192,0.30000000000000004,0.4883604347956785,,0.02083130000391975,2,9666,0.7045478000072762
a10-scale,scale_free-n50-load0.7-random_node_30-centralised-deg4.0,scale_free,50,0.7,random_node_30,CENTRALISED,spf-static,2,11275521151598905812,0.2947618922509563,0.3862252809366454,0.35536835615161483,0.26002786300404696,0.22641166866188234,1451.8656087555928,36.49377599041782,103.02221166968778,,,True,0,0,0,0.98,3,False,192,0.0,0.29950649970825255,,0.01540290002594702,2,12610,0.6178297000005841
a10-scale,scale_free-n50-load0.7-random_node_30-centralised-deg4.0,scale_free,50,0.7,random_node_30,CENTRALISED,cspf,3,2545353213968774684,0.3306681191289372,0.4321187196709797,0.38248192056407093,0.3865460078354493,0.14108469658090508,1716.6299537079306,49.15292428812074,153.0,,,True,35,0,0,0.98,3,False,192,0.30000000000000004,0.34702445014391453,,0.08231499997782521,2,10978,0.9427443000022322
a10-scale,scale_free-n50-load0.7-random_node_30-centralised-deg4.0,scale_free,50,0.7,random_node_30,CENTRALISED,ecmp,3,2545353213968774684,0.30923078854398794,0.43049595857855655,0.3554794197895164,0.33904073857365485,0.15172545335952592,1605.3402294169907,38.04489105600867,104.03756433487276,,,True,32,0,0,0.98,3,False,192,0.30000000000000004,0.35304482190387027,,0.1070752999803517,2,10950,1.0229427999875043
a10-scale,scale_free-n50-load0.7-random_node_30-centralised-deg4.0,scale_free,50,0.7,random_node_30,CENTRALISED,orbit,3,2545353213968774684,0.32307134942048915,0.4315510599090298,0.418065013836689,0.365604234897694,0.10532958379017775,1677.1920953885501,42.42710555783875,104.15251249406373,,,True,168,1,0,0.98,3,False,192,0.30000000000000004,0.34702445014391453,,0.08918529996299185,2,10974,0.924899200006621
a10-scale,scale_free-n50-load0.7-random_node_30-centralised-deg4.0,scale_free,50,0.7,random_node_30,CENTRALISED,spf-reconverge,3,2545353213968774684,0.2990014194935691,0.4242752273492683,0.33373701216444707,0.32711276261803146,0.1532853656828254,1552.2354990131666,39.54644757188733,104.27253700915396,,,True,29,0,0,0.98,3,False,192,0.30000000000000004,0.3670541332480226,,0.01767229998949915,2,10978,0.6683604999852832
a10-scale,scale_free-n50-load0.7-random_node_30-centralised-deg4.0,scale_free,50,0.7,random_node_30,CENTRALISED,spf-static,3,2545353213968774684,0.24858394420413044,0.2619202268781075,0.27052292082779167,0.29295464317912406,0.15505398150068642,1290.4982970713243,23.59115668686789,103.01916828084131,,,True,0,0,0,0.98,3,False,192,0.0,0.1658128848657769,,0.012818599992897362,2,14690,0.5651620000135154
a10-scale,scale_free-n50-load0.7-random_node_30-centralised-deg4.0,scale_free,50,0.7,random_node_30,CENTRALISED,cspf,4,6124580876818171443,0.44740119947025503,0.5152538771213344,0.42448387672903637,0.4698291966157471,0.39370735868759543,2427.516867877485,44.37562561087874,105.08194416369383,,0.2,True,50,0,0,0.98,3,False,192,0.30000000000000004,0.44258478389334593,,0.07990280000376515,2,9026,1.1110817000153475
a10-scale,scale_free-n50-load0.7-random_node_30-centralised-deg4.0,scale_free,50,0.7,random_node_30,CENTRALISED,ecmp,4,6124580876818171443,0.4076914773934113,0.5148765758060118,0.39931791733760386,0.4217720191175591,0.32427628337487413,2212.0591975037737,48.89078027152975,129.0465699500078,,,True,26,0,0,0.98,3,False,192,0.30000000000000004,0.4416054805010268,,0.13401139999041334,2,8982,1.3537781999912113
a10-scale,scale_free-n50-load0.7-random_node_30-centralised-deg4.0,scale_free,50,0.7,random_node_30,CENTRALISED,orbit,4,6124580876818171443,0.4392519529598221,0.514191484526027,0.4303622192821536,0.4933275251774534,0.31754210482894185,2383.3005506481363,44.00424034080647,105.31948292316693,,0.0,True,171,0,0,0.98,3,False,192,0.30000000000000004,0.44258478389334593,,0.09830289997626096,2,9028,1.2182080000056885
a10-scale,scale_free-n50-load0.7-random_node_30-centralised-deg4.0,scale_free,50,0.7,random_node_30,CENTRALISED,spf-reconverge,4,6124580876818171443,0.3602351450460329,0.4829827166587033,0.3504349877153737,0.3892353616983275,0.24551169559083014,1954.569840306554,45.8051698597678,104.0794643279628,,,True,9,0,0,0.98,3,False,192,0.30000000000000004,0.4073730869118504,,0.022555200004717335,2,8988,0.7580899999884423
a10-scale,scale_free-n50-load0.7-random_node_30-centralised-deg4.0,scale_free,50,0.7,random_node_30,CENTRALISED,spf-static,4,6124580876818171443,0.3452419632656452,0.4385165333840304,0.33167827648773696,0.4221772311041968,0.1819892212624597,1873.2195852823402,46.9515749508429,103.05388619244917,,,True,0,0,0,0.98,3,False,192,0.0,0.3549720473987338,,0.01563809998333454,2,10140,0.7583169999998063
a10-scale,scale_free-n50-load0.7-random_node_30-centralised-deg4.0,scale_free,50,0.7,random_node_30,CENTRALISED,cspf,5,5420026391102361589,0.3186533509610885,0.48390828610175746,0.427718207914304,0.2910287826138051,0.14371166674405525,1640.2610880323155,51.852291959277004,153.0,,,True,37,0,0,0.98,3,False,192,0.30000000000000004,0.4081867935961068,,0.09071649998077191,2,10992,0.8646664000116289
a10-scale,scale_free-n50-load0.7-random_node_30-centralised-deg4.0,scale_free,50,0.7,random_node_30,CENTRALISED,ecmp,5,5420026391102361589,0.29604756416955713,0.48409261444321167,0.3889628161038557,0.24911958527621594,0.1508311466621876,1523.898299671017,45.6380066505861,104.03018520249535,,,True,36,0,0,0.98,3,False,192,0.30000000000000004,0.41461351241273176,,0.11117300001205876,2,10948,1.0177675999875646
a10-scale,scale_free-n50-load0.7-random_node_30-centralised-deg4.0,scale_free,50,0.7,random_node_30,CENTRALISED,orbit,5,5420026391102361589,0.3212447122259785,0.48473960495973756,0.4442120271044464,0.30321226614944546,0.11953053045892008,1653.600062924666,51.34515095145027,153.0,,,True,177,1,0,0.98,3,False,192,0.30000000000000004,0.4081867935961068,,0.08438939999905415,2,10992,0.9963318000081927
a10-scale,scale_free-n50-load0.7-random_node_30-centralised-deg4.0,scale_free,50,0.7,random_node_30,CENTRALISED,spf-reconverge,5,5420026391102361589,0.2774797119733818,0.4747047329630496,0.35143931671999856,0.2372619114731715,0.13581041907000332,1428.3206904795138,48.323175834858944,104.04587034519852,,,True,28,0,0,0.98,3,False,192,0.30000000000000004,0.43994916590106303,,0.017670200002612546,2,10976,0.6110564999980852
a10-scale,scale_free-n50-load0.7-random_node_30-centralised-deg4.0,scale_free,50,0.7,random_node_30,CENTRALISED,spf-static,5,5420026391102361589,0.23937196669683683,0.2977821902998324,0.22956217487290376,0.2603835688088988,0.18170609827422304,1232.1619131083107,27.767169841046623,103.02805136051255,,,True,0,0,0,0.98,3,False,192,0.0,0.21648493824383644,,0.014942400011932477,2,14560,0.5607977999898139
a10-scale,scale_free-n50-load0.7-random_node_30-centralised-deg4.0,scale_free,50,0.7,random_node_30,CENTRALISED,cspf,6,11369438419658484221,0.30242459760237156,0.3505903436053685,0.3504144116225832,0.30260861792366944,0.2331247422597158,1589.0964438517506,51.17688415695486,153.0,,,True,25,0,0,0.98,3,False,192,0.30000000000000004,0.2529168465005536,,0.08506939999642782,2,13036,0.8252297999861185
a10-scale,scale_free-n50-load0.7-random_node_30-centralised-deg4.0,scale_free,50,0.7,random_node_30,CENTRALISED,ecmp,6,11369438419658484221,0.24923393556387952,0.3435482543494577,0.24708020791748203,0.25414855195048763,0.19733355649037146,1309.6049852812353,33.602197294800945,103.01942957654401,,,True,25,0,0,0.98,3,False,192,0.30000000000000004,0.2696513511230937,,0.0913637000194285,2,13014,0.8303752999927383
a10-scale,scale_free-n50-load0.7-random_node_30-centralised-deg4.0,scale_free,50,0.7,random_node_30,CENTRALISED,orbit,6,11369438419658484221,0.30244468375668776,0.3511532852243644,0.3740294923791783,0.32603921119762563,0.1810720783407886,1589.2019869743922,44.49374249352868,104.22200218523096,,,True,161,5,0,0.98,3,False,192,0.30000000000000004,0.2529168465005536,,0.10718049999559298,2,13040,0.8426531000004616
a10-scale,scale_free-n50-load0.7-random_node_30-centralised-deg4.0,scale_free,50,0.7,random_node_30,CENTRALISED,spf-reconverge,6,11369438419658484221,0.22044043223302065,0.34722597187797266,0.2027914399193964,0.2386977970268432,0.1495897013951075,1158.3089130971168,35.68787025329795,103.02644070597995,,,True,19,0,0,0.98,3,False,192,0.30000000000000004,0.26024095142887876,,0.015926299995044246,2,13038,0.5461007000121754
a10-scale,scale_free-n50-load0.7-random_node_30-centralised-deg4.0,scale_free,50,0.7,random_node_30,CENTRALISED,spf-static,6,11369438419658484221,0.1908935056480847,0.24805873578208545,0.21720560317465243,0.2338682970907531,0.08277179070902968,1003.0539624908694,36.24679954210649,103.02644070597995,,,True,0,0,0,0.98,3,False,192,0.0,0.14066402716049614,,0.012825899990275502,2,15470,0.4902497000002768
a10-scale,scale_free-n50-load0.7-random_node_30-centralised-deg4.0,scale_free,50,0.7,random_node_30,CENTRALISED,cspf,7,4439263618054446236,0.40561110104965437,0.4237884456484564,0.46382823050215255,0.45251308841452004,0.2664743399663948,2117.0748290303864,42.55856189317376,105.13727538568818,,,True,38,0,0,0.98,3,False,192,0.30000000000000004,0.33894764522363763,,0.07848029999877326,2,9922,1.0839944999897853
a10-scale,scale_free-n50-load0.7-random_node_30-centralised-deg4.0,scale_free,50,0.7,random_node_30,CENTRALISED,ecmp,7,4439263618054446236,0.3858213840788608,0.4276652439580122,0.4087331887912422,0.3953952750083725,0.32403094040942143,2013.7830020461597,35.44897503837872,103.03029454068373,,,True,17,0,0,0.98,3,False,192,0.30000000000000004,0.33961374302847885,,0.12893010000698268,2,9888,1.1522706000250764
a10-scale,scale_free-n50-load0.7-random_node_30-centralised-deg4.0,scale_free,50,0.7,random_node_30,CENTRALISED,orbit,7,4439263618054446236,0.40461619100975565,0.4263401113504447,0.47207408760348857,0.4823139387331139,0.2075887487281623,2111.8819262790357,39.75282267829319,104.27524250246276,,,True,163,3,0,0.98,3,False,192,0.30000000000000004,0.33961374302847885,,0.09523450001142919,2,9914,1.1324709999898914
a10-scale,scale_free-n50-load0.7-random_node_30-centralised-deg4.0,scale_free,50,0.7,random_node_30,CENTRALISED,spf-reconverge,7,4439263618054446236,0.34943575487851536,0.4272135080199304,0.38578314190378143,0.3291349644477038,0.2984972724287918,1823.8693149721607,47.36458529807855,104.03536594590037,,,True,6,0,0,0.98,3,False,192,0.30000000000000004,0.33961374302847885,,0.01935560000129044,2,9892,0.7270099999732338
a10-scale,scale_free-n50-load0.7-random_node_30-centralised-deg4.0,scale_free,50,0.7,random_node_30,CENTRALISED,spf-static,7,4439263618054446236,0.3486547600993757,0.39830240798269845,0.38578314190378765,0.3428989753065943,0.2915178951360459,1819.7929364306412,45.11168834971113,103.08168669051989,,,True,0,0,0,0.98,3,False,192,0.0,0.30573354767234595,,0.016169099981198087,2,10660,0.7833247999951709
a10-scale,scale_free-n50-load0.7-random_node_30-centralised-deg4.0,scale_free,50,0.7,random_node_30,CENTRALISED,cspf,8,12013991816554258252,0.42941483632385496,0.5908812924985923,0.4184370290385681,0.47639271045430054,0.26743089754769434,2124.345085400446,43.538672407144716,105.92938395428706,,,True,37,0,0,0.98,3,False,192,0.30000000000000004,0.5298655079090474,,0.08355449998634867,2,9934,1.0348317000025418
a10-scale,scale_free-n50-load0.7-random_node_30-centralised-deg4.0,scale_free,50,0.7,random_node_30,CENTRALISED,ecmp,8,12013991816554258252,0.41366970402593206,0.5913679480284014,0.42620915753806593,0.45977332156378586,0.2189310163995491,2046.4528199575107,41.372490586833656,103.02450620455875,,,True,30,0,0,0.98,3,False,192,0.30000000000000004,0.5298655079090474,,0.112700900004711,2,9910,1.4595857999811415
a10-scale,scale_free-n50-load0.7-random_node_30-centralised-deg4.0,scale_free,50,0.7,random_node_30,CENTRALISED,orbit,8,12013991816554258252,0.43008315971600486,0.5907738164209311,0.42940877555466667,0.5130008099675172,0.20759254982341097,2127.65132774113,29.822933596438407,103.04081681822254,,,True,170,1,0,0.98,3,False,192,0.30000000000000004,0.5298655079090474,,0.09051629999885336,2,9940,1.0511704999953508
a10-scale,scale_free-n50-load0.7-random_node_30-centralised-deg4.0,scale_free,50,0.7,random_node_30,CENTRALISED,spf-reconverge,8,12013991816554258252,0.3888604698727123,0.5877306504763621,0.3946758315901987,0.4024040967126304,0.23286019903582728,1923.7198117151179,44.23154399765734,105.09687326487042,,,True,18,0,0,0.98,3,False,192,0.30000000000000004,0.5447254726197462,,0.01819679999607615,2,9916,0.9058707999938633
a10-scale,scale_free-n50-load0.7-random_node_30-centralised-deg4.0,scale_free,50,0.7,random_node_30,CENTRALISED,spf-static,8,12013991816554258252,0.34447565473062175,0.5120724856060925,0.33360986288101474,0.352151182173303,0.23390766356993545,1704.145041731165,34.27220662754085,204.0,,,True,0,0,0,0.98,3,False,192,0.0,0.453577056326478,,0.015477599983569235,2,12220,0.7258275000203867
a10-scale,scale_free-n50-load0.7-random_node_30-centralised-deg4.0,scale_free,50,0.7,random_node_30,CENTRALISED,cspf,9,7424566739723228186,0.23678211917845918,0.35804686812380704,0.3804023815650665,0.13289783307483224,0.16953082034566327,1247.8563196305527,55.64711724542873,153.0,,,True,29,0,0,0.98,3,False,192,0.30000000000000004,0.2617221122416561,,0.07026780000887811,2,12664,0.7211077999963891
a10-scale,scale_free-n50-load0.7-random_node_30-centralised-deg4.0,scale_free,50,0.7,random_node_30,CENTRALISED,ecmp,9,7424566739723228186,0.216342110605703,0.35901024773866136,0.3599089745220408,0.1290521542981519,0.11081209125733363,1140.1362183014787,46.684328393655605,106.13312008932775,,,True,31,0,0,0.98,3,False,192,0.30000000000000004,0.2617221122416561,,0.08949669997673482,2,12644,0.8457452000002377
a10-scale,scale_free-n50-load0.7-random_node_30-centralised-deg4.0,scale_free,50,0.7,random_node_30,CENTRALISED,orbit,9,7424566739723228186,0.22934433714769237,0.35804686812380704,0.39326763666034753,0.14495477680904362,0.10412977004897857,1208.6587512359065,45.302247396250024,106.45559616514315,,,True,169,6,0,0.98,3,False,192,0.30000000000000004,0.2617221122416561,,0.08391650000703521,2,12668,0.7621249000076205
a10-scale,scale_free-n50-load0.7-random_node_30-centralised-deg4.0,scale_free,50,0.7,random_node_30,CENTRALISED,spf-reconverge,9,7424566739723228186,0.1914890611613786,0.3458411127347803,0.32412097837343234,0.09637190730348748,0.10405810996626469,1009.1591203736715,46.63528784693125,108.16165897280656,,,True,28,0,0,0.98,3,False,192,0.30000000000000004,0.2880952647155704,,0.01610810001147911,2,12666,0.5214787000149954
a10-scale,scale_free-n50-load0.7-random_node_30-centralised-deg4.0,scale_free,50,0.7,random_node_30,CENTRALISED,spf-static,9,7424566739723228186,0.16922033211598494,0.21065418032141464,0.19889915409729372,0.15011216247088116,0.14230958277737868,891.8015497688938,27.606030550655344,103.01906358728203,,,True,0,0,0,0.98,3,False,192,0.0,0.1137092285372444,,0.014773799979593605,2,16250,0.4867959000112023
a10-scale,scale_free-n50-load0.7-random_node_30-centralised-deg4.0,scale_free,50,0.7,random_node_30,CENTRALISED,cspf,10,7561747199948777641,0.3943564246958462,0.5160878678288988,0.5476194592590719,0.3685985228426907,0.21408837631109645,1954.5119740669268,37.20740301969004,107.45891809131598,,,True,40,0,0,0.98,3,False,192,0.30000000000000004,0.44495153462139436,,0.09041039997828193,2,10842,1.0593493999913335
a10-scale,scale_free-n50-load0.7-random_node_30-centralised-deg4.0,scale_free,50,0.7,random_node_30,CENTRALISED,ecmp,10,7561747199948777641,0.37941834084809084,0.5168765404575782,0.523555830165356,0.34189484659092517,0.21377660244709087,1880.4757420654528,40.611744932023385,105.1576146072523,,,True,22,0,0,0.98,3,False,192,0.30000000000000004,0.44495153462139436,,0.12171519998810254,2,10826,1.3072076000098605
a10-scale,scale_free-n50-load0.7-random_node_30-centralised-deg4.0,scale_free,50,0.7,random_node_30,CENTRALISED,orbit,10,7561747199948777641,0.396348369430085,0.5163236837239495,0.535844351969657,0.4030360515493922,0.1909427685080788,1964.3844640048103,27.63978756325222,105.04535600361322,,,True,166,0,0,0.98,3,False,192,0.30000000000000004,0.44495153462139436,,0.09138050000183284,2,10842,1.0478503999765962
a10-scale,scale_free-n50-load0.7-random_node_30-centralised-deg4.0,scale_free,50,0.7,random_node_30,CENTRALISED,spf-reconverge,10,7561747199948777641,0.33327486596297884,0.4311636614603195,0.48288952208825153,0.2763290433327087,0.20689521782293152,1651.779140361634,41.98204765943446,104.024,,,True,19,0,0,0.98,3,False,192,0.30000000000000004,0.3452305815310119,,0.019545999966794625,2,10828,0.6873077999916859
a10-scale,scale_free-n50-load0.7-random_node_30-centralised-deg4.0,scale_free,50,0.7,random_node_30,CENTRALISED,spf-static,10,7561747199948777641,0.29702575070832943,0.3834708920914763,0.38882321021831934,0.27013472487198414,0.19573762290223598,1472.1210306473365,29.0802613504525,102.00000000000001,,,True,0,0,0,0.98,3,False,192,0.0,0.28925983037047903,,0.013994799985084683,2,13260,0.6577557999989949
a10-scale,scale_free-n50-load0.7-random_node_30-centralised-deg4.0,scale_free,50,0.7,random_node_30,CENTRALISED,cspf,11,8327289135465032700,0.3669804501758613,0.42912076051389264,0.34421241183978324,0.3999626336722496,0.3024419192907276,1850.2684698768678,53.946785425310715,154.01651044150776,,,True,36,0,0,0.98,3,False,192,0.30000000000000004,0.3430965775752466,,0.09320780000416562,2,10068,1.0432849999924656
a10-scale,scale_free-n50-load0.7-random_node_30-centralised-deg4.0,scale_free,50,0.7,random_node_30,CENTRALISED,ecmp,11,8327289135465032700,0.3516991236056421,0.4250476531029277,0.3516694158963075,0.38296411111862727,0.25634180804927825,1773.2219767538181,52.617597691921105,153.0,,,True,31,0,0,0.98,3,False,192,0.30000000000000004,0.3565646689438012,,0.1121047000051476,2,10056,1.2836018000089098
a10-scale,scale_free-n50-load0.7-random_node_30-centralised-deg4.0,scale_free,50,0.7,random_node_30,CENTRALISED,orbit,11,8327289135465032700,0.3687052174461129,0.4279621874290438,0.3856516066816449,0.399725839074276,0.2630755370636661,1858.9645257471273,46.334675176674516,106.32241860211133,,,True,172,1,0,0.98,3,False,192,0.30000000000000004,0.3430965775752466,,0.11171970001305453,2,10072,1.068612300005043
a10-scale,scale_free-n50-load0.7-random_node_30-centralised-deg4.0,scale_free,50,0.7,random_node_30,CENTRALISED,spf-reconverge,11,8327289135465032700,0.3178518775458382,0.42298629332654913,0.31012306692004316,0.3428693650510409,0.22080140867308073,1602.5684933145565,51.73022079572276,154.04062404858448,,,True,29,0,0,0.98,3,False,192,0.30000000000000004,0.36017454969404816,,0.02178999996976927,2,10068,0.8151884999824688
a10-scale,scale_free-n50-load0.7-random_node_30-centralised-deg4.0,scale_free,50,0.7,random_node_30,CENTRALISED,spf-static,11,8327289135465032700,0.2539429386044654,0.3349672392772398,0.18126836229542986,0.28187323763602956,0.24296145608186598,1280.3478011500504,30.206278033891937,103.0300551300252,,,True,0,0,0,0.98,3,False,192,0.0,0.2518929602234632,,0.015256400016369298,2,13780,0.6014480000012554
a10-scale,scale_free-n50-load0.7-random_node_30-centralised-deg4.0,scale_free,50,0.7,random_node_30,CENTRALISED,cspf,12,7708277706920395919,0.4637608299116377,0.5297141631205613,0.5957179825045099,0.37782177405059897,0.4094462834021073,2282.5002284203265,25.463283610578934,103.02466420862957,,,True,37,0,0,0.98,3,False,192,0.30000000000000004,0.45783191201811485,,0.11495550000108778,2,10160,1.2021252999838907
a10-scale,scale_free-n50-load0.7-random_node_30-centralised-deg4.0,scale_free,50,0.7,random_node_30,CENTRALISED,ecmp,12,7708277706920395919,0.39749986453376535,0.5299274015654087,0.5217842139710074,0.2713140709357802,0.36680201674582286,1956.3824132543461,30.738871860482178,102.0,,,True,18,0,0,0.98,3,False,192,0.30000000000000004,0.45849761221015817,,0.13318669999716803,2,10148,1.3877779000031296
a10-scale,scale_free-n50-load0.7-random_node_30-centralised-deg4.0,scale_free,50,0.7,random_node_30,CENTRALISED,orbit,12,7708277706920395919,0.45898190975168496,0.5290149329752534,0.6062800040477415,0.37931935849962367,0.3774949194174179,2258.979728944825,27.25157609227064,103.0236451222157,,0.2,True,160,0,0,0.98,3,False,192,0.30000000000000004,0.45783191201811485,,0.10325139996712096,2,10178,1.2502090000198223
a10-scale,scale_free-n50-load0.7-random_node_30-centralised-deg4.0,scale_free,50,0.7,random_node_30,CENTRALISED,spf-reconverge,12,7708277706920395919,0.34261833313033996,0.5027450105897675,0.425449055710406,0.2524025498040846,0.28610904207236365,1686.2709681194835,25.53271220925698,103.015,,,True,4,0,0,0.98,3,False,192,0.30000000000000004,0.4836104690014116,,0.020682200003648177,2,10148,0.7808835000032559
a10-scale,scale_free-n50-load0.7-random_node_30-centralised-deg4.0,scale_free,50,0.7,random_node_30,CENTRALISED,spf-static,12,7708277706920395919,0.33709778714641736,0.5027450105897675,0.4254490557104089,0.22462733426171327,0.3030837589304835,1659.1003951504185,25.942642904867228,103.015,,,True,0,0,0,0.98,3,False,192,0.0,0.4836104690014116,,0.011395199981052428,2,10660,0.7485282999987248
a10-scale,scale_free-n50-load0.7-random_node_30-centralised-deg4.0,scale_free,50,0.7,random_node_30,CENTRALISED,cspf,13,7069521457110853195,0.35831247972748254,0.3193662262068682,0.5103223671487602,0.3349324551058572,0.2715164687345602,1785.8793102848674,44.98559737359933,106.35823550487011,,,True,37,0,0,0.98,3,False,192,0.30000000000000004,0.21465333793100275,,0.09966150001855567,2,10980,1.045571700000437
a10-scale,scale_free-n50-load0.7-random_node_30-centralised-deg4.0,scale_free,50,0.7,random_node_30,CENTRALISED,ecmp,13,7069521457110853195,0.3354736389737157,0.3155019682302189,0.49171982611524717,0.30916960207451893,0.2378322466140038,1672.0473466199,48.840788839164006,124.2116548275478,,,True,38,0,0,0.98,3,False,192,0.30000000000000004,0.22106008696376647,,0.12131280000903644,2,10948,1.2715491999988444
a10-scale,scale_free-n50-load0.7-random_node_30-centralised-deg4.0,scale_free,50,0.7,random_node_30,CENTRALISED,orbit,13,7069521457110853195,0.35210090316900494,0.31740169288409853,0.5184693080518222,0.3529394283315781,0.2183733403665882,1754.91994747263,39.7565481297818,106.1594727148011,,,True,171,3,0,0.98,3,False,192,0.30000000000000004,0.21465333793100275,,0.10853499997756444,2,10980,1.0260105000052135
a10-scale,scale_free-n50-load0.7-random_node_30-centralised-deg4.0,scale_free,50,0.7,random_node_30,CENTRALISED,spf-reconverge,13,7069521457110853195,0.29508223746254664,0.2911916247558972,0.46341753693714705,0.23349675717841786,0.22297054540884154,1470.7309751469668,50.707853237768184,154.01256272221787,,,True,37,0,0,0.98,3,False,192,0.30000000000000004,0.26717300861452864,,0.017797399981645867,2,10994,0.7612456000060774
a10-scale,scale_free-n50-load0.7-random_node_30-centralised-deg4.0,scale_free,50,0.7,random_node_30,CENTRALISED,spf-static,13,7069521457110853195,0.18968889243488937,0.16546149209864028,0.1627187664192695,0.21326517421797792,0.19756630453952626,945.43586270835,17.86006929560734,103.02049873116871,,,True,0,0,0,0.98,3,False,192,0.0,0.08378303081580057,,0.015973999979905784,2,15730,0.5836827000021003
a10-scale,scale_free-n50-load0.7-random_node_30-centralised-deg4.0,scale_free,50,0.7,random_node_30,CENTRALISED,cspf,14,15809732690004762427,0.47169844525560445,0.5391475210289448,0.598774804257955,0.3757185384389138,0.43937604666763186,2340.8259592134928,32.48388648663172,104.04181439844876,,,True,48,0,0,0.98,3,False,192,0.30000000000000004,0.48549734395830113,,0.10685609999927692,2,9662,1.2507836000004318
a10-scale,scale_free-n50-load0.7-random_node_30-centralised-deg4.0,scale_free,50,0.7,random_node_30,CENTRALISED,ecmp,14,15809732690004762427,0.42924888031249286,0.5436082182653426,0.5841916795591994,0.3254069719435989,0.35258683792357726,2130.1679751230226,42.111781862945655,104.04083514812358,,,True,21,0,0,0.98,3,False,192,0.30000000000000004,0.47384964022627596,,0.1097169000422582,2,9636,1.4958809000090696
a10-scale,scale_free-n50-load0.7-random_node_30-centralised-deg4.0,scale_free,50,0.7,random_node_30,CENTRALISED,orbit,14,15809732690004762427,0.45954916453667644,0.5425084004881889,0.5756723779348132,0.3859375709628985,0.39749741081321044,2280.5345760667283,29.687521316634562,102.0,,0.2,True,158,1,0,0.98,3,False,192,0.30000000000000004,0.473849640226276,,0.10099830001126975,2,9654,1.2316652000008617
a10-scale,scale_free-n50-load0.7-random_node_30-centralised-deg4.0,scale_free,50,0.7,random_node_30,CENTRALISED,spf-reconverge,14,15809732690004762427,0.40359109707267915,0.5410331858132233,0.5742235792631647,0.30897848819876944,0.28393450936333064,2002.8400060196195,31.23821513383411,104.04609257925956,,,True,16,0,0,0.98,3,False,192,0.30000000000000004,0.4791510198462912,,0.02329540002392605,2,9652,0.8176556999969762
a10-scale,scale_free-n50-load0.7-random_node_30-centralised-deg4.0,scale_free,50,0.7,random_node_30,CENTRALISED,spf-static,14,15809732690004762427,0.38284728820852926,0.4453774391730766,0.49038910272511793,0.31399110842607597,0.3344082554370718,1899.8978683667117,21.434875828271437,54.56939524256869,,,True,0,0,0,0.98,3,False,192,0.0,0.3658003171015692,,0.015271100011887029,2,11700,0.7297312000009697
a10-scale,scale_free-n50-load0.7-random_node_30-centralised-deg4.0,scale_free,50,0.7,random_node_30,CENTRALISED,cspf,15,9357724786544505500,0.4343242754124734,0.48119225447685215,0.4930375624086454,0.42337994690678626,0.3695638760243371,2064.6776367174,34.88396203183144,105.08341785924651,,,True,35,0,0,0.98,3,False,192,0.30000000000000004,0.4036123962673492,,0.0958323999948334,2,10588,1.0757958000176586
a10-scale,scale_free-n50-load0.7-random_node_30-centralised-deg4.0,scale_free,50,0.7,random_node_30,CENTRALISED,ecmp,15,9357724786544505500,0.41432442574297845,0.4818146427875968,0.4967574589832818,0.4000839021299952,0.3211114677407588,1969.6029547620792,39.4421921217639,104.0393469056655,,,True,35,0,0,0.98,3,False,192,0.30000000000000004,0.4036123962673492,,0.11308379998081364,2,10574,1.2400290000077803
a10-scale,scale_free-n50-load0.7-random_node_30-centralised-deg4.0,scale_free,50,0.7,random_node_30,CENTRALISED,orbit,15,9357724786544505500,0.43259406163480496,0.48119225447685215,0.5078085123996362,0.4361467662778022,0.3344390933001416,2056.452598662367,33.522985938193784,105.23151063444637,,,True,167,1,0,0.98,3,False,192,0.30000000000000004,0.4036123962673492,,0.08062090000021271,2,10580,1.128269500011811
a10-scale,scale_free-n50-load0.7-random_node_30-centralised-deg4.0,scale_free,50,0.7,random_node_30,CENTRALISED,spf-reconverge,15,9357724786544505500,0.36687951516825895,0.48119225447685215,0.4497627268813794,0.3330079181475566,0.271716692573251,1744.0607703040494,42.178897302042344,104.44071685466426,,,True,26,0,0,0.98,3,False,192,0.30000000000000004,0.4036123962673492,,0.015232900012051687,2,10582,0.7686175999988336
a10-scale,scale_free-n50-load0.7-random_node_30-centralised-deg4.0,scale_free,50,0.7,random_node_30,CENTRALISED,spf-static,15,9357724786544505500,0.3003470943114993,0.3571289613669191,0.27769410851875187,0.2999416072715598,0.29024359600471367,1427.780955345134,26.575183665435688,103.02483568844502,,,True,0,0,0,0.98,3,False,192,0.0,0.2582257246541425,,0.01577179998275824,2,13910,0.63662080001086
a10-scale,scale_free-n50-load0.7-random_node_30-centralised-deg4.0,scale_free,50,0.7,random_node_30,CENTRALISED,cspf,16,10768303942037350168,0.33747884259457783,0.4868261714500089,0.4576464119165364,0.31020252734419895,0.15960656107181317,1718.3966693697519,54.80901378419543,156.06446092872227,,,True,37,0,0,0.98,3,False,192,0.30000000000000004,0.41160563020971497,,0.08703009999589995,2,10600,0.8876250000030268
a10-scale,scale_free-n50-load0.7-random_node_30-centralised-deg4.0,scale_free,50,0.7,random_node_30,CENTRALISED,ecmp,16,10768303942037350168,0.3275475124228246,0.48938580163629697,0.43969720116635047,0.31446378134632874,0.1300580175320968,1667.827677967663,53.48121814496147,105.04709908988175,,,True,32,0,0,0.98,3,False,192,0.30000000000000004,0.41160563020971497,,0.11023410002235323,2,10572,1.1554591999738477
a10-scale,scale_free-n50-load0.7-random_node_30-centralised-deg4.0,scale_free,50,0.7,random_node_30,CENTRALISED,orbit,16,10768303942037350168,0.33782887971083086,0.48938580163629697,0.47088401016806397,0.32904908782904096,0.11785789801939112,1720.1790110718287,52.7154616156792,109.17774377920203,,,True,171,5,0,0.98,3,False,192,0.30000000000000004,0.41160563020971497,,0.0969370000238996,2,10592,0.9776800000108778
a10-scale,scale_free-n50-load0.7-random_node_30-centralised-deg4.0,scale_free,50,0.7,random_node_30,CENTRALISED,spf-reconverge,16,10768303942037350168,0.3137241265872306,0.48938580163629697,0.43030769280554765,0.2830824855649508,0.1288676454114112,1597.4408649850366,57.80422187281155,154.04461177953448,,,True,27,0,0,0.98,3,False,192,0.30000000000000004,0.41160563020971497,,0.01658659998793155,2,10584,0.7635563999938313
a10-scale,scale_free-n50-load0.7-random_node_30-centralised-deg4.0,scale_free,50,0.7,random_node_30,CENTRALISED,spf-static,16,10768303942037350168,0.2887817740907728,0.44635148406082686,0.2553022044460083,0.3295618408363479,0.17084770206653752,1470.4377760605873,24.345569804229143,103.01833456494933,,,True,0,0,0,0.98,3,False,192,0.0,0.36117478930095914,,0.012496699986513704,2,14040,0.6362730000109877
a10-scale,scale_free-n50-load0.7-random_node_30-centralised-deg4.0,scale_free,50,0.7,random_node_30,CENTRALISED,cspf,17,12460403974162967536,0.4082256177555255,0.32524786769501285,0.5773269205279152,0.4246541332388948,0.2789402695891943,2025.5412400163577,42.268344894616234,106.7278720345649,,,True,36,0,0,0.98,3,False,192,0.30000000000000004,0.2221404062414316,,0.08574670000234619,2,9544,1.0937592000118457
a10-scale,scale_free-n50-load0.7-random_node_30-centralised-deg4.0,scale_free,50,0.7,random_node_30,CENTRALISED,ecmp,17,12460403974162967536,0.3894496642723025,0.32585501874257083,0.5572832039774621,0.410229093488775,0.24338765800410955,1932.3783750545783,34.4553261677566,102.0,,,True,20,0,0,0.98,3,False,192,0.30000000000000004,0.2221404062414316,,0.11207589998957701,2,9504,1.2807641999970656
a10-scale,scale_free-n50-load0.7-random_node_30-centralised-deg4.0,scale_free,50,0.7,random_node_30,CENTRALISED,orbit,17,12460403974162967536,0.39838936658496193,0.32585501874257083,0.5854104913066197,0.42343004189478295,0.2337002653696131,1976.735551381042,43.29991529719194,104.12281818017665,,,True,170,5,0,0.98,3,False,192,0.30000000000000004,0.2221404062414316,,0.10043170000426471,2,9546,1.1111604000034276
a10-scale,scale_free-n50-load0.7-random_node_30-centralised-deg4.0,scale_free,50,0.7,random_node_30,CENTRALISED,spf-reconverge,17,12460403974162967536,0.3650988930038114,0.3238692662211742,0.5614298486841498,0.3708862507277169,0.2034586659930012,1811.5542785617595,48.673105982040326,153.0,,,True,13,0,0,0.98,3,False,192,0.30000000000000004,0.22549879220538488,,0.020815399999264628,2,9516,0.8940526000224054
a10-scale,scale_free-n50-load0.7-random_node_30-centralised-deg4.0,scale_free,50,0.7,random_node_30,CENTRALISED,spf-static,17,12460403974162967536,0.34370438150798915,0.3238692662211742,0.49291382918825755,0.3244811440051065,0.2504738814737916,1705.39860517934,38.934361069083984,104.1353962243618,,,True,0,0,0,0.98,3,False,192,0.0,0.22549879220538488,,0.014740399987204,2,11180,0.7723513999953866
a10-scale,scale_free-n50-load0.7-random_node_30-centralised-deg4.0,scale_free,50,0.7,random_node_30,CENTRALISED,cspf,18,18139018876949907963,0.30304637644572635,0.3810544235355706,0.4900446278869796,0.24946983948940496,0.1441312997091013,1634.893841941726,48.19589868164779,105.32319861378407,,,True,43,0,0,0.98,3,False,192,0.30000000000000004,0.28946664426978413,,0.08458059999975376,2,10474,0.8758924000139814
a10-scale,scale_free-n50-load0.7-random_node_30-centralised-deg4.0,scale_free,50,0.7,random_node_30,CENTRALISED,ecmp,18,18139018876949907963,0.28324938628843893,0.38276473075066303,0.49108563251899845,0.21024147415919314,0.11679563915287261,1528.0917818849982,50.77285907048046,204.0,,,True,36,0,0,0.98,3,False,192,0.30000000000000004,0.2890202494257856,,0.12717729998985305,2,10448,0.9713415000005625
a10-scale,scale_free-n50-load0.7-random_node_30-centralised-deg4.0,scale_free,50,0.7,random_node_30,CENTRALISED,orbit,18,18139018876949907963,0.3133924902146764,0.38200177056974727,0.5007984514000002,0.2591365973765314,0.16188979403396334,1690.7097137144553,54.83760562349156,105.58925170269039,,,True,181,1,0,0.98,3,False,192,0.30000000000000004,0.2890202494257856,,0.08875470000202768,2,10476,0.9868068000068888
a10-scale,scale_free-n50-load0.7-random_node_30-centralised-deg4.0,scale_free,50,0.7,random_node_30,CENTRALISED,spf-reconverge,18,18139018876949907963,0.26310309925007175,0.38126379544998523,0.4661109850550693,0.19487816167912342,0.08084031484437326,1419.405312825977,55.257611482099186,204.0,,,True,32,0,0,0.98,3,False,192,0.30000000000000004,0.2906288257444235,,0.021102900005644187,2,10464,0.6814414999971632
a10-scale,scale_free-n50-load0.7-random_node_30-centralised-deg4.0,scale_free,50,0.7,random_node_30,CENTRALISED,spf-static,18,18139018876949907963,0.22290916067260882,0.2650539437643079,0.34423913734678907,0.19461982531002298,0.11658493126782374,1202.5644997649872,32.28900024774813,103.0216096727595,,,True,0,0,0,0.98,3,False,192,0.0,0.15368746089935037,,0.012775400013197213,2,14560,0.5608275999838952
a10-scale,scale_free-n50-load0.7-random_node_30-centralised-deg4.0,scale_free,50,0.7,random_node_30,CENTRALISED,cspf,19,4925808492266387824,0.42471571556102367,0.5153495042962377,0.4956402597479706,0.3492582097398874,0.3993868178367865,2220.1670896720184,41.5027479039065,105.13444535042659,,,True,40,0,0,0.98,3,False,192,0.30000000000000004,0.4425347031345714,,0.10459900001296774,2,9018,1.1495398000115529
a10-scale,scale_free-n50-load0.7-random_node_30-centralised-deg4.0,scale_free,50,0.7,random_node_30,CENTRALISED,ecmp,19,4925808492266387824,0.3978700281130316,0.512862318818947,0.46819750933809356,0.3201879685762187,0.35934491579146416,2079.8334274412186,41.0945430440128,104.06403908773076,,,True,24,0,0,0.98,3,False,192,0.30000000000000004,0.4411214964605016,,0.12069730000803247,2,8988,1.2912575000082143
a10-scale,scale_free-n50-load0.7-random_node_30-centralised-deg4.0,scale_free,50,0.7,random_node_30,CENTRALISED,orbit,19,4925808492266387824,0.426410871660614,0.5150767446696862,0.5114253296755025,0.38987999582314536,0.33290059541978606,2229.0283812284088,39.36233318215237,105.33521830187189,,,True,167,0,0,0.98,3,False,192,0.30000000000000004,0.4425347031345714,,0.09542009996948764,2,9018,1.1684573000238743
a10-scale,scale_free-n50-load0.7-random_node_30-centralised-deg4.0,scale_free,50,0.7,random_node_30,CENTRALISED,spf-reconverge,19,4925808492266387824,0.3526998769176925,0.49493698695152916,0.37385091550419364,0.32017187741740827,0.2792336733966352,1843.7101114322259,44.85020596444183,106.13735778961575,,,True,10,0,0,0.98,3,False,192,0.30000000000000004,0.49914795733163914,,0.022115100000519305,2,8990,0.7724305000156164
a10-scale,scale_free-n50-load0.7-random_node_30-centralised-deg4.0,scale_free,50,0.7,random_node_30,CENTRALISED,spf-static,19,4925808492266387824,0.34584457639874006,0.450187014155429,0.4035493501426568,0.3112480740845692,0.2656243946309251,1807.8745818194702,43.15812554723742,153.0,,,True,0,0,0,0.98,3,False,192,0.0,0.43926925225746605,,0.013034300034632906,2,10270,0.7592326000158209
a10-scale,scale_free-n50-load0.7-random_node_30-centralised-deg4.0,scale_free,50,0.7,random_node_30,CENTRALISED,cspf,20,10340678510639188400,0.3203604700393014,0.39936391487952744,0.3434218995867796,0.2879087058509902,0.29206785371534316,1669.0532798259353,58.420588133628655,155.14230926813622,,,True,33,0,0,0.98,3,False,192,0.30000000000000004,0.30957004699471874,,0.07173929997952655,2,11358,0.8602383000252303
a10-scale,scale_free-n50-load0.7-random_node_30-centralised-deg4.0,scale_free,50,0.7,random_node_30,CENTRALISED,ecmp,20,10340678510639188400,0.31839850226808536,0.40080472763169067,0.36365921917421085,0.2650121835963482,0.29448125342349524,1658.8315794299435,40.04399053853468,106.13295283809464,,,True,31,0,0,0.98,3,False,192,0.30000000000000004,0.30957004699471874,,0.10682640003506094,2,11348,1.0185804000066128
a10-scale,scale_free-n50-load0.7-random_node_30-centralised-deg4.0,scale_free,50,0.7,random_node_30,CENTRALISED,orbit,20,10340678510639188400,0.32170980995156234,0.39941295224252304,0.4087103507841876,0.2641342855932926,0.26294526229718,1676.0832364428766,48.50508921761181,108.607530247529,,,True,168,2,0,0.98,3,False,192,0.30000000000000004,0.30957004699471874,,0.10021770000457764,2,11366,0.953682999999728
a10-scale,scale_free-n50-load0.7-random_node_30-centralised-deg4.0,scale_free,50,0.7,random_node_30,CENTRALISED,spf-reconverge,20,10340678510639188400,0.29499216577666665,0.395309830127299,0.34437215082113803,0.2527809876551927,0.23940111273286502,1536.8863760004465,45.43544580152414,153.0,,,True,30,0,0,0.98,3,False,192,0.30000000000000004,0.3193990466849778,,0.017561099986778572,2,11370,0.6952040000178386
a10-scale,scale_free-n50-load0.7-random_node_30-centralised-deg4.0,scale_free,50,0.7,random_node_30,CENTRALISED,spf-static,20,10340678510639188400,0.21786778381925964,0.25358683367558477,0.24645863421395198,0.12974180916977945,0.2907384357940476,1135.0743089724308,29.602343663801737,103.04280893201829,,,True,0,0,0,0.98,3,False,192,0.0,0.14804423741203745,,0.015985500009264797,2,15210,0.561677099991357
a10-scale,scale_free-n50-load0.7-random_node_30-centralised-deg4.0,scale_free,50,0.7,random_node_30,CENTRALISED,cspf,21,15985305889212047033,0.430643975891062,0.6703713246987237,0.4436871721948785,0.40663004756141535,0.3151241760503456,1983.4154984374845,46.03480496309476,106.25733861014751,,,True,42,0,0,0.98,3,False,192,0.30000000000000004,0.6240926838267823,,0.09943240002030507,2,10072,1.1233681000012439
a10-scale,scale_free-n50-load0.7-random_node_30-centralised-deg4.0,scale_free,50,0.7,random_node_30,CENTRALISED,ecmp,21,15985305889212047033,0.37965751500393213,0.6701041727102031,0.4383865128374805,0.33189355705998286,0.22659066904630887,1748.5873285443297,33.565973014757304,103.02044066018642,,,True,26,0,0,0.98,3,False,192,0.30000000000000004,0.6401501784930959,,0.11461349998717196,2,10032,1.2737614000216126
a10-scale,scale_free-n50-load0.7-random_node_30-centralised-deg4.0,scale_free,50,0.7,random_node_30,CENTRALISED,orbit,21,15985305889212047033,0.4360236119738205,0.7258411050579013,0.4668977182920883,0.4045354725730515,0.28603380945874546,2008.192470088879,39.76501266172524,105.08328286163956,,,True,168,0,0,0.98,3,False,192,0.30000000000000004,0.688378066628973,,0.09629020001739264,2,10062,1.1997620000038296
a10-scale,scale_free-n50-load0.7-random_node_30-centralised-deg4.0,scale_free,50,0.7,random_node_30,CENTRALISED,spf-reconverge,21,15985305889212047033,0.3430241945740841,0.6649882544502375,0.41832015844796855,0.2755665480357101,0.18425013422238715,1579.8653689501073,39.069865096214855,104.06924053142149,,,True,17,0,0,0.98,3,False,192,0.30000000000000004,0.6599649303971621,,0.018618700007209554,2,10044,0.7749408999807201
a10-scale,scale_free-n50-load0.7-random_node_30-centralised-deg4.0,scale_free,50,0.7,random_node_30,CENTRALISED,spf-static,21,15985305889212047033,0.32386784324933554,0.5383897727698799,0.35398387790235913,0.31045647431842743,0.19247161734090212,1491.6370266578392,32.411000964862794,104.05556520150141,,,True,0,0,0,0.98,3,False,192,0.0,0.5030798829193938,,0.011601500009419397,2,12220,0.784405800019158
a10-scale,scale_free-n50-load0.7-random_node_30-centralised-deg4.0,scale_free,50,0.7,random_node_30,CENTRALISED,cspf,22,6650512790225392486,0.4360173058116799,0.438984640526265,0.4670040413556233,0.40327698813792884,0.4452346610924456,2340.39580295721,40.24635844681049,105.07077777130553,,,True,33,0,0,0.98,3,False,192,0.30000000000000004,0.354267210218089,,0.08172110002487898,2,9658,1.0486431999888737
a10-scale,scale_free-n50-load0.7-random_node_30-centralised-deg4.0,scale_free,50,0.7,random_node_30,CENTRALISED,ecmp,22,6650512790225392486,0.3942613825890443,0.438984640526265,0.4487379026984958,0.34603205699565587,0.3741693018346404,2116.263902327861,43.29557173511728,103.10495310355614,,,True,21,0,0,0.98,3,False,192,0.30000000000000004,0.354267210218089,,0.12061740001081489,2,9638,1.2305505000113044
a10-scale,scale_free-n50-load0.7-random_node_30-centralised-deg4.0,scale_free,50,0.7,random_node_30,CENTRALISED,orbit,22,6650512790225392486,0.42914393964861214,0.4378989583761818,0.4785482642981667,0.4160005250561356,0.38839183722517356,2303.501860662223,38.41715152591034,104.0897164707628,,,True,161,1,0,0.98,3,False,192,0.30000000000000004,0.354267210218089,,0.08068030001595616,2,9660,1.074608499999158
a10-scale,scale_free-n50-load0.7-random_node_30-centralised-deg4.0,scale_free,50,0.7,random_node_30,CENTRALISED,spf-reconverge,22,6650512790225392486,0.37213722724863096,0.438984640526265,0.4447512546718103,0.33244813424113967,0.3076242579646603,1997.5087987746074,40.99991720187535,104.04673444996699,,,True,16,0,0,0.98,3,False,192,0.30000000000000004,0.354267210218089,,0.019153000001097098,2,9652,0.8604860999912489
a10-scale,scale_free-n50-load0.7-random_node_30-centralised-deg4.0,scale_free,50,0.7,random_node_30,CENTRALISED,spf-static,22,6650512790225392486,0.33988259134521076,0.3506470407781198,0.34814307292254215,0.3297840278294295,0.33823678658981265,1824.3766467061255,35.1243765258669,103.03143988526777,,,True,0,0,0,0.98,3,False,192,0.0,0.2507465855132264,,0.011854100011987612,2,11700,0.7377449999912642
a10-scale,scale_free-n50-load0.7-random_node_30-centralised-deg4.0,scale_free,50,0.7,random_node_30,CENTRALISED,cspf,23,17522998467999857523,0.3138171159760472,0.6267138190314935,0.3681980350594938,0.25422388774261934,0.1509745988931391,1742.408714037977,48.72586650664762,105.46525115599061,,,True,40,0,0,0.98,3,False,192,0.30000000000000004,0.58478239941126,,0.09737119998317212,2,10590,0.9008384000044316
a10-scale,scale_free-n50-load0.7-random_node_30-centralised-deg4.0,scale_free,50,0.7,random_node_30,CENTRALISED,ecmp,23,17522998467999857523,0.303155100511405,0.6357050520085653,0.3323689185975168,0.2653066311357458,0.12233707271170506,1683.2099396275391,47.40929106174012,104.05209040051919,,,True,31,0,0,0.98,3,False,192,0.30000000000000004,0.6226598122760524,,0.12355519999982789,2,10570,1.1817061000037938
a10-scale,scale_free-n50-load0.7-random_node_30-centralised-deg4.0,scale_free,50,0.7,random_node_30,CENTRALISED,orbit,23,17522998467999857523,0.3136873195128629,0.6421802888252985,0.3619513085639504,0.2640958995948946,0.1334826162522816,1741.6880443326288,47.200503261120375,107.1280600824122,,,True,175,1,0,0.98,3,False,192,0.30000000000000004,0.5899552290624336,,0.08732389999204315,2,10594,0.9214866999827791
a10-scale,scale_free-n50-load0.7-random_node_30-centralised-deg4.0,scale_free,50,0.7,random_node_30,CENTRALISED,spf-reconverge,23,17522998467999857523,0.27889628710014325,0.624817549927074,0.3206653483669752,0.19629954031500388,0.1383336587967726,1548.517579879927,42.63324561343829,105.05659855493329,,,True,20,0,0,0.98,3,False,192,0.30000000000000004,0.6091937281903572,,0.016329599980963394,2,10570,0.6818197999964468
a10-scale,scale_free-n50-load0.7-random_node_30-centralised-deg4.0,scale_free,50,0.7,random_node_30,CENTRALISED,spf-static,23,17522998467999857523,0.25044656812360433,0.5128497980582074,0.3163285081951874,0.17868085469507689,0.12436055828854359,1390.5560292408707,37.84682854781135,103.01496533843627,,,True,0,0,0,0.98,3,False,192,0.0,0.4707076778303738,,0.014564800017978996,2,13130,0.5963842999772169
a10-scale,scale_free-n50-load0.7-random_node_30-centralised-deg4.0,scale_free,50,0.7,random_node_30,CENTRALISED,cspf,24,13757933143603780314,0.30802920309256115,0.4168748953195588,0.3044777470105774,0.28600849790856064,0.27906810832843354,1778.567309485491,28.418334208780667,103.03853087060396,,,True,28,0,0,0.98,3,False,192,0.30000000000000004,0.3283146411656718,,0.07963379999273457,2,12898,0.7405415999819525
a10-scale,scale_free-n50-load0.7-random_node_30-centralised-deg4.0,scale_free,50,0.7,random_node_30,CENTRALISED,ecmp,24,13757933143603780314,0.24674946378822657,0.40963515978206627,0.22973813725832923,0.23975606902081362,0.17624390574642543,1424.7367636598356,41.26453818427267,103.02080438112318,,,True,14,0,0,0.98,3,False,192,0.30000000000000004,0.3471781214638693,,0.11101829999824986,2,12876,0.8158626000222284
a10-scale,scale_free-n50-load0.7-random_node_30-centralised-deg4.0,scale_free,50,0.7,random_node_30,CENTRALISED,orbit,24,13757933143603780314,0.299841377786586,0.4165238468097635,0.3256152551517355,0.27743622678198143,0.23752103456588147,1731.2906283176685,36.80369310805502,105.12096665495419,,,True,157,0,0,0.98,3,False,192,0.30000000000000004,0.328098875560749,,0.0965552999987267,2,12900,0.8517171999847051
a10-scale,scale_free-n50-load0.7-random_node_30-centralised-deg4.0,scale_free,50,0.7,random_node_30,CENTRALISED,spf-reconverge,24,13757933143603780314,0.23287931939962586,0.4035521736511423,0.20888034623882654,0.21397212574543803,0.18247222540922053,1344.6502486809427,39.45636916116334,103.02080438112318,,,True,11,0,0,0.98,3,False,192,0.30000000000000004,0.3634589010980098,,0.018579800002044067,2,12892,0.5102822000044398
a10-scale,scale_free-n50-load0.7-random_node_30-centralised-deg4.0,scale_free,50,0.7,random_node_30,CENTRALISED,spf-static,24,13757933143603780314,0.21839678137253893,0.3291940717063829,0.1938130233203818,0.204680020017387,0.19680361694539109,1261.027759531376,31.575614858906963,102.0,,,True,0,0,0,0.98,3,False,192,0.0,0.2669293798866581,,0.01274909998755902,2,14300,0.5338782999897376
a10-scale,scale_free-n50-load0.7-random_node_30-centralised-deg4.0,scale_free,50,0.7,random_node_30,CENTRALISED,cspf,25,16710535857817927315,0.44213857158638425,0.5370957719221168,0.49238664439440755,0.43377948417694634,0.3481548049907752,2286.092908674793,33.47113008569748,103.01313486985103,,,True,29,0,0,0.98,3,False,192,0.30000000000000004,0.484276516374601,,0.09270040001138113,2,10166,1.1248201999987941
a10-scale,scale_free-n50-load0.7-random_node_30-centralised-deg4.0,scale_free,50,0.7,random_node_30,CENTRALISED,ecmp,25,16710535857817927315,0.3617128146763141,0.5415448431809274,0.4661870612115221,0.3136105297438611,0.22119357162005568,1870.2487268672085,34.30612863359045,103.04260800247008,,,True,15,0,0,0.98,3,False,192,0.30000000000000004,0.4710132805933678,,0.10571179998805746,2,10146,1.2385567000019364
a10-scale,scale_free-n50-load0.7-random_node_30-centralised-deg4.0,scale_free,50,0.7,random_node_30,CENTRALISED,orbit,25,16710535857817927315,0.4232604073948931,0.5403251830996763,0.5070401112683859,0.4176872778017792,0.2759446989728365,2188.482702145833,28.54045793403636,86.00212498351985,,,True,156,0,0,0.98,3,False,192,0.30000000000000004,0.4710132805933677,,0.0888639000186231,2,10164,0.9774496000027284
a10-scale,scale_free-n50-load0.7-random_node_30-centralised-deg4.0,scale_free,50,0.7,random_node_30,CENTRALISED,spf-reconverge,25,16710535857817927315,0.2991361962288625,0.5385236379261171,0.3924256072797175,0.23360383882549873,0.1655336716426914,1546.6941381592262,40.2778778465079,104.04912195024573,,,True,10,0,0,0.98,3,False,192,0.30000000000000004,0.4794670008499147,,0.020908999984385446,2,10160,0.6677403000066988
a10-scale,scale_free-n50-load0.7-random_node_30-centralised-deg4.0,scale_free,50,0.7,random_node_30,CENTRALISED,spf-static,25,16710535857817927315,0.30507464059144573,0.49562192968315755,0.3534163624366969,0.28300600723728714,0.1830676017663813,1577.3990719023998,36.73887759160255,103.01208550857382,,,True,0,0,0,0.98,3,False,192,0.0,0.4282892207035594,,0.012465500010875985,2,11440,0.6487204000004567
a10-scale,scale_free-n50-load0.7-random_node_30-centralised-deg4.0,scale_free,50,0.7,random_node_30,CENTRALISED,cspf,26,4534705034747471893,0.3519123202016642,0.4869598924790378,0.463622084946109,0.3625204296716133,0.15773431148628766,1825.3316360893757,52.52926141249949,104.20858471977218,,,True,40,0,0,0.98,3,False,192,0.30000000000000004,0.4119288089100189,,0.08451049998984672,2,9812,1.0175792000081856
a10-scale,scale_free-n50-load0.7-random_node_30-centralised-deg4.0,scale_free,50,0.7,random_node_30,CENTRALISED,ecmp,26,4534705034747471893,0.3288190179152263,0.4900812407645464,0.4451126497151179,0.32714595621433673,0.13065056711550097,1705.5491424811541,51.68939198757977,104.08892065115673,,,True,39,0,0,0.98,3,False,192,0.30000000000000004,0.4119288089100189,,0.11337900001672097,2,9786,1.3555196999805048
a10-scale,scale_free-n50-load0.7-random_node_30-centralised-deg4.0,scale_free,50,0.7,random_node_30,CENTRALISED,orbit,26,4534705034747471893,0.3438524520784909,0.4886044584186756,0.5077251419028089,0.3688854486271549,0.07728060199154688,1783.5259605747879,52.300445028224736,105.15816700988024,,,True,181,3,0,0.98,3,False,192,0.30000000000000004,0.4119288089100189,,0.0876808000029996,2,9826,1.009216699982062
a10-scale,scale_free-n50-load0.7-random_node_30-centralised-deg4.0,scale_free,50,0.7,random_node_30,CENTRALISED,spf-reconverge,26,4534705034747471893,0.30327680466592827,0.4871676649710406,0.4456741862780542,0.2654302879211095,0.11198072148038761,1573.0644091448294,62.87593253976774,154.029028043543,,,True,27,0,0,0.98,3,False,192,0.30000000000000004,0.4184877686984216,,0.02002399999764748,2,9804,0.7334921000001486
a10-scale,scale_free-n50-load0.7-random_node_30-centralised-deg4.0,scale_free,50,0.7,random_node_30,CENTRALISED,spf-static,26,4534705034747471893,0.26329620735480386,0.4179899090871745,0.3269908743891388,0.27634574099877673,0.10054767754322,1365.689319065786,40.45748034665512,103.06661766649322,,,True,0,0,0,0.98,3,False,192,0.0,0.33612928125354746,,0.014931999990949407,2,13260,0.6617690999992192
a10-scale,scale_free-n50-load0.7-random_node_30-centralised-deg4.0,scale_free,50,0.7,random_node_30,CENTRALISED,cspf,27,9162410743119024715,0.4244730375704325,0.5866335651997383,0.5960793755879547,0.3647844066810014,0.24444538915887226,2348.581563024682,50.20720765326618,105.34354101333504,,,True,51,0,0,0.98,3,False,192,0.30000000000000004,0.526914477753672,,0.0910507999942638,2,8138,1.1236490000155754
a10-scale,scale_free-n50-load0.7-random_node_30-centralised-deg4.0,scale_free,50,0.7,random_node_30,CENTRALISED,ecmp,27,9162410743119024715,0.429695214475455,0.5887199270062204,0.6328514292929776,0.3900275940482087,0.19018652727947405,2377.4755263920356,43.42822139667059,104.0808186547411,,,True,38,0,0,0.98,3,False,192,0.30000000000000004,0.526914477753672,,0.14592059998540208,2,8094,1.69910249998793
a10-scale,scale_free-n50-load0.7-random_node_30-centralised-deg4.0,scale_free,50,0.7,random_node_30,CENTRALISED,orbit,27,9162410743119024715,0.45084620531459313,0.5877580901334288,0.6504116424250439,0.4382201087965705,0.1883707326804655,2494.5025757632484,47.61028450183972,107.22202232619138,,,True,177,5,0,0.98,3,False,192,0.30000000000000004,0.526914477753672,,0.08911370002897456,2,8126,1.184570800018264
a10-scale,scale_free-n50-load0.7-random_node_30-centralised-deg4.0,scale_free,50,0.7,random_node_30,CENTRALISED,spf-reconverge,27,9162410743119024715,0.371132491273271,0.5879287313452546,0.5384790897989112,0.32570746311066323,0.14500244226844958,2053.4518079942673,56.77174343524554,155.26096126220727,,,True,27,0,0,0.98,3,False,192,0.30000000000000004,0.526914477753672,,0.018285600002855062,2,8114,0.856274999998277
a10-scale,scale_free-n50-load0.7-random_node_30-centralised-deg4.0,scale_free,50,0.7,random_node_30,CENTRALISED,spf-static,27,9162410743119024715,0.3212531598570318,0.45584450470483184,0.47109491848698487,0.26618779640202983,0.17213464476035895,1777.4727285910453,31.241318823514614,103.02894685385814,,,True,0,0,0,0.98,3,False,192,0.0,0.3721282746594248,,0.011967400030698627,2,11570,0.7306948000041302
a10-scale,scale_free-n50-load0.7-random_node_30-centralised-deg4.0,scale_free,50,0.7,random_node_30,CENTRALISED,cspf,28,7657542453385836710,0.3283285490736389,0.4393708648846331,0.39305631782055483,0.2966573419994196,0.24261530169838252,1689.3562724451742,34.0654237344351,153.0,,,True,29,0,0,0.98,3,False,192,0.30000000000000004,0.35647593519941717,,0.08817299999645911,2,11610,0.8884090000065044
a10-scale,scale_free-n50-load0.7-random_node_30-centralised-deg4.0,scale_free,50,0.7,random_node_30,CENTRALISED,ecmp,28,7657542453385836710,0.30441253180209954,0.44121087567275363,0.37620792505379896,0.23648761708185542,0.24955536446253065,1566.3006505579638,29.49349394287326,115.0577777905694,,,True,22,0,0,0.98,3,False,192,0.30000000000000004,0.35524331808394954,,0.10754710002220236,2,11574,0.9084190999856219
a10-scale,scale_free-n50-load0.7-random_node_30-centralised-deg4.0,scale_free,50,0.7,random_node_30,CENTRALISED,orbit,28,7657542453385836710,0.33055739811928625,0.43895778093422644,0.41883232741497356,0.2763423021810927,0.2543823632285796,1700.8244195990585,32.596409374860286,106.92235653578061,,,True,167,4,0,0.98,3,False,192,0.30000000000000004,0.35524331808394954,,0.08449919996201061,2,11616,0.8578831999911927
a10-scale,scale_free-n50-load0.7-random_node_30-centralised-deg4.0,scale_free,50,0.7,random_node_30,CENTRALISED,spf-reconverge,28,7657542453385836710,0.2907871982149891,0.43831123549782974,0.34067278781314725,0.2428270228953629,0.22381265074102624,1496.193915019775,33.87911417733476,104.21218259184666,,,True,15,0,0,0.98,3,False,192,0.30000000000000004,0.35524331808394954,,0.015232899982947856,2,11600,0.6077491999894846
a10-scale,scale_free-n50-load0.7-random_node_30-centralised-deg4.0,scale_free,50,0.7,random_node_30,CENTRALISED,spf-static,28,7657542453385836710,0.25650086727619575,0.2527342643027018,0.3173899500748785,0.2486127728766867,0.20563457896320209,1319.7796848408734,34.69726084622647,103.1223237085088,,,True,0,0,0,0.98,3,False,192,0.0,0.13777030496465792,,0.012185899977339432,2,13520,0.6174085999955423
a10-scale,scale_free-n50-load0.7-random_node_30-centralised-deg4.0,scale_free,50,0.7,random_node_30,CENTRALISED,cspf,29,9222560095667064664,0.43136602389068446,0.5057249471010407,0.4971137444168083,0.44358845654234247,0.30965284444923963,2108.503403499033,37.448353840532086,104.0430141617228,,,True,39,0,0,0.98,3,False,192,0.30000000000000004,0.44205367709802357,,0.08154990000184625,2,10070,0.9965979999979027
a10-scale,scale_free-n50-load0.7-random_node_30-centralised-deg4.0,scale_free,50,0.7,random_node_30,CENTRALISED,ecmp,29,9222560095667064664,0.40680620691068503,0.5090553333614516,0.47760174144390055,0.4504178005545855,0.22126463590278667,1988.4557993215535,42.617876595019226,153.0,,,True,23,0,0,0.98,3,False,192,0.30000000000000004,0.4342503834839772,,0.10911119999946095,2,10030,1.0984211000031792
a10-scale,scale_free-n50-load0.7-random_node_30-centralised-deg4.0,scale_free,50,0.7,random_node_30,CENTRALISED,orbit,29,9222560095667064664,0.4432483618270174,0.5076735255234743,0.5335205333456964,0.5179118783682274,0.21894151503921377,2166.583893367732,39.79537652084282,104.10621399810464,,,True,171,2,0,0.98,3,False,192,0.30000000000000004,0.4342503834839772,,0.09378240001387894,2,10072,1.1330664999841247
a10-scale,scale_free-n50-load0.7-random_node_30-centralised-deg4.0,scale_free,50,0.7,random_node_30,CENTRALISED,spf-reconverge,29,9222560095667064664,0.37278919651214254,0.5064029524131727,0.4454280603183884,0.4302411657359837,0.14838831999188942,1822.1817345371533,45.00050188270703,104.10430534035018,,,True,20,0,0,0.98,3,False,192,0.30000000000000004,0.43842829752621826,,0.015409299987368286,2,10050,0.7838318000140134
a10-scale,scale_free-n50-load0.7-random_node_30-centralised-deg4.0,scale_free,50,0.7,random_node_30,CENTRALISED,spf-static,29,9222560095667064664,0.32075387148211637,0.37775398200401156,0.3895192953749234,0.3725818168934023,0.15217961162461435,1567.8347209768256,29.920819963991175,103.0621366701391,,,True,0,0,0,0.98,3,False,192,0.0,0.2862173215290221,,0.015769399993587285,2,12610,0.6999766000080854
a10-scale,scale_free-n500-load0.7-critical_link-centralised-deg4.0,scale_free,500,0.7,critical_link,CENTRALISED,cspf,0,1162563683244045979,0.7247828348299014,0.9956737174536335,0.8959179994541073,0.6455657777422197,0.5056640033522386,26770.12517578556,68.40987261612,155.04925840801047,0.0,0.0,False,541,0,0,0.98,3,False,1992,0.30000000000000004,1.0005551841006768,,10.476797899988014,2,14,143.76441449997947
a10-scale,scale_free-n500-load0.7-critical_link-centralised-deg4.0,scale_free,500,0.7,critical_link,CENTRALISED,ecmp,0,1162563683244045979,0.5388570878155742,0.9374699947023879,0.6736170443892243,0.42710388502517355,0.3230329747535281,19902.888147271933,45.70812114666247,105.11495744861848,0.0,0.0,False,51,0,0,0.98,3,False,1992,0.30000000000000004,0.9982081381670743,,13.998142100026598,2,4,141.87182380000013
a10-scale,scale_free-n500-load0.7-critical_link-centralised-deg4.0,scale_free,500,0.7,critical_link,CENTRALISED,orbit,0,1162563683244045979,0.7258542590466212,0.9998978203261019,0.9999420796471556,0.7936356995751354,0.19892609698255012,26809.69863009438,60.79141022211297,155.0390426829657,0.0,0.0,False,1309,0,0,0.98,3,False,1992,0.30000000000000004,1.0,,7.20959050001693,2,10,167.53494559999672
a10-scale,scale_free-n500-load0.7-critical_link-centralised-deg4.0,scale_free,500,0.7,critical_link,CENTRALISED,spf-reconverge,0,1162563683244045979,0.44132542953240544,0.8098594851148444,0.5317154112621948,0.34122391843837213,0.2703907713302526,16300.519857941337,47.76536240063091,153.0,0.0,0.0,False,44,0,0,0.98,3,False,1992,0.30000000000000004,1.0020020181226965,,2.5408337999833748,2,88,39.575885300000664
a10-scale,scale_free-n500-load0.7-critical_link-centralised-deg4.0,scale_free,500,0.7,critical_link,CENTRALISED,spf-static,0,1162563683244045979,0.4335773936883644,0.7989474311895983,0.5244359573159904,0.33104904123232315,0.26751478511445476,16014.343255179865,47.74003254261245,153.0,0.0,0.0,False,0,0,0,0.98,3,False,1992,0.0,0.9861880965504066,,1.3437515000114217,2,5720,36.852986899990356
a10-scale,scale_free-n500-load0.7-critical_link-centralised-deg4.0,scale_free,500,0.7,critical_link,CENTRALISED,cspf,1,14450822911516219315,0.6757625930350905,0.9839509733930627,0.8567423315232808,0.6006328224293064,0.41002376757774994,27093.463783355895,74.22686267497504,155.17605343170706,0.0,0.0,False,432,0,0,0.98,3,False,1992,0.30000000000000004,0.994912963117016,,10.273642300016945,2,12,126.76133750000736
a10-scale,scale_free-n500-load0.7-critical_link-centralised-deg4.0,scale_free,500,0.7,critical_link,CENTRALISED,ecmp,1,14450822911516219315,0.5291324914533715,0.940171789582484,0.6346991735547115,0.4434454782149235,0.2928120564395174,21214.598353839872,48.61973755687867,112.37993367800313,0.0,0.0,False,70,0,0,0.98,3,False,1992,0.30000000000000004,1.0116418137285643,,13.752946400025394,2,14,150.06532180000795
a10-scale,scale_free-n500-load0.7-critical_link-centralised-deg4.0,scale_free,500,0.7,critical_link,CENTRALISED,orbit,1,14450822911516219315,0.6772990946321791,0.9998925564517555,0.9999756614626556,0.656905120755865,0.17781560180113412,27155.067001413317,66.02119801002492,155.14963026850245,0.0,0.0,False,1324,0,0,0.98,3,False,1992,0.30000000000000004,1.0,,7.570647499989718,2,12,151.66238870000234
a10-scale,scale_free-n500-load0.7-critical_link-centralised-deg4.0,scale_free,500,0.7,critical_link,CENTRALISED,spf-reconverge,1,14450822911516219315,0.42099500726520284,0.8063627953473703,0.49179978122000106,0.3400049312748782,0.22926236260594743,16879.023935142755,48.96451052178048,106.19707571395841,0.0,0.0,False,60,0,0,0.98,3,False,1992,0.30000000000000004,1.009304209618429,,2.710790299985092,2,120,37.37546400001156
a10-scale,scale_free-n500-load0.7-critical_link-centralised-deg4.0,scale_free,500,0.7,critical_link,CENTRALISED,spf-static,1,14450822911516219315,0.419274552657976,0.7882853573622869,0.49166675358924894,0.33872502584868497,0.23533226317505962,16810.045457978973,48.36684713361523,106.06781614844228,0.0,0.0,False,0,0,0,0.98,3,False,1992,0.0,0.9828299672707201,,1.3826465999591164,2,7800,36.294084699999075
a10-scale,scale_free-n500-load0.7-critical_link-centralised-deg4.0,scale_free,500,0.7,critical_link,CENTRALISED,cspf,2,9422037159186775951,0.721442788750348,0.9902349265967905,0.9055630532273602,0.6585084047346691,0.4648872682974566,27431.894794966127,68.96970547824581,155.11433581556702,0.0,0.0,False,578,0,0,0.98,3,False,1992,0.30000000000000004,1.0021460468424512,,9.912784800049849,2,24,139.55229159997543
a10-scale,scale_free-n500-load0.7-critical_link-centralised-deg4.0,scale_free,500,0.7,critical_link,CENTRALISED,ecmp,2,9422037159186775951,0.5383635640159423,0.955380097663014,0.6630040393279181,0.4357653973153308,0.30501038717815726,20470.552731020303,46.77749536066097,105.1503835312099,0.0,0.0,False,83,0,0,0.98,3,False,1992,0.30000000000000004,1.0076104982671095,,14.10243649999029,2,20,153.84658730000956
a10-scale,scale_free-n500-load0.7-critical_link-centralised-deg4.0,scale_free,500,0.7,critical_link,CENTRALISED,orbit,2,9422037159186775951,0.7018253008846571,0.9999082025901327,0.9999493020417425,0.7574980821252478,0.1533708979532562,26685.966120281737,60.654032565721096,154.02467798031262,0.0,0.0,False,1289,0,0,0.98,3,False,1992,0.30000000000000004,1.0,,7.162319800001569,2,20,159.35494910000125
a10-scale,scale_free-n500-load0.7-critical_link-centralised-deg4.0,scale_free,500,0.7,critical_link,CENTRALISED,spf-reconverge,2,9422037159186775951,0.43681803191574275,0.8120048869104901,0.5096184314966395,0.34717320550848246,0.2618005787383784,16609.42001626048,50.54077379915916,154.01205909956573,0.0,0.0,False,66,0,0,0.98,3,False,1992,0.30000000000000004,1.0036146635960974,,2.6908306000113953,2,132,40.976615599996876
a10-scale,scale_free-n500-load0.7-critical_link-centralised-deg4.0,scale_free,500,0.7,critical_link,CENTRALISED,spf-static,2,9422037159186775951,0.4347047953222022,0.8049518740707032,0.4917846625868985,0.35413880592897623,0.2656501485061598,16529.067028033525,49.208207924456566,153.0,0.0,0.0,False,0,0,0,0.98,3,False,1992,0.0,0.9934053445746669,,1.3060930000210647,2,8580,38.46348540001782
a10-scale,scale_free-n500-load0.7-critical_link-centralised-deg4.0,scale_free,500,0.7,critical_link,CENTRALISED,cspf,3,6327487538119968905,0.7080633827645865,0.9799426421522347,0.888110046589275,0.6422509542030721,0.4406442748258425,26419.66227827598,72.06892344609065,156.56317614749665,0.0,0.0,False,439,0,0,0.98,3,False,1992,0.30000000000000004,0.9912875685741731,,10.500650100002531,2,20,135.43908849998843
a10-scale,scale_free-n500-load0.7-critical_link-centralised-deg4.0,scale_free,500,0.7,critical_link,CENTRALISED,ecmp,3,6327487538119968905,0.5250837160747797,0.9513483035091141,0.6606743870217785,0.4002217715221568,0.29373273465614785,19592.221239224997,50.73869850582532,105.1791581422839,0.0,0.0,False,70,0,0,0.98,3,False,1992,0.30000000000000004,0.9991866709130107,,15.58093519997783,2,26,143.21457739998004
a10-scale,scale_free-n500-load0.7-critical_link-centralised-deg4.0,scale_free,500,0.7,critical_link,CENTRALISED,orbit,3,6327487538119968905,0.7027136428019302,0.9998935513668196,0.999964716603828,0.7146628611447086,0.183740487030585,26220.04974847938,65.12685348872863,155.24957124275727,0.0,0.0,False,1300,0,0,0.98,3,False,1992,0.30000000000000004,1.0,,7.514862999989418,2,18,157.96500920000835
a10-scale,scale_free-n500-load0.7-critical_link-centralised-deg4.0,scale_free,500,0.7,critical_link,CENTRALISED,spf-reconverge,3,6327487538119968905,0.4280198102140039,0.8573310968579442,0.52316084171689,0.30426642929239334,0.23654706417649474,15970.517766522378,53.342044276615646,153.0,0.0,0.0,False,54,0,0,0.98,3,False,1992,0.30000000000000004,1.0231208989975686,,2.4948290000029374,2,108,40.04422640000121
a10-scale,scale_free-n500-load0.7-critical_link-centralised-deg4.0,scale_free,500,0.7,critical_link,CENTRALISED,spf-static,3,6327487538119968905,0.42250789746928064,0.8298747558238625,0.5372231466258028,0.2920843344517486,0.23308738451764613,15764.854153959419,52.58807725905783,153.0,0.0,0.0,False,0,0,0,0.98,3,False,1992,0.0,0.9848582963859123,,1.1811933999706525,2,7020,38.149332400003914
a10-scale,scale_free-n500-load0.7-critical_link-centralised-deg4.0,scale_free,500,0.7,critical_link,CENTRALISED,cspf,4,9568904109730285878,0.7279016498844852,0.9905379195292329,0.91357698268497,0.6843524783109767,0.44696307589995427,27371.111424276787,65.38074671339908,155.047420305844,0.0,0.0,True,588,0,0,0.98,3,False,1992,0.30000000000000004,1.0,,10.097539500013227,2,10,137.0170616999967
a10-scale,scale_free-n500-load0.7-critical_link-centralised-deg4.0,scale_free,500,0.7,critical_link,CENTRALISED,ecmp,4,9568904109730285878,0.5700958232048745,0.9877366857051473,0.7623283892885281,0.4320239753834393,0.3256190332799181,21437.176714645077,51.62002898612456,113.37833237643025,0.0,0.0,False,35,0,0,0.98,3,False,1992,0.30000000000000004,0.9992580245215382,,14.267154599976493,2,16,163.8233087999979
a10-scale,scale_free-n500-load0.7-critical_link-centralised-deg4.0,scale_free,500,0.7,critical_link,CENTRALISED,orbit,4,9568904109730285878,0.7247942117673664,0.9999217707949508,0.9977867444290588,0.7899439534059683,0.19404003362084407,27254.263172921397,57.33174348653128,154.02345031489787,0.0,0.0,False,1297,1,0,0.98,3,False,1992,0.30000000000000004,1.0,,7.348323399986839,2,16,161.4748067999899
a10-scale,scale_free-n500-load0.7-critical_link-centralised-deg4.0,scale_free,500,0.7,critical_link,CENTRALISED,spf-reconverge,4,9568904109730285878,0.46689945367994445,0.9055573189950206,0.5758295894977785,0.3412550973423772,0.2776244268159557,17556.70834464488,50.24864299526141,154.01153224388833,0.0,0.0,False,34,0,0,0.98,3,False,1992,0.30000000000000004,0.9961478914980604,,2.624005899997428,2,68,46.61427510000067
a10-scale,scale_free-n500-load0.7-critical_link-centralised-deg4.0,scale_free,500,0.7,critical_link,CENTRALISED,spf-static,4,9568904109730285878,0.46472029068745446,0.8941997007460939,0.5778889913306101,0.3382031138040871,0.277699539768007,17474.765800499572,51.193853431284225,154.01238897886103,0.0,0.0,False,0,0,0,0.98,3,False,1992,0.0,0.9815020207988376,,1.3408311000093818,2,4420,46.04243719999795
a10-scale,scale_free-n500-load0.7-critical_link-centralised-deg4.0,scale_free,500,0.7,critical_link,CENTRALISED,cspf,5,4122977850551230967,0.738437354746355,0.9969893198531335,0.9262637798005297,0.6821898030475719,0.47633615286894276,27051.001112683218,67.20828594942704,155.05779790887274,0.0,0.0,False,591,0,0,0.98,3,False,1992,0.30000000000000004,1.0209575682838072,,9.935840999998618,2,16,146.1324331999931
a10-scale,scale_free-n500-load0.7-critical_link-centralised-deg4.0,scale_free,500,0.7,critical_link,CENTRALISED,ecmp,5,4122977850551230967,0.5699951284950941,0.9747567202795854,0.721359014239613,0.4683732161226216,0.32060102089691744,20880.496843826433,50.84208232129856,108.26782061026196,0.0,0.0,False,51,0,0,0.98,3,False,1992,0.30000000000000004,1.001849470860494,,13.793449699995108,2,14,150.82202640001196
a10-scale,scale_free-n500-load0.7-critical_link-centralised-deg4.0,scale_free,500,0.7,critical_link,CENTRALISED,orbit,5,4122977850551230967,0.7581117341254808,0.9999111016781878,0.9999665313825246,0.8613254166433558,0.2290569398762347,27771.728003129996,49.727940068933776,112.71346155795867,0.0,0.0,False,1265,6,0,0.98,3,False,1992,0.30000000000000004,1.0,,6.665539000008721,2,400,168.38176039999234
a10-scale,scale_free-n500-load0.7-critical_link-centralised-deg4.0,scale_free,500,0.7,critical_link,CENTRALISED,spf-reconverge,5,4122977850551230967,0.4828408662034315,0.8958190280896098,0.5751349882188774,0.38929252292607114,0.27601651987103554,17687.795349145596,48.915556901909014,106.91995212292629,0.0,0.0,False,48,0,0,0.98,3,False,1992,0.30000000000000004,0.9889143678541182,,2.545810799987521,2,96,47.68833389997599
a10-scale,scale_free-n500-load0.7-critical_link-centralised-deg4.0,scale_free,500,0.7,critical_link,CENTRALISED,spf-static,5,4122977850551230967,0.4826867249143836,0.8913705037414025,0.5755636144751372,0.39008198787666054,0.27651939482765586,17682.148727729786,48.1836847066038,106.92281886220948,0.0,0.0,False,0,0,0,0.98,3,False,1992,0.0,0.9831513415236334,,1.2165966000175104,2,6240,46.183577000017976
a10-scale,scale_free-n500-load0.7-critical_link-centralised-deg4.0,scale_free,500,0.7,critical_link,CENTRALISED,cspf,6,8163241311126028445,0.7075349515426281,0.9925085947609766,0.8922103576057733,0.6614536775865426,0.4102245441962244,27371.003599749667,69.61857296800855,156.07882481448783,0.0,0.0,True,536,0,0,0.98,3,False,1992,0.30000000000000004,1.0076966179471283,,10.533016700006556,2,12,136.33752229998936
a10-scale,scale_free-n500-load0.7-critical_link-centralised-deg4.0,scale_free,500,0.7,critical_link,CENTRALISED,ecmp,6,8163241311126028445,0.5443643901978247,0.9490247804793202,0.7052142067951613,0.44393451138172413,0.273079141909875,21058.74720562479,51.898151344237384,117.75441202369625,0.0,0.0,False,69,0,0,0.98,3,False,1992,0.30000000000000004,1.0007653911705143,,13.750317800004268,2,10,152.01245340000605
a10-scale,scale_free-n500-load0.7-critical_link-centralised-deg4.0,scale_free,500,0.7,critical_link,CENTRALISED,orbit,6,8163241311126028445,0.7177691374799305,0.9998921130215669,1.0,0.7817850481238741,0.17066270853699894,27766.913285228344,60.68491354996022,154.04562635765626,0.0,0.0,False,1286,1,0,0.98,3,False,1992,0.30000000000000004,1.0,,7.2437105999852065,2,10,158.2013861000014
a10-scale,scale_free-n500-load0.7-critical_link-centralised-deg4.0,scale_free,500,0.7,critical_link,CENTRALISED,spf-reconverge,6,8163241311126028445,0.45151338722590945,0.8127293008497408,0.5509312149088167,0.37094782392258485,0.2412270071119201,17466.80431850151,49.385384706523176,105.3283991657626,0.0,0.0,False,46,0,0,0.98,3,False,1992,0.30000000000000004,1.0264591992927685,,2.6572023000044283,2,92,42.35468669998227
a10-scale,scale_free-n500-load0.7-critical_link-centralised-deg4.0,scale_free,500,0.7,critical_link,CENTRALISED,spf-static,6,8163241311126028445,0.44839328017822905,0.7817451627965414,0.5600963313481495,0.37271343761760656,0.23606554048591463,17346.102915627394,48.18165635827567,105.30809192769856,0.0,0.0,False,0,0,0,0.98,3,False,1992,0.0,0.9807858734443023,,1.3608457999653183,2,5980,40.9315837000031
a10-scale,scale_free-n500-load0.7-critical_link-centralised-deg4.0,scale_free,500,0.7,critical_link,CENTRALISED,cspf,7,15707794946487734756,0.7830514790883994,0.9936522549069571,0.9565943067533794,0.7388076344041714,0.5524663179350465,27629.695882478925,62.976817699879646,155.10149612536912,0.0,0.0,False,618,0,0,0.98,3,False,1992,0.30000000000000004,1.0008052043998037,,10.293909800006077,2,16,158.14949989999877
a10-scale,scale_free-n500-load0.7-critical_link-centralised-deg4.0,scale_free,500,0.7,critical_link,CENTRALISED,ecmp,7,15707794946487734756,0.5914680266319314,0.9725102313989927,0.7403939827553802,0.49584669122072694,0.35571986863683014,20869.74118109716,45.638120586081314,104.06129797830548,0.0,0.0,False,72,0,0,0.98,3,False,1992,0.30000000000000004,1.0055496568502353,,13.9126927999896,2,24,161.68302590001258
a10-scale,scale_free-n500-load0.7-critical_link-centralised-deg4.0,scale_free,500,0.7,critical_link,CENTRALISED,orbit,7,15707794946487734756,0.8006363190474826,0.9998884233657731,0.9999600974401153,0.924260902219886,0.3189858609000176,28250.17077229991,45.68754070338708,107.33376182129588,0.0,0.0,False,1227,0,0,0.98,3,False,1992,0.30000000000000004,1.0,,6.577740600012476,2,6,184.65258449999965
a10-scale,scale_free-n500-load0.7-critical_link-centralised-deg4.0,scale_free,500,0.7,critical_link,CENTRALISED,spf-reconverge,7,15707794946487734756,0.48597561673661027,0.8466994564160305,0.6095006245515429,0.3691460038443105,0.3161857704337988,17147.47862090029,42.67316399767404,105.06567416440748,0.0,0.0,False,55,0,0,0.98,3,False,1992,0.30000000000000004,1.0103148001826279,,2.682568000018364,2,110,44.649272599985125
a10-scale,scale_free-n500-load0.7-critical_link-centralised-deg4.0,scale_free,500,0.7,critical_link,CENTRALISED,spf-static,7,15707794946487734756,0.4826236551206112,0.8266990240469702,0.5957567585958261,0.3759611372267829,0.3185917776692634,17029.205834840788,41.92112826575143,105.06757659151884,0.0,0.0,False,0,0,0,0.98,3,False,1992,0.0,0.9823960320672775,,1.3468954999989364,2,7150,42.92638380001881
a10-scale,scale_free-n500-load0.7-critical_link-centralised-deg4.0,scale_free,500,0.7,critical_link,CENTRALISED,cspf,8,18245265544635196438,0.7157828346507374,0.9797026740366876,0.8950975473404214,0.6622788047700945,0.4572396164678727,27732.469023351223,68.36646458562815,155.0689441569445,0.0,0.0,False,441,0,0,0.98,3,False,1992,0.30000000000000004,1.0,,10.320870800002012,2,14,138.5729191999999
a10-scale,scale_free-n500-load0.7-critical_link-centralised-deg4.0,scale_free,500,0.7,critical_link,CENTRALISED,ecmp,8,18245265544635196438,0.5317134896586003,0.9625289730492059,0.6921105108251077,0.4001988226065632,0.30276584049499733,20600.840321143238,50.8475740678192,106.23445814587681,0.0,0.0,False,33,0,0,0.98,3,False,1992,0.30000000000000004,0.9992968963403457,,14.328170300024794,2,14,144.222416900011
a10-scale,scale_free-n500-load0.7-critical_link-centralised-deg4.0,scale_free,500,0.7,critical_link,CENTRALISED,orbit,8,18245265544635196438,0.7038046855263719,0.9998916527549453,0.9999605160753937,0.7418429517481453,0.18126783752711959,27268.384620278557,62.79013432570807,154.26994910494767,0.0,0.0,False,1298,3,0,0.98,3,False,1992,0.30000000000000004,1.0,,7.447239899949636,2,10,157.0998629000096
a10-scale,scale_free-n500-load0.7-critical_link-centralised-deg4.0,scale_free,500,0.7,critical_link,CENTRALISED,spf-reconverge,8,18245265544635196438,0.4387448001672654,0.8900367325920616,0.5089912507342077,0.32488142345699295,0.2616090187832199,16998.838182159216,50.76142193908009,154.0114614764433,0.0,0.0,False,27,0,0,0.98,3,False,1992,0.30000000000000004,0.9927069386264811,,2.6273101000115275,2,54,41.71991099999286
a10-scale,scale_free-n500-load0.7-critical_link-centralised-deg4.0,scale_free,500,0.7,critical_link,CENTRALISED,spf-static,8,18245265544635196438,0.43772591805605987,0.8820657221302318,0.5104616386582621,0.32227276899057905,0.26452417170866593,16959.36235901903,50.360816293406224,154.0114614764433,0.0,0.0,False,0,0,0,0.98,3,False,1992,0.0,0.9822796298907995,,1.2346094000095036,2,3510,39.8384989000042
a10-scale,scale_free-n500-load0.7-critical_link-centralised-deg4.0,scale_free,500,0.7,critical_link,CENTRALISED,cspf,9,7226201619395064694,0.6748008004621086,0.973525159610308,0.8334307716704508,0.6043429874988094,0.4203375541528607,27627.188058710228,71.07235911844027,156.21762493584072,0.0,0.0,False,542,0,0,0.98,3,False,1992,0.30000000000000004,1.0123565767466012,,10.195668799977284,2,22,123.90357609998318
a10-scale,scale_free-n500-load0.7-critical_link-centralised-deg4.0,scale_free,500,0.7,critical_link,CENTRALISED,ecmp,9,7226201619395064694,0.5074173716172413,0.9357325833270554,0.6056318108165819,0.3996518629960857,0.2866926844046066,20774.301305401532,53.46048416382209,120.71391722610136,0.0,0.0,False,73,0,0,0.98,3,False,1992,0.30000000000000004,1.0128973754571957,,13.94389319999027,2,14,135.41003739999724
a10-scale,scale_free-n500-load0.7-critical_link-centralised-deg4.0,scale_free,500,0.7,critical_link,CENTRALISED,orbit,9,7226201619395064694,0.6718809828430421,0.9998920530449505,0.991829712459776,0.6355665482626377,0.18317452197026557,27507.64707653616,62.114546705953856,154.24395213541672,0.0,0.0,False,1319,0,0,0.98,3,False,1992,0.30000000000000004,1.0,,7.723731400008546,2,14,144.98110449998057
a10-scale,scale_free-n500-load0.7-critical_link-centralised-deg4.0,scale_free,500,0.7,critical_link,CENTRALISED,spf-reconverge,9,7226201619395064694,0.42119628020869004,0.8591020752835782,0.47032415498629393,0.3134654741565348,0.24556925958061165,17244.30207401347,48.5205100616023,105.15607842487348,0.0,0.0,False,51,0,0,0.98,3,False,1992,0.30000000000000004,1.0342055034584474,,2.60749849997228,2,102,36.54035660001682
a10-scale,scale_free-n500-load0.7-critical_link-centralised-deg4.0,scale_free,500,0.7,critical_link,CENTRALISED,spf-static,9,7226201619395064694,0.4155034980060189,0.8239300196595776,0.4737148741453704,0.3172265756977634,0.23570781013146222,17011.23245645704,48.86132624788075,105.15607842487348,0.0,0.0,False,0,0,0,0.98,3,False,1992,0.0,0.9848376819617222,,1.2266736000019591,2,6630,34.687695300002815
a10-scale,scale_free-n500-load0.7-critical_link-centralised-deg4.0,scale_free,500,0.7,critical_link,CENTRALISED,cspf,10,451129017462877599,0.7390378908125054,0.9969823232609808,0.930828733823756,0.6803966063560131,0.46718300343120633,26203.49557688919,72.09285188917153,157.44314321966593,0.0,0.0,False,667,0,0,0.98,3,False,1992,0.30000000000000004,1.0066914105559739,,10.397687599994242,2,12,155.00863830000162
a10-scale,scale_free-n500-load0.7-critical_link-centralised-deg4.0,scale_free,500,0.7,critical_link,CENTRALISED,ecmp,10,451129017462877599,0.5863576684556591,0.9826041162927154,0.756835301409453,0.48456981025976165,0.314914578546287,20790.03088050182,52.61328149869362,110.68205209814066,0.0,0.0,False,50,0,0,0.98,3,False,1992,0.30000000000000004,0.9996136705243961,,14.022756899998058,2,10,177.22392590000527
a10-scale,scale_free-n500-load0.7-critical_link-centralised-deg4.0,scale_free,500,0.7,critical_link,CENTRALISED,orbit,10,451129017462877599,0.7877851917768529,0.9999160536707814,0.9990660510405288,0.9249622382204429,0.2428715402828152,27931.890969174467,47.149996782809744,108.24570128018638,0.0,0.0,False,1249,2,0,0.98,3,False,1992,0.30000000000000004,1.0,,6.614655200013658,2,10,185.96405160002178
a10-scale,scale_free-n500-load0.7-critical_link-centralised-deg4.0,scale_free,500,0.7,critical_link,CENTRALISED,spf-reconverge,10,451129017462877599,0.4934797222919617,0.9099689763169438,0.5785928457671057,0.41323663562701246,0.2679303808899186,17496.929292956243,48.51855138462972,105.36575042660378,0.0,0.0,False,30,0,0,0.98,3,False,1992,0.30000000000000004,1.0140402449564199,,2.617015600029845,2,60,48.79200590000255
a10-scale,scale_free-n500-load0.7-critical_link-centralised-deg4.0,scale_free,500,0.7,critical_link,CENTRALISED,spf-static,10,451129017462877599,0.4911099457414199,0.8870125261850974,0.5831941000559796,0.4108022473466755,0.2708300352144535,17412.90595649095,48.973545429514594,106.10206541218562,0.0,0.0,False,0,0,0,0.98,3,False,1992,0.0,0.9841285535814599,,1.2876663000206463,2,3900,47.41998690000037
a10-scale,scale_free-n500-load0.7-critical_link-centralised-deg4.0,scale_free,500,0.7,critical_link,CENTRALISED,cspf,11,3224902044459520390,0.678822647064815,0.9806673027359538,0.8373167300881174,0.6283292790792627,0.41162123497774045,27438.31593209284,71.79903620385289,156.13799004334632,0.0,0.0,False,513,0,0,0.98,3,False,1992,0.30000000000000004,0.9988362217342314,,10.511581399972783,2,14,133.83360449998872
a10-scale,scale_free-n500-load0.7-critical_link-centralised-deg4.0,scale_free,500,0.7,critical_link,CENTRALISED,ecmp,11,3224902044459520390,0.5190010862868512,0.9413467513189864,0.6441431898232561,0.4180454377270073,0.28069531206457266,20978.256745282535,50.40157358228325,113.4235495175293,0.0,0.0,False,58,0,0,0.98,3,False,1992,0.30000000000000004,1.003591595037829,,15.678296400001273,2,12,145.70435569999972
a10-scale,scale_free-n500-load0.7-critical_link-centralised-deg4.0,scale_free,500,0.7,critical_link,CENTRALISED,orbit,11,3224902044459520390,0.6702366346455183,0.999896393625263,0.9916012231910858,0.6675328556955937,0.16222234451814593,27091.26545819337,62.79922164725339,156.08129410019802,0.0,0.0,True,1324,0,0,0.98,3,False,1992,0.30000000000000004,1.0,,7.592510099988431,2,10,150.67646230000537
a10-scale,scale_free-n500-load0.7-critical_link-centralised-deg4.0,scale_free,500,0.7,critical_link,CENTRALISED,spf-reconverge,11,3224902044459520390,0.42873051731044004,0.8170014037865471,0.5075215406008436,0.33739394664644795,0.24285239802729244,17329.47984949925,53.09244734163253,154.05337604698084,0.0,0.0,False,41,0,0,0.98,3,False,1992,0.30000000000000004,0.9958054674252074,,2.6349697000114247,2,82,40.1225482999871
a10-scale,scale_free-n500-load0.7-critical_link-centralised-deg4.0,scale_free,500,0.7,critical_link,CENTRALISED,spf-static,11,3224902044459520390,0.42578663115047766,0.8095950245188733,0.5034202773576616,0.33756900332449336,0.23944386586933147,17210.486650208637,51.299395809682764,154.0219000250632,0.0,0.0,False,0,0,0,0.98,3,False,1992,0.0,0.9852221634005621,,1.399680599977728,2,5330,39.10204480000539
a10-scale,scale_free-n500-load0.7-critical_link-centralised-deg4.0,scale_free,500,0.7,critical_link,CENTRALISED,cspf,12,2650329117495708645,0.7500814709241833,0.9962635193653099,0.9163959890145038,0.6955994450891535,0.5086030749420859,26441.03811977169,71.87344203404825,158.1988096671506,0.0,0.0,False,553,0,0,0.98,3,False,1992,0.30000000000000004,1.0007916657384504,,10.87109029997373,2,8,153.87085509998724
a10-scale,scale_free-n500-load0.7-critical_link-centralised-deg4.0,scale_free,500,0.7,critical_link,CENTRALISED,ecmp,12,2650329117495708645,0.6071928752362732,0.978585228959941,0.7871653075984335,0.49466015051411955,0.3541173717500453,21404.088199105587,51.00499468224637,106.55209464293283,0.0,0.0,False,47,0,0,0.98,3,False,1992,0.30000000000000004,1.0134967302318236,,14.635386400012067,2,20,176.25658139999723
a10-scale,scale_free-n500-load0.7-critical_link-centralised-deg4.0,scale_free,500,0.7,critical_link,CENTRALISED,orbit,12,2650329117495708645,0.7908196167889697,0.9998960138900335,0.9984959568727548,0.9427926902052117,0.2505546275815505,27877.09394769723,48.413499605580206,108.72062861396707,0.0,0.0,False,1250,0,0,0.98,3,False,1992,0.30000000000000004,1.0,,6.901153599988902,2,12,193.8128806000168
a10-scale,scale_free-n500-load0.7-critical_link-centralised-deg4.0,scale_free,500,0.7,critical_link,CENTRALISED,spf-reconverge,12,2650329117495708645,0.5073524504738482,0.9017105735438488,0.6152514963685503,0.3920971844652827,0.3149139735166536,17884.62454166469,49.251369530393625,154.0140302383933,0.0,0.0,False,29,0,0,0.98,3,False,1992,0.30000000000000004,1.0162857342831082,,2.433967000019038,2,58,52.93676330000744
a10-scale,scale_free-n500-load0.7-critical_link-centralised-deg4.0,scale_free,500,0.7,critical_link,CENTRALISED,spf-static,12,2650329117495708645,0.5049386013625276,0.8737705021188917,0.6185067598019572,0.39835256702150057,0.3108339985944151,17799.534216357533,49.70871771998688,154.0140302383933,0.0,0.0,False,0,0,0,0.98,3,False,1992,0.0,0.9794797586594786,,1.3105148000176996,2,3770,51.62453400000231
a10-scale,scale_free-n500-load0.7-critical_link-centralised-deg4.0,scale_free,500,0.7,critical_link,CENTRALISED,cspf,13,9272860008864312819,0.7080140312953576,0.9775302012843079,0.9075763085723557,0.6318671985614033,0.44921857946875954,27557.257083415072,69.5896433807996,156.2186009710469,0.0,0.0,False,527,0,0,0.98,3,False,1992,0.30000000000000004,0.999844581416091,,10.98903870000504,2,12,137.768780399987
a10-scale,scale_free-n500-load0.7-critical_link-centralised-deg4.0,scale_free,500,0.7,critical_link,CENTRALISED,ecmp,13,9272860008864312819,0.5376527376650047,0.9302148158714185,0.67762121300097,0.42807894009237757,0.31077809447469973,20926.470463204234,49.056332325287634,105.11635639000966,0.0,0.0,False,74,0,0,0.98,3,False,1992,0.30000000000000004,1.0015552082030084,,14.457841400027974,2,16,157.61902250000276
a10-scale,scale_free-n500-load0.7-critical_link-centralised-deg4.0,scale_free,500,0.7,critical_link,CENTRALISED,orbit,13,9272860008864312819,0.7042925791229979,0.9999155447102184,0.9991941305812224,0.7288057457238398,0.1897093850992756,27412.411063838706,62.75609474328857,154.051976354737,0.0,0.0,True,1316,0,0,0.98,3,False,1992,0.30000000000000004,1.0,,7.635645599977579,2,12,162.27561240000068
a10-scale,scale_free-n500-load0.7-critical_link-centralised-deg4.0,scale_free,500,0.7,critical_link,CENTRALISED,spf-reconverge,13,9272860008864312819,0.43303560794546986,0.7862192129356393,0.5001088159203263,0.34657023672934784,0.2709929604913943,16854.57215105406,49.29511886302125,106.06811914428225,0.0,0.0,False,68,0,0,0.98,3,False,1992,0.30000000000000004,1.0041746999275987,,2.711232999979984,2,136,41.217508100002306
a10-scale,scale_free-n500-load0.7-critical_link-centralised-deg4.0,scale_free,500,0.7,critical_link,CENTRALISED,spf-static,13,9272860008864312819,0.42870249582376646,0.7729628694987204,0.4940041178318834,0.34253960923339916,0.27351547204722965,16685.919159120305,47.972418036990426,105.31038904144424,0.0,0.0,False,0,0,0,0.98,3,False,1992,0.0,0.9843495967109284,,1.237893300014548,2,8840,39.52794050000375
a10-scale,scale_free-n500-load0.7-critical_link-centralised-deg4.0,scale_free,500,0.7,critical_link,CENTRALISED,cspf,14,9775291027395689331,0.6931913182757028,0.9819017871800035,0.8586298561270098,0.636254281666336,0.4317859417787813,26781.06870860793,72.43353636711223,156.10955382492222,0.0,0.0,False,481,0,0,0.98,3,False,1992,0.30000000000000004,1.0004449699290636,,11.184099799982505,2,8,134.5631069999945
a10-scale,scale_free-n500-load0.7-critical_link-centralised-deg4.0,scale_free,500,0.7,critical_link,CENTRALISED,ecmp,14,9775291027395689331,0.5090611299859992,0.9326973497371711,0.6461333755690203,0.40671359708645566,0.25707466889104513,19667.29925722224,48.96445080280371,115.07194441338486,0.0,0.0,False,42,0,0,0.98,3,False,1992,0.30000000000000004,0.9955841676508013,,14.980471800023224,2,6,140.19533519999823
a10-scale,scale_free-n500-load0.7-critical_link-centralised-deg4.0,scale_free,500,0.7,critical_link,CENTRALISED,orbit,14,9775291027395689331,0.6953677178902318,0.9998953568926457,0.9965509428253978,0.7205226044659445,0.1732808673278571,26865.15272131466,58.0104414128209,154.0368722040109,0.0,0.0,True,1306,1,0,0.98,3,False,1992,0.30000000000000004,1.0,,7.709484999999404,2,10,159.2624429000134
a10-scale,scale_free-n500-load0.7-critical_link-centralised-deg4.0,scale_free,500,0.7,critical_link,CENTRALISED,spf-reconverge,14,9775291027395689331,0.41483462171991375,0.8305179939435045,0.46738997473934196,0.3143469501241139,0.24907677838540765,16026.90947518723,49.416941382962236,154.0164705882353,0.0,0.0,False,41,0,0,0.98,3,False,1992,0.30000000000000004,1.008222332112426,,2.6865347999555524,2,82,39.13969070001622
a10-scale,scale_free-n500-load0.7-critical_link-centralised-deg4.0,scale_free,500,0.7,critical_link,CENTRALISED,spf-static,14,9775291027395689331,0.4132992978774306,0.8102828405849107,0.4668650486099673,0.3180964136068213,0.25056467971757385,15967.593075469786,48.221259746528446,154.01959550403006,0.0,0.0,False,0,0,0,0.98,3,False,1992,0.0,0.9794776666943675,,1.2347633999888785,2,5330,36.89319649999379
a10-scale,scale_free-n500-load0.7-critical_link-centralised-deg4.0,scale_free,500,0.7,critical_link,CENTRALISED,cspf,15,12752771548543602033,0.7435400023171247,0.996272324685171,0.911148606589611,0.6900516359574772,0.4969510109112332,27462.275625051585,65.40216936761881,155.12749856761337,0.0,0.0,False,435,0,0,0.98,3,False,1992,0.30000000000000004,1.0062325388431734,,10.47568920001504,2,10,141.07620510002016
a10-scale,scale_free-n500-load0.7-critical_link-centralised-deg4.0,scale_free,500,0.7,critical_link,CENTRALISED,ecmp,15,12752771548543602033,0.5522969781071099,0.9473405509201196,0.7094752561816202,0.4259737901362836,0.3326896315154478,20398.810813666976,47.14860145515908,104.14998026291045,0.0,0.0,False,54,0,0,0.98,3,False,1992,0.30000000000000004,0.9982975280361149,,14.604009599977871,2,6,147.26939500001026
a10-scale,scale_free-n500-load0.7-critical_link-centralised-deg4.0,scale_free,500,0.7,critical_link,CENTRALISED,orbit,15,12752771548543602033,0.7773301721060423,0.9998899669609828,0.9999745595585422,0.8980733734093873,0.25061351268160703,28710.298533393732,46.33134731101964,107.67991321088411,0.0,0.0,False,1245,0,0,0.98,3,False,1992,0.30000000000000004,1.0,,6.801391299988609,2,10,177.65762039998663
a10-scale,scale_free-n500-load0.7-critical_link-centralised-deg4.0,scale_free,500,0.7,critical_link,CENTRALISED,spf-reconverge,15,12752771548543602033,0.4451380562615371,0.8155857874342347,0.5777495364001802,0.32653780232473983,0.25441300967738956,16440.94998810867,45.115163671202644,105.07642920593047,0.0,0.0,False,48,0,0,0.98,3,False,1992,0.30000000000000004,1.001770476911322,,2.7040475999820046,2,96,39.98202009999659
a10-scale,scale_free-n500-load0.7-critical_link-centralised-deg4.0,scale_free,500,0.7,critical_link,CENTRALISED,spf-static,15,12752771548543602033,0.4399384839628813,0.803819989744062,0.5678112365267838,0.32189566305693107,0.25716718467548183,16248.906403159537,44.543383697875,105.07079963269071,0.0,0.0,False,0,0,0,0.98,3,False,1992,0.0,0.9848426577666674,,1.2938704999687616,2,6240,38.376175299985334
a10-scale,scale_free-n500-load0.7-critical_link-centralised-deg4.0,scale_free,500,0.7,critical_link,CENTRALISED,cspf,16,238390658564040371,0.6974809454471751,0.9844219099192848,0.8744506136434819,0.6270432995681485,0.45499710986817493,27810.8270562333,72.92215914198661,155.1209564312371,0.0,0.0,False,329,0,0,0.98,3,False,1992,0.30000000000000004,1.0027677549214797,,10.527666699985275,2,14,131.73981570001342
a10-scale,scale_free-n500-load0.7-critical_link-centralised-deg4.0,scale_free,500,0.7,critical_link,CENTRALISED,ecmp,16,238390658564040371,0.5472514215623252,0.9572251661510133,0.6887601131333523,0.4333589213921842,0.3287935235651228,21820.688781096353,50.992775754561144,113.65241499891029,0.0,0.0,False,49,0,0,0.98,3,False,1992,0.30000000000000004,1.0065507160883043,,14.418865599989658,2,12,152.8020228999958
a10-scale,scale_free-n500-load0.7-critical_link-centralised-deg4.0,scale_free,500,0.7,critical_link,CENTRALISED,orbit,16,238390658564040371,0.6747837238593859,0.9998875509720065,1.0,0.6781489069556982,0.16197229291544252,26905.815229952783,63.756654839175795,155.0742248944018,0.0,0.0,True,1337,0,0,0.98,3,False,1992,0.30000000000000004,1.0,,7.727258400002029,2,14,149.89652470001602
a10-scale,scale_free-n500-load0.7-critical_link-centralised-deg4.0,scale_free,500,0.7,critical_link,CENTRALISED,spf-reconverge,16,238390658564040371,0.446132779264142,0.8511951447021924,0.5495082864959694,0.3384975676779293,0.25938622209968176,17788.760609477395,50.70595554323429,154.0129123307417,0.0,0.0,False,35,0,0,0.98,3,False,1992,0.30000000000000004,1.0290074056284448,,2.5547926999861374,2,70,43.676896499993745
a10-scale,scale_free-n500-load0.7-critical_link-centralised-deg4.0,scale_free,500,0.7,critical_link,CENTRALISED,spf-static,16,238390658564040371,0.44437413588894564,0.8160101893637917,0.5599449935376567,0.337801986380094,0.2634700427727532,17718.63779525511,50.883575241799285,154.01325292439853,0.0,0.0,False,0,0,0,0.98,3,False,1992,0.0,0.97938111425289,,1.2514206999912858,2,4550,41.42853830000968
a10-scale,scale_free-n500-load0.7-critical_link-centralised-deg4.0,scale_free,500,0.7,critical_link,CENTRALISED,cspf,17,2059236279013266648,0.7407831636083215,0.9941248571981655,0.911893126813064,0.6919989331513863,0.4820582019563005,28150.01895485519,63.53497103885292,155.04524619994265,0.0,0.0,False,506,0,0,0.98,3,False,1992,0.30000000000000004,1.015766501656945,,10.533591099985642,2,6,136.64656419999665
a10-scale,scale_free-n500-load0.7-critical_link-centralised-deg4.0,scale_free,500,0.7,critical_link,CENTRALISED,ecmp,17,2059236279013266648,0.5528879882744686,0.9448137907294198,0.6835685109134367,0.44617035916418135,0.33328875169197786,21009.93666490399,46.85765926215928,105.07224074735802,0.0,0.0,False,61,0,0,0.98,3,False,1992,0.30000000000000004,0.9996972955475912,,14.094122400012566,2,8,141.35805400001118
a10-scale,scale_free-n500-load0.7-critical_link-centralised-deg4.0,scale_free,500,0.7,critical_link,CENTRALISED,orbit,17,2059236279013266648,0.7501688540800848,0.9998884517069451,0.997757553914022,0.8228223989331999,0.24189017713597252,28506.6784709781,53.276537035442054,111.91317810219523,0.0,0.0,False,1272,2,0,0.98,3,False,1992,0.30000000000000004,1.0,,7.225369099964155,2,6,161.8939710999839
a10-scale,scale_free-n500-load0.7-critical_link-centralised-deg4.0,scale_free,500,0.7,critical_link,CENTRALISED,spf-reconverge,17,2059236279013266648,0.4601282506026153,0.8489087882377861,0.5263874745593358,0.3629085545725443,0.2941034996719793,17485.034234628598,48.67437706909019,153.0,0.0,0.0,False,53,0,0,0.98,3,False,1992,0.30000000000000004,1.0162250262307169,,2.463730299990857,2,106,43.12069330000668
a10-scale,scale_free-n500-load0.7-critical_link-centralised-deg4.0,scale_free,500,0.7,critical_link,CENTRALISED,spf-static,17,2059236279013266648,0.45548908759849865,0.822503379220608,0.5236231034781791,0.36581084538004244,0.29008919247912807,17308.744420124127,48.121293998151124,153.0,0.0,0.0,False,0,0,0,0.98,3,False,1992,0.0,0.9792791040542767,,1.271976599964546,2,6890,40.91845930001
a10-scale,scale_free-n500-load0.7-critical_link-centralised-deg4.0,scale_free,500,0.7,critical_link,CENTRALISED,cspf,18,11917750727701302681,0.7105281199325255,0.990505958144433,0.9109649408202236,0.6489469261620273,0.43487513047336646,26242.771743981943,73.68237713317069,157.5685441121493,0.0,0.0,False,612,0,0,0.98,3,False,1992,0.30000000000000004,1.0,,10.362159699987387,2,16,140.9388098999916
a10-scale,scale_free-n500-load0.7-critical_link-centralised-deg4.0,scale_free,500,0.7,critical_link,CENTRALISED,ecmp,18,11917750727701302681,0.5507512266276432,0.9771618150569462,0.7104827351774283,0.4339179010593068,0.3069076001519514,20341.543596444637,52.4697585181885,129.0260822414973,0.0,0.0,False,40,0,0,0.98,3,False,1992,0.30000000000000004,0.9970003275010845,,13.844616900023539,2,6,152.26479770001606
a10-scale,scale_free-n500-load0.7-critical_link-centralised-deg4.0,scale_free,500,0.7,critical_link,CENTRALISED,orbit,18,11917750727701302681,0.7159922597128706,0.9999189170235706,1.0,0.780672164810093,0.18448918393811464,26444.585252849723,59.73889646567218,154.20030569570798,0.0,0.0,False,1292,11,0,0.98,3,False,1992,0.30000000000000004,1.0,,7.0816760000016075,2,906,161.5430314000114
a10-scale,scale_free-n500-load0.7-critical_link-centralised-deg4.0,scale_free,500,0.7,critical_link,CENTRALISED,spf-reconverge,18,11917750727701302681,0.45375168422156004,0.9075208783830342,0.5546545577521583,0.331313605438156,0.26047462703116003,16758.945273840214,53.362833054135024,154.03328421964514,0.0,0.0,False,32,0,0,0.98,3,False,1992,0.30000000000000004,0.9924233076521541,,2.5586936000036076,2,64,44.590728200011654
a10-scale,scale_free-n500-load0.7-critical_link-centralised-deg4.0,scale_free,500,0.7,critical_link,CENTRALISED,spf-static,18,11917750727701302681,0.4524068921272772,0.9030847218423682,0.553039266024231,0.32936571049693253,0.26197132829727104,16709.27648384676,52.22575388188064,154.03163871872596,0.0,0.0,False,0,0,0,0.98,3,False,1992,0.0,0.9867329813212442,,1.3019446000107564,2,4160,43.1722054000129
a10-scale,scale_free-n500-load0.7-critical_link-centralised-deg4.0,scale_free,500,0.7,critical_link,CENTRALISED,cspf,19,3980027562323927333,0.7515873290927815,0.9936807375889543,0.9233323836363097,0.7015779756660513,0.505117020396507,26988.36516885985,65.51018254474857,155.11808769448507,0.0,0.0,False,619,0,0,0.98,3,False,1992,0.30000000000000004,1.0061244927936939,,10.115378599963151,2,14,149.26475170001504
a10-scale,scale_free-n500-load0.7-critical_link-centralised-deg4.0,scale_free,500,0.7,critical_link,CENTRALISED,ecmp,19,3980027562323927333,0.5788575493756732,0.9654901087947863,0.7565984286245343,0.4861941129819565,0.29995819182738914,20785.899813078737,49.692641432516105,105.12850371770776,0.0,0.0,False,61,0,0,0.98,3,False,1992,0.30000000000000004,1.005096580447609,,14.166827399953036,2,14,152.39576479999232
a10-scale,scale_free-n500-load0.7-critical_link-centralised-deg4.0,scale_free,500,0.7,critical_link,CENTRALISED,orbit,19,3980027562323927333,0.7736782460696642,0.99991051007847,0.9980228445690671,0.9002166708260596,0.23575270840260604,27781.616613115475,50.374618010535364,109.29033722732567,0.0,0.0,False,1233,6,0,0.98,3,False,1992,0.30000000000000004,1.0,,6.760993100004271,2,400,181.88289079998503
a10-scale,scale_free-n500-load0.7-critical_link-centralised-deg4.0,scale_free,500,0.7,critical_link,CENTRALISED,spf-reconverge,19,3980027562323927333,0.47371407306538627,0.9057889482401739,0.568066069592915,0.39740171501134214,0.2282136494513183,17010.356474408254,48.59275194867048,154.0129709992865,0.0,0.0,False,52,0,0,0.98,3,False,1992,0.30000000000000004,1.0106131382161818,,2.5138022999744862,2,104,44.49865610001143
a10-scale,scale_free-n500-load0.7-critical_link-centralised-deg4.0,scale_free,500,0.7,critical_link,CENTRALISED,spf-static,19,3980027562323927333,0.4695030545352719,0.8924875943894991,0.5611807252972378,0.39617527861516516,0.22791925994885243,16859.145162795612,48.17752091859065,154.0125,0.0,0.0,False,0,0,0,0.98,3,False,1992,0.0,0.9932500534543983,,1.2316899000143167,2,6760,42.85468109999783
a10-scale,scale_free-n500-load0.7-critical_link-centralised-deg4.0,scale_free,500,0.7,critical_link,CENTRALISED,cspf,20,3251976444977927889,0.7370456100357853,0.9967730927652292,0.8855478767314301,0.6734863599977504,0.5236873691661617,27735.432744640464,66.82556935989562,155.15976558784183,0.0,0.0,False,579,0,0,0.98,3,False,1992,0.30000000000000004,1.0070886746679402,,10.276828200003365,2,12,138.59084650001023
a10-scale,scale_free-n500-load0.7-critical_link-centralised-deg4.0,scale_free,500,0.7,critical_link,CENTRALISED,ecmp,20,3251976444977927889,0.5670742700608364,0.979085721245754,0.6825034068287075,0.46419542508228484,0.3482092618094806,21339.317491796442,48.01396121523057,110.1945926048378,0.0,0.0,False,62,0,0,0.98,3,False,1992,0.30000000000000004,0.9991502595233376,,14.194495400006417,2,22,155.13562110002385
a10-scale,scale_free-n500-load0.7-critical_link-centralised-deg4.0,scale_free,500,0.7,critical_link,CENTRALISED,orbit,20,3251976444977927889,0.75967859341984,0.9999134389121892,0.9999590922206139,0.8773449270635136,0.22191193398123893,28587.124390193494,52.38481618629929,111.43003288155026,0.0,0.0,False,1245,0,0,0.98,3,False,1992,0.30000000000000004,1.0,,6.957153700001072,2,18,173.48193249999895
a10-scale,scale_free-n500-load0.7-critical_link-centralised-deg4.0,scale_free,500,0.7,critical_link,CENTRALISED,spf-reconverge,20,3251976444977927889,0.4789843873269656,0.8742845343470801,0.5185933164442553,0.39463821468192967,0.3185900174574237,18024.446627929665,44.95188241687131,105.31619635614025,0.0,0.0,False,40,0,0,0.98,3,False,1992,0.30000000000000004,0.9957370272812125,,2.606661099998746,2,80,44.9296161000093
a10-scale,scale_free-n500-load0.7-critical_link-centralised-deg4.0,scale_free,500,0.7,critical_link,CENTRALISED,spf-static,20,3251976444977927889,0.47392211572917314,0.8669668910184781,0.5137445609575154,0.3909468319043897,0.3128037345656959,17833.950556148084,44.40905439726296,105.22363979959665,0.0,0.0,False,0,0,0,0.98,3,False,1992,0.0,0.9859661078418591,,1.3468888999486808,2,5200,42.26131420000456
a10-scale,scale_free-n500-load0.7-critical_link-centralised-deg4.0,scale_free,500,0.7,critical_link,CENTRALISED,cspf,21,1365184388319618115,0.7156356981724302,0.9866001929360978,0.8868201927299006,0.6627345168766416,0.45526014207189097,27304.178719682564,69.24094628906141,156.09707025745212,0.0,0.0,False,548,0,0,0.98,3,False,1992,0.30000000000000004,1.0,,10.269641899998533,2,10,139.64166779999505
a10-scale,scale_free-n500-load0.7-critical_link-centralised-deg4.0,scale_free,500,0.7,critical_link,CENTRALISED,ecmp,21,1365184388319618115,0.5158954856219135,0.9619840732715557,0.653859906605238,0.406779096206102,0.2622900896027821,19683.342482873388,49.897808904303965,112.61758230086437,0.0,0.0,False,60,0,0,0.98,3,False,1992,0.30000000000000004,0.9966315883184251,,14.278438500012271,2,8,139.85913140000775
a10-scale,scale_free-n500-load0.7-critical_link-centralised-deg4.0,scale_free,500,0.7,critical_link,CENTRALISED,orbit,21,1365184388319618115,0.7137515319589935,0.9999181035700787,0.9999745740776005,0.7763979495451975,0.166387921795003,27232.290730918667,60.74561434969315,154.0535238422978,0.0,0.0,False,1285,0,0,0.98,3,False,1992,0.30000000000000004,1.0,,7.109099499997683,2,14,162.51686000000336
a10-scale,scale_free-n500-load0.7-critical_link-centralised-deg4.0,scale_free,500,0.7,critical_link,CENTRALISED,spf-reconverge,21,1365184388319618115,0.42922504636335784,0.8154708267271485,0.4770142854976173,0.37953177387605425,0.2183732859029895,16376.541034493428,46.875533516099374,106.10656942656766,0.0,0.0,False,43,0,0,0.98,3,False,1992,0.30000000000000004,0.9933904609869161,,2.5261064000078477,2,86,39.33174190000864
a10-scale,scale_free-n500-load0.7-critical_link-centralised-deg4.0,scale_free,500,0.7,critical_link,CENTRALISED,spf-static,21,1365184388319618115,0.42609782551086783,0.807476818985231,0.47020141604000937,0.3783783760897391,0.21909376115164936,16257.225861605377,46.166936999862465,106.10731568493101,0.0,0.0,False,0,0,0,0.98,3,False,1992,0.0,0.9819702007219171,,1.2425752999843098,2,5590,37.54754239998874
a10-scale,scale_free-n500-load0.7-critical_link-centralised-deg4.0,scale_free,500,0.7,critical_link,CENTRALISED,cspf,22,10392121649861648639,0.7262481844063882,0.9927194890710463,0.8944001017501076,0.6635263059682697,0.48534833221843543,27055.200872840433,66.32591233176586,155.08794802920815,0.0,0.0,False,611,0,0,0.98,3,False,1992,0.30000000000000004,1.0070774599166474,,10.245890099991811,2,8,143.1327372000087
a10-scale,scale_free-n500-load0.7-critical_link-centralised-deg4.0,scale_free,500,0.7,critical_link,CENTRALISED,ecmp,22,10392121649861648639,0.5494100030119827,0.9662789047249118,0.7156517445285078,0.4220693127739705,0.31093874449671105,20467.38058999313,51.492170129486844,110.99064805182311,0.0,0.0,False,57,0,0,0.98,3,False,1992,0.30000000000000004,1.0005724072826871,,13.828204799996456,2,6,153.37347280001268
a10-scale,scale_free-n500-load0.7-critical_link-centralised-deg4.0,scale_free,500,0.7,critical_link,CENTRALISED,orbit,22,10392121649861648639,0.733608349212566,0.9999096297770662,0.9983043678893614,0.8167135645046889,0.19276943381220016,27329.391902248808,54.02476935700192,109.72856071077027,0.0,0.0,False,1253,0,0,0.98,3,False,1992,0.30000000000000004,1.0,,6.9232464999950025,2,8,172.395457000006
a10-scale,scale_free-n500-load0.7-critical_link-centralised-deg4.0,scale_free,500,0.7,critical_link,CENTRALISED,spf-reconverge,22,10392121649861648639,0.45842912211901143,0.8952394422931624,0.5503375017505557,0.3471097508778136,0.2609852802019162,17078.035100394056,50.63913176766156,153.0,0.0,0.0,False,39,0,0,0.98,3,False,1992,0.30000000000000004,1.0188504447731468,,2.5776974999753293,2,78,44.57353009999497
a10-scale,scale_free-n500-load0.7-critical_link-centralised-deg4.0,scale_free,500,0.7,critical_link,CENTRALISED,spf-static,22,10392121649861648639,0.4563894877245051,0.8730092221075333,0.5523260742672793,0.3464806149697314,0.2648959583323786,17002.051821626028,50.58160421958952,106.07801013191238,0.0,0.0,False,0,0,0,0.98,3,False,1992,0.0,0.989286993438394,,1.2958767999953125,2,5070,42.644314300006954
a10-scale,scale_free-n500-load0.7-critical_link-centralised-deg4.0,scale_free,500,0.7,critical_link,CENTRALISED,cspf,23,4572706767740256584,0.7341618511962132,0.9975102929844473,0.9076501793719738,0.6945526274639877,0.46232051837449445,27454.36601046643,70.32672887917529,156.10864392216635,0.0,0.0,False,535,0,0,0.98,3,False,1992,0.30000000000000004,1.0103724064621686,,10.578029500000412,2,10,149.21653589999187
a10-scale,scale_free-n500-load0.7-critical_link-centralised-deg4.0,scale_free,500,0.7,critical_link,CENTRALISED,ecmp,23,4572706767740256584,0.5678893334881614,0.9785778448964629,0.7712475132421326,0.42903352528702926,0.3189151046113801,21236.518336686127,51.52476207925715,106.73599095948009,0.0,0.0,False,37,0,0,0.98,3,False,1992,0.30000000000000004,1.0000000000000002,,14.390742299990961,2,12,160.54895170000964
a10-scale,scale_free-n500-load0.7-critical_link-centralised-deg4.0,scale_free,500,0.7,critical_link,CENTRALISED,orbit,23,4572706767740256584,0.7243418113020136,0.9998956726555517,0.9970606007656938,0.8053898588024855,0.1772177931350643,27087.14048784705,57.368982387484905,153.0,0.0,0.0,False,1259,0,0,0.98,3,False,1992,0.30000000000000004,1.0,,7.160997899976792,2,6,168.6982197999896
a10-scale,scale_free-n500-load0.7-critical_link-centralised-deg4.0,scale_free,500,0.7,critical_link,CENTRALISED,spf-reconverge,23,4572706767740256584,0.4855247911822844,0.9148244281492574,0.6265949800680373,0.3549749020202353,0.27500547037655454,18156.45324332057,50.49932935638523,154.01242155498966,0.0,0.0,False,33,0,0,0.98,3,False,1992,0.30000000000000004,1.0085292501594836,,2.506733600021107,2,66,48.63122399998247
a10-scale,scale_free-n500-load0.7-critical_link-centralised-deg4.0,scale_free,500,0.7,critical_link,CENTRALISED,spf-static,23,4572706767740256584,0.48294986273050383,0.8929387547072607,0.6341422183523626,0.3563446990998288,0.2684196835278313,18060.16244851727,51.4282470053334,154.01693733900487,0.0,0.0,False,0,0,0,0.98,3,False,1992,0.0,0.9802973801152753,,1.2885230999963824,2,4290,47.4980773999996
a10-scale,scale_free-n500-load0.7-critical_link-centralised-deg4.0,scale_free,500,0.7,critical_link,CENTRALISED,cspf,24,11821904427547105392,0.7520965453936895,0.9959708002239516,0.9166754543461969,0.7212800752232948,0.48415413453639744,26906.657403101286,67.7099033630994,155.18749343895718,0.0,0.0,False,534,0,0,0.98,3,False,1992,0.30000000000000004,0.9978410174525033,,11.054284900019411,2,18,152.42867220001062
a10-scale,scale_free-n500-load0.7-critical_link-centralised-deg4.0,scale_free,500,0.7,critical_link,CENTRALISED,ecmp,24,11821904427547105392,0.58584507715338,0.9724133024027292,0.7422020530530378,0.49347755280718963,0.3235022411623043,20958.921934694074,45.68274464083704,112.50442864271069,0.0,0.0,False,61,0,0,0.98,3,False,1992,0.30000000000000004,0.9990252133366593,,15.33385859997361,2,22,157.5089816999971
a10-scale,scale_free-n500-load0.7-critical_link-centralised-deg4.0,scale_free,500,0.7,critical_link,CENTRALISED,orbit,24,11821904427547105392,0.7821249885784776,0.999915882845168,0.9966418351797214,0.9076217006526163,0.2651830779783088,27980.94106797127,48.6393872419283,108.43216225382304,0.0,0.0,False,1252,0,0,0.98,3,False,1992,0.30000000000000004,1.0,,7.2394488000136334,2,12,183.47037719999207
a10-scale,scale_free-n500-load0.7-critical_link-centralised-deg4.0,scale_free,500,0.7,critical_link,CENTRALISED,spf-reconverge,24,11821904427547105392,0.49683103141478646,0.8989763274218259,0.5876853761233947,0.4004036672261357,0.294585741027692,17774.39669332548,45.36288955834767,154.015,0.0,0.0,False,45,0,0,0.98,3,False,1992,0.30000000000000004,1.0025618481967746,,2.689893499977188,2,90,49.89019380000536
a10-scale,scale_free-n500-load0.7-critical_link-centralised-deg4.0,scale_free,500,0.7,critical_link,CENTRALISED,spf-static,24,11821904427547105392,0.49259634358634224,0.8830379465325118,0.5916315136727223,0.39160943782536756,0.2958405245067883,17622.898464398786,45.55981894353862,154.012,0.0,0.0,False,0,0,0,0.98,3,False,1992,0.0,0.9817447532293182,,1.2846048999927007,2,5850,46.614037500025006
a10-scale,scale_free-n500-load0.7-critical_link-centralised-deg4.0,scale_free,500,0.7,critical_link,CENTRALISED,cspf,25,8774695787466826026,0.7015792170019517,0.9919124687695707,0.9058905883443983,0.6284332255312209,0.4281791500610232,28208.226141430107,69.37622072599007,155.17483282926938,0.0,0.0,False,267,0,0,0.98,3,False,1992,0.30000000000000004,1.0,,11.591660700010834,2,12,135.4854492000013
a10-scale,scale_free-n500-load0.7-critical_link-centralised-deg4.0,scale_free,500,0.7,critical_link,CENTRALISED,ecmp,25,8774695787466826026,0.5687595000539678,0.9661531148548379,0.7100386248522884,0.4822582493622847,0.3099122221645909,22867.975859046037,50.146066523093154,110.28797364739818,0.0,0.0,False,53,0,0,0.98,3,False,1992,0.30000000000000004,1.0005875934823447,,15.68659030002891,2,12,160.74875179998344
a10-scale,scale_free-n500-load0.7-critical_link-centralised-deg4.0,scale_free,500,0.7,critical_link,CENTRALISED,orbit,25,8774695787466826026,0.7003684257517001,0.9999033135556202,0.9975013903127845,0.7366551576193382,0.18299080347731883,28159.544150046284,59.459857776349764,154.0290287646174,0.0,0.0,True,1310,0,0,0.98,3,False,1992,0.30000000000000004,1.0,,8.084470100002363,2,8,154.88161400001263
a10-scale,scale_free-n500-load0.7-critical_link-centralised-deg4.0,scale_free,500,0.7,critical_link,CENTRALISED,spf-reconverge,25,8774695787466826026,0.46917284581231605,0.8916829672935231,0.5568265454702965,0.3647400766483461,0.2714113625308586,18863.919302865146,49.434857072045695,105.22601238578108,0.0,0.0,False,44,0,0,0.98,3,False,1992,0.30000000000000004,1.0097976135278504,,2.6867849999980535,2,88,47.39714409998851
a10-scale,scale_free-n500-load0.7-critical_link-centralised-deg4.0,scale_free,500,0.7,critical_link,CENTRALISED,spf-static,25,8774695787466826026,0.465298128583985,0.8726332212069322,0.5587465194588869,0.36322483315391096,0.2678777304133023,18708.129483038494,49.114030926367846,153.0,0.0,0.0,False,0,0,0,0.98,3,False,1992,0.0,0.9845577383185339,,1.270405999966897,2,5720,46.21908710000571
a10-scale,scale_free-n500-load0.7-critical_link-centralised-deg4.0,scale_free,500,0.7,critical_link,CENTRALISED,cspf,26,16508112617882017923,0.725223956203139,0.993201495096266,0.9020857125308076,0.6490806445384946,0.49600358368907443,27016.96001442766,71.08116894833115,155.2346129291458,0.0,0.0,False,499,0,0,0.98,3,False,1992,0.30000000000000004,1.001819314130407,,10.391246900020633,2,20,144.88760529999854
a10-scale,scale_free-n500-load0.7-critical_link-centralised-deg4.0,scale_free,500,0.7,critical_link,CENTRALISED,ecmp,26,16508112617882017923,0.566870318380749,0.969187672304018,0.7432030554445276,0.4523380346839039,0.30952862427074995,21117.77002684772,54.64591062455219,124.83777427605506,0.0,0.0,False,44,0,0,0.98,3,False,1992,0.30000000000000004,1.0009090872656174,,14.304465000022901,2,20,161.02307950000977
a10-scale,scale_free-n500-load0.7-critical_link-centralised-deg4.0,scale_free,500,0.7,critical_link,CENTRALISED,orbit,26,16508112617882017923,0.7374229127642145,0.9998978528155408,0.9996574588251547,0.8412612890351822,0.18006210655107052,27471.410972382502,57.684980419308744,154.0267736515893,0.0,0.0,False,1265,3,0,0.98,3,False,1992,0.30000000000000004,1.0,,7.137706200010143,2,14,172.89797199997702
a10-scale,scale_free-n500-load0.7-critical_link-centralised-deg4.0,scale_free,500,0.7,critical_link,CENTRALISED,spf-reconverge,26,16508112617882017923,0.4794263916837268,0.885981027749453,0.5810096096795121,0.3532622972139051,0.308065452765229,17860.1982783267,47.40105310956659,106.15759034824147,0.0,0.0,False,38,0,0,0.98,3,False,1992,0.30000000000000004,0.9965351702981325,,2.738641199975973,2,76,48.87763880001148
a10-scale,scale_free-n500-load0.7-critical_link-centralised-deg4.0,scale_free,500,0.7,critical_link,CENTRALISED,spf-static,26,16508112617882017923,0.47813227711045375,0.8741605880631124,0.5838472597477153,0.35401252824989177,0.30634005623058663,17811.988285563562,47.0404547394922,105.95837845459205,0.0,0.0,False,0,0,0,0.98,3,False,1992,0.0,0.9809506338308879,,1.4420303999795578,2,4940,46.53241779998643
a10-scale,scale_free-n500-load0.7-critical_link-centralised-deg4.0,scale_free,500,0.7,critical_link,CENTRALISED,cspf,27,10794420620514311721,0.7426786420748078,0.9915946394358497,0.9134029199447607,0.6892748280129347,0.4835442504823572,26981.042858583267,71.32852499864043,158.16696734702987,0.0,0.0,False,620,0,0,0.98,3,False,1992,0.30000000000000004,0.9931295208952737,,10.26752409999608,2,12,148.8385089999938
a10-scale,scale_free-n500-load0.7-critical_link-centralised-deg4.0,scale_free,500,0.7,critical_link,CENTRALISED,ecmp,27,10794420620514311721,0.5743450091832696,0.9769216444316792,0.709403447146185,0.45302103678026606,0.35075096927312543,20865.589005084497,49.478968522648955,105.32048191894306,0.0,0.0,False,73,0,0,0.98,3,False,1992,0.30000000000000004,1.0051645219339798,,14.462828800023999,2,8,159.00350950000575
a10-scale,scale_free-n500-load0.7-critical_link-centralised-deg4.0,scale_free,500,0.7,critical_link,CENTRALISED,orbit,27,10794420620514311721,0.7646306157158492,0.9999023960547021,0.9974114579373886,0.8773785434359517,0.21847382291955475,27778.544103515753,53.936765591632685,131.27709649692696,0.0,0.0,False,1264,0,0,0.98,3,False,1992,0.30000000000000004,1.0,,7.026989999983925,2,12,176.83917330001714
a10-scale,scale_free-n500-load0.7-critical_link-centralised-deg4.0,scale_free,500,0.7,critical_link,CENTRALISED,spf-reconverge,27,10794420620514311721,0.4720034999715318,0.8671838605569087,0.5412504213674103,0.38402823361683325,0.2752383688011253,17147.58704593316,45.94767281353804,105.15422886939854,0.0,0.0,False,46,0,0,0.98,3,False,1992,0.30000000000000004,1.0162525894036527,,2.6302474999974947,2,92,44.08886469999561
a10-scale,scale_free-n500-load0.7-critical_link-centralised-deg4.0,scale_free,500,0.7,critical_link,CENTRALISED,spf-static,27,10794420620514311721,0.4688422419541679,0.8468975119510231,0.5324629819723167,0.38890372985658,0.27746797508286203,17032.740552145147,45.50063547240356,105.12025663793226,0.0,0.0,False,0,0,0,0.98,3,False,1992,0.0,0.9884625041926781,,1.3172682999866083,2,5980,42.052700700005516
a10-scale,scale_free-n500-load0.7-critical_link-centralised-deg4.0,scale_free,500,0.7,critical_link,CENTRALISED,cspf,28,17389775122194913810,0.7582317039407909,0.9985811725108081,0.9368798527890271,0.7234104987037743,0.491288014844907,27597.293708867095,66.36676306459228,155.102368022223,0.0,0.0,False,593,0,0,0.98,3,False,1992,0.30000000000000004,1.0,,10.33087110001361,2,10,152.31906329997582
a10-scale,scale_free-n500-load0.7-critical_link-centralised-deg4.0,scale_free,500,0.7,critical_link,CENTRALISED,ecmp,28,17389775122194913810,0.5812857428098063,0.9832108359698669,0.7417132830193458,0.46875012973624197,0.34418234639594725,21157.006874974843,47.611197845022794,104.11163221898306,0.0,0.0,False,49,0,0,0.98,3,False,1992,0.30000000000000004,0.9981826129772834,,14.400281200010795,2,12,160.8209482000093
a10-scale,scale_free-n500-load0.7-critical_link-centralised-deg4.0,scale_free,500,0.7,critical_link,CENTRALISED,orbit,28,17389775122194913810,0.7768864263250672,0.9998891318140831,0.9989572800589234,0.9043100594835884,0.2557881116567531,28276.2680250564,48.07642302492637,108.63979389714704,0.0,0.0,False,1253,4,0,0.98,3,False,1992,0.30000000000000004,1.0,,6.794590299978154,2,10,183.6886666000064
a10-scale,scale_free-n500-load0.7-critical_link-centralised-deg4.0,scale_free,500,0.7,critical_link,CENTRALISED,spf-reconverge,28,17389775122194913810,0.48318617996587315,0.9058826032366887,0.5919002283327005,0.34723507254540653,0.3164751356600923,17586.485575951327,50.999785576020535,154.0121649108143,0.0,0.0,False,40,0,0,0.98,3,False,1992,0.30000000000000004,1.0279756141856742,,2.5359263999853283,2,80,49.066834299999755
a10-scale,scale_free-n500-load0.7-critical_link-centralised-deg4.0,scale_free,500,0.7,critical_link,CENTRALISED,spf-static,28,17389775122194913810,0.4773590572235031,0.8689679225396598,0.5828082195054524,0.352155510184357,0.3172666606378957,17374.39629379258,51.33087656575407,154.0160105581923,0.0,0.0,False,0,0,0,0.98,3,False,1992,0.0,0.9790950590803307,,1.367819499981124,2,5200,46.27375550000579
a10-scale,scale_free-n500-load0.7-critical_link-centralised-deg4.0,scale_free,500,0.7,critical_link,CENTRALISED,cspf,29,3632163620075339005,0.7340703754647554,0.9902669522989941,0.8832716478498022,0.7027696154273523,0.4683012772035976,27581.865275616805,62.55398742297908,154.0169427390885,0.0,0.0,False,574,0,0,0.98,3,False,1992,0.30000000000000004,1.000464838426519,,10.777752500027418,2,12,140.80424860000494
a10-scale,scale_free-n500-load0.7-critical_link-centralised-deg4.0,scale_free,500,0.7,critical_link,CENTRALISED,ecmp,29,3632163620075339005,0.5357013268429047,0.9669969841258824,0.6766385477907138,0.42891265119389954,0.2792929557652771,20128.372317974816,50.19009920092391,104.07706470006468,0.0,0.0,False,55,0,0,0.98,3,False,1992,0.30000000000000004,1.0076918807238124,,14.352231800032314,2,10,138.27146449999418
a10-scale,scale_free-n500-load0.7-critical_link-centralised-deg4.0,scale_free,500,0.7,critical_link,CENTRALISED,orbit,29,3632163620075339005,0.7484602883660643,0.9998929148660712,0.9997768485093295,0.8500959135603094,0.1896709597567011,28122.55000045736,53.09172136781947,109.37987713862528,0.0,0.0,False,1275,0,0,0.98,3,False,1992,0.30000000000000004,1.0,,7.5377146000100765,2,8,170.9409532000136
a10-scale,scale_free-n500-load0.7-critical_link-centralised-deg4.0,scale_free,500,0.7,critical_link,CENTRALISED,spf-reconverge,29,3632163620075339005,0.4373936711536047,0.8503833102427552,0.517628869034766,0.35064336826909703,0.22581337881232622,16434.573187248036,47.46019441069687,105.09427712136848,0.0,0.0,False,52,0,0,0.98,3,False,1992,0.30000000000000004,1.0025414778292103,,2.6044393999909516,2,104,38.70314930001041
a10-scale,scale_free-n500-load0.7-critical_link-centralised-deg4.0,scale_free,500,0.7,critical_link,CENTRALISED,spf-static,29,3632163620075339005,0.4312247942171495,0.8348383953498197,0.5098549688109816,0.34984569683591127,0.21933737973071302,16202.784603686896,45.95100303280814,105.09427712136848,0.0,0.0,False,0,0,0,0.98,3,False,1992,0.0,0.9810786760669052,,1.2403633999929298,2,6760,35.81416839998565
a10-scale,scale_free-n500-load0.7-random_node_30-centralised-deg4.0,scale_free,500,0.7,random_node_30,CENTRALISED,cspf,0,14910592380356778289,0.2784892371019199,0.48674891399489767,0.3686842562895266,0.228852563035874,0.13694131398473147,11334.918917608613,81.91254453229243,206.04326956852935,,,True,416,0,0,0.98,3,False,1992,0.30000000000000004,0.41672054248417534,,7.348913099966012,2,87728,37.51621410000371
a10-scale,scale_free-n500-load0.7-random_node_30-centralised-deg4.0,scale_free,500,0.7,random_node_30,CENTRALISED,ecmp,0,14910592380356778289,0.2459513908064608,0.4876636731117035,0.310092241740973,0.19747844291457084,0.10967473026348226,10010.581024515586,62.46055701910475,155.04197736224148,,,True,411,0,0,0.98,3,False,1992,0.30000000000000004,0.43965004682534675,,10.147686899988912,2,87544,47.944867599988356
a10-scale,scale_free-n500-load0.7-random_node_30-centralised-deg4.0,scale_free,500,0.7,random_node_30,CENTRALISED,orbit,0,14910592380356778289,0.2904308143987719,0.4957986997242753,0.4686476881636882,0.2210585966461519,0.08958311824855503,11820.958564299286,76.75458385697591,160.58082759632234,,,True,1592,12,0,0.98,3,False,1992,0.30000000000000004,0.4230195945084819,,7.715411099983612,2,87766,46.39680069999304
a10-scale,scale_free-n500-load0.7-random_node_30-centralised-deg4.0,scale_free,500,0.7,random_node_30,CENTRALISED,spf-reconverge,0,14910592380356778289,0.2124975183946828,0.4466902783055693,0.24595559417924615,0.16519354630438482,0.10938595219831436,8648.959529862452,63.12004407993298,156.07327453948713,,,True,374,0,0,0.98,3,False,1992,0.30000000000000004,0.460848240436934,,1.9563482999801636,2,87718,17.51652939998894
a10-scale,scale_free-n500-load0.7-random_node_30-centralised-deg4.0,scale_free,500,0.7,random_node_30,CENTRALISED,spf-static,0,14910592380356778289,0.1468414308619717,0.21083735763008368,0.1572875940511753,0.1463147864926014,0.10077452431705713,5976.660821390879,39.471432699435915,105.10793160420322,,,True,0,0,0,0.98,3,False,1992,0.0,0.13391494226340575,,1.3201303999812808,2,135590,11.180769200000213
a10-scale,scale_free-n500-load0.7-random_node_30-centralised-deg4.0,scale_free,500,0.7,random_node_30,CENTRALISED,cspf,1,12368954176647642189,0.31427579885717893,0.4452476198003282,0.40361964455001215,0.3004614761579255,0.16630237194240885,11820.442246183518,69.9210124149748,155.10141491890406,,,True,373,0,0,0.98,3,False,1992,0.30000000000000004,0.37210609136370043,,7.329119500005618,2,93312,44.23515000002226
a10-scale,scale_free-n500-load0.7-random_node_30-centralised-deg4.0,scale_free,500,0.7,random_node_30,CENTRALISED,ecmp,1,12368954176647642189,0.2546683205340309,0.42993838848984806,0.3467866419923716,0.20508008834872746,0.12695468497034837,9578.504567490023,58.41038985199237,129.04022330381275,,,True,345,0,0,0.98,3,False,1992,0.30000000000000004,0.3690420755566154,,9.95633529999759,2,93090,51.928444700024556
a10-scale,scale_free-n500-load0.7-random_node_30-centralised-deg4.0,scale_free,500,0.7,random_node_30,CENTRALISED,orbit,1,12368954176647642189,0.32778518610873664,0.4518945432885473,0.4405700006800172,0.334806866472194,0.1317177653066065,12328.553059580685,64.65636564896057,155.6668749266669,,,True,1527,3,0,0.98,3,False,1992,0.30000000000000004,0.371389072697031,,7.67888339998899,2,93358,50.333690400002524
a10-scale,scale_free-n500-load0.7-random_node_30-centralised-deg4.0,scale_free,500,0.7,random_node_30,CENTRALISED,spf-reconverge,1,12368954176647642189,0.21846368637524852,0.3967815590804321,0.2882854994712587,0.1683841363260584,0.11193084016954728,8216.787283899339,58.44534776219434,154.0182908708412,,,True,278,0,0,0.98,3,False,1992,0.30000000000000004,0.37308145711537805,,1.8088797999953385,2,93246,16.047091399988858
a10-scale,scale_free-n500-load0.7-random_node_30-centralised-deg4.0,scale_free,500,0.7,random_node_30,CENTRALISED,spf-static,1,12368954176647642189,0.17828531435872344,0.25018645730523986,0.21717332132602718,0.1612055790710068,0.12029916861129514,6705.611025040035,38.36730001059394,105.11417070033062,,,True,0,0,0,0.98,3,False,1992,0.0,0.17649553065179588,,1.2334542000025976,2,128830,12.080868699995335
a10-scale,scale_free-n500-load0.7-random_node_30-centralised-deg4.0,scale_free,500,0.7,random_node_30,CENTRALISED,cspf,2,6989563133968684797,0.2780791173636172,0.45228176787801766,0.3488906755914716,0.23174939954503931,0.17065337382526477,10407.688876441289,76.52625994730619,162.23892828851396,,,True,434,0,0,0.98,3,False,1992,0.30000000000000004,0.3744188847025437,,8.594602199998917,2,87658,38.022495199984405
a10-scale,scale_free-n500-load0.7-random_node_30-centralised-deg4.0,scale_free,500,0.7,random_node_30,CENTRALISED,ecmp,2,6989563133968684797,0.22735986722791707,0.43478021164731184,0.27062320533356404,0.17727552421082884,0.13264921099899354,8509.415534439398,56.17987653733966,134.20243653734525,,,True,418,0,0,0.98,3,False,1992,0.30000000000000004,0.38754131041649265,,9.569473900017329,2,87464,43.0971075000125
a10-scale,scale_free-n500-load0.7-random_node_30-centralised-deg4.0,scale_free,500,0.7,random_node_30,CENTRALISED,orbit,2,6989563133968684797,0.28698529334845047,0.5029109340078128,0.44230381206658326,0.217512692837759,0.1045177412427368,10741.021021651504,72.61914626331105,161.3940109025804,,,True,1595,8,0,0.98,3,False,1992,0.30000000000000004,0.43122047115051987,,8.831045099970652,2,87634,46.723196200007806
a10-scale,scale_free-n500-load0.7-random_node_30-centralised-deg4.0,scale_free,500,0.7,random_node_30,CENTRALISED,spf-reconverge,2,6989563133968684797,0.20263820840667066,0.4004406554454839,0.23393785470903422,0.16087038905158949,0.11350909190790953,7584.156076050716,53.27602958980574,155.02938462402022,,,True,385,0,0,0.98,3,False,1992,0.30000000000000004,0.42857418756827226,,1.753274299990153,2,87610,14.686414300027536
a10-scale,scale_free-n500-load0.7-random_node_30-centralised-deg4.0,scale_free,500,0.7,random_node_30,CENTRALISED,spf-static,2,6989563133968684797,0.14534981930123086,0.19003332044019056,0.18511917884414558,0.13754317928061757,0.09059177995529298,5440.01905600156,34.705675711300884,104.56083289398626,,,True,0,0,0,0.98,3,False,1992,0.0,0.12029682691621038,,1.176078700023936,2,136890,10.0154249999905
a10-scale,scale_free-n500-load0.7-random_node_30-centralised-deg4.0,scale_free,500,0.7,random_node_30,CENTRALISED,cspf,3,6460438828553057658,0.3014396099447523,0.5182738360521174,0.37537775467470863,0.23423490135032352,0.19319538972942535,11251.523530607792,73.44541977288165,157.80671819298323,,,True,416,0,0,0.98,3,False,1992,0.30000000000000004,0.45044997664246184,,7.521116499992786,2,88254,41.058290399989346
a10-scale,scale_free-n500-load0.7-random_node_30-centralised-deg4.0,scale_free,500,0.7,random_node_30,CENTRALISED,ecmp,3,6460438828553057658,0.2469249235869367,0.4871061146626959,0.2932657288196145,0.18646130945276682,0.14339037802583862,9216.710400272717,56.041584731088015,144.5969484607298,,,True,381,0,0,0.98,3,False,1992,0.30000000000000004,0.4719734569105867,,9.899350199993933,2,87982,44.05212579999352
a10-scale,scale_free-n500-load0.7-random_node_30-centralised-deg4.0,scale_free,500,0.7,random_node_30,CENTRALISED,orbit,3,6460438828553057658,0.31342531992090505,0.5215412147222349,0.45123581002487384,0.2632754959876453,0.12204908792687488,11698.901689876378,68.08887448486225,160.2217622719604,,,True,1571,9,0,0.98,3,False,1992,0.30000000000000004,0.4528536560045135,,7.687485999980709,2,88246,48.35445260000415
a10-scale,scale_free-n500-load0.7-random_node_30-centralised-deg4.0,scale_free,500,0.7,random_node_30,CENTRALISED,spf-reconverge,3,6460438828553057658,0.21531293657885106,0.4426006138448993,0.2622596118824052,0.1524641342529356,0.12207650901902874,8036.76256350391,57.461981005045764,156.05648365245725,,,True,347,0,0,0.98,3,False,1992,0.30000000000000004,0.4743676195056045,,1.7711019999987911,2,88184,15.95602380001219
a10-scale,scale_free-n500-load0.7-random_node_30-centralised-deg4.0,scale_free,500,0.7,random_node_30,CENTRALISED,spf-static,3,6460438828553057658,0.1603052385350598,0.23200781689535913,0.19921744956249313,0.12908413675653183,0.12248070014292461,5983.547297541613,31.530571868237907,104.05199137219553,,,True,0,0,0,0.98,3,False,1992,0.0,0.17302849671995146,,1.9283771000045817,2,132600,12.056445599999279
a10-scale,scale_free-n500-load0.7-random_node_30-centralised-deg4.0,scale_free,500,0.7,random_node_30,CENTRALISED,cspf,4,3677286993873037887,0.32578258109350133,0.5406172013455238,0.4093986352793944,0.26149552665781906,0.20801493913659988,13008.25145328206,72.3341159688518,158.20366053814007,,,True,387,0,0,0.98,3,False,1992,0.30000000000000004,0.4804273761225807,,7.513625100022182,2,87378,42.6707766999898
a10-scale,scale_free-n500-load0.7-random_node_30-centralised-deg4.0,scale_free,500,0.7,random_node_30,CENTRALISED,ecmp,4,3677286993873037887,0.2725376232158155,0.5183153481565075,0.3487113278882535,0.192473410230818,0.16631543507905697,10882.220655786594,56.655185872095636,130.96079319516954,,,True,357,0,0,0.98,3,False,1992,0.30000000000000004,0.4604078685230401,,9.646567199990386,2,87132,51.27824699998018
a10-scale,scale_free-n500-load0.7-random_node_30-centralised-deg4.0,scale_free,500,0.7,random_node_30,CENTRALISED,orbit,4,3677286993873037887,0.3262216644989812,0.5460137422573108,0.4613433179739498,0.27483845932650364,0.13628249947448165,13025.783720747912,72.51381184130133,159.3785088359895,,,True,1535,18,0,0.98,3,False,1992,0.30000000000000004,0.48045220316485476,,7.54135379998479,2,87370,48.63932770001702
a10-scale,scale_free-n500-load0.7-random_node_30-centralised-deg4.0,scale_free,500,0.7,random_node_30,CENTRALISED,spf-reconverge,4,3677286993873037887,0.22553902660844852,0.4572988364964861,0.26691340802739744,0.1533625757368083,0.15100224925336242,9005.602327796452,57.21820635495815,155.12336738217073,,,True,287,0,0,0.98,3,False,1992,0.30000000000000004,0.4464763478795836,,1.774985399999423,2,87284,15.864503800024977
a10-scale,scale_free-n500-load0.7-random_node_30-centralised-deg4.0,scale_free,500,0.7,random_node_30,CENTRALISED,spf-static,4,3677286993873037887,0.1914644628493964,0.3032643331204899,0.21921571416205324,0.1519931443428297,0.15428140641064814,7645.03083238115,37.668978924218024,104.17346945580003,,,True,0,0,0,0.98,3,False,1992,0.0,0.2421820716096747,,1.2344986999814864,2,124020,12.436705100000836
a10-scale,scale_free-n500-load0.7-random_node_30-centralised-deg4.0,scale_free,500,0.7,random_node_30,CENTRALISED,cspf,5,13064933480898388333,0.3478542289800853,0.4984506576280285,0.46437455596809996,0.30889549608220557,0.19641796256444916,13083.050401790182,70.12714260580687,157.13862299268584,,,True,416,0,0,0.98,3,False,1992,0.30000000000000004,0.4259786399372778,,7.769404999969993,2,85726,47.31766400000197
a10-scale,scale_free-n500-load0.7-random_node_30-centralised-deg4.0,scale_free,500,0.7,random_node_30,CENTRALISED,ecmp,5,13064933480898388333,0.27335451545577133,0.4881380045606954,0.3762728808763915,0.2034790764950544,0.1410536736086,10281.06202345332,53.100659341382816,137.0422826128186,,,True,373,0,0,0.98,3,False,1992,0.30000000000000004,0.4219939319907579,,9.596401600021636,2,85432,56.071062900009565
a10-scale,scale_free-n500-load0.7-random_node_30-centralised-deg4.0,scale_free,500,0.7,random_node_30,CENTRALISED,orbit,5,13064933480898388333,0.35069154874740893,0.5026192183024456,0.5411354743507233,0.3187227372645776,0.11452557294906371,13189.764060643001,64.78648075818086,157.2106601442776,,,True,1564,9,0,0.98,3,False,1992,0.30000000000000004,0.43012931350950284,,7.47302179998951,2,85748,55.50175889997627
a10-scale,scale_free-n500-load0.7-random_node_30-centralised-deg4.0,scale_free,500,0.7,random_node_30,CENTRALISED,spf-reconverge,5,13064933480898388333,0.2255411742284784,0.43045770996634725,0.31739763741218474,0.15542574637854387,0.11056559126335652,8482.767505117945,57.78037272221008,155.08413026871597,,,True,299,0,0,0.98,3,False,1992,0.30000000000000004,0.40400120483208707,,1.7862242999835871,2,85618,16.794561000016984
a10-scale,scale_free-n500-load0.7-random_node_30-centralised-deg4.0,scale_free,500,0.7,random_node_30,CENTRALISED,spf-static,5,13064933480898388333,0.18117859797141062,0.2745849389717659,0.2463125798045725,0.14591705560581492,0.11018221750023369,6814.258765620325,41.50974377705198,105.04645146190947,,,True,0,0,0,0.98,3,False,1992,0.0,0.19999741576644364,,1.2734550000168383,2,123890,12.048385000001872
a10-scale,scale_free-n500-load0.7-random_node_30-centralised-deg4.0,scale_free,500,0.7,random_node_30,CENTRALISED,cspf,6,529390706292794173,0.3680571181774792,0.5196088575705173,0.441362143194,0.34489663864725884,0.2413140764418851,13691.626754892746,63.17352061275475,155.07158472463868,,,True,388,0,0,0.98,3,False,1992,0.30000000000000004,0.45254839670926045,,7.679915799992159,2,90014,48.91464399997494
a10-scale,scale_free-n500-load0.7-random_node_30-centralised-deg4.0,scale_free,500,0.7,random_node_30,CENTRALISED,ecmp,6,529390706292794173,0.27615590561697023,0.4868901356861273,0.34286346199665513,0.2339440219648543,0.14748818504478411,10272.926127850935,48.65716499550265,116.80492462820425,,,True,266,0,0,0.98,3,False,1992,0.30000000000000004,0.4552482856694251,,9.517104800004745,2,89670,48.664172300021164
a10-scale,scale_free-n500-load0.7-random_node_30-centralised-deg4.0,scale_free,500,0.7,random_node_30,CENTRALISED,orbit,6,529390706292794173,0.38321536541147694,0.5201929544994132,0.47053203974781804,0.39291064546124854,0.20691348919551078,14255.509514215457,49.72974719368038,111.69370309192499,,0.0,True,1492,6,0,0.98,3,False,1992,0.30000000000000004,0.4500129566586359,,7.5061618000036106,2,90022,54.44951730000321
a10-scale,scale_free-n500-load0.7-random_node_30-centralised-deg4.0,scale_free,500,0.7,random_node_30,CENTRALISED,spf-reconverge,6,529390706292794173,0.2299083324062068,0.4497638493966725,0.2558364619330536,0.19046122726341608,0.1316738129368408,8552.52872361974,48.51188857568076,154.0122058878804,,,True,170,0,0,0.98,3,False,1992,0.30000000000000004,0.45973217651173925,,1.839917700010119,2,89780,15.816495300008683
a10-scale,scale_free-n500-load0.7-random_node_30-centralised-deg4.0,scale_free,500,0.7,random_node_30,CENTRALISED,spf-static,6,529390706292794173,0.2127014672448507,0.37947713413181644,0.235579732347422,0.18874800619241075,0.12701360786245497,7912.437923100424,38.47054309635713,105.05604054880824,,,True,0,0,0,0.98,3,False,1992,0.0,0.36258438455571546,,1.3722842000133824,2,111540,13.52300029998878
a10-scale,scale_free-n500-load0.7-random_node_30-centralised-deg4.0,scale_free,500,0.7,random_node_30,CENTRALISED,cspf,7,4104944064654997471,0.31588387111894584,0.5116936340467845,0.37734038874446135,0.2715466954664618,0.19957236425294445,12073.433463591442,74.03283330848535,157.37001440542778,,,True,403,0,0,0.98,3,False,1992,0.30000000000000004,0.44883478629897816,,7.557199500006391,2,89226,42.223445200012065
a10-scale,scale_free-n500-load0.7-random_node_30-centralised-deg4.0,scale_free,500,0.7,random_node_30,CENTRALISED,ecmp,7,4104944064654997471,0.25312658765296586,0.47861392802121955,0.30386347908854666,0.19584158477436736,0.14782158350531624,9674.78017496897,57.31138598950459,137.10522677905212,,,True,368,0,0,0.98,3,False,1992,0.30000000000000004,0.4443201801326146,,9.693780600005994,2,89020,47.19533099999535
a10-scale,scale_free-n500-load0.7-random_node_30-centralised-deg4.0,scale_free,500,0.7,random_node_30,CENTRALISED,orbit,7,4104944064654997471,0.32390330288617286,0.5153279003855371,0.4543632667407917,0.2968608320994067,0.11740015624091245,12379.945079757399,71.7590444991226,158.66253447687586,,,True,1561,8,0,0.98,3,False,1992,0.30000000000000004,0.4460738883573882,,7.7316131000116,2,89262,51.6246589999937
a10-scale,scale_free-n500-load0.7-random_node_30-centralised-deg4.0,scale_free,500,0.7,random_node_30,CENTRALISED,spf-reconverge,7,4104944064654997471,0.21798735131092392,0.4413781258289143,0.22393462115578924,0.17122116494807968,0.14377778309947717,8331.719415221265,57.63312640517561,156.07384448869112,,,True,308,0,0,0.98,3,False,1992,0.30000000000000004,0.4551885688778704,,1.7899064000230283,2,89146,15.723657099995762
a10-scale,scale_free-n500-load0.7-random_node_30-centralised-deg4.0,scale_free,500,0.7,random_node_30,CENTRALISED,spf-static,7,4104944064654997471,0.16663056275566238,0.22240914984186141,0.21635255371442966,0.13022457419545772,0.13470131394930546,6368.8057427716685,35.86651783503839,105.06370082803018,,,True,0,0,0,0.98,3,False,1992,0.0,0.1506840670933368,,1.2819917000015266,2,128570,11.232489199988777
a10-scale,scale_free-n500-load0.7-random_node_30-centralised-deg4.0,scale_free,500,0.7,random_node_30,CENTRALISED,cspf,8,6567551846451676919,0.3117582014793165,0.47586757329606766,0.3797262989660253,0.27962448991240507,0.19080377923604758,12282.515317506064,74.02552723068449,157.31882210879147,,,True,425,0,0,0.98,3,False,1992,0.30000000000000004,0.40951497816773896,,7.691475799976615,2,86792,41.81492020000587
a10-scale,scale_free-n500-load0.7-random_node_30-centralised-deg4.0,scale_free,500,0.7,random_node_30,CENTRALISED,ecmp,8,6567551846451676919,0.24530540021214203,0.46224136640583524,0.26344173306343677,0.20460318874760974,0.1562765994267907,9664.436480823373,58.44957666361381,154.03165410631414,,,True,400,0,0,0.98,3,False,1992,0.30000000000000004,0.4160435247280831,,10.0018115999992,2,86606,47.48269609999261
a10-scale,scale_free-n500-load0.7-random_node_30-centralised-deg4.0,scale_free,500,0.7,random_node_30,CENTRALISED,orbit,8,6567551846451676919,0.317427931723113,0.4866745050889125,0.45152071660059523,0.2852742263500076,0.12579108331968353,12505.888907150595,72.48857092344007,159.38639463222617,,,True,1559,17,0,0.98,3,False,1992,0.30000000000000004,0.4123015674065779,,7.881399299978511,2,86790,51.311920000007376
a10-scale,scale_free-n500-load0.7-random_node_30-centralised-deg4.0,scale_free,500,0.7,random_node_30,CENTRALISED,spf-reconverge,8,6567551846451676919,0.20949883488605925,0.4135150488405415,0.21435901990116182,0.16494269100537778,0.1471871811644803,8253.744845453288,58.73337501809667,156.46914553997607,,,True,367,0,0,0.98,3,False,1992,0.30000000000000004,0.40836736282874186,,1.7929668000433594,2,86794,15.435119999980088
a10-scale,scale_free-n500-load0.7-random_node_30-centralised-deg4.0,scale_free,500,0.7,random_node_30,CENTRALISED,spf-static,8,6567551846451676919,0.14926993713584197,0.21154789132833582,0.17198469539789385,0.12813639446390188,0.11924008112033581,5880.872678295146,39.32940949671955,105.068783335043,,,True,0,0,0,0.98,3,False,1992,0.0,0.131595225816962,,1.287971900019329,2,133770,10.605575699999463
a10-scale,scale_free-n500-load0.7-random_node_30-centralised-deg4.0,scale_free,500,0.7,random_node_30,CENTRALISED,cspf,9,14321410006375346225,0.27968412628892714,0.47458653818347585,0.3455946994358523,0.23400642241125455,0.16105479913100565,10223.936261491657,75.59706214531441,163.64570258174803,,,True,443,0,0,0.98,3,False,1992,0.30000000000000004,0.40160818381920665,,7.078535300010117,2,89492,38.25145260000136
a10-scale,scale_free-n500-load0.7-random_node_30-centralised-deg4.0,scale_free,500,0.7,random_node_30,CENTRALISED,ecmp,9,14321410006375346225,0.23024391381728754,0.44024403455443284,0.2822929327654347,0.18423869127814885,0.11651554381773375,8416.63461812821,60.334941924349096,155.0483377030126,,,True,435,0,0,0.98,3,False,1992,0.30000000000000004,0.37865026370174265,,9.293835399992531,2,89330,46.537545500003034
a10-scale,scale_free-n500-load0.7-random_node_30-centralised-deg4.0,scale_free,500,0.7,random_node_30,CENTRALISED,orbit,9,14321410006375346225,0.28734948291841855,0.48357576639394245,0.43953281015155765,0.24926165198744984,0.07372862540617009,10504.145648564854,66.22027037987839,157.05448571200586,,,True,1604,10,0,0.98,3,False,1992,0.30000000000000004,0.40889465083942717,,7.402027099975385,2,89470,48.61630670001614
a10-scale,scale_free-n500-load0.7-random_node_30-centralised-deg4.0,scale_free,500,0.7,random_node_30,CENTRALISED,spf-reconverge,9,14321410006375346225,0.1945007682409232,0.3883814956236385,0.21695721471458748,0.1587307076587722,0.10530164553700433,7110.033321133421,53.063233470345864,155.09521680946787,,,True,413,0,0,0.98,3,False,1992,0.30000000000000004,0.41972599648016706,,1.8543279000150505,2,89486,13.566508800024167
a10-scale,scale_free-n500-load0.7-random_node_30-centralised-deg4.0,scale_free,500,0.7,random_node_30,CENTRALISED,spf-static,9,14321410006375346225,0.12351620272186783,0.18388969548434092,0.1380007265804381,0.12075791636880492,0.07708490562551326,4515.171456621402,27.764356595947564,104.04756870195142,,,True,0,0,0,0.98,3,False,1992,0.0,0.11551107156775216,,1.2960061999910977,2,142350,8.802741099993
a10-scale,scale_free-n500-load0.7-random_node_30-centralised-deg4.0,scale_free,500,0.7,random_node_30,CENTRALISED,cspf,10,17327209804894287217,0.36566345021825714,0.49120918534954233,0.4653633279031193,0.33787693219439047,0.22229525454729565,14233.887093369267,65.6329154726022,156.1465912593107,,,True,412,0,0,0.98,3,False,1992,0.30000000000000004,0.4188870833149094,,7.509938400005922,2,82932,47.20430899999337
a10-scale,scale_free-n500-load0.7-random_node_30-centralised-deg4.0,scale_free,500,0.7,random_node_30,CENTRALISED,ecmp,10,17327209804894287217,0.2818850927758918,0.4804310929505779,0.3458642105348224,0.22899237219507979,0.1656373326661055,10972.714340142806,52.16895858744418,130.088195184961,,,True,346,0,0,0.98,3,False,1992,0.30000000000000004,0.4197913430446456,,9.699332499993034,2,82594,51.18872960002045
a10-scale,scale_free-n500-load0.7-random_node_30-centralised-deg4.0,scale_free,500,0.7,random_node_30,CENTRALISED,orbit,10,17327209804894287217,0.3665458925098291,0.49250753923835505,0.5187103805388635,0.34762214853073337,0.1555064793993177,14268.237214873487,61.408100946162904,155.4215656332193,,0.0,True,1539,18,0,0.98,3,False,1992,0.30000000000000004,0.41802424194836585,,7.722848099976545,2,82972,54.78286450001178
a10-scale,scale_free-n500-load0.7-random_node_30-centralised-deg4.0,scale_free,500,0.7,random_node_30,CENTRALISED,spf-reconverge,10,17327209804894287217,0.2329464798404919,0.4362813716770323,0.2530598449337079,0.18984738340901172,0.1452770515790802,9067.720306386344,48.396794830342564,154.012,,,True,227,0,0,0.98,3,False,1992,0.30000000000000004,0.4119546326137072,,1.8425306999997701,2,82744,15.617333899979712
a10-scale,scale_free-n500-load0.7-random_node_30-centralised-deg4.0,scale_free,500,0.7,random_node_30,CENTRALISED,spf-static,10,17327209804894287217,0.19468632281612716,0.3214068586325746,0.2221491672069742,0.16566241755909142,0.12761112308757167,7578.39793923608,40.95807291678736,105.07717822753602,,,True,0,0,0,0.98,3,False,1992,0.0,0.26126933910117006,,1.2774822999781463,2,111800,12.641346300020814
a10-scale,scale_free-n500-load0.7-random_node_30-centralised-deg4.0,scale_free,500,0.7,random_node_30,CENTRALISED,cspf,11,6697266772677417629,0.3418901745437993,0.45212985847953074,0.4477541060326971,0.31224107844619914,0.216011190410315,12690.414367633843,70.69125752880971,157.14411211683478,,,True,392,0,0,0.98,3,False,1992,0.30000000000000004,0.3749837512726832,,7.231940300000133,2,88018,45.696790999994846
a10-scale,scale_free-n500-load0.7-random_node_30-centralised-deg4.0,scale_free,500,0.7,random_node_30,CENTRALISED,ecmp,11,6697266772677417629,0.2722478562684954,0.446205016589675,0.366600167816775,0.22411780676076645,0.1458572654000748,10105.40332537289,55.66259248102492,132.15214603307797,,,True,348,0,0,0.98,3,False,1992,0.30000000000000004,0.3780092116631071,,9.421249500010163,2,87682,50.14791369999875
a10-scale,scale_free-n500-load0.7-random_node_30-centralised-deg4.0,scale_free,500,0.7,random_node_30,CENTRALISED,orbit,11,6697266772677417629,0.35405154115236076,0.4526461658372395,0.5017751006496541,0.35526968282395244,0.1530857016701956,13141.82477082921,58.14179578075579,155.03270675009762,,0.0,True,1540,7,0,0.98,3,False,1992,0.30000000000000004,0.37230510133195843,,7.395204299973557,2,88046,54.05052530000103
a10-scale,scale_free-n500-load0.7-random_node_30-centralised-deg4.0,scale_free,500,0.7,random_node_30,CENTRALISED,spf-reconverge,11,6697266772677417629,0.2359499756182994,0.4110359586332818,0.3022359477731779,0.2023681941803194,0.11671716168381256,8758.084272602351,52.12781152987835,154.0147286075855,,,True,272,0,0,0.98,3,False,1992,0.30000000000000004,0.3640083051189733,,1.8167947999900207,2,87904,16.689254199998686
a10-scale,scale_free-n500-load0.7-random_node_30-centralised-deg4.0,scale_free,500,0.7,random_node_30,CENTRALISED,spf-static,11,6697266772677417629,0.19498280158173179,0.2556816303646179,0.2431312277408684,0.1925463863291421,0.11698216536932203,7237.44854597251,40.55903436165772,105.07784953381223,,,True,0,0,0,0.98,3,False,1992,0.0,0.16638988630365698,,1.2776098000176717,2,122720,12.447443299985025
a10-scale,scale_free-n500-load0.7-random_node_30-centralised-deg4.0,scale_free,500,0.7,random_node_30,CENTRALISED,cspf,12,17058398809058018979,0.2761978643789375,0.5384309959656426,0.3433943705472863,0.21456625784071592,0.13938769101700083,10451.90894314067,76.51987341322058,203.99999999999997,,,True,432,0,0,0.98,3,False,1992,0.30000000000000004,0.474668221818165,,7.351277200010372,2,88162,38.233723700017435
a10-scale,scale_free-n500-load0.7-random_node_30-centralised-deg4.0,scale_free,500,0.7,random_node_30,CENTRALISED,ecmp,12,17058398809058018979,0.2277402646892875,0.5179885917923933,0.25973544532400705,0.15683008731189188,0.12203721998985109,8618.17130473333,62.81360079182884,156.06058943483478,,,True,435,0,0,0.98,3,False,1992,0.30000000000000004,0.46804540727318084,,9.686125499982154,2,87996,43.002440699987346
a10-scale,scale_free-n500-load0.7-random_node_30-centralised-deg4.0,scale_free,500,0.7,random_node_30,CENTRALISED,orbit,12,17058398809058018979,0.28069977962178944,0.5571483602115604,0.4160334377703063,0.20230330544143796,0.09108864427962744,10622.270898305786,76.85442997465242,165.37791115884804,,,True,1606,22,0,0.98,3,False,1992,0.30000000000000004,0.4952081520772138,,7.656124000030104,2,88184,45.290623800014146
a10-scale,scale_free-n500-load0.7-random_node_30-centralised-deg4.0,scale_free,500,0.7,random_node_30,CENTRALISED,spf-reconverge,12,17058398809058018979,0.19301814038983495,0.4713012437478726,0.207494378325948,0.12973379277404745,0.10123497254422671,7304.212986097014,63.409654380588165,157.09818718131493,,,True,414,0,0,0.98,3,False,1992,0.30000000000000004,0.5352385043839987,,1.8786008000315633,2,88188,14.05792819999624
a10-scale,scale_free-n500-load0.7-random_node_30-centralised-deg4.0,scale_free,500,0.7,random_node_30,CENTRALISED,spf-static,12,17058398809058018979,0.12585182535693146,0.1814988430511095,0.14690418467798239,0.11027586066211666,0.09353611839949828,4762.498152969064,32.13311854353609,105.05367411328064,,,True,0,0,0,0.98,3,False,1992,0.0,0.10899608874745861,,1.369054499984486,2,141180,9.170995499996934
a10-scale,scale_free-n500-load0.7-random_node_30-centralised-deg4.0,scale_free,500,0.7,random_node_30,CENTRALISED,cspf,13,3421036262893337895,0.31536151986525773,0.5406690881014715,0.4089508008479818,0.262320291427155,0.1577159157322975,11594.166098613265,72.16242936443646,159.1627695343426,,,True,435,0,0,0.98,3,False,1992,0.30000000000000004,0.4815899382448452,,7.63589510001475,2,85912,43.800397500017425
a10-scale,scale_free-n500-load0.7-random_node_30-centralised-deg4.0,scale_free,500,0.7,random_node_30,CENTRALISED,ecmp,13,3421036262893337895,0.2588657947914665,0.5302474446928667,0.3562478952787316,0.18590146056796453,0.09708549536437175,9517.118712974738,62.908731249750204,154.04790078522137,,,True,416,0,0,0.98,3,False,1992,0.30000000000000004,0.4772268184267617,,9.83537100002286,2,85700,51.673434800002724
a10-scale,scale_free-n500-load0.7-random_node_30-centralised-deg4.0,scale_free,500,0.7,random_node_30,CENTRALISED,orbit,13,3421036262893337895,0.3258186939907804,0.5521773182913683,0.49411417920453077,0.25852186054403536,0.11223921714521107,11978.620783462682,66.54734452686557,158.41208193069923,,,True,1605,17,0,0.98,3,False,1992,0.30000000000000004,0.4885142935557863,,7.638353599963011,2,85962,54.61974730002112
a10-scale,scale_free-n500-load0.7-random_node_30-centralised-deg4.0,scale_free,500,0.7,random_node_30,CENTRALISED,spf-reconverge,13,3421036262893337895,0.2225135241259801,0.49378587078415714,0.29417258456938605,0.1518842768275596,0.08342803288911584,8180.639029792478,60.059933599523696,156.04969570403776,,,True,361,0,0,0.98,3,False,1992,0.30000000000000004,0.5436682248954653,,1.769222599978093,2,85872,17.07043190000695
a10-scale,scale_free-n500-load0.7-random_node_30-centralised-deg4.0,scale_free,500,0.7,random_node_30,CENTRALISED,spf-static,13,3421036262893337895,0.16673087465672634,0.25822535566963606,0.19872309626756965,0.14396756124977708,0.11047139286987061,6129.807642235801,36.8149584186186,105.08164674734837,,,True,0,0,0,0.98,3,False,1992,0.0,0.2082202308199486,,1.2109500999795273,2,132080,10.768636900000274
a10-scale,scale_free-n500-load0.7-random_node_30-centralised-deg4.0,scale_free,500,0.7,random_node_30,CENTRALISED,cspf,14,5496202291007774983,0.40447395534783026,0.4632044703380783,0.49596602633036013,0.4047433754813881,0.27671050987237017,15306.640384670001,59.82966979028837,154.19449951398946,,,True,430,0,0,0.98,3,False,1992,0.30000000000000004,0.39369670691719644,,7.689180000015767,2,83310,55.24106659999234
a10-scale,scale_free-n500-load0.7-random_node_30-centralised-deg4.0,scale_free,500,0.7,random_node_30,CENTRALISED,ecmp,14,5496202291007774983,0.3077805913489051,0.4630184624292816,0.41324934065374,0.27675731601379816,0.15132529018638166,11647.441737274365,51.12730264701253,131.0910676499059,,,True,325,0,0,0.98,3,False,1992,0.30000000000000004,0.3915908566659251,,10.117316599964397,2,82946,58.087115199974505
a10-scale,scale_free-n500-load0.7-random_node_30-centralised-deg4.0,scale_free,500,0.7,random_node_30,CENTRALISED,orbit,14,5496202291007774983,0.41565687272495294,0.467993440258371,0.5191986679197611,0.45758170423711914,0.2219409829743002,15729.839190130522,49.15783592854862,153.0,,0.0,True,1530,5,0,0.98,3,False,1992,0.30000000000000004,0.38895998079314203,,7.9604947000334505,2,83344,62.155071000015596
a10-scale,scale_free-n500-load0.7-random_node_30-centralised-deg4.0,scale_free,500,0.7,random_node_30,CENTRALISED,spf-reconverge,14,5496202291007774983,0.25926222711466484,0.44780300511017257,0.3368617130691262,0.21668854900728526,0.12686941683805936,9811.345386528365,53.33713058043945,154.0185101255796,,,True,226,0,0,0.98,3,False,1992,0.30000000000000004,0.4177627202378993,,1.8810998999979347,2,83132,18.58314150001388
a10-scale,scale_free-n500-load0.7-random_node_30-centralised-deg4.0,scale_free,500,0.7,random_node_30,CENTRALISED,spf-static,14,5496202291007774983,0.2196585313245372,0.32550894876805186,0.2706317580295245,0.20202610345009192,0.12919370219683943,8312.609753866807,41.421718626097345,105.05120034759615,,,True,0,0,0,0.98,3,False,1992,0.0,0.2598920572784212,,1.2168585999752395,2,112060,13.76955719999387
a10-scale,scale_free-n500-load0.7-random_node_30-centralised-deg4.0,scale_free,500,0.7,random_node_30,CENTRALISED,cspf,15,4895050556084927568,0.3452722444878971,0.49871734790742056,0.4286639688231055,0.3148468509541038,0.2102432324203305,13055.688000507069,70.8561202236698,156.20787377544806,,,True,425,0,0,0.98,3,False,1992,0.30000000000000004,0.42959486339152525,,7.63191879997612,2,85208,46.00635339997825
a10-scale,scale_free-n500-load0.7-random_node_30-centralised-deg4.0,scale_free,500,0.7,random_node_30,CENTRALISED,ecmp,15,4895050556084927568,0.2832530597901719,0.49162214131582904,0.3647166328825406,0.22253300702919382,0.15949600066469613,10710.572983630276,51.91656447776994,122.42595792834742,,,True,365,0,0,0.98,3,False,1992,0.30000000000000004,0.44172414111649727,,9.804251800000202,2,84912,52.98529099998996
a10-scale,scale_free-n500-load0.7-random_node_30-centralised-deg4.0,scale_free,500,0.7,random_node_30,CENTRALISED,orbit,15,4895050556084927568,0.3427962365737036,0.5050110915911664,0.5032382687242422,0.31955448145257426,0.11414205060967215,12962.063368551951,66.96888564811681,157.2934954540582,,,True,1565,8,0,0.98,3,False,1992,0.30000000000000004,0.4334598262348647,,7.809902700013481,2,85240,54.940321699978085
a10-scale,scale_free-n500-load0.7-random_node_30-centralised-deg4.0,scale_free,500,0.7,random_node_30,CENTRALISED,spf-reconverge,15,4895050556084927568,0.2421575145265116,0.44601891514668185,0.29229141056292296,0.1832832959793303,0.1503189167636864,9156.638006989338,52.46826784723517,154.0186966049584,,,True,310,0,0,0.98,3,False,1992,0.30000000000000004,0.4796149672192235,,1.7311848999815993,2,85120,17.097705099993618
a10-scale,scale_free-n500-load0.7-random_node_30-centralised-deg4.0,scale_free,500,0.7,random_node_30,CENTRALISED,spf-static,15,4895050556084927568,0.18423316616653512,0.28001477386725987,0.20225999948520645,0.17767109627923264,0.1169300385400768,6966.359952805794,37.73530705080869,105.11261426613925,,,True,0,0,0,0.98,3,False,1992,0.0,0.2415471570535924,,1.276419599977089,2,124800,11.930058500001905
a10-scale,scale_free-n500-load0.7-random_node_30-centralised-deg4.0,scale_free,500,0.7,random_node_30,CENTRALISED,cspf,16,7404141658700363551,0.2946346775920124,0.48808784769756347,0.40392415261549236,0.23848984825565306,0.14514775589738382,11437.094748466874,81.78664322604105,160.27277707956273,,,True,430,0,0,0.98,3,False,1992,0.30000000000000004,0.4172116329858408,,7.592555800016271,2,88504,42.368936599988956
a10-scale,scale_free-n500-load0.7-random_node_30-centralised-deg4.0,scale_free,500,0.7,random_node_30,CENTRALISED,ecmp,16,7404141658700363551,0.23863755647224505,0.48288994549793485,0.310646689851916,0.18035422389069594,0.09901512187733577,9263.404994353838,63.25417649298112,154.17559330999367,,,True,408,0,0,0.98,3,False,1992,0.30000000000000004,0.45567254177238004,,9.502213400002802,2,88284,47.61229660001118
a10-scale,scale_free-n500-load0.7-random_node_30-centralised-deg4.0,scale_free,500,0.7,random_node_30,CENTRALISED,orbit,16,7404141658700363551,0.30336308023217523,0.4931548009471571,0.47225675240024323,0.2505562116505487,0.09182522239629759,11775.912869993439,71.52149410593046,160.25128461374004,,,True,1571,11,0,0.98,3,False,1992,0.30000000000000004,0.4196396543345025,,7.484736400016118,2,88496,48.18953999999212
a10-scale,scale_free-n500-load0.7-random_node_30-centralised-deg4.0,scale_free,500,0.7,random_node_30,CENTRALISED,spf-reconverge,16,7404141658700363551,0.2002355787578088,0.4503709548040253,0.23905275889611047,0.13792137805373822,0.09579913369668834,7772.721476588489,56.64739344376005,155.09896113509296,,,True,371,0,0,0.98,3,False,1992,0.30000000000000004,0.4875323652179299,,1.7893660000409,2,88492,14.535498600016581
a10-scale,scale_free-n500-load0.7-random_node_30-centralised-deg4.0,scale_free,500,0.7,random_node_30,CENTRALISED,spf-static,16,7404141658700363551,0.14186198363090943,0.24206222368939068,0.17718678022254225,0.11868111855982888,0.07780370059894279,5506.782030046261,36.357357553584464,105.08904421344594,,,True,0,0,0,0.98,3,False,1992,0.0,0.18840403966513444,,1.2644975000002887,2,135980,9.79882070000167
a10-scale,scale_free-n500-load0.7-random_node_30-centralised-deg4.0,scale_free,500,0.7,random_node_30,CENTRALISED,cspf,17,17551099336203836631,0.36749605336460145,0.5232453646137598,0.48434202345572097,0.3154321612106523,0.23103255604243716,13656.384824504663,69.07237562754476,156.90305924910248,,,True,420,0,0,0.98,3,False,1992,0.30000000000000004,0.45557907254834246,,7.827962800016394,2,85976,49.304911199986236
a10-scale,scale_free-n500-load0.7-random_node_30-centralised-deg4.0,scale_free,500,0.7,random_node_30,CENTRALISED,ecmp,17,17551099336203836631,0.29650035101806066,0.5105844635691567,0.4063552001767713,0.22298832566887072,0.16124153741349845,11018.139805942677,53.67673124201914,124.31864368333713,,,True,332,0,0,0.98,3,False,1992,0.30000000000000004,0.47050527463552305,,9.654574100015452,2,85626,55.798383099987404
a10-scale,scale_free-n500-load0.7-random_node_30-centralised-deg4.0,scale_free,500,0.7,random_node_30,CENTRALISED,orbit,17,17551099336203836631,0.375031407499168,0.5288782333964934,0.5368854854937233,0.34761144926295295,0.16232878428609646,13936.403330576804,62.71648369164871,157.55386252669865,,,True,1542,13,0,0.98,3,False,1992,0.30000000000000004,0.46099761958513547,,7.654660300031537,2,85972,57.499658400018234
a10-scale,scale_free-n500-load0.7-random_node_30-centralised-deg4.0,scale_free,500,0.7,random_node_30,CENTRALISED,spf-reconverge,17,17551099336203836631,0.25071536607227873,0.47502039866504964,0.3032764788672382,0.20506679764396407,0.12781002456307652,9316.740925929622,56.49349606508986,155.04690995292933,,,True,226,0,0,0.98,3,False,1992,0.30000000000000004,0.5001887049150165,,1.907978200004436,2,85732,18.089601999992738
a10-scale,scale_free-n500-load0.7-random_node_30-centralised-deg4.0,scale_free,500,0.7,random_node_30,CENTRALISED,spf-static,17,17551099336203836631,0.21063993004596165,0.3338296485469012,0.2523411821080756,0.1746809830323077,0.14529405824336333,7827.512480142125,42.39640357057414,105.08072470190886,,,True,0,0,0,0.98,3,False,1992,0.0,0.3036645358275222,,1.2141909999772906,2,114660,13.641629899997497
a10-scale,scale_free-n500-load0.7-random_node_30-centralised-deg4.0,scale_free,500,0.7,random_node_30,CENTRALISED,cspf,18,18215760787346636047,0.35399171305604776,0.5324800193772133,0.43298677267744934,0.3069435443111937,0.2311947271864874,13314.755151718085,67.45795431805465,157.10193979371502,,,True,415,0,0,0.98,3,False,1992,0.30000000000000004,0.4712529232364648,,7.891590000013821,2,83348,47.27547739999136
a10-scale,scale_free-n500-load0.7-random_node_30-centralised-deg4.0,scale_free,500,0.7,random_node_30,CENTRALISED,ecmp,18,18215760787346636047,0.2786754715321665,0.5207289921709427,0.352611384171668,0.2125642276542896,0.14887426108217464,10481.871561928045,57.21482581292741,154.01303878565227,,,True,369,0,0,0.98,3,False,1992,0.30000000000000004,0.47821746254574404,,9.897629899991443,2,83090,54.344095999986166
a10-scale,scale_free-n500-load0.7-random_node_30-centralised-deg4.0,scale_free,500,0.7,random_node_30,CENTRALISED,orbit,18,18215760787346636047,0.366124392913464,0.5431951364793065,0.4792202327791326,0.36425877626006803,0.14512061696154882,13771.10386180809,60.4502190825215,157.22054435307606,,,True,1546,13,0,0.98,3,False,1992,0.30000000000000004,0.47719258476707127,,7.769842799985781,2,83376,55.18701520000468
a10-scale,scale_free-n500-load0.7-random_node_30-centralised-deg4.0,scale_free,500,0.7,random_node_30,CENTRALISED,spf-reconverge,18,18215760787346636047,0.23451148486699044,0.4865219484842235,0.24586026115666645,0.17951938914726828,0.145619583528026,8820.723440990374,55.75742717268756,156.1282465760194,,,True,296,0,0,0.98,3,False,1992,0.30000000000000004,0.5108520393301431,,1.8597074999997858,2,83272,17.836916400003247
a10-scale,scale_free-n500-load0.7-random_node_30-centralised-deg4.0,scale_free,500,0.7,random_node_30,CENTRALISED,spf-static,18,18215760787346636047,0.1945460477720854,0.2904800834766283,0.22498390872010376,0.16576246953627694,0.14565846976134916,7317.496134181077,35.54582566422468,105.04199884801926,,,True,0,0,0,0.98,3,False,1992,0.0,0.24053183193280722,,1.2857324999931734,2,121160,13.388886900007492
a10-scale,scale_free-n500-load0.7-random_node_30-centralised-deg4.0,scale_free,500,0.7,random_node_30,CENTRALISED,cspf,19,13310924579076096046,0.3169314950201047,0.4251854851026447,0.4432080605860002,0.2838995151857827,0.17765669155213562,11110.857827724798,74.54188208928159,158.34792604025046,,,True,393,0,0,0.98,3,False,1992,0.30000000000000004,0.34330521528317687,,6.983441899996251,2,91578,45.917009199998574
a10-scale,scale_free-n500-load0.7-random_node_30-centralised-deg4.0,scale_free,500,0.7,random_node_30,CENTRALISED,ecmp,19,13310924579076096046,0.2565652615026815,0.41955011160462535,0.3612534938799401,0.19906711967274773,0.1397017189251613,8994.562512345123,52.13751025942888,132.31823165556824,,,True,377,0,0,0.98,3,False,1992,0.30000000000000004,0.34767734522453836,,9.52516220000689,2,91358,49.32651789998636
a10-scale,scale_free-n500-load0.7-random_node_30-centralised-deg4.0,scale_free,500,0.7,random_node_30,CENTRALISED,orbit,19,13310924579076096046,0.3350218138444004,0.42697942387283055,0.4926359803190118,0.33279786503914144,0.13209539050278876,11745.061003089912,65.2591144408131,159.17592346685342,,,True,1560,5,0,0.98,3,False,1992,0.30000000000000004,0.3422834047339632,,7.4167989999987185,2,91602,54.23016639999696
a10-scale,scale_free-n500-load0.7-random_node_30-centralised-deg4.0,scale_free,500,0.7,random_node_30,CENTRALISED,spf-reconverge,19,13310924579076096046,0.2201372221303926,0.3915196973648092,0.3076061172790473,0.16314101686295615,0.11405578153142801,7717.482850752677,51.31805988415288,155.02401000252598,,,True,331,0,0,0.98,3,False,1992,0.30000000000000004,0.39292905364870695,,1.7815025999734644,2,91532,16.947628299996722
a10-scale,scale_free-n500-load0.7-random_node_30-centralised-deg4.0,scale_free,500,0.7,random_node_30,CENTRALISED,spf-static,19,13310924579076096046,0.1567237121550108,0.23880710375421504,0.1844802280971376,0.13442302446485782,0.11243616216906618,5494.357333836852,30.663966776292014,105.03961604432925,,,True,0,0,0,0.98,3,False,1992,0.0,0.17763866617499738,,1.255144199996721,2,133900,11.302397100022063
a10-scale,scale_free-n500-load0.7-random_node_30-centralised-deg4.0,scale_free,500,0.7,random_node_30,CENTRALISED,cspf,20,9810864064029740989,0.37503359243557116,0.47451550968444356,0.47225003376874747,0.3448163577710542,0.26098597052333783,13865.728277483784,66.80861664633245,155.07457739791911,,,True,413,0,0,0.98,3,False,1992,0.30000000000000004,0.39932903098431666,,7.626955999992788,2,85268,51.05190439999569
a10-scale,scale_free-n500-load0.7-random_node_30-centralised-deg4.0,scale_free,500,0.7,random_node_30,CENTRALISED,ecmp,20,9810864064029740989,0.28920786050137887,0.47144899350228836,0.3768660143912246,0.2327591976758335,0.17177939920807908,10692.582452099849,53.57387131606127,137.41288565541925,,,True,324,0,0,0.98,3,False,1992,0.30000000000000004,0.40659903142556136,,9.777372899989132,2,84954,51.92497419999563
a10-scale,scale_free-n500-load0.7-random_node_30-centralised-deg4.0,scale_free,500,0.7,random_node_30,CENTRALISED,orbit,20,9810864064029740989,0.3847846817563876,0.4823226158076472,0.5296270750709604,0.3826573982793291,0.1855241051067464,14226.245195591971,59.08250523350753,157.28766040571608,,0.0,True,1521,5,0,0.98,3,False,1992,0.30000000000000004,0.4062004350639396,,7.613407799974084,2,85288,59.51480830000946
a10-scale,scale_free-n500-load0.7-random_node_30-centralised-deg4.0,scale_free,500,0.7,random_node_30,CENTRALISED,spf-reconverge,20,9810864064029740989,0.24936743609708614,0.44306390982779653,0.3142143420397255,0.1935237249423474,0.1469723787235568,9219.603736614625,53.431643572097336,154.03708474854733,,,True,251,0,0,0.98,3,False,1992,0.30000000000000004,0.4549809582530251,,1.742142100003548,2,85132,18.138564199995017
a10-scale,scale_free-n500-load0.7-random_node_30-centralised-deg4.0,scale_free,500,0.7,random_node_30,CENTRALISED,spf-static,20,9810864064029740989,0.2148738457219127,0.25641090054325416,0.2613565463313887,0.20231920883233045,0.16130705132504375,7944.307973504681,37.994200262268414,105.08356817755974,,,True,0,0,0,0.98,3,False,1992,0.0,0.19619147338059248,,1.2305759999726433,2,117260,13.792024099995615
a10-scale,scale_free-n500-load0.7-random_node_30-centralised-deg4.0,scale_free,500,0.7,random_node_30,CENTRALISED,cspf,21,2566761464694845009,0.2772552226597674,0.49031383420337543,0.3789043483132081,0.21227531824465876,0.1359421767644762,11129.613888880001,78.84454645443235,157.44102961668193,,,True,423,0,0,0.98,3,False,1992,0.30000000000000004,0.4260140411444066,,7.2585395999776665,2,86970,37.81885039998451
a10-scale,scale_free-n500-load0.7-random_node_30-centralised-deg4.0,scale_free,500,0.7,random_node_30,CENTRALISED,ecmp,21,2566761464694845009,0.23942932585301377,0.46283765102444385,0.30642346520067554,0.1736366184193415,0.1283940597584868,9611.201999570347,59.3809186953783,144.21499771714485,,,True,409,0,0,0.98,3,False,1992,0.30000000000000004,0.42667805541936016,,9.366392500029178,2,86750,45.16401370000676
a10-scale,scale_free-n500-load0.7-random_node_30-centralised-deg4.0,scale_free,500,0.7,random_node_30,CENTRALISED,orbit,21,2566761464694845009,0.2865673925926899,0.520259805970221,0.4537830688262329,0.18661439548877648,0.1150320529681318,11503.424181168877,80.57994441423966,174.3092581010742,,,True,1577,18,0,0.98,3,False,1992,0.30000000000000004,0.4516349722927935,,7.467688400007319,2,86944,44.15525740000885
a10-scale,scale_free-n500-load0.7-random_node_30-centralised-deg4.0,scale_free,500,0.7,random_node_30,CENTRALISED,spf-reconverge,21,2566761464694845009,0.2095572316876944,0.4174454278900245,0.2620970621200112,0.15216513038683224,0.11085348924867477,8412.072652527342,60.09137709260125,155.02927673263773,,,True,383,0,0,0.98,3,False,1992,0.30000000000000004,0.44828934920391217,,1.697660400008317,2,86956,15.98972360001062
a10-scale,scale_free-n500-load0.7-random_node_30-centralised-deg4.0,scale_free,500,0.7,random_node_30,CENTRALISED,spf-static,21,2566761464694845009,0.14048572654240668,0.2202418951404663,0.17636653200933597,0.10860991555325113,0.10043581888495472,5639.395638128245,36.599497324104995,105.04879043197991,,,True,0,0,0,0.98,3,False,1992,0.0,0.16150945588855728,,1.2695459999958985,2,135980,10.166594900016207
a10-scale,scale_free-n500-load0.7-random_node_30-centralised-deg4.0,scale_free,500,0.7,random_node_30,CENTRALISED,cspf,22,9384513782672517645,0.36350145701064596,0.5503259076066138,0.43175194638855346,0.3455431381838398,0.20650885033254474,13590.91834610854,61.61238068557993,155.05752910008854,,,True,377,0,0,0.98,3,False,1992,0.30000000000000004,0.4994762362641698,,7.6289718999760225,2,91946,45.88284569999087
a10-scale,scale_free-n500-load0.7-random_node_30-centralised-deg4.0,scale_free,500,0.7,random_node_30,CENTRALISED,ecmp,22,9384513782672517645,0.2770798655017213,0.5408276943326302,0.3302302346471303,0.225797141206419,0.13614653245930172,10359.710407637629,46.83770198718419,105.12937915321028,,,True,271,0,0,0.98,3,False,1992,0.30000000000000004,0.49749117910334706,,9.53681930003222,2,91606,49.38192509999499
a10-scale,scale_free-n500-load0.7-random_node_30-centralised-deg4.0,scale_free,500,0.7,random_node_30,CENTRALISED,orbit,22,9384513782672517645,0.37632086594862585,0.5575659992945795,0.4884380151601025,0.37183362311366647,0.15904481940571188,14070.221899811644,48.10982686838201,108.98993809478412,,,True,1490,5,0,0.98,3,False,1992,0.30000000000000004,0.49408847084199864,,7.635427699977299,2,91968,52.972783900011564
a10-scale,scale_free-n500-load0.7-random_node_30-centralised-deg4.0,scale_free,500,0.7,random_node_30,CENTRALISED,spf-reconverge,22,9384513782672517645,0.22633756828949164,0.5014012259065964,0.2533623148424242,0.1797349684709252,0.09840624535750517,8462.511910066856,48.35434264766171,106.10051836158819,,,True,171,0,0,0.98,3,False,1992,0.30000000000000004,0.4973509173475415,,1.79591860002256,2,91732,15.824693099973956
a10-scale,scale_free-n500-load0.7-random_node_30-centralised-deg4.0,scale_free,500,0.7,random_node_30,CENTRALISED,spf-static,22,9384513782672517645,0.20263593436186217,0.38827973297790763,0.23068316738335332,0.17332574142079338,0.10329469418498159,7576.333972765399,40.39695734907424,105.05673576966834,,,True,0,0,0,0.98,3,False,1992,0.0,0.3486624484948915,,1.2640923999715596,2,113620,13.236132299993187
a10-scale,scale_free-n500-load0.7-random_node_30-centralised-deg4.0,scale_free,500,0.7,random_node_30,CENTRALISED,cspf,23,17354859543441191896,0.32108480411730306,0.46494250369091084,0.44036325907434615,0.2823356975345869,0.16657632840292502,11696.928908234575,70.54419989088335,157.34279001179053,,,True,420,0,0,0.98,3,False,1992,0.30000000000000004,0.38793804670379056,,7.134809100010898,2,86142,44.239566999982344
a10-scale,scale_free-n500-load0.7-random_node_30-centralised-deg4.0,scale_free,500,0.7,random_node_30,CENTRALISED,ecmp,23,17354859543441191896,0.26323790683822423,0.4545156530493583,0.34925568177440136,0.2085383592477493,0.1373436570420603,9589.600762028886,53.126908284437086,132.10345126476778,,,True,384,0,0,0.98,3,False,1992,0.30000000000000004,0.3773141575526442,,9.494265100016491,2,85864,46.8420450000267
a10-scale,scale_free-n500-load0.7-random_node_30-centralised-deg4.0,scale_free,500,0.7,random_node_30,CENTRALISED,orbit,23,17354859543441191896,0.33248606446117057,0.4657172380425806,0.4998449166811526,0.30559288798973644,0.11780435240871923,12112.270057975724,59.96981277348122,156.09788620633634,,,True,1580,6,0,0.98,3,False,1992,0.30000000000000004,0.3869657994907571,,7.588970099983271,2,86178,52.76104859999032
a10-scale,scale_free-n500-load0.7-random_node_30-centralised-deg4.0,scale_free,500,0.7,random_node_30,CENTRALISED,spf-reconverge,23,17354859543441191896,0.23218929394627016,0.42969020390022405,0.2911051339787944,0.17405002685121473,0.13546810701943376,8458.518216111195,54.59095520825145,155.05492139375818,,,True,308,0,0,0.98,3,False,1992,0.30000000000000004,0.3912118583247187,,1.6903395999979693,2,86026,17.581261499988614
a10-scale,scale_free-n500-load0.7-random_node_30-centralised-deg4.0,scale_free,500,0.7,random_node_30,CENTRALISED,spf-static,23,17354859543441191896,0.18440337880827343,0.298494643149896,0.2168408049356406,0.165150123654862,0.10982796726730391,6717.705679931888,37.34163607045883,105.05835091340137,,,True,0,0,0,0.98,3,False,1992,0.0,0.22299371769703105,,1.2676582999993116,2,125450,13.11267949998728
a10-scale,scale_free-n500-load0.7-random_node_30-centralised-deg4.0,scale_free,500,0.7,random_node_30,CENTRALISED,cspf,24,8056967257405344658,0.25537888389697255,0.4337161170710183,0.3157695882928002,0.2132477830170285,0.14679748356041508,10381.939617599857,72.786195414814,158.28659576195793,,,True,341,0,0,0.98,3,False,1992,0.30000000000000004,0.3629980800995604,,7.02682620001724,2,99426,33.28107709999313
a10-scale,scale_free-n500-load0.7-random_node_30-centralised-deg4.0,scale_free,500,0.7,random_node_30,CENTRALISED,ecmp,24,8056967257405344658,0.2086243035400855,0.4097976573453049,0.2488392134160875,0.16952890293475484,0.10261834462779518,8481.221661971043,61.13966948659741,156.4948595108796,,,True,342,0,0,0.98,3,False,1992,0.30000000000000004,0.35935342931376457,,8.722590599994874,2,99294,39.276363300014054
a10-scale,scale_free-n500-load0.7-random_node_30-centralised-deg4.0,scale_free,500,0.7,random_node_30,CENTRALISED,orbit,24,8056967257405344658,0.2635886055106165,0.4473480573325792,0.38359932210148295,0.21238806747834385,0.10383023559339226,10715.69013279336,74.08504073915665,161.37064186954078,,,True,1507,9,0,0.98,3,False,1992,0.30000000000000004,0.3659718176756817,,7.476506000006339,2,99428,41.48277129998314
a10-scale,scale_free-n500-load0.7-random_node_30-centralised-deg4.0,scale_free,500,0.7,random_node_30,CENTRALISED,spf-reconverge,24,8056967257405344658,0.184890146180949,0.38504904108566884,0.19930703895707172,0.14689141475261622,0.10425439423899367,7516.354932125923,55.690780050918534,156.14638790739394,,,True,309,0,0,0.98,3,False,1992,0.30000000000000004,0.4084125115416038,,1.6688122999912594,2,99418,13.207422600011341
a10-scale,scale_free-n500-load0.7-random_node_30-centralised-deg4.0,scale_free,500,0.7,random_node_30,CENTRALISED,spf-static,24,8056967257405344658,0.12713265239444624,0.20422504383926984,0.14385520336367863,0.10236095271179484,0.09910264946941658,5168.334595419929,37.717209904407206,105.07569823547696,,,True,0,0,0,0.98,3,False,1992,0.0,0.14219631721798698,,1.2266129000054207,2,138970,9.199485499993898
a10-scale,scale_free-n500-load0.7-random_node_30-centralised-deg4.0,scale_free,500,0.7,random_node_30,CENTRALISED,cspf,25,11013631890270838921,0.3617501592079794,0.5243984062203204,0.43221918496884876,0.33454748077558,0.23367418187411695,13795.932854842418,68.16173036144306,156.63504347116003,,,True,408,0,0,0.98,3,False,1992,0.30000000000000004,0.4622210197059898,,7.479376200004481,2,86416,46.92101520000142
a10-scale,scale_free-n500-load0.7-random_node_30-centralised-deg4.0,scale_free,500,0.7,random_node_30,CENTRALISED,ecmp,25,11013631890270838921,0.2813375058472895,0.5054649858696593,0.3276222796046824,0.24402135677054837,0.15362635399994579,10729.265050541626,51.004199287003495,115.51168405347666,,,True,327,0,0,0.98,3,False,1992,0.30000000000000004,0.4592667942366289,,9.957939700048883,2,86132,49.824600799998734
a10-scale,scale_free-n500-load0.7-random_node_30-centralised-deg4.0,scale_free,500,0.7,random_node_30,CENTRALISED,orbit,25,11013631890270838921,0.374110498944045,0.528560744826278,0.47746921645486307,0.39785144399513467,0.15003554048016576,14267.314588122497,58.47235477903014,155.1367204337252,,0.0,True,1538,10,0,0.98,3,False,1992,0.30000000000000004,0.4598869770469195,,7.571055299980799,2,86476,52.5665544999938
a10-scale,scale_free-n500-load0.7-random_node_30-centralised-deg4.0,scale_free,500,0.7,random_node_30,CENTRALISED,spf-reconverge,25,11013631890270838921,0.23837332807824127,0.4352746576517141,0.28514123150361376,0.18260545360842112,0.15149953512735445,9090.75599511222,51.10807298925801,154.01461021869494,,,True,248,0,0,0.98,3,False,1992,0.30000000000000004,0.4329549704640106,,1.8997988999763038,2,86296,17.242371500004083
a10-scale,scale_free-n500-load0.7-random_node_30-centralised-deg4.0,scale_free,500,0.7,random_node_30,CENTRALISED,spf-static,25,11013631890270838921,0.19917146619453022,0.33434758580580914,0.2214437357544878,0.16514533086017444,0.1432305857469903,7595.728997704463,41.3993833841753,105.06189066407053,,,True,0,0,0,0.98,3,False,1992,0.0,0.29526635914989713,,1.335321999998996,2,118040,13.212992199987639
a10-scale,scale_free-n500-load0.7-random_node_30-centralised-deg4.0,scale_free,500,0.7,random_node_30,CENTRALISED,cspf,26,18091072846850426197,0.29117548050282177,0.46002214172528005,0.420044161635954,0.22816739170434489,0.14801672895482978,11149.695048174035,78.68190604736003,159.53190207277257,,,True,413,0,0,0.98,3,False,1992,0.30000000000000004,0.38263627511576104,,7.1180418000149075,2,89912,38.195506399992155
a10-scale,scale_free-n500-load0.7-random_node_30-centralised-deg4.0,scale_free,500,0.7,random_node_30,CENTRALISED,ecmp,26,18091072846850426197,0.24229005446438207,0.4395888568091203,0.3208928478018872,0.18248694871685547,0.12773486057603087,9277.773718509097,56.52661032970595,154.01444156849553,,,True,401,0,0,0.98,3,False,1992,0.30000000000000004,0.39799373787621134,,9.54074570001103,2,89750,41.73235109998495
a10-scale,scale_free-n500-load0.7-random_node_30-centralised-deg4.0,scale_free,500,0.7,random_node_30,CENTRALISED,orbit,26,18091072846850426197,0.29923027115439194,0.47336645727390225,0.4823440933715747,0.24197781599418036,0.09098140023174221,11458.129189973348,77.16347200784745,206.04589923388374,,,True,1571,15,0,0.98,3,False,1992,0.30000000000000004,0.39684789370365514,,7.511235399986617,2,89932,42.56846760000917
a10-scale,scale_free-n500-load0.7-random_node_30-centralised-deg4.0,scale_free,500,0.7,random_node_30,CENTRALISED,spf-reconverge,26,18091072846850426197,0.2091264501284258,0.3995229672982743,0.2708621933397723,0.15050522702666233,0.11388696346161485,8007.872577088533,59.096021965569086,156.0455,,,True,372,0,0,0.98,3,False,1992,0.30000000000000004,0.41763288184932507,,1.7847211000043899,2,89924,14.842713799997
a10-scale,scale_free-n500-load0.7-random_node_30-centralised-deg4.0,scale_free,500,0.7,random_node_30,CENTRALISED,spf-static,26,18091072846850426197,0.13361914569059707,0.19733870921068514,0.14678171272728138,0.1301928319916446,0.0870023969717816,5116.545955294671,31.743169106163258,104.06347607754702,,,True,0,0,0,0.98,3,False,1992,0.0,0.1262133180615549,,1.2586463000043295,2,137540,8.91722029997618
a10-scale,scale_free-n500-load0.7-random_node_30-centralised-deg4.0,scale_free,500,0.7,random_node_30,CENTRALISED,cspf,27,17615019160357557111,0.3853540893880087,0.5242907442413346,0.4608262988585292,0.3646167197341741,0.25346299173448505,14780.70405103185,60.749523240008806,155.06327398723158,,,True,389,0,0,0.98,3,False,1992,0.30000000000000004,0.46229700945394064,,7.605324900010601,2,85462,41.85213710000971
a10-scale,scale_free-n500-load0.7-random_node_30-centralised-deg4.0,scale_free,500,0.7,random_node_30,CENTRALISED,ecmp,27,17615019160357557111,0.29794475543009824,0.48934081596772944,0.3570591971824248,0.2647243947078118,0.16704141846398174,11428.017438619101,48.6583893759213,129.03371246850412,,,True,280,0,0,0.98,3,False,1992,0.30000000000000004,0.4709612681438265,,9.590420299995458,2,85118,43.07369629997993
a10-scale,scale_free-n500-load0.7-random_node_30-centralised-deg4.0,scale_free,500,0.7,random_node_30,CENTRALISED,orbit,27,17615019160357557111,0.39645114066872755,0.5298189396302078,0.49192452420716853,0.4239493418987865,0.18171545867685462,15206.344352604665,52.01143936836095,154.01284175242503,,0.0,True,1491,5,0,0.98,3,False,1992,0.30000000000000004,0.4605222054172495,,7.373145599995041,2,85482,45.11184560001129
a10-scale,scale_free-n500-load0.7-random_node_30-centralised-deg4.0,scale_free,500,0.7,random_node_30,CENTRALISED,spf-reconverge,27,17615019160357557111,0.25011568927782085,0.45331412216202716,0.2887962535817775,0.21706841545567845,0.13189779180085198,9593.47800773682,47.58178078992273,155.0296749253032,,,True,196,0,0,0.98,3,False,1992,0.30000000000000004,0.5051861754210484,,1.8584230999986175,2,85282,17.409459299989976
a10-scale,scale_free-n500-load0.7-random_node_30-centralised-deg4.0,scale_free,500,0.7,random_node_30,CENTRALISED,spf-static,27,17615019160357557111,0.21563733145307207,0.358313441149939,0.24178854457034188,0.2013429553893819,0.12134480706267857,8271.020514207887,37.957154979634645,104.23988698795276,,,True,0,0,0,0.98,3,False,1992,0.0,0.3653730996856952,,1.281774899980519,2,110370,13.33964270001161
a10-scale,scale_free-n500-load0.7-random_node_30-centralised-deg4.0,scale_free,500,0.7,random_node_30,CENTRALISED,cspf,28,2513788404932403708,0.2708117811727639,0.4804568718791169,0.3748513236415795,0.20595209591162936,0.13635042915878962,9991.305793396285,74.48870901916017,157.12328180486116,,,True,420,0,0,0.98,3,False,1992,0.30000000000000004,0.4053567041861859,,6.687623399979202,2,92694,32.102652699977625
a10-scale,scale_free-n500-load0.7-random_node_30-centralised-deg4.0,scale_free,500,0.7,random_node_30,CENTRALISED,ecmp,28,2513788404932403708,0.22944953605133306,0.4721997826780556,0.31708066421577374,0.1482102943385529,0.11545578426456417,8465.290796855243,60.63076725140284,155.03276405229371,,,True,408,0,0,0.98,3,False,1992,0.30000000000000004,0.40221216944386406,,8.809557699976722,2,92552,35.98363630002132
a10-scale,scale_free-n500-load0.7-random_node_30-centralised-deg4.0,scale_free,500,0.7,random_node_30,CENTRALISED,orbit,28,2513788404932403708,0.2763796109725,0.4819803971427649,0.42850138813493294,0.22499650145977465,0.0768403065174491,10196.724811335018,72.71351021546847,160.5796909546449,,,True,1589,12,0,0.98,3,False,1992,0.30000000000000004,0.40689218217813294,,7.1145754999888595,2,92690,36.2083047000051
a10-scale,scale_free-n500-load0.7-random_node_30-centralised-deg4.0,scale_free,500,0.7,random_node_30,CENTRALISED,spf-reconverge,28,2513788404932403708,0.1972742796370435,0.4440338602811217,0.24262673499052226,0.1265190004202099,0.10854819787338629,7278.219745426281,56.823800490687944,155.04503640514073,,,True,379,0,0,0.98,3,False,1992,0.30000000000000004,0.4049880986447677,,1.6998644999985117,2,92668,15.478091400000267
a10-scale,scale_free-n500-load0.7-random_node_30-centralised-deg4.0,scale_free,500,0.7,random_node_30,CENTRALISED,spf-static,28,2513788404932403708,0.12546565157338976,0.21929124978579062,0.13676722365077046,0.11059811091921881,0.08062123890873384,4628.918601727075,34.990575170553605,104.29314921492691,,,True,0,0,0,0.98,3,False,1992,0.0,0.11997510371787999,,1.2971070999628864,2,141180,9.823183800006518
a10-scale,scale_free-n500-load0.7-random_node_30-centralised-deg4.0,scale_free,500,0.7,random_node_30,CENTRALISED,cspf,29,17630515764505716236,0.3456573869005972,0.4961004983111134,0.46687843041928445,0.29776753945380335,0.2014978081886872,13707.418670595041,75.73663545596617,157.15734803872408,,,True,416,0,0,0.98,3,False,1992,0.30000000000000004,0.4300770798664194,,6.371939600008773,2,84372,31.10222979998798
a10-scale,scale_free-n500-load0.7-random_node_30-centralised-deg4.0,scale_free,500,0.7,random_node_30,CENTRALISED,ecmp,29,17630515764505716236,0.2853760652247706,0.49824266085616453,0.382448951961519,0.22197883512696798,0.14992035076791801,11316.89746219108,58.72230658850649,121.82681364604879,,,True,333,0,0,0.98,3,False,1992,0.30000000000000004,0.44875913402131756,,8.636421200004406,2,84030,36.32466270000441
a10-scale,scale_free-n500-load0.7-random_node_30-centralised-deg4.0,scale_free,500,0.7,random_node_30,CENTRALISED,orbit,29,17630515764505716236,0.36217350698887074,0.5072535465732765,0.5134288776627536,0.3488471757919197,0.14251377862683157,14362.383330525472,62.47490966790823,154.06370749834522,,,True,1535,12,0,0.98,3,False,1992,0.30000000000000004,0.4349008481991685,,6.525797900016187,2,84390,34.18917299999157
a10-scale,scale_free-n500-load0.7-random_node_30-centralised-deg4.0,scale_free,500,0.7,random_node_30,CENTRALISED,spf-reconverge,29,17630515764505716236,0.23371084879995394,0.4634442607165404,0.291824829417,0.17298707019323586,0.12348308166479206,9268.057254863106,59.18894583760499,155.03996365612983,,,True,232,0,0,0.98,3,False,1992,0.30000000000000004,0.46662272566340157,,1.8151358000177424,2,84184,16.254142199992202
a10-scale,scale_free-n500-load0.7-random_node_30-centralised-deg4.0,scale_free,500,0.7,random_node_30,CENTRALISED,spf-static,29,17630515764505716236,0.19404334191350675,0.30287396062631555,0.22926597439808286,0.16754249606772692,0.13092678938254776,7694.999235224689,45.62897182688458,154.01483789099092,,,True,0,0,0,0.98,3,False,1992,0.0,0.24946447566361313,,1.2563340999768116,2,113880,13.009659900009865
a10-scale,waxman-n100-load0.7-critical_link-centralised-deg4.0,waxman,100,0.7,critical_link,CENTRALISED,cspf,0,15621886858116388918,0.6761251404510201,0.9217905245345295,0.8290659224854553,0.6033848142250727,0.4658040897169027,6381.378596723424,74.21951817614581,152.04440597708583,,0.0,True,86,0,0,0.98,3,False,416,0.30000000000000004,0.9408151981423964,,1.2220646999776363,2,8,15.047303999977885
a10-scale,waxman-n100-load0.7-critical_link-centralised-deg4.0,waxman,100,0.7,critical_link,CENTRALISED,ecmp,0,15621886858116388918,0.4326809173340725,0.8477698930276987,0.544823643310571,0.3298290999552616,0.19437268176961459,4083.712584987552,65.73592283437844,201.18700814548203,0.2,0.2,False,18,0,0,0.98,3,False,416,0.30000000000000004,1.0143044993494204,,1.6841239999921527,2,36,8.592029199993704
a10-scale,waxman-n100-load0.7-critical_link-centralised-deg4.0,waxman,100,0.7,critical_link,CENTRALISED,orbit,0,15621886858116388918,0.6300736142830862,0.9996244818877665,0.9877879472607639,0.533856123537354,0.16940604429930908,5946.7368331610305,65.21090869263799,153.70956754074973,0.0,0.0,True,219,0,0,0.98,3,False,416,0.30000000000000004,1.0,,0.9735013000026811,2,8,16.946134199999506
a10-scale,waxman-n100-load0.7-critical_link-centralised-deg4.0,waxman,100,0.7,critical_link,CENTRALISED,spf-reconverge,0,15621886858116388918,0.4326809173340725,0.8477698930276987,0.544823643310571,0.3298290999552616,0.19437268176961459,4083.712584987552,65.73592283437844,201.18700814548203,0.2,0.2,False,18,0,0,0.98,3,False,416,0.30000000000000004,1.0143044993494204,,0.36590029997751117,2,36,7.0508025999879465
a10-scale,waxman-n100-load0.7-critical_link-centralised-deg4.0,waxman,100,0.7,critical_link,CENTRALISED,spf-static,0,15621886858116388918,0.41352475804335287,0.7815388947166122,0.5459939999939937,0.31193997049713856,0.18384763203613833,3902.9136506191617,65.32707184688091,201.09703597405053,,0.0,True,0,0,0,0.98,3,False,416,0.0,0.9217312010226264,,0.17242349998559803,2,2340,6.4560476999904495
a10-scale,waxman-n100-load0.7-critical_link-centralised-deg4.0,waxman,100,0.7,critical_link,CENTRALISED,cspf,1,13766517908767232579,0.7393631585486918,0.9807144492244138,0.9160677301998019,0.694415925183144,0.4785589898701967,6069.500849038455,57.33152646812742,152.40680251437507,0.0,0.0,False,112,0,0,0.98,3,False,410,0.30000000000000004,0.9913312901364337,,1.1486475999990944,2,4,16.437536400015233
a10-scale,waxman-n100-load0.7-critical_link-centralised-deg4.0,waxman,100,0.7,critical_link,CENTRALISED,ecmp,1,13766517908767232579,0.5393218159184852,0.8082176898710717,0.6460366298671847,0.47702832959286345,0.3510272358003176,4427.3428852576935,52.489740063339525,151.244026734222,0.0,0.0,False,10,0,0,0.98,3,False,410,0.30000000000000004,0.9932784700691804,,1.6577383000112604,2,20,9.966170800005784
a10-scale,waxman-n100-load0.7-critical_link-centralised-deg4.0,waxman,100,0.7,critical_link,CENTRALISED,orbit,1,13766517908767232579,0.7438761589023645,0.9907505372825539,1.0,0.7833568367383424,0.28265628722011665,6106.548488160878,50.39593262445124,150.59477362241765,0.0,0.0,True,218,0,0,0.98,3,False,410,0.30000000000000004,0.9898326342577787,,0.8778307000175118,2,6,17.14198369998485
a10-scale,waxman-n100-load0.7-critical_link-centralised-deg4.0,waxman,100,0.7,critical_link,CENTRALISED,spf-reconverge,1,13766517908767232579,0.5393218159184852,0.8082176898710717,0.6460366298671847,0.47702832959286345,0.3510272358003176,4427.3428852576935,52.489740063339525,151.244026734222,0.0,0.0,False,10,0,0,0.98,3,False,410,0.30000000000000004,0.9932784700691804,,0.33662610000465065,2,20,8.26063050000812
a10-scale,waxman-n100-load0.7-critical_link-centralised-deg4.0,waxman,100,0.7,critical_link,CENTRALISED,spf-static,1,13766517908767232579,0.5336828494479519,0.7810212484353306,0.6461530466879759,0.4650229836303314,0.36350564057579365,4381.052085689342,48.12958912369453,151.19771124761476,0.0,0.0,False,0,0,0,0.98,3,False,410,0.0,0.9540953124008189,,0.16425369997159578,2,1300,7.790720700024394
a10-scale,waxman-n100-load0.7-critical_link-centralised-deg4.0,waxman,100,0.7,critical_link,CENTRALISED,cspf,2,11676023888863901689,0.7373292295702514,0.9793218737270785,0.9276538506860135,0.658491136518971,0.5059770370400716,5313.837744563678,58.07849291176668,153.07948629717907,0.0,0.2,False,107,0,0,0.98,3,False,382,0.30000000000000004,1.0254468440898572,,1.0728861999814399,2,6,16.168401200004155
a10-scale,waxman-n100-load0.7-critical_link-centralised-deg4.0,waxman,100,0.7,critical_link,CENTRALISED,ecmp,2,11676023888863901689,0.5518603119379681,0.8901355501137075,0.7826842290696728,0.4136240436047898,0.3073625730752396,3977.186903348252,63.064214225372055,151.77739481318153,0.2,0.2,True,13,0,0,0.98,3,False,382,0.30000000000000004,1.0276366678263358,,1.5690928000258282,2,26,11.129505600023549
a10-scale,waxman-n100-load0.7-critical_link-centralised-deg4.0,waxman,100,0.7,critical_link,CENTRALISED,orbit,2,11676023888863901689,0.7465376705175053,0.9843105640710514,0.9794956565253727,0.7399998029510773,0.36337472138104787,5380.201804350951,52.03965947635747,151.7239159855764,0.0,0.0,False,227,0,0,0.98,3,False,382,0.30000000000000004,1.0,,0.8578729000000749,2,2,16.60746569998446
a10-scale,waxman-n100-load0.7-critical_link-centralised-deg4.0,waxman,100,0.7,critical_link,CENTRALISED,spf-reconverge,2,11676023888863901689,0.551564154476054,0.8901355501137054,0.7803272547464191,0.4142372410074833,0.30756114065047097,3975.052534281708,63.097988946879646,151.77400828102122,0.2,0.2,True,13,0,0,0.98,3,False,382,0.30000000000000004,1.0276366678263358,,0.3037592999753542,2,26,9.39484920000541
a10-scale,waxman-n100-load0.7-critical_link-centralised-deg4.0,waxman,100,0.7,critical_link,CENTRALISED,spf-static,2,11676023888863901689,0.5471925323984504,0.7939807366555056,0.7576974908318193,0.43698431563079454,0.3405151420775393,3943.5468113708216,61.42317172249665,151.7159773401195,,0.0,True,0,0,0,0.98,3,False,382,0.0,0.8982339881329706,,0.15715660000569187,2,1690,9.123164999997243
a10-scale,waxman-n100-load0.7-critical_link-centralised-deg4.0,waxman,100,0.7,critical_link,CENTRALISED,cspf,3,7201694106508155286,0.7235169202806317,0.9908681820573425,0.8045399109331162,0.6654546266676712,0.5665340022347386,6529.6244730812805,57.28788814080716,151.68482222198838,0.0,0.0,False,107,0,0,0.98,3,False,432,0.30000000000000004,0.9977365232875087,,1.0980175999866333,2,6,15.029719400015892
a10-scale,waxman-n100-load0.7-critical_link-centralised-deg4.0,waxman,100,0.7,critical_link,CENTRALISED,ecmp,3,7201694106508155286,0.5009070055515045,0.9348724961976703,0.571068457300399,0.38143306317054276,0.34477260930671927,4520.6056009282265,58.40484610933708,151.6226334884546,0.2,0.2,True,14,0,0,0.98,3,False,432,0.30000000000000004,1.0326582646185816,,1.6672277000034228,2,28,9.447177599999122
a10-scale,waxman-n100-load0.7-critical_link-centralised-deg4.0,waxman,100,0.7,critical_link,CENTRALISED,orbit,3,7201694106508155286,0.7123049791826632,0.9989815230532729,0.8833101901134417,0.7141156273063475,0.3674229927880766,6428.438498113833,47.66508886267603,104.62980708145982,0.0,0.0,False,220,0,0,0.98,3,False,432,0.30000000000000004,1.0,,1.0235881000116933,2,4,15.639447200024733
a10-scale,waxman-n100-load0.7-critical_link-centralised-deg4.0,waxman,100,0.7,critical_link,CENTRALISED,spf-reconverge,3,7201694106508155286,0.5009070055515045,0.9348724961976703,0.571068457300399,0.38143306317054276,0.34477260930671927,4520.6056009282265,58.40484610933708,151.6226334884546,0.2,0.2,True,14,0,0,0.98,3,False,432,0.30000000000000004,1.0326582646185816,,0.3691893999930471,2,28,7.858386899984907
a10-scale,waxman-n100-load0.7-critical_link-centralised-deg4.0,waxman,100,0.7,critical_link,CENTRALISED,spf-static,3,7201694106508155286,0.49994543222241855,0.8438918747750869,0.542833087836806,0.4145533612856692,0.376328250144764,4511.927555444748,55.677992906872745,151.62003935712212,,0.0,True,0,0,0,0.98,3,False,432,0.0,0.9155629900462814,,0.17383149999659508,2,1820,7.105053100007353
a10-scale,waxman-n100-load0.7-critical_link-centralised-deg4.0,waxman,100,0.7,critical_link,CENTRALISED,cspf,4,5988235424468739502,0.7105570653851289,0.9954080508011244,0.8736660509735341,0.6247488084736089,0.4754871547234216,5948.105942809465,58.508195375981124,151.44277903891594,0.0,0.0,True,62,0,0,0.98,3,False,412,0.30000000000000004,0.9951840830641359,,1.146406299987575,2,6,15.341885300003923
a10-scale,waxman-n100-load0.7-critical_link-centralised-deg4.0,waxman,100,0.7,critical_link,CENTRALISED,ecmp,4,5988235424468739502,0.4666020119609792,0.9287048591818498,0.5878038668312974,0.33123029138771387,0.22665128469331128,3905.9469470867352,64.6705532837176,151.45434116936346,0.0,0.0,False,9,0,0,0.98,3,False,412,0.30000000000000004,1.0,,1.4783475999720395,2,18,9.14185010001529
a10-scale,waxman-n100-load0.7-critical_link-centralised-deg4.0,waxman,100,0.7,critical_link,CENTRALISED,orbit,4,5988235424468739502,0.6743712828931412,0.9995153270861233,0.9691103169270001,0.5547886540895229,0.32515591576368846,5645.193089822574,58.00788707694353,152.38079532396733,0.0,0.0,False,244,1,0,0.98,3,False,412,0.30000000000000004,1.0,,0.9545215999823995,2,4,15.978735599986976
a10-scale,waxman-n100-load0.7-critical_link-centralised-deg4.0,waxman,100,0.7,critical_link,CENTRALISED,spf-reconverge,4,5988235424468739502,0.4666020119609792,0.9287048591818498,0.5878038668312974,0.33123029138771387,0.22665128469331128,3905.9469470867352,64.6705532837176,151.45434116936346,0.0,0.0,False,9,0,0,0.98,3,False,412,0.30000000000000004,1.0,,0.31715909999911673,2,18,7.6220785999903455
a10-scale,waxman-n100-load0.7-critical_link-centralised-deg4.0,waxman,100,0.7,critical_link,CENTRALISED,spf-static,4,5988235424468739502,0.4686675876740512,0.8976857926937228,0.572460764444561,0.3545131011229059,0.23874932429918205,3923.2379765800342,62.15309319931952,151.36072792283116,0.0,0.0,False,0,0,0,0.98,3,False,412,0.0,0.9608793822087212,,0.1543954000226222,2,1170,7.284823199996026
a10-scale,waxman-n100-load0.7-critical_link-centralised-deg4.0,waxman,100,0.7,critical_link,CENTRALISED,cspf,5,10759259989416889026,0.7882724179376961,1.0,0.8983497601487245,0.7155889171399493,0.6307321451548902,6072.399500286251,51.9376989162129,103.65159906430091,0.0,0.0,True,88,0,0,0.98,3,False,398,0.30000000000000004,1.0,,1.1018168999871705,2,6,16.102645200007828
a10-scale,waxman-n100-load0.7-critical_link-centralised-deg4.0,waxman,100,0.7,critical_link,CENTRALISED,ecmp,5,10759259989416889026,0.5298564071533372,0.9317272075052941,0.6348516392891926,0.3822943927166915,0.35744608306161235,4081.7104706506416,57.91638914774641,151.65819484751682,0.0,0.2,False,5,0,0,0.98,3,False,398,0.30000000000000004,1.0,,1.4671085000154562,2,10,9.365012599999318
a10-scale,waxman-n100-load0.7-critical_link-centralised-deg4.0,waxman,100,0.7,critical_link,CENTRALISED,orbit,5,10759259989416889026,0.7649718685078863,0.9996145206797232,0.9750754002139947,0.796725818925216,0.34177387811672777,5892.905404724538,41.45424057575104,102.87765606101294,0.0,0.0,True,224,0,0,0.98,3,False,398,0.30000000000000004,1.0,,0.8314012999762781,2,4,16.7792295999825
a10-scale,waxman-n100-load0.7-critical_link-centralised-deg4.0,waxman,100,0.7,critical_link,CENTRALISED,spf-reconverge,5,10759259989416889026,0.5298564071533372,0.9317272075052941,0.6348516392891926,0.3822943927166915,0.35744608306161235,4081.7104706506416,57.91638914774641,151.65819484751682,0.0,0.2,False,5,0,0,0.98,3,False,398,0.30000000000000004,1.0,,0.31226500001503155,2,10,7.865515300014522
a10-scale,waxman-n100-load0.7-critical_link-centralised-deg4.0,waxman,100,0.7,critical_link,CENTRALISED,spf-static,5,10759259989416889026,0.5254918892834158,0.9317272075052941,0.6279238922200445,0.3795756723109027,0.35085052114338616,4048.088723232866,58.476884916423685,151.37241746271442,0.0,0.0,True,0,0,0,0.98,3,False,398,0.0,1.0,,0.1495911999954842,2,650,7.343829299992649
a10-scale,waxman-n100-load0.7-critical_link-centralised-deg4.0,waxman,100,0.7,critical_link,CENTRALISED,cspf,6,6289525216996209102,0.7672942965771556,0.8910979983930392,0.8693709861247685,0.7446911121635081,0.6322829859206913,6537.316434207187,39.842270969639074,102.7439967068368,,0.0,True,92,0,0,0.98,3,False,418,0.30000000000000004,0.9165972102564419,,1.139005199976964,2,1690,15.288551499979803
a10-scale,waxman-n100-load0.7-critical_link-centralised-deg4.0,waxman,100,0.7,critical_link,CENTRALISED,ecmp,6,6289525216996209102,0.5653327197946213,0.873543126166176,0.7700992029041692,0.5126681279710754,0.27102253878395255,4816.611952408532,57.69499104234543,151.15693635103122,,0.0,True,0,0,0,0.98,3,False,418,0.0,0.9140376923374435,,1.5155923999845982,2,1690,10.48793570001726
a10-scale,waxman-n100-load0.7-critical_link-centralised-deg4.0,waxman,100,0.7,critical_link,CENTRALISED,orbit,6,6289525216996209102,0.7654928535736459,0.9025089468044063,0.9333335249423164,0.7988339083133091,0.4854381352545398,6521.9682125344,38.20237806018735,103.2318703907875,,0.0,True,222,0,0,0.98,3,False,418,0.30000000000000004,0.9165972102564419,,0.888690099993255,2,1690,15.398047800001223
a10-scale,waxman-n100-load0.7-critical_link-centralised-deg4.0,waxman,100,0.7,critical_link,CENTRALISED,spf-reconverge,6,6289525216996209102,0.5653327197946213,0.873543126166176,0.7700992029041692,0.5126681279710754,0.27102253878395255,4816.611952408532,57.69499104234543,151.15693635103122,,0.0,True,0,0,0,0.98,3,False,418,0.0,0.9140376923374435,,0.321931799990125,2,1690,8.796634900005301
a10-scale,waxman-n100-load0.7-critical_link-centralised-deg4.0,waxman,100,0.7,critical_link,CENTRALISED,spf-static,6,6289525216996209102,0.5653327197946213,0.873543126166176,0.7700992029041692,0.5126681279710754,0.27102253878395255,4816.611952408532,57.69499104234543,151.15693635103122,,0.0,True,0,0,0,0.98,3,False,418,0.0,0.9140376923374435,,0.15967019999516197,2,1690,8.67459950002376
a10-scale,waxman-n100-load0.7-critical_link-centralised-deg4.0,waxman,100,0.7,critical_link,CENTRALISED,cspf,7,14834919719772163076,0.7125341664647614,0.9560744216213048,0.905377959352341,0.6290603470435578,0.48074151656647107,5827.788373127848,56.21274185648174,151.089718855869,0.0,0.0,False,41,0,0,0.98,3,False,412,0.30000000000000004,1.0,,1.1158677999919746,2,2,14.232912999985274
a10-scale,waxman-n100-load0.7-critical_link-centralised-deg4.0,waxman,100,0.7,critical_link,CENTRALISED,ecmp,7,14834919719772163076,0.49203560342585023,0.9314852185669062,0.6559393763909078,0.34146280933115647,0.2658647099909346,4024.3394685718936,60.02445995393014,151.62325442601082,0.0,0.0,True,7,0,0,0.98,3,False,412,0.30000000000000004,1.0976095844494196,,1.574700600001961,2,14,10.004430600005435
a10-scale,waxman-n100-load0.7-critical_link-centralised-deg4.0,waxman,100,0.7,critical_link,CENTRALISED,orbit,7,14834919719772163076,0.6655490753488214,0.9909310754694112,0.9552109820765751,0.6161022769473721,0.2378174125229234,5443.4991971092695,52.1967172510372,151.52215395635488,0.0,0.0,False,227,0,0,0.98,3,False,412,0.30000000000000004,1.0,,0.9199970000481699,2,4,16.150950899987947
a10-scale,waxman-n100-load0.7-critical_link-centralised-deg4.0,waxman,100,0.7,critical_link,CENTRALISED,spf-reconverge,7,14834919719772163076,0.49203560342585023,0.9314852185669062,0.6559393763909078,0.34146280933115647,0.2658647099909346,4024.3394685718936,60.02445995393014,151.62325442601082,0.0,0.0,True,7,0,0,0.98,3,False,412,0.30000000000000004,1.0976095844494196,,0.31994670000858605,2,14,8.301328800007468
a10-scale,waxman-n100-load0.7-critical_link-centralised-deg4.0,waxman,100,0.7,critical_link,CENTRALISED,spf-static,7,14834919719772163076,0.4812773822540969,0.8517141629083973,0.6838430469517333,0.32494956380927026,0.26347703846985265,3936.3484090394763,61.33116214019945,151.66337620568066,0.0,0.0,True,0,0,0,0.98,3,False,412,0.0,0.9889075915510923,,0.1518245000333991,2,910,7.627844900009222
a10-scale,waxman-n100-load0.7-critical_link-centralised-deg4.0,waxman,100,0.7,critical_link,CENTRALISED,cspf,8,11528735322860513508,0.682226451807179,0.9908596292464273,0.8541140379349004,0.5102344449496706,0.5581098719604477,4919.770525048541,70.51221609959957,153.36400142933087,0.0,0.2,True,92,0,0,0.98,3,False,352,0.30000000000000004,1.0,,1.020195799996145,2,8,14.337615099997493
a10-scale,waxman-n100-load0.7-critical_link-centralised-deg4.0,waxman,100,0.7,critical_link,CENTRALISED,ecmp,8,11528735322860513508,0.49907770998058804,0.9574127182131189,0.6073188998846878,0.39038635857517473,0.27658837154571736,3599.021704255448,60.59268419089197,152.53711065434527,0.2,0.2,False,15,0,0,0.98,3,False,352,0.30000000000000004,1.000700055484712,,1.4349280999740586,2,30,9.837184700008947
a10-scale,waxman-n100-load0.7-critical_link-centralised-deg4.0,waxman,100,0.7,critical_link,CENTRALISED,orbit,8,11528735322860513508,0.635448739442962,0.9902978842449955,0.9151458551418493,0.5768847862155432,0.22614962031605587,4582.440288278832,68.23538970867976,156.8653853073878,0.0,0.0,False,227,0,0,0.98,3,False,352,0.30000000000000004,1.0,,0.854606299981242,2,6,15.920329000015045
a10-scale,waxman-n100-load0.7-critical_link-centralised-deg4.0,waxman,100,0.7,critical_link,CENTRALISED,spf-reconverge,8,11528735322860513508,0.49907770998058804,0.9574127182131189,0.6073188998846878,0.39038635857517473,0.27658837154571736,3599.021704255448,60.59268419089197,152.53711065434527,0.2,0.2,False,15,0,0,0.98,3,False,352,0.30000000000000004,1.000700055484712,,0.2794292000180576,2,30,8.397598500014283
a10-scale,waxman-n100-load0.7-critical_link-centralised-deg4.0,waxman,100,0.7,critical_link,CENTRALISED,spf-static,8,11528735322860513508,0.49501966377861706,0.8864401873011806,0.6141719744525749,0.4053006407625435,0.27318895647521574,3569.757731800471,64.59070892936872,200.88435951471266,,0.0,True,0,0,0,0.98,3,False,352,0.0,0.913877400535524,,0.13804780002101324,2,1950,8.174889899994014
a10-scale,waxman-n100-load0.7-critical_link-centralised-deg4.0,waxman,100,0.7,critical_link,CENTRALISED,cspf,9,6244048503315992740,0.7517007685474872,0.9839485486913786,0.871600756631432,0.6948327197874472,0.5838157676275652,6203.451277768693,52.51651534788727,151.1977173081936,0.0,0.0,False,86,0,0,0.98,3,False,410,0.30000000000000004,0.9842834834379133,,1.078285199997481,2,4,15.001311400003033
a10-scale,waxman-n100-load0.7-critical_link-centralised-deg4.0,waxman,100,0.7,critical_link,CENTRALISED,ecmp,9,6244048503315992740,0.5160762573319138,0.9183635531936661,0.711370834603239,0.3510012895262234,0.327280785837378,4258.947245933939,54.81265111730924,150.97163826388578,0.0,0.0,False,13,0,0,0.98,3,False,410,0.30000000000000004,1.0,,1.6285796000156552,2,26,10.036225999996532
a10-scale,waxman-n100-load0.7-critical_link-centralised-deg4.0,waxman,100,0.7,critical_link,CENTRALISED,orbit,9,6244048503315992740,0.7225094855368859,0.997480432783657,0.9708429384348852,0.6912362196673679,0.3681338158616051,5962.548634763903,47.75987650673951,103.86582804660236,0.0,0.0,False,234,0,0,0.98,3,False,410,0.30000000000000004,1.0,,0.9046735000156332,2,6,15.805664199986495
a10-scale,waxman-n100-load0.7-critical_link-centralised-deg4.0,waxman,100,0.7,critical_link,CENTRALISED,spf-reconverge,9,6244048503315992740,0.5160762573319138,0.9183635531936661,0.711370834603239,0.3510012895262234,0.327280785837378,4258.947245933939,54.81265111730924,150.97163826388578,0.0,0.0,False,13,0,0,0.98,3,False,410,0.30000000000000004,1.0,,0.30475390001083724,2,26,8.387339300010353
a10-scale,waxman-n100-load0.7-critical_link-centralised-deg4.0,waxman,100,0.7,critical_link,CENTRALISED,spf-static,9,6244048503315992740,0.49955223865741893,0.8979171828383319,0.6770167191928375,0.3464859120098168,0.31464859188388766,4122.581887470568,52.438551977063426,150.5793881383625,0.0,0.0,False,0,0,0,0.98,3,False,410,0.0,0.9739185447679947,,0.14867940000840463,2,1690,7.833384600002319
a10-scale,waxman-n100-load0.7-critical_link-centralised-deg4.0,waxman,100,0.7,critical_link,CENTRALISED,cspf,10,13575977081445968260,0.7508475767068317,0.9782439686520001,0.8988731650821641,0.7323871446667556,0.4774752631292662,6688.86528801295,59.91553326387626,151.40408027358146,0.0,0.0,True,89,0,0,0.98,3,False,436,0.30000000000000004,1.0250638204329798,,1.1901824999658857,2,8,16.476367099996423
a10-scale,waxman-n100-load0.7-critical_link-centralised-deg4.0,waxman,100,0.7,critical_link,CENTRALISED,ecmp,10,13575977081445968260,0.49853847113765937,0.8832018055071134,0.5649329749252217,0.40297610764489794,0.31052223671498685,4441.189900295505,51.517551926945366,151.4512152458451,0.0,0.0,False,15,0,0,0.98,3,False,436,0.30000000000000004,1.0,,1.613048200000776,2,30,9.40231770000537
a10-scale,waxman-n100-load0.7-critical_link-centralised-deg4.0,waxman,100,0.7,critical_link,CENTRALISED,orbit,10,13575977081445968260,0.7596562729250018,0.9995806169828811,0.9983111134962477,0.7990677454645627,0.3067479752870459,6767.336850277011,47.21377730943966,150.83514997939574,0.0,0.0,False,235,2,0,0.98,3,False,436,0.30000000000000004,1.0,,0.8495505999599118,2,8,17.38748360000318
a10-scale,waxman-n100-load0.7-critical_link-centralised-deg4.0,waxman,100,0.7,critical_link,CENTRALISED,spf-reconverge,10,13575977081445968260,0.49853847113765937,0.8832018055071134,0.5649329749252217,0.40297610764489794,0.31052223671498685,4441.189900295505,51.517551926945366,151.4512152458451,0.0,0.0,False,15,0,0,0.98,3,False,436,0.30000000000000004,1.0,,0.3211340000270866,2,30,7.733027399983257
a10-scale,waxman-n100-load0.7-critical_link-centralised-deg4.0,waxman,100,0.7,critical_link,CENTRALISED,spf-static,10,13575977081445968260,0.4912110133475608,0.8563612924115215,0.5630811082661338,0.37756471387046064,0.33545804144549324,4375.913831513962,49.58107026368946,151.38546998990103,0.0,0.0,False,0,0,0,0.98,3,False,436,0.0,0.9644036079120869,,0.161876200028928,2,1950,7.12880320000113
a10-scale,waxman-n100-load0.7-critical_link-centralised-deg4.0,waxman,100,0.7,critical_link,CENTRALISED,cspf,11,5448790160855486671,0.8070335419084473,0.9728613466181775,0.8540834021504838,0.7772167243272554,0.6950803180826871,5559.1528442099325,43.3550646774211,151.2867421453049,0.0,0.0,False,98,0,0,0.98,3,False,402,0.30000000000000004,0.9686861691748199,,1.0992540000006557,2,780,16.296392799995374
a10-scale,waxman-n100-load0.7-critical_link-centralised-deg4.0,waxman,100,0.7,critical_link,CENTRALISED,ecmp,11,5448790160855486671,0.5338046289864713,0.8839420674332803,0.7566235114412072,0.3953098612277205,0.2859236863400881,3677.04855793864,60.039916277731436,151.75056574728188,0.0,0.0,False,0,0,0,0.98,3,False,402,0.0,0.9656300148716076,,1.4864062999840826,2,780,9.889252399996622
a10-scale,waxman-n100-load0.7-critical_link-centralised-deg4.0,waxman,100,0.7,critical_link,CENTRALISED,orbit,11,5448790160855486671,0.8061753867947927,0.9728613466181775,0.8974901712005233,0.8623835014660208,0.5276912891749085,5553.241546608144,36.26554832309806,102.51515899202019,0.0,0.0,False,212,0,0,0.98,3,False,402,0.30000000000000004,0.9686861691748199,,0.8507526000030339,2,780,17.266204399988055
a10-scale,waxman-n100-load0.7-critical_link-centralised-deg4.0,waxman,100,0.7,critical_link,CENTRALISED,spf-reconverge,11,5448790160855486671,0.5338046289864713,0.8839420674332803,0.7566235114412072,0.3953098612277205,0.2859236863400881,3677.04855793864,60.039916277731436,151.75056574728188,0.0,0.0,False,0,0,0,0.98,3,False,402,0.0,0.9656300148716076,,0.29654019998270087,2,780,8.332803699973738
a10-scale,waxman-n100-load0.7-critical_link-centralised-deg4.0,waxman,100,0.7,critical_link,CENTRALISED,spf-static,11,5448790160855486671,0.5338046289864713,0.8839420674332803,0.7566235114412072,0.3953098612277205,0.2859236863400881,3677.04855793864,60.039916277731436,151.75056574728188,0.0,0.0,False,0,0,0,0.98,3,False,402,0.0,0.9656300148716076,,0.14354319998528808,2,780,8.090034199994989
a10-scale,waxman-n100-load0.7-critical_link-centralised-deg4.0,waxman,100,0.7,critical_link,CENTRALISED,cspf,12,11664027372037543730,0.6816710973172301,0.9884764062546908,0.794775445795936,0.6181154016403951,0.4604935552281254,5534.365819671349,60.93393343644164,153.56470116960972,0.0,0.0,True,102,0,0,0.98,3,False,400,0.30000000000000004,1.0087771429284427,,1.1140706999867689,2,2,14.388770000019576
a10-scale,waxman-n100-load0.7-critical_link-centralised-deg4.0,waxman,100,0.7,critical_link,CENTRALISED,ecmp,12,11664027372037543730,0.480775632277737,0.9469726172822153,0.6045814763424313,0.3466554992739432,0.24741184667535165,3903.331440456445,67.45726132692394,200.65545001349759,0.0,0.2,False,12,0,0,0.98,3,False,400,0.30000000000000004,1.0,,1.5293539999984205,2,24,9.71944089999306
a10-scale,waxman-n100-load0.7-critical_link-centralised-deg4.0,waxman,100,0.7,critical_link,CENTRALISED,orbit,12,11664027372037543730,0.6856000946806629,1.0,0.9426584334186859,0.627693387246738,0.3029301754605273,5566.2646471254375,61.81819401700135,152.8394040066653,0.0,0.0,False,238,0,0,0.98,3,False,400,0.30000000000000004,1.0,,0.9052285999932792,2,2,16.25807710000663
a10-scale,waxman-n100-load0.7-critical_link-centralised-deg4.0,waxman,100,0.7,critical_link,CENTRALISED,spf-reconverge,12,11664027372037543730,0.480775632277737,0.9469726172822153,0.6045814763424313,0.3466554992739432,0.24741184667535165,3903.331440456445,67.45726132692394,200.65545001349759,0.0,0.2,False,12,0,0,0.98,3,False,400,0.30000000000000004,1.0,,0.3118149999936577,2,24,8.2445727000013
a10-scale,waxman-n100-load0.7-critical_link-centralised-deg4.0,waxman,100,0.7,critical_link,CENTRALISED,spf-static,12,11664027372037543730,0.4710973453368647,0.9469726172822153,0.5618413271623025,0.3456796646972073,0.2534572458265525,3824.755158361843,65.54516766547931,200.65545001349759,0.0,0.0,True,0,0,0,0.98,3,False,400,0.0,1.0,,0.1470153999980539,2,1560,7.704375100001926
a10-scale,waxman-n100-load0.7-critical_link-centralised-deg4.0,waxman,100,0.7,critical_link,CENTRALISED,cspf,13,10040570474106348038,0.787128586306125,0.9983694688124503,0.9031768112644178,0.7325068615734935,0.630676540377503,5136.178447284354,38.86456648752474,103.93242405936874,0.0,0.0,False,104,0,0,0.98,3,False,376,0.30000000000000004,0.998858311069435,,1.0947816999978386,2,8,15.68483980000019
a10-scale,waxman-n100-load0.7-critical_link-centralised-deg4.0,waxman,100,0.7,critical_link,CENTRALISED,ecmp,13,10040570474106348038,0.5720671592221171,0.9569429494738656,0.6594264404689502,0.4927013585864426,0.37797984286150743,3732.8577118314743,52.219184816538814,152.35449275665098,0.2,0.2,True,9,0,0,0.98,3,False,376,0.30000000000000004,0.960169228911461,,1.4595639000181109,2,18,10.86744900001213
a10-scale,waxman-n100-load0.7-critical_link-centralised-deg4.0,waxman,100,0.7,critical_link,CENTRALISED,orbit,13,10040570474106348038,0.7641995166214505,0.9993437100331939,0.9142024106448361,0.7629452584193296,0.49141605774915004,4986.561477986653,35.800285710349236,104.01493727526382,0.0,0.0,True,227,0,0,0.98,3,False,376,0.30000000000000004,1.0,,0.8158237999887206,2,4,15.337792599981185
a10-scale,waxman-n100-load0.7-critical_link-centralised-deg4.0,waxman,100,0.7,critical_link,CENTRALISED,spf-reconverge,13,10040570474106348038,0.5720671592221171,0.9569429494738656,0.6594264404689502,0.4927013585864426,0.37797984286150743,3732.8577118314743,52.219184816538814,152.35449275665098,0.2,0.2,True,9,0,0,0.98,3,False,376,0.30000000000000004,0.960169228911461,,0.28812420001486316,2,18,9.271635300014168
a10-scale,waxman-n100-load0.7-critical_link-centralised-deg4.0,waxman,100,0.7,critical_link,CENTRALISED,spf-static,13,10040570474106348038,0.5685596145025326,0.9170461718305687,0.6616916149673657,0.47734398328365985,0.4051533518865633,3709.970249852536,51.302833785396366,201.3216835430159,,0.0,True,0,0,0,0.98,3,False,376,0.0,0.9130288009683735,,0.16754969998146407,2,1170,8.85948919999646
a10-scale,waxman-n100-load0.7-critical_link-centralised-deg4.0,waxman,100,0.7,critical_link,CENTRALISED,cspf,14,12617040949236202293,0.7599762786236933,0.9904162112871586,0.9099442466207059,0.7556349785670408,0.46725749556051593,5744.335094606792,61.180194059187315,152.15268821768566,0.0,0.0,True,83,0,0,0.98,3,False,390,0.30000000000000004,1.0,,1.0870953999983612,2,4,16.13628969999263
a10-scale,waxman-n100-load0.7-critical_link-centralised-deg4.0,waxman,100,0.7,critical_link,CENTRALISED,ecmp,14,12617040949236202293,0.5341909530601558,0.9310029031905519,0.6689332309934808,0.4768650514744801,0.22661801723551836,4037.7205515441146,52.811744011676076,151.00989543353123,0.0,0.0,False,8,0,0,0.98,3,False,390,0.30000000000000004,1.0000000000000002,,1.4736325000121724,2,16,9.625972200010438
a10-scale,waxman-n100-load0.7-critical_link-centralised-deg4.0,waxman,100,0.7,critical_link,CENTRALISED,orbit,14,12617040949236202293,0.7363696328835271,1.0,0.9985138016177361,0.7530588138027144,0.278145805956805,5565.902573217091,45.89402210990703,106.64411956418671,0.0,0.0,True,226,0,0,0.98,3,False,390,0.30000000000000004,1.0,,0.7892905999906361,2,6,17.013455099979183
a10-scale,waxman-n100-load0.7-critical_link-centralised-deg4.0,waxman,100,0.7,critical_link,CENTRALISED,spf-reconverge,14,12617040949236202293,0.5341909530601558,0.9310029031905519,0.6689332309934808,0.4768650514744801,0.22661801723551836,4037.7205515441146,52.811744011676076,151.00989543353123,0.0,0.0,False,8,0,0,0.98,3,False,390,0.30000000000000004,1.0000000000000002,,0.27825050000683405,2,16,7.933890899992548
a10-scale,waxman-n100-load0.7-critical_link-centralised-deg4.0,waxman,100,0.7,critical_link,CENTRALISED,spf-static,14,12617040949236202293,0.5402590798999022,0.9310029031905581,0.6765343774755703,0.49017919986759095,0.22482200932259006,4083.586922567177,50.141438586124856,150.99549548327096,0.0,0.0,False,0,0,0,0.98,3,False,390,0.0,1.0000000000000002,,0.1362205999903381,2,1040,7.713751199975377
a10-scale,waxman-n100-load0.7-critical_link-centralised-deg4.0,waxman,100,0.7,critical_link,CENTRALISED,cspf,15,10678304112762435762,0.801155160854411,0.9955520669211234,0.9537287152994957,0.7776302585768309,0.5715390583318144,5528.651405104913,43.900228408559116,103.69101052069523,0.2,0.2,False,54,0,0,0.98,3,False,388,0.30000000000000004,1.00685292164247,,1.1266228000167757,2,6,17.059857299987925
a10-scale,waxman-n100-load0.7-critical_link-centralised-deg4.0,waxman,100,0.7,critical_link,CENTRALISED,ecmp,15,10678304112762435762,0.5428692315651243,0.9942164815074889,0.7148670817868001,0.46493134735920216,0.21544733773165753,3746.259010152171,56.956487502205334,152.07867363980802,0.0,0.2,False,14,0,0,0.98,3,False,388,0.30000000000000004,1.0,,1.5359179000079166,2,28,10.633193000016036
a10-scale,waxman-n100-load0.7-critical_link-centralised-deg4.0,waxman,100,0.7,critical_link,CENTRALISED,orbit,15,10678304112762435762,0.8057078537328216,0.9996678876101805,0.9777391084846594,0.8484291997217349,0.464377316929579,5560.068854694069,36.97044534713092,102.89533870383909,0.0,0.0,True,214,0,0,0.98,3,False,388,0.30000000000000004,1.0,,0.7678813000093214,2,6,18.171349999989616
a10-scale,waxman-n100-load0.7-critical_link-centralised-deg4.0,waxman,100,0.7,critical_link,CENTRALISED,spf-reconverge,15,10678304112762435762,0.5428692315651243,0.9942164815074889,0.7148670817868001,0.46493134735920216,0.21544733773165753,3746.259010152171,56.956487502205334,152.07867363980802,0.0,0.2,False,14,0,0,0.98,3,False,388,0.30000000000000004,1.0,,0.3383113000309095,2,28,8.958361800003331
a10-scale,waxman-n100-load0.7-critical_link-centralised-deg4.0,waxman,100,0.7,critical_link,CENTRALISED,spf-static,15,10678304112762435762,0.518503230730967,0.9942164815074889,0.6879214713618252,0.4234437187174039,0.20288733554559688,3578.112898973301,54.79051998998864,151.3690108328275,0.0,0.0,True,0,0,0,0.98,3,False,388,0.0,1.0,,0.15006949997041374,2,1820,8.296166799991624
a10-scale,waxman-n100-load0.7-critical_link-centralised-deg4.0,waxman,100,0.7,critical_link,CENTRALISED,cspf,16,11542415477330207563,0.6916532667225219,0.9733198068153626,0.8935833516618176,0.5812564668056405,0.47103151090220563,5688.446607635404,57.53601510618067,152.00507469958376,0.0,0.0,False,69,0,0,0.98,3,False,382,0.30000000000000004,0.9751194690531216,,1.0092435000115074,2,4,14.199081300001126
a10-scale,waxman-n100-load0.7-critical_link-centralised-deg4.0,waxman,100,0.7,critical_link,CENTRALISED,ecmp,16,11542415477330207563,0.4675768570278685,0.9222067036886845,0.6206200030902183,0.3482118131295211,0.20377106013396967,3845.5482163377947,59.0139879203159,152.24444730930315,0.0,0.0,False,6,0,0,0.98,3,False,382,0.30000000000000004,1.0,,1.4577579000033438,2,12,9.695788700017147
a10-scale,waxman-n100-load0.7-critical_link-centralised-deg4.0,waxman,100,0.7,critical_link,CENTRALISED,orbit,16,11542415477330207563,0.6620996218766414,1.0,0.9419487641225757,0.5671529127789597,0.3045612002130625,5445.3850349438735,55.47496890470472,152.24469884767015,0.0,0.0,False,233,0,0,0.98,3,False,382,0.30000000000000004,1.0,,0.9058345000084955,2,10,14.508069700008491
a10-scale,waxman-n100-load0.7-critical_link-centralised-deg4.0,waxman,100,0.7,critical_link,CENTRALISED,spf-reconverge,16,11542415477330207563,0.4675768570278685,0.9222067036886845,0.6206200030902183,0.3482118131295211,0.20377106013396967,3845.5482163377947,59.0139879203159,152.24444730930315,0.0,0.0,False,6,0,0,0.98,3,False,382,0.30000000000000004,1.0,,0.3093789000122342,2,12,8.058339099981822
a10-scale,waxman-n100-load0.7-critical_link-centralised-deg4.0,waxman,100,0.7,critical_link,CENTRALISED,spf-static,16,11542415477330207563,0.4645304772102681,0.9222067036886845,0.6024867163428375,0.3500654116790585,0.20724325622314782,3820.4935107898623,53.779904047457286,151.08701998122714,0.0,0.0,False,0,0,0,0.98,3,False,382,0.0,1.0,,0.147095599968452,2,780,7.680950900015887
a10-scale,waxman-n100-load0.7-critical_link-centralised-deg4.0,waxman,100,0.7,critical_link,CENTRALISED,cspf,17,4620125040511353057,0.7163160921370983,0.9621133628313298,0.8518325085421078,0.6255112431137408,0.5490876083065683,5830.175113271419,62.31439465737588,152.3518392931015,0.0,0.0,True,92,0,0,0.98,3,False,398,0.30000000000000004,0.9909331107998708,,1.0657300000020768,2,8,15.11231019999832
a10-scale,waxman-n100-load0.7-critical_link-centralised-deg4.0,waxman,100,0.7,critical_link,CENTRALISED,ecmp,17,4620125040511353057,0.49341409086451304,0.8368669998207581,0.6087155013513267,0.3731312347163911,0.3282717198761699,4015.951316287261,63.502485423469665,151.60606318919332,0.0,0.0,False,11,0,0,0.98,3,False,398,0.30000000000000004,0.964610107655295,,1.5260189999826252,2,22,8.919388599984813
a10-scale,waxman-n100-load0.7-critical_link-centralised-deg4.0,waxman,100,0.7,critical_link,CENTRALISED,orbit,17,4620125040511353057,0.7186436283331393,0.9889587447100584,0.9693077728825156,0.6967545818503944,0.3174158945975054,5849.119185245164,58.8225518722676,152.20677880521288,0.0,0.0,False,241,2,0,0.98,3,False,398,0.30000000000000004,1.0,,0.8664761999971233,2,14,17.057062299980316
a10-scale,waxman-n100-load0.7-critical_link-centralised-deg4.0,waxman,100,0.7,critical_link,CENTRALISED,spf-reconverge,17,4620125040511353057,0.49341409086451304,0.8368669998207581,0.6087155013513267,0.3731312347163911,0.3282717198761699,4015.951316287261,63.502485423469665,151.60606318919332,0.0,0.0,False,11,0,0,0.98,3,False,398,0.30000000000000004,0.964610107655295,,0.3115196000144351,2,22,7.366584499977762
a10-scale,waxman-n100-load0.7-critical_link-centralised-deg4.0,waxman,100,0.7,critical_link,CENTRALISED,spf-static,17,4620125040511353057,0.48561734510025856,0.8418624866119806,0.5966507150431009,0.35890707716243503,0.3260864835196974,3952.49274873834,58.03394068002394,151.60606318919332,0.0,0.0,False,0,0,0,0.98,3,False,398,0.0,0.964610107655295,,0.14264870001352392,2,1430,6.880166099988855
a10-scale,waxman-n100-load0.7-critical_link-centralised-deg4.0,waxman,100,0.7,critical_link,CENTRALISED,cspf,18,568684195883149938,0.7561214385068242,0.988761679232071,0.8902679795724551,0.7132110444910864,0.5552247357135446,6847.5922752820825,55.60348595947059,152.01337342413706,0.0,0.0,True,60,0,0,0.98,3,False,442,0.30000000000000004,1.001139050470269,,1.1539466000103857,2,6,16.680762600008165
a10-scale,waxman-n100-load0.7-critical_link-centralised-deg4.0,waxman,100,0.7,critical_link,CENTRALISED,ecmp,18,568684195883149938,0.5320206800214579,0.9197148088374613,0.7194949956099944,0.3894993109210901,0.3311454027982363,4818.089414313539,60.82754363997658,151.35611797429289,0.0,0.0,False,7,0,0,0.98,3,False,442,0.30000000000000004,1.0,,1.668860300007509,2,14,10.968408799992176
a10-scale,waxman-n100-load0.7-critical_link-centralised-deg4.0,waxman,100,0.7,critical_link,CENTRALISED,orbit,18,568684195883149938,0.7529517270303844,1.0,0.9934138530584514,0.8130476623239721,0.30022983594385255,6818.886711974945,50.723018714532,151.33952041945577,0.0,0.0,True,237,0,0,0.98,3,False,442,0.30000000000000004,1.0,,0.9329639000061434,2,6,18.072099399985746
a10-scale,waxman-n100-load0.7-critical_link-centralised-deg4.0,waxman,100,0.7,critical_link,CENTRALISED,spf-reconverge,18,568684195883149938,0.5320206800214579,0.9197148088374613,0.7194949956099944,0.3894993109210901,0.3311454027982363,4818.089414313539,60.82754363997658,151.35611797429289,0.0,0.0,False,7,0,0,0.98,3,False,442,0.30000000000000004,1.0,,0.33752849997836165,2,14,9.186547799996333
a10-scale,waxman-n100-load0.7-critical_link-centralised-deg4.0,waxman,100,0.7,critical_link,CENTRALISED,spf-static,18,568684195883149938,0.5291599383069046,0.9197148088374613,0.6928406874307514,0.3879242420273156,0.34625711469421394,4792.181945131292,60.21559480319042,151.2030819860925,0.0,0.0,False,0,0,0,0.98,3,False,442,0.0,1.0,,0.1676504999923054,2,910,8.75814089999767
a10-scale,waxman-n100-load0.7-critical_link-centralised-deg4.0,waxman,100,0.7,critical_link,CENTRALISED,cspf,19,10568260961550547300,0.7482265548265985,1.0,0.8727198974898567,0.6845948251056018,0.5527931352964275,6302.939284267102,62.035434558033934,151.88832951818955,0.0,0.0,True,99,0,0,0.98,3,False,434,0.30000000000000004,1.0,,1.179387800017139,2,6,18.100340700009838
a10-scale,waxman-n100-load0.7-critical_link-centralised-deg4.0,waxman,100,0.7,critical_link,CENTRALISED,ecmp,19,10568260961550547300,0.521850441316211,0.9074825421371362,0.6749261995464367,0.3798284279431077,0.3221538540951738,4395.983577255341,60.54580124604071,151.37844507634964,0.2,0.2,False,8,0,0,0.98,3,False,434,0.30000000000000004,1.0029673502232002,,1.6175865000113845,2,16,10.27582509999047
a10-scale,waxman-n100-load0.7-critical_link-centralised-deg4.0,waxman,100,0.7,critical_link,CENTRALISED,orbit,19,10568260961550547300,0.7714637418595256,0.9884104278356507,0.9739113695811668,0.8226975005833729,0.36023809602518525,6498.685583380531,46.13289195403454,104.38449636091536,0.0,0.0,False,223,3,0,0.98,3,False,434,0.30000000000000004,1.0,,0.872162700019544,2,2,18.62587310001254
a10-scale,waxman-n100-load0.7-critical_link-centralised-deg4.0,waxman,100,0.7,critical_link,CENTRALISED,spf-reconverge,19,10568260961550547300,0.521850441316211,0.9074825421371362,0.6749261995464367,0.3798284279431077,0.3221538540951738,4395.983577255341,60.54580124604071,151.37844507634964,0.2,0.2,False,8,0,0,0.98,3,False,434,0.30000000000000004,1.0029673502232002,,0.34896120001212694,2,16,8.62196310001309
a10-scale,waxman-n100-load0.7-critical_link-centralised-deg4.0,waxman,100,0.7,critical_link,CENTRALISED,spf-static,19,10568260961550547300,0.5091645148028403,0.8487850148452406,0.6431712848388452,0.39265824322842485,0.3221538540951738,4289.119387441896,56.02963317970839,150.7714786113773,,0.0,True,0,0,0,0.98,3,False,434,0.0,0.9270502587699889,,0.17900380003266037,2,1040,8.113889800006291
a10-scale,waxman-n100-load0.7-critical_link-centralised-deg4.0,waxman,100,0.7,critical_link,CENTRALISED,cspf,20,6290153932861372246,0.7440690287839168,1.0,0.91224612197158,0.67015727442864,0.5171159398748688,5404.625382083689,57.8477423951063,151.71837902752824,0.0,0.0,False,82,0,0,0.98,3,False,382,0.30000000000000004,1.0,,1.0905760000168812,2,10,15.829720800014911
a10-scale,waxman-n100-load0.7-critical_link-centralised-deg4.0,waxman,100,0.7,critical_link,CENTRALISED,ecmp,20,6290153932861372246,0.5229313509375477,0.9512571761688444,0.6479514912462089,0.3496332627615542,0.37147418152255945,3798.3680855303373,54.37126744106337,151.21683062620252,0.2,0.2,False,18,0,0,0.98,3,False,382,0.30000000000000004,1.0,,1.5005393000028562,2,36,9.614856199972564
a10-scale,waxman-n100-load0.7-critical_link-centralised-deg4.0,waxman,100,0.7,critical_link,CENTRALISED,orbit,20,6290153932861372246,0.7017807831907624,0.9996832024650691,0.9832008622024917,0.6346596176935008,0.3241652642965314,5097.460163998898,63.48898062357291,154.4278995360719,0.0,0.0,True,232,0,0,0.98,3,False,382,0.30000000000000004,1.0,,0.8536409000225831,2,14,16.484487400011858
a10-scale,waxman-n100-load0.7-critical_link-centralised-deg4.0,waxman,100,0.7,critical_link,CENTRALISED,spf-reconverge,20,6290153932861372246,0.5229313509375477,0.9512571761688444,0.6479514912462089,0.3496332627615542,0.37147418152255945,3798.3680855303373,54.37126744106337,151.21683062620252,0.2,0.2,False,18,0,0,0.98,3,False,382,0.30000000000000004,1.0,,0.28176590002840385,2,36,7.964015800011111
a10-scale,waxman-n100-load0.7-critical_link-centralised-deg4.0,waxman,100,0.7,critical_link,CENTRALISED,spf-static,20,6290153932861372246,0.5167893996243936,0.9002125381618731,0.628471564628939,0.36795837551385374,0.37257933426142725,3753.7553618737065,47.04283490528632,101.53142100208343,,0.0,True,0,0,0,0.98,3,False,382,0.0,0.9371696478064825,,0.1334480999794323,2,2340,7.465847400017083
a10-scale,waxman-n100-load0.7-critical_link-centralised-deg4.0,waxman,100,0.7,critical_link,CENTRALISED,cspf,21,12071510292669197137,0.7180936781265594,0.9819464810499944,0.7912779681656928,0.6810014474124684,0.5420028546412824,6056.676397506924,61.27383473030697,152.08899806914744,0.0,0.0,True,101,0,0,0.98,3,False,426,0.30000000000000004,0.9792526671384453,,1.1857377999986056,2,4,15.565031400008593
a10-scale,waxman-n100-load0.7-critical_link-centralised-deg4.0,waxman,100,0.7,critical_link,CENTRALISED,ecmp,21,12071510292669197137,0.551543394235173,0.9375823838115626,0.6319542863017606,0.5158286496313125,0.29534608727066747,4651.92767993744,58.98776870866354,151.7981127187999,0.2,0.2,False,14,0,0,0.98,3,False,426,0.30000000000000004,1.0797045712176498,,1.609826100000646,2,28,11.149283400009153
a10-scale,waxman-n100-load0.7-critical_link-centralised-deg4.0,waxman,100,0.7,critical_link,CENTRALISED,orbit,21,12071510292669197137,0.6896564964166237,0.9994970780192051,0.872986210116458,0.7073424842961015,0.29954353065531,5816.826343787571,55.15967085433697,152.8349451392188,0.0,0.0,True,237,0,0,0.98,3,False,426,0.30000000000000004,1.0,,0.9387257999915164,2,8,16.462889599992195
a10-scale,waxman-n100-load0.7-critical_link-centralised-deg4.0,waxman,100,0.7,critical_link,CENTRALISED,spf-reconverge,21,12071510292669197137,0.551543394235173,0.9375823838115626,0.6319542863017606,0.5158286496313125,0.29534608727066747,4651.92767993744,58.98776870866354,151.7981127187999,0.2,0.2,False,14,0,0,0.98,3,False,426,0.30000000000000004,1.0797045712176498,,0.3186682000232395,2,28,9.57473469999968
a10-scale,waxman-n100-load0.7-critical_link-centralised-deg4.0,waxman,100,0.7,critical_link,CENTRALISED,spf-static,21,12071510292669197137,0.5362080514794662,0.8084762101827437,0.6282291111933,0.5432095777946611,0.27526432129946526,4522.583540940859,52.1296819933857,151.41376335367195,,0.0,True,0,0,0,0.98,3,False,426,0.0,0.907559516538874,,0.15513860000646673,2,1820,8.527385399997002
a10-scale,waxman-n100-load0.7-critical_link-centralised-deg4.0,waxman,100,0.7,critical_link,CENTRALISED,cspf,22,5208310047000058367,0.6828660202461705,0.9555747173432783,0.8443539361154406,0.5691744925285585,0.5283362494881182,5924.635624106676,59.70118048226756,152.25462998057702,0.0,0.0,False,53,0,0,0.98,3,False,404,0.30000000000000004,1.0066411352530409,,1.123557000013534,2,6,14.776261099992553
a10-scale,waxman-n100-load0.7-critical_link-centralised-deg4.0,waxman,100,0.7,critical_link,CENTRALISED,ecmp,22,5208310047000058367,0.48101077945640397,0.863558174691893,0.6487702469578329,0.3531437618312469,0.2753616014099415,4173.312941416215,67.33159424883166,200.8211421280717,0.0,0.0,True,9,0,0,0.98,3,False,404,0.30000000000000004,1.0,,1.5640239999920595,2,18,9.97353399998974
a10-scale,waxman-n100-load0.7-critical_link-centralised-deg4.0,waxman,100,0.7,critical_link,CENTRALISED,orbit,22,5208310047000058367,0.6728676819657106,0.9656924534540419,0.9506403903597807,0.6522639939569363,0.2738206909601405,5837.888722954781,59.48878933580765,151.79891125178065,0.0,0.0,False,227,0,0,0.98,3,False,404,0.30000000000000004,1.0,,0.9445914999814704,2,8,16.18120170000475
a10-scale,waxman-n100-load0.7-critical_link-centralised-deg4.0,waxman,100,0.7,critical_link,CENTRALISED,spf-reconverge,22,5208310047000058367,0.48101077945640397,0.863558174691893,0.6487702469578329,0.3531437618312469,0.2753616014099415,4173.312941416215,67.33159424883166,200.8211421280717,0.0,0.0,True,9,0,0,0.98,3,False,404,0.30000000000000004,1.0,,0.3198668999830261,2,18,8.260470499983057
a10-scale,waxman-n100-load0.7-critical_link-centralised-deg4.0,waxman,100,0.7,critical_link,CENTRALISED,spf-static,22,5208310047000058367,0.471256198074109,0.863558174691893,0.6197194767272828,0.3353939460652633,0.2883999687453044,4088.680907250921,66.59632731553053,200.79669631624216,0.0,0.0,False,0,0,0,0.98,3,False,404,0.0,1.0,,0.1797831000003498,2,1170,7.966362200008007
a10-scale,waxman-n100-load0.7-critical_link-centralised-deg4.0,waxman,100,0.7,critical_link,CENTRALISED,cspf,23,13750857969829060364,0.8146561626753658,0.8406865087135983,0.8752083706445273,0.7583474108055719,0.8156765273229627,5091.524732569367,27.228833899652948,103.40279135971038,,0.0,True,124,0,0,0.98,3,False,382,0.30000000000000004,0.8919228448106724,,1.1060316000075545,2,2470,16.383757100004004
a10-scale,waxman-n100-load0.7-critical_link-centralised-deg4.0,waxman,100,0.7,critical_link,CENTRALISED,ecmp,23,13750857969829060364,0.5419074692097196,0.8387654597751291,0.686252683029863,0.41853415997396654,0.41146611019873897,3386.870938512564,53.78997280891602,152.17128374521525,,0.0,True,0,0,0,0.98,3,False,382,0.0,0.9059956140324357,,1.405824500019662,2,2470,10.090760299994145
a10-scale,waxman-n100-load0.7-critical_link-centralised-deg4.0,waxman,100,0.7,critical_link,CENTRALISED,orbit,23,13750857969829060364,0.7727068648803143,0.8406865087135983,0.8997836950378002,0.7918150296496586,0.5977349973665408,4829.345549469595,29.702133159480596,101.68749884852824,,0.0,True,218,0,0,0.98,3,False,382,0.30000000000000004,0.8919228448106724,,0.8334420999744907,2,2470,16.092943700001342
a10-scale,waxman-n100-load0.7-critical_link-centralised-deg4.0,waxman,100,0.7,critical_link,CENTRALISED,spf-reconverge,23,13750857969829060364,0.5419074692097196,0.8387654597751291,0.686252683029863,0.41853415997396654,0.41146611019873897,3386.870938512564,53.78997280891602,152.17128374521525,,0.0,True,0,0,0,0.98,3,False,382,0.0,0.9059956140324357,,0.28620140001294203,2,2470,8.638442499999655
a10-scale,waxman-n100-load0.7-critical_link-centralised-deg4.0,waxman,100,0.7,critical_link,CENTRALISED,spf-static,23,13750857969829060364,0.5419074692097196,0.8387654597751291,0.686252683029863,0.41853415997396654,0.41146611019873897,3386.870938512564,53.78997280891602,152.17128374521525,,0.0,True,0,0,0,0.98,3,False,382,0.0,0.9059956140324357,,0.15333309999550693,2,2470,8.572583999979543
a10-scale,waxman-n100-load0.7-critical_link-centralised-deg4.0,waxman,100,0.7,critical_link,CENTRALISED,cspf,24,10897838787690694339,0.7039133026982319,0.9623211355369976,0.7688175523831935,0.7068966328109699,0.48347046897418233,5644.715613992542,65.45908883250425,152.9978095701098,0.0,0.0,True,95,0,0,0.98,3,False,390,0.30000000000000004,1.0,,1.078782800002955,2,12,14.516629599995213
a10-scale,waxman-n100-load0.7-critical_link-centralised-deg4.0,waxman,100,0.7,critical_link,CENTRALISED,ecmp,24,10897838787690694339,0.5370167199133968,0.9905477151482484,0.6153076174232232,0.49649692670681556,0.24726743488059294,4306.363656221076,59.29766692574125,150.8590944727481,0.0,0.0,True,9,0,0,0.98,3,False,390,0.30000000000000004,1.0,,1.4906650999910198,2,18,10.548619600012898
a10-scale,waxman-n100-load0.7-critical_link-centralised-deg4.0,waxman,100,0.7,critical_link,CENTRALISED,orbit,24,10897838787690694339,0.6935960574062005,0.9982649592679477,0.9291138295540825,0.701952374972549,0.2759839225769074,5561.981113351505,56.661173436277984,151.6114910048737,0.0,0.0,False,237,1,0,0.98,3,False,390,0.30000000000000004,1.0,,0.8763851999829058,2,10,15.548387499991804
a10-scale,waxman-n100-load0.7-critical_link-centralised-deg4.0,waxman,100,0.7,critical_link,CENTRALISED,spf-reconverge,24,10897838787690694339,0.5370167199133968,0.9905477151482484,0.6153076174232232,0.49649692670681556,0.24726743488059294,4306.363656221076,59.29766692574125,150.8590944727481,0.0,0.0,True,9,0,0,0.98,3,False,390,0.30000000000000004,1.0,,0.30035880001378246,2,18,9.081607999978587
a10-scale,waxman-n100-load0.7-critical_link-centralised-deg4.0,waxman,100,0.7,critical_link,CENTRALISED,spf-static,24,10897838787690694339,0.5326582440206451,0.9658069873249033,0.6247781243010054,0.4758869363992191,0.2644628770584566,4271.4128223176385,58.705350000747,151.00994664093557,0.0,0.0,False,0,0,0,0.98,3,False,390,0.0,0.9707417124029041,,0.14559649999137037,2,1170,8.611275500006741
a10-scale,waxman-n100-load0.7-critical_link-centralised-deg4.0,waxman,100,0.7,critical_link,CENTRALISED,cspf,25,14268176616871101451,0.65579483705545,0.9636906226071451,0.7744799358948553,0.6286798656593523,0.36292818018598055,5803.07250950923,66.17659114964611,151.8992113282196,0.0,0.0,True,85,0,0,0.98,3,False,406,0.30000000000000004,1.0627357864901077,,1.1069128999952227,2,4,13.622044900024775
a10-scale,waxman-n100-load0.7-critical_link-centralised-deg4.0,waxman,100,0.7,critical_link,CENTRALISED,ecmp,25,14268176616871101451,0.5137359770734372,0.9037936364740828,0.5935960148601835,0.4030033284240522,0.3241255678091431,4546.005789076761,58.46759391324891,151.31705356620049,0.0,0.0,False,12,0,0,0.98,3,False,406,0.30000000000000004,1.0,,1.5632014999864623,2,24,9.56167219998315
a10-scale,waxman-n100-load0.7-critical_link-centralised-deg4.0,waxman,100,0.7,critical_link,CENTRALISED,orbit,25,14268176616871101451,0.6463805054414761,0.9857561365236346,0.873740183078942,0.6145958597288143,0.22322120205869833,5719.765893022652,65.89296427929624,153.38985803189905,0.0,0.0,True,240,3,0,0.98,3,False,406,0.30000000000000004,1.0,,1.0278964000171982,2,6,15.338118199986639
a10-scale,waxman-n100-load0.7-critical_link-centralised-deg4.0,waxman,100,0.7,critical_link,CENTRALISED,spf-reconverge,25,14268176616871101451,0.5137359770734372,0.9037936364740828,0.5935960148601835,0.4030033284240522,0.3241255678091431,4546.005789076761,58.46759391324891,151.31705356620049,0.0,0.0,False,12,0,0,0.98,3,False,406,0.30000000000000004,1.0,,0.31805249996250495,2,24,8.053525199997239
a10-scale,waxman-n100-load0.7-critical_link-centralised-deg4.0,waxman,100,0.7,critical_link,CENTRALISED,spf-static,25,14268176616871101451,0.4910871904616298,0.8726205728886045,0.5918494130479768,0.37484935894012666,0.29247978243318135,4345.5886105108875,60.11492582116699,151.31705356620049,0.0,0.0,False,0,0,0,0.98,3,False,406,0.0,0.9596022194664441,,0.14845059998333454,2,1560,7.588679500011494
a10-scale,waxman-n100-load0.7-critical_link-centralised-deg4.0,waxman,100,0.7,critical_link,CENTRALISED,cspf,26,11502168843766283324,0.6930299126014723,0.9149175086912406,0.8178264986823202,0.6659895871018134,0.4940957468987516,4522.150157029545,52.5633854834517,151.48033705595913,0.0,0.0,False,75,0,0,0.98,3,False,354,0.30000000000000004,1.0000000000000002,,1.0195339000201784,2,6,14.038440300006187
a10-scale,waxman-n100-load0.7-critical_link-centralised-deg4.0,waxman,100,0.7,critical_link,CENTRALISED,ecmp,26,11502168843766283324,0.5126486059557251,0.9046653911084364,0.6194457648216531,0.4322750993649442,0.3110098931366246,3345.1283007704546,60.44692118380502,151.6342905485459,0.2,0.2,False,16,0,0,0.98,3,False,354,0.30000000000000004,1.0000000000000002,,1.3644679000135511,2,32,9.301063499995507
a10-scale,waxman-n100-load0.7-critical_link-centralised-deg4.0,waxman,100,0.7,critical_link,CENTRALISED,orbit,26,11502168843766283324,0.6843539764946914,0.9149175086912406,0.8314560686064459,0.7576688710445517,0.3273725441529528,4465.538046766681,37.51246014500385,103.58649696569911,0.0,0.0,False,227,0,0,0.98,3,False,354,0.30000000000000004,1.0000000000000002,,0.8782326999935322,2,4,14.18706760002533
a10-scale,waxman-n100-load0.7-critical_link-centralised-deg4.0,waxman,100,0.7,critical_link,CENTRALISED,spf-reconverge,26,11502168843766283324,0.5126486059557251,0.9046653911084364,0.6194457648216531,0.4322750993649442,0.3110098931366246,3345.1283007704546,60.44692118380502,151.6342905485459,0.2,0.2,False,16,0,0,0.98,3,False,354,0.30000000000000004,1.0000000000000002,,0.2597768999985419,2,32,7.861480099993059
a10-scale,waxman-n100-load0.7-critical_link-centralised-deg4.0,waxman,100,0.7,critical_link,CENTRALISED,spf-static,26,11502168843766283324,0.49699621945983175,0.854872786919817,0.6000300496534335,0.44334589168567917,0.281674523189088,3242.993543289943,62.3906011840829,152.68148577014213,,0.0,True,0,0,0,0.98,3,False,354,0.0,0.9355556537292431,,0.157918700017035,2,2080,7.407817100000102
a10-scale,waxman-n100-load0.7-critical_link-centralised-deg4.0,waxman,100,0.7,critical_link,CENTRALISED,cspf,27,11492450446168179957,0.675043133788807,0.9587453294282617,0.7966496786263992,0.6022586991189642,0.4728971128547627,5670.854540284071,60.58076023294012,151.9833869195205,0.0,0.0,False,60,0,0,0.98,3,False,388,0.30000000000000004,1.0,,1.0521637999918312,2,6,14.007902000012109
a10-scale,waxman-n100-load0.7-critical_link-centralised-deg4.0,waxman,100,0.7,critical_link,CENTRALISED,ecmp,27,11492450446168179957,0.510246791536459,0.9496704670536861,0.6278005492649538,0.4233128001736237,0.23577352235711793,4286.445101973552,63.13452462731978,151.74005297606115,0.0,0.0,True,7,0,0,0.98,3,False,388,0.30000000000000004,0.9874969971535127,,1.4638598999881651,2,14,10.300774000003003
a10-scale,waxman-n100-load0.7-critical_link-centralised-deg4.0,waxman,100,0.7,critical_link,CENTRALISED,orbit,27,11492450446168179957,0.6469204921807788,0.9993700555735935,0.9017843324240565,0.5873697502884011,0.24793967240692044,5434.603844787681,60.7480634529268,152.3857805505327,0.0,0.0,True,233,4,0,0.98,3,False,388,0.30000000000000004,1.0,,0.9360988000116777,2,4,15.254687500011642
a10-scale,waxman-n100-load0.7-critical_link-centralised-deg4.0,waxman,100,0.7,critical_link,CENTRALISED,spf-reconverge,27,11492450446168179957,0.510246791536459,0.9496704670536861,0.6278005492649538,0.4233128001736237,0.23577352235711793,4286.445101973552,63.13452462731978,151.74005297606115,0.0,0.0,True,7,0,0,0.98,3,False,388,0.30000000000000004,0.9874969971535127,,0.29396880001877435,2,14,8.775065199995879
a10-scale,waxman-n100-load0.7-critical_link-centralised-deg4.0,waxman,100,0.7,critical_link,CENTRALISED,spf-static,27,11492450446168179957,0.5047905051910123,0.9196023381777966,0.6238426572623743,0.4309501236835697,0.22644715468014714,4240.608318149828,59.8672594951649,151.55902885337758,0.0,0.0,True,0,0,0,0.98,3,False,388,0.0,0.9508137060548426,,0.15389729998423718,2,910,8.443070299981628
a10-scale,waxman-n100-load0.7-critical_link-centralised-deg4.0,waxman,100,0.7,critical_link,CENTRALISED,cspf,28,17423559240436038603,0.7697983154946847,0.9886593041912073,0.9345134156063644,0.6757456102102181,0.6029499551070475,5517.2328903199805,58.10753741344143,151.98723177442793,0.0,0.0,False,89,0,0,0.98,3,False,374,0.30000000000000004,1.0,,1.041845400002785,2,8,15.499586999998428
a10-scale,waxman-n100-load0.7-critical_link-centralised-deg4.0,waxman,100,0.7,critical_link,CENTRALISED,ecmp,28,17423559240436038603,0.56180848667176,0.8909434255661598,0.714486611255987,0.520171560394192,0.2631282593433757,4026.5459125283455,55.81884575598279,150.7391090023583,0.0,0.0,True,8,0,0,0.98,3,False,374,0.30000000000000004,1.0,,1.3955272000166588,2,16,10.911261100001866
a10-scale,waxman-n100-load0.7-critical_link-centralised-deg4.0,waxman,100,0.7,critical_link,CENTRALISED,orbit,28,17423559240436038603,0.712578234565326,0.9996438051387382,0.999748929313266,0.6728244727567101,0.3033676345086344,5107.1300021532825,60.910090913317894,152.41265288729272,0.0,0.0,False,238,3,0,0.98,3,False,374,0.30000000000000004,1.0,,0.8148616999969818,2,8,17.05606520001311
a10-scale,waxman-n100-load0.7-critical_link-centralised-deg4.0,waxman,100,0.7,critical_link,CENTRALISED,spf-reconverge,28,17423559240436038603,0.56180848667176,0.8909434255661598,0.714486611255987,0.520171560394192,0.2631282593433757,4026.5459125283455,55.81884575598279,150.7391090023583,0.0,0.0,True,8,0,0,0.98,3,False,374,0.30000000000000004,1.0,,0.2822597000049427,2,16,9.314691099978518
a10-scale,waxman-n100-load0.7-critical_link-centralised-deg4.0,waxman,100,0.7,critical_link,CENTRALISED,spf-static,28,17423559240436038603,0.5590015790975131,0.8681469544454044,0.7056566708453688,0.5142592723833366,0.28326725374445505,4006.428483746014,53.959162831209035,150.7380115010807,0.0,0.0,False,0,0,0,0.98,3,False,374,0.0,0.9700273466044709,,0.1509778999898117,2,1040,8.870507200015709
a10-scale,waxman-n100-load0.7-critical_link-centralised-deg4.0,waxman,100,0.7,critical_link,CENTRALISED,cspf,29,10770192411878837306,0.684326594150115,0.9942735702513922,0.8506952797794719,0.5810402387419903,0.4685322828684252,5935.257669331747,60.85769833728237,151.2868058964111,0.0,0.0,True,65,0,0,0.98,3,False,406,0.30000000000000004,1.0275727806659507,,1.1113577000214718,2,4,14.785092399979476
a10-scale,waxman-n100-load0.7-critical_link-centralised-deg4.0,waxman,100,0.7,critical_link,CENTRALISED,ecmp,29,10770192411878837306,0.47083739201881974,0.9240385583400511,0.6500121352903749,0.2670143058599146,0.2994458308061572,4083.63676916353,59.9381037008567,154.70839181423167,0.0,0.0,False,11,0,0,0.98,3,False,406,0.30000000000000004,1.0,,1.4719756999984384,2,22,9.698872499982826
a10-scale,waxman-n100-load0.7-critical_link-centralised-deg4.0,waxman,100,0.7,critical_link,CENTRALISED,orbit,29,10770192411878837306,0.67229659097121,1.0,0.9839069546547796,0.571582012572956,0.289994609458721,5830.919814804323,52.26239713084606,152.63578646403826,0.0,0.0,True,233,0,0,0.98,3,False,406,0.30000000000000004,1.0,,0.8918965000193566,2,4,15.851178799988702
a10-scale,waxman-n100-load0.7-critical_link-centralised-deg4.0,waxman,100,0.7,critical_link,CENTRALISED,spf-reconverge,29,10770192411878837306,0.47083739201881974,0.9240385583400511,0.6500121352903749,0.2670143058599146,0.2994458308061572,4083.63676916353,59.9381037008567,154.70839181423167,0.0,0.0,False,11,0,0,0.98,3,False,406,0.30000000000000004,1.0,,0.3007179999840446,2,22,8.172692099993583
a10-scale,waxman-n100-load0.7-critical_link-centralised-deg4.0,waxman,100,0.7,critical_link,CENTRALISED,spf-static,29,10770192411878837306,0.46525446429382866,0.9240385583400511,0.6283658697701634,0.2637118136188641,0.30382621815640254,4035.215277319813,59.1301536924407,154.70839181423167,0.0,0.0,False,0,0,0,0.98,3,False,406,0.0,1.0,,0.1481822999776341,2,1430,7.738809999980731
a10-scale,waxman-n100-load0.7-random_node_30-centralised-deg4.0,waxman,100,0.7,random_node_30,CENTRALISED,cspf,0,15214514753539374109,0.3010828794357393,0.4909255741153683,0.3976311826216588,0.2509151123354019,0.15651483878064654,2299.618940830781,59.08874454030787,152.69052250269692,,,True,71,0,0,0.98,3,False,410,0.30000000000000004,0.4180677563549534,,0.8184483999793883,2,14690,6.0886978000053205
a10-scale,waxman-n100-load0.7-random_node_30-centralised-deg4.0,waxman,100,0.7,random_node_30,CENTRALISED,ecmp,0,15214514753539374109,0.2629106246630575,0.48819658445087494,0.3520281766590752,0.21586987606755392,0.09860096866002589,2008.0658633061166,54.490682257806235,151.52089423942328,,,True,67,0,0,0.98,3,False,410,0.30000000000000004,0.42697886482917075,,1.0724203000136185,2,14694,5.373265600006562
a10-scale,waxman-n100-load0.7-random_node_30-centralised-deg4.0,waxman,100,0.7,random_node_30,CENTRALISED,orbit,0,15214514753539374109,0.3043782168366161,0.491252364453442,0.4628884313455654,0.23117494695735763,0.1336449584364279,2324.7881577510066,48.159874409789616,152.0029781531495,,,True,273,4,0,0.98,3,False,410,0.30000000000000004,0.4180677563549534,,0.9135961999709252,2,14696,6.276226400019368
a10-scale,waxman-n100-load0.7-random_node_30-centralised-deg4.0,waxman,100,0.7,random_node_30,CENTRALISED,spf-reconverge,0,15214514753539374109,0.2629106246630575,0.48819658445087494,0.3520281766590752,0.21586987606755392,0.09860096866002589,2008.0658633061166,54.490682257806235,151.52089423942328,,,True,67,0,0,0.98,3,False,410,0.30000000000000004,0.42697886482917075,,0.23933380001108162,2,14694,4.300360699999146
a10-scale,waxman-n100-load0.7-random_node_30-centralised-deg4.0,waxman,100,0.7,random_node_30,CENTRALISED,spf-static,0,15214514753539374109,0.1715075267822448,0.18871162725232893,0.26667385600634497,0.17005055905565514,0.06954486629937877,1309.9448159345457,27.125602517217953,101.36118724291069,,,True,0,0,0,0.98,3,False,410,0.0,0.06853924575838068,,0.1560701000271365,2,23270,2.9269173000066075
a10-scale,waxman-n100-load0.7-random_node_30-centralised-deg4.0,waxman,100,0.7,random_node_30,CENTRALISED,cspf,1,10009556409279744735,0.31937767364689623,0.3980837098491427,0.33438857197039196,0.33368357461837106,0.23671593923038478,2643.67548122326,55.58767875092178,152.38271203505724,,,True,58,0,0,0.98,3,False,406,0.30000000000000004,0.33350506961593773,,0.7819094999867957,2,18034,5.9378254000039306
a10-scale,waxman-n100-load0.7-random_node_30-centralised-deg4.0,waxman,100,0.7,random_node_30,CENTRALISED,ecmp,1,10009556409279744735,0.25062173217955735,0.3900121089919267,0.3066001183416999,0.258429056334857,0.09969921753881983,2074.5424088639547,51.268786771108466,151.23858769630553,,,True,43,0,0,0.98,3,False,406,0.30000000000000004,0.3562152696194993,,1.0016757999837864,2,18026,4.635559000016656
a10-scale,waxman-n100-load0.7-random_node_30-centralised-deg4.0,waxman,100,0.7,random_node_30,CENTRALISED,orbit,1,10009556409279744735,0.33134428296123963,0.4006267492857937,0.36358174271745547,0.386377210544042,0.18188464577716304,2742.7300935149256,38.16351913792849,103.2783295333187,,,True,246,2,0,0.98,3,False,406,0.30000000000000004,0.33362568647477203,,0.9483910000126343,2,18024,6.063882899994496
a10-scale,waxman-n100-load0.7-random_node_30-centralised-deg4.0,waxman,100,0.7,random_node_30,CENTRALISED,spf-reconverge,1,10009556409279744735,0.25062173217955735,0.3900121089919267,0.3066001183416999,0.258429056334857,0.09969921753881983,2074.5424088639547,51.268786771108466,151.23858769630553,,,True,43,0,0,0.98,3,False,406,0.30000000000000004,0.3562152696194993,,0.22172009997302666,2,18026,3.686173299996881
a10-scale,waxman-n100-load0.7-random_node_30-centralised-deg4.0,waxman,100,0.7,random_node_30,CENTRALISED,spf-static,1,10009556409279744735,0.15583646061310935,0.15338511262984103,0.22812498235467685,0.1697776357793234,0.06796942690279974,1289.9493734148034,35.172725410284635,101.75118860875911,,,True,0,0,0,0.98,3,False,406,0.0,0.04486850151098654,,0.15338219999102876,2,23530,2.891575699992245
a10-scale,waxman-n100-load0.7-random_node_30-centralised-deg4.0,waxman,100,0.7,random_node_30,CENTRALISED,cspf,2,987481854730557954,0.3934947259595331,0.48241740160136787,0.4555476882587583,0.36005452222910217,0.31495100513550467,3381.040836071106,57.63569720450252,152.15042590253853,,,True,73,0,0,0.98,3,False,402,0.30000000000000004,0.4299208128002038,,0.7874881000025198,2,14666,6.8856395999901
a10-scale,waxman-n100-load0.7-random_node_30-centralised-deg4.0,waxman,100,0.7,random_node_30,CENTRALISED,ecmp,2,987481854730557954,0.27089818864396076,0.4003353558106366,0.3298323068952448,0.2195711921155982,0.19180331837553927,2327.6495917180805,53.36546963397676,150.96253871284992,,,True,35,0,0,0.98,3,False,402,0.30000000000000004,0.40261059000350585,,1.062620299984701,2,14630,4.821348500001477
a10-scale,waxman-n100-load0.7-random_node_30-centralised-deg4.0,waxman,100,0.7,random_node_30,CENTRALISED,orbit,2,987481854730557954,0.4017903312851403,0.4827964730703571,0.5224746245415146,0.36252918056785244,0.2778233916307667,3452.3195051750245,49.95403584320645,112.81792770912695,,0.2,True,260,1,0,0.98,3,False,402,0.30000000000000004,0.4073493486336192,,0.898412799986545,2,14664,7.195500699977856
a10-scale,waxman-n100-load0.7-random_node_30-centralised-deg4.0,waxman,100,0.7,random_node_30,CENTRALISED,spf-reconverge,2,987481854730557954,0.27089818864396076,0.4003353558106366,0.3298323068952448,0.2195711921155982,0.19180331837553927,2327.6495917180805,53.36546963397676,150.96253871284992,,,True,35,0,0,0.98,3,False,402,0.30000000000000004,0.40261059000350585,,0.2068827000039164,2,14630,3.8036184000084177
a10-scale,waxman-n100-load0.7-random_node_30-centralised-deg4.0,waxman,100,0.7,random_node_30,CENTRALISED,spf-static,2,987481854730557954,0.2317621466909484,0.2201646225583867,0.2983464220278357,0.18579536505826671,0.23624975512995267,1991.379376958113,34.28640613514168,102.17067827524103,,,True,0,0,0,0.98,3,False,402,0.0,0.15004056298294988,,0.14848709997022524,2,19110,3.303371399990283
a10-scale,waxman-n100-load0.7-random_node_30-centralised-deg4.0,waxman,100,0.7,random_node_30,CENTRALISED,cspf,3,5758447752603051666,0.3321887613497245,0.3254744264570929,0.47893335279443305,0.26725233946817273,0.2808617728624447,2663.6967305696617,52.731116981289794,201.89423003991612,,,True,66,0,0,0.98,3,False,400,0.30000000000000004,0.23037166510692672,,0.8219755000027362,2,16076,6.312258899997687
a10-scale,waxman-n100-load0.7-random_node_30-centralised-deg4.0,waxman,100,0.7,random_node_30,CENTRALISED,ecmp,3,5758447752603051666,0.24033786796346548,0.3038784800477377,0.347583548919295,0.1706500374041647,0.18963403302425993,1927.1789645297008,55.90367239840156,151.3275670720206,,,True,35,0,0,0.98,3,False,400,0.30000000000000004,0.2691568988418805,,1.0280664999736473,2,16060,4.8477486000047065
a10-scale,waxman-n100-load0.7-random_node_30-centralised-deg4.0,waxman,100,0.7,random_node_30,CENTRALISED,orbit,3,5758447752603051666,0.3303418253551122,0.32762880475197087,0.5073295729232435,0.2985233267664621,0.20123062474399508,2648.8868455198754,49.33332690798021,104.28700588711258,,,True,260,3,0,0.98,3,False,400,0.30000000000000004,0.22663481647201295,,1.0018440999847371,2,16092,6.848548199981451
a10-scale,waxman-n100-load0.7-random_node_30-centralised-deg4.0,waxman,100,0.7,random_node_30,CENTRALISED,spf-reconverge,3,5758447752603051666,0.24033786796346548,0.3038784800477377,0.347583548919295,0.1706500374041647,0.18963403302425993,1927.1789645297008,55.90367239840156,151.3275670720206,,,True,35,0,0,0.98,3,False,400,0.30000000000000004,0.2691568988418805,,0.22506379999686033,2,16060,3.800174200005131
a10-scale,waxman-n100-load0.7-random_node_30-centralised-deg4.0,waxman,100,0.7,random_node_30,CENTRALISED,spf-static,3,5758447752603051666,0.19630044367158797,0.20851051426756176,0.283558745220965,0.14595946761603337,0.17152414860582266,1574.059423000454,40.8684858693305,101.46276828071404,,,True,0,0,0,0.98,3,False,400,0.0,0.1349870226795581,,0.1688142000057269,2,20540,3.118959300016286
a10-scale,waxman-n100-load0.7-random_node_30-centralised-deg4.0,waxman,100,0.7,random_node_30,CENTRALISED,cspf,4,5481158324653848760,0.4158668758261238,0.5675712989280398,0.5012822637137577,0.35419251551513964,0.31994251332006163,2913.300981110286,51.84394114125912,152.015465057717,,,True,69,0,0,0.98,3,False,394,0.30000000000000004,0.5068386673986324,,0.7981333000061568,2,13748,7.229900700011058
a10-scale,waxman-n100-load0.7-random_node_30-centralised-deg4.0,waxman,100,0.7,random_node_30,CENTRALISED,ecmp,4,5481158324653848760,0.3081201868796086,0.5616233309923551,0.4426264267930738,0.20030013540367342,0.16334247962058868,2158.4956506888507,53.110642909860424,151.0521390570505,,,True,44,0,0,0.98,3,False,394,0.30000000000000004,0.5269866263822859,,1.0199621000210755,2,13738,5.676451000006637
a10-scale,waxman-n100-load0.7-random_node_30-centralised-deg4.0,waxman,100,0.7,random_node_30,CENTRALISED,orbit,4,5481158324653848760,0.4349618286446518,0.5691056623710056,0.5476623299824608,0.4024533011610866,0.27927714828104916,3047.068174445807,41.74479977670314,103.75356061786955,,,True,258,1,0,0.98,3,False,394,0.30000000000000004,0.5068386673986324,,0.7997539000061806,2,13756,8.252114799979609
a10-scale,waxman-n100-load0.7-random_node_30-centralised-deg4.0,waxman,100,0.7,random_node_30,CENTRALISED,spf-reconverge,4,5481158324653848760,0.3081201868796086,0.5616233309923551,0.4426264267930738,0.20030013540367342,0.16334247962058868,2158.4956506888507,53.110642909860424,151.0521390570505,,,True,44,0,0,0.98,3,False,394,0.30000000000000004,0.5269866263822859,,0.20696380001027137,2,13738,4.632963900017785
a10-scale,waxman-n100-load0.7-random_node_30-centralised-deg4.0,waxman,100,0.7,random_node_30,CENTRALISED,spf-static,4,5481158324653848760,0.260785469204846,0.3707426450072898,0.32686746627593555,0.2027646403366422,0.20630264242910057,1826.8984799150926,38.95054696193378,150.84868181063368,,,True,0,0,0,0.98,3,False,394,0.0,0.29321572030076065,,0.1434513000131119,2,19370,3.544014100014465
a10-scale,waxman-n100-load0.7-random_node_30-centralised-deg4.0,waxman,100,0.7,random_node_30,CENTRALISED,cspf,5,13826890414663225673,0.3729860315622092,0.5879229001038946,0.4508360073268778,0.3364342501599789,0.21352888794698413,2923.7933772117744,55.202006349619104,151.9949912087634,,,True,82,0,0,0.98,3,False,432,0.30000000000000004,0.5308297742057347,,0.8783574000408407,2,13146,7.042229499988025
a10-scale,waxman-n100-load0.7-random_node_30-centralised-deg4.0,waxman,100,0.7,random_node_30,CENTRALISED,ecmp,5,13826890414663225673,0.274885199767619,0.5749745943583734,0.3853728915566074,0.20921848168281046,0.07160164187881796,2154.792562091034,63.531959870058174,201.78233451967583,,,True,72,0,0,0.98,3,False,432,0.30000000000000004,0.5662908840577858,,1.2552549999963958,2,13144,5.724099899991415
a10-scale,waxman-n100-load0.7-random_node_30-centralised-deg4.0,waxman,100,0.7,random_node_30,CENTRALISED,orbit,5,13826890414663225673,0.3781191450866056,0.5872020004960876,0.5040077579473111,0.3507539891408476,0.1621147771941669,2964.031246882782,60.880035660024355,154.18353297388916,,,True,285,1,0,0.98,3,False,432,0.30000000000000004,0.5308297742057347,,0.99497350002639,2,13162,7.9171170000045095
a10-scale,waxman-n100-load0.7-random_node_30-centralised-deg4.0,waxman,100,0.7,random_node_30,CENTRALISED,spf-reconverge,5,13826890414663225673,0.274885199767619,0.5749745943583734,0.3853728915566074,0.20921848168281046,0.07160164187881796,2154.792562091034,63.531959870058174,201.78233451967583,,,True,72,0,0,0.98,3,False,432,0.30000000000000004,0.5662908840577858,,0.2428119000105653,2,13144,4.6227059999946505
a10-scale,waxman-n100-load0.7-random_node_30-centralised-deg4.0,waxman,100,0.7,random_node_30,CENTRALISED,spf-static,5,13826890414663225673,0.18914687968999047,0.24905613471703944,0.22334751816798765,0.23364622070018645,0.053606355720644094,1482.70001383585,33.978374497922665,101.59944220430252,,,True,0,0,0,0.98,3,False,432,0.0,0.15535006899266895,,0.16774199999053963,2,22360,3.0080291999911424
a10-scale,waxman-n100-load0.7-random_node_30-centralised-deg4.0,waxman,100,0.7,random_node_30,CENTRALISED,cspf,6,6702466716341311994,0.2701964560805212,0.442973660028442,0.39466246103784,0.2113622176168129,0.12304826238411364,2657.2543001853733,67.71173763268519,152.83758757621464,,,True,70,0,0,0.98,3,False,424,0.30000000000000004,0.4018993710399079,,0.8368357999715954,2,15332,5.792193500004942
a10-scale,waxman-n100-load0.7-random_node_30-centralised-deg4.0,waxman,100,0.7,random_node_30,CENTRALISED,ecmp,6,6702466716341311994,0.19015789939806207,0.44973316672091007,0.24529828024816697,0.13956708861239978,0.04408761329884301,1870.1129660232643,74.66322923624719,201.37035574074736,,,True,59,0,0,0.98,3,False,424,0.30000000000000004,0.4425559869739176,,1.1309045999660157,2,15328,4.633546099998057
a10-scale,waxman-n100-load0.7-random_node_30-centralised-deg4.0,waxman,100,0.7,random_node_30,CENTRALISED,orbit,6,6702466716341311994,0.2723605122247696,0.5002060680393744,0.4254662552569608,0.1974997178206528,0.08520626919288489,2678.536768425568,68.48037730391876,201.77191065165894,,,True,270,1,0,0.98,3,False,424,0.30000000000000004,0.4343671792975808,,0.924727100005839,2,15342,6.240496300015366
a10-scale,waxman-n100-load0.7-random_node_30-centralised-deg4.0,waxman,100,0.7,random_node_30,CENTRALISED,spf-reconverge,6,6702466716341311994,0.19015789939806207,0.44973316672091007,0.24529828024816697,0.13956708861239978,0.04408761329884301,1870.1129660232643,74.66322923624719,201.37035574074736,,,True,59,0,0,0.98,3,False,424,0.30000000000000004,0.4425559869739176,,0.23909969997475855,2,15328,3.5651333999994677
a10-scale,waxman-n100-load0.7-random_node_30-centralised-deg4.0,waxman,100,0.7,random_node_30,CENTRALISED,spf-static,6,6702466716341311994,0.14893039420521734,0.2471271150305093,0.18806299102544144,0.145737469128024,0.05325250515613973,1464.659959537665,48.129749205402796,150.84207579605973,,,True,0,0,0,0.98,3,False,424,0.0,0.17158441117455034,,0.16277830002945848,2,22880,2.823176700010663
a10-scale,waxman-n100-load0.7-random_node_30-centralised-deg4.0,waxman,100,0.7,random_node_30,CENTRALISED,cspf,7,1102493911258396752,0.3388907267392454,0.39453396315163924,0.4336584532474804,0.306709515207064,0.26637930486448524,3144.161665057826,58.37156712328522,201.63700633889414,,,True,60,0,0,0.98,3,False,436,0.30000000000000004,0.3303458801318236,,0.8706887000298593,2,16086,6.419979600002989
a10-scale,waxman-n100-load0.7-random_node_30-centralised-deg4.0,waxman,100,0.7,random_node_30,CENTRALISED,ecmp,7,1102493911258396752,0.27512761315561723,0.3602096935285135,0.3353207532533364,0.28820145290183874,0.15898546568184516,2552.5800089193585,50.00530775408539,151.989145643854,,,True,43,0,0,0.98,3,False,436,0.30000000000000004,0.3416544946961635,,1.170819000020856,2,16076,5.105407499999274
a10-scale,waxman-n100-load0.7-random_node_30-centralised-deg4.0,waxman,100,0.7,random_node_30,CENTRALISED,orbit,7,1102493911258396752,0.3388988889647824,0.4012405035639766,0.4601787513172803,0.33524979395924914,0.20271486172427577,3144.237392584754,46.25126221548516,155.01430748834213,,,True,255,3,0,0.98,3,False,436,0.30000000000000004,0.3159420173979141,,0.9222758999676444,2,16088,6.787869400024647
a10-scale,waxman-n100-load0.7-random_node_30-centralised-deg4.0,waxman,100,0.7,random_node_30,CENTRALISED,spf-reconverge,7,1102493911258396752,0.27512761315561723,0.3602096935285135,0.3353207532533364,0.28820145290183874,0.15898546568184516,2552.5800089193585,50.00530775408539,151.989145643854,,,True,43,0,0,0.98,3,False,436,0.30000000000000004,0.3416544946961635,,0.23857750001479872,2,16076,4.055061299994122
a10-scale,waxman-n100-load0.7-random_node_30-centralised-deg4.0,waxman,100,0.7,random_node_30,CENTRALISED,spf-static,7,1102493911258396752,0.2114569519929991,0.22597239476946165,0.2028894617588935,0.2670966744775266,0.13966171821581147,1961.8561082018743,29.719679407496503,101.30720355861166,,,True,0,0,0,0.98,3,False,436,0.0,0.15519954881935455,,0.1771998999756761,2,21580,3.1920159999863245
a10-scale,waxman-n100-load0.7-random_node_30-centralised-deg4.0,waxman,100,0.7,random_node_30,CENTRALISED,cspf,8,3582735636424296744,0.27965074753238595,0.40724760814745414,0.323729630458202,0.31430395400157446,0.11346144411388075,1994.5759277639347,57.18352619652706,151.0254769396049,,,True,59,0,0,0.98,3,False,374,0.30000000000000004,0.3187877241505474,,0.7559637000085786,2,16874,5.483906299981754
a10-scale,waxman-n100-load0.7-random_node_30-centralised-deg4.0,waxman,100,0.7,random_node_30,CENTRALISED,ecmp,8,3582735636424296744,0.21103984901069514,0.40158905070247364,0.22390187890892074,0.22299062945148945,0.07012926887360628,1505.2167975589628,68.45093794625552,201.96385566383995,,,True,54,0,0,0.98,3,False,374,0.30000000000000004,0.345076784016593,,0.9454352000029758,2,16878,4.579671699990286
a10-scale,waxman-n100-load0.7-random_node_30-centralised-deg4.0,waxman,100,0.7,random_node_30,CENTRALISED,orbit,8,3582735636424296744,0.27849889949234274,0.42781702417640644,0.33475696858266796,0.3230070781098639,0.0739339886425946,1986.3605076608787,47.06559301740973,105.29500415883119,,,True,258,2,0,0.98,3,False,374,0.30000000000000004,0.34303447558501116,,0.7753190999792423,2,16874,5.616901199973654
a10-scale,waxman-n100-load0.7-random_node_30-centralised-deg4.0,waxman,100,0.7,random_node_30,CENTRALISED,spf-reconverge,8,3582735636424296744,0.21103984901069514,0.40158905070247364,0.22390187890892074,0.22299062945148945,0.07012926887360628,1505.2167975589628,68.45093794625552,201.96385566383995,,,True,54,0,0,0.98,3,False,374,0.30000000000000004,0.345076784016593,,0.19295950001105666,2,16878,3.671476099989377
a10-scale,waxman-n100-load0.7-random_node_30-centralised-deg4.0,waxman,100,0.7,random_node_30,CENTRALISED,spf-static,8,3582735636424296744,0.15636254776037425,0.24355085010730637,0.15438418817580402,0.18715581734238554,0.0643984140630703,1115.2374042217177,38.001711768996564,101.67194582251152,,,True,0,0,0,0.98,3,False,374,0.0,0.14688538986198318,,0.15027479999116622,2,23790,2.914692799997283
a10-scale,waxman-n100-load0.7-random_node_30-centralised-deg4.0,waxman,100,0.7,random_node_30,CENTRALISED,cspf,9,14874459613976956302,0.4029039648129701,0.461481943329694,0.4640910164387409,0.3941265525241302,0.32388290240862405,3249.088972711962,43.367409715005685,103.59788673590708,,,True,64,0,0,0.98,3,False,418,0.30000000000000004,0.39091097916636314,,0.8474640999920666,2,14668,6.853025599993998
a10-scale,waxman-n100-load0.7-random_node_30-centralised-deg4.0,waxman,100,0.7,random_node_30,CENTRALISED,ecmp,9,14874459613976956302,0.3278524535863454,0.4554933312399682,0.4047569074384999,0.29995179513847364,0.2207996255875419,2643.8602859578114,59.31184176680088,200.62291422006444,,,True,52,0,0,0.98,3,False,418,0.30000000000000004,0.4068709795388805,,1.1314346000144724,2,14664,5.891306000004988
a10-scale,waxman-n100-load0.7-random_node_30-centralised-deg4.0,waxman,100,0.7,random_node_30,CENTRALISED,orbit,9,14874459613976956302,0.3928531655437021,0.46322484839791167,0.46078015178962567,0.40004441801853424,0.2788279730828077,3168.037546256332,37.29295656649273,103.36934201316556,,,True,259,2,0,0.98,3,False,418,0.30000000000000004,0.38414924248376536,,0.897566800005734,2,14670,7.395414600003278
a10-scale,waxman-n100-load0.7-random_node_30-centralised-deg4.0,waxman,100,0.7,random_node_30,CENTRALISED,spf-reconverge,9,14874459613976956302,0.3278524535863454,0.4554933312399682,0.4047569074384999,0.29995179513847364,0.2207996255875419,2643.8602859578114,59.31184176680088,200.62291422006444,,,True,52,0,0,0.98,3,False,418,0.30000000000000004,0.4068709795388805,,0.23327480000443757,2,14664,4.832172200025525
a10-scale,waxman-n100-load0.7-random_node_30-centralised-deg4.0,waxman,100,0.7,random_node_30,CENTRALISED,spf-static,9,14874459613976956302,0.23442500537701114,0.2427997846907139,0.28576931390162175,0.24071089393578926,0.17269644102135495,1890.4447868909879,25.09040303538978,101.318008665945,,,True,0,0,0,0.98,3,False,418,0.0,0.1428780255084811,,0.15879600003245287,2,21320,3.299272500007646
a10-scale,waxman-n100-load0.7-random_node_30-centralised-deg4.0,waxman,100,0.7,random_node_30,CENTRALISED,cspf,10,16746562323234859045,0.40689658736772527,0.4461915422510604,0.582639379311716,0.35475849665559966,0.2749396181496499,3450.232808858041,51.07636219711046,104.75016185168262,,,True,71,0,0,0.98,3,False,430,0.30000000000000004,0.37007858141617855,,0.8524638000235427,2,14534,7.047771200013813
a10-scale,waxman-n100-load0.7-random_node_30-centralised-deg4.0,waxman,100,0.7,random_node_30,CENTRALISED,ecmp,10,16746562323234859045,0.2888711913111085,0.4098761304413925,0.43983125725672034,0.21548169130484798,0.15902678845489168,2449.4500389966897,48.449550664362135,151.5291777699761,,,True,38,0,0,0.98,3,False,430,0.30000000000000004,0.38396170071885927,,1.1136591999966186,2,14506,5.0658269000123255
a10-scale,waxman-n100-load0.7-random_node_30-centralised-deg4.0,waxman,100,0.7,random_node_30,CENTRALISED,orbit,10,16746562323234859045,0.41725460635192974,0.44559340890713717,0.5999073173072949,0.39202929375495316,0.24524961584315697,3538.0624393921003,38.856052324541366,151.69335050481044,,,True,259,3,0,0.98,3,False,430,0.30000000000000004,0.36931484775813517,,0.9140022000065073,2,14534,7.071123700006865
a10-scale,waxman-n100-load0.7-random_node_30-centralised-deg4.0,waxman,100,0.7,random_node_30,CENTRALISED,spf-reconverge,10,16746562323234859045,0.2888711913111085,0.4098761304413925,0.43983125725672034,0.21548169130484798,0.15902678845489168,2449.4500389966897,48.449550664362135,151.5291777699761,,,True,38,0,0,0.98,3,False,430,0.30000000000000004,0.38396170071885927,,0.22693080001045018,2,14506,3.9894398000033107
a10-scale,waxman-n100-load0.7-random_node_30-centralised-deg4.0,waxman,100,0.7,random_node_30,CENTRALISED,spf-static,10,16746562323234859045,0.25280949252514634,0.30327703782921644,0.2650255421040129,0.24103961843008548,0.2233787124973552,2143.6690121776087,47.143228517149254,151.2118413359309,,,True,0,0,0,0.98,3,False,430,0.0,0.24248004274577,,0.16575849999208003,2,19370,3.5065292000072077
a10-scale,waxman-n100-load0.7-random_node_30-centralised-deg4.0,waxman,100,0.7,random_node_30,CENTRALISED,cspf,11,10248631329202150427,0.37544408361943854,0.5675190728332673,0.3945506270494157,0.347833165328713,0.28553493824803955,2918.9445158182484,53.35006022018646,151.4986858564064,,,True,64,0,0,0.98,3,False,390,0.30000000000000004,0.5048739920400868,,0.7546091000258457,2,15296,7.068276900012279
a10-scale,waxman-n100-load0.7-random_node_30-centralised-deg4.0,waxman,100,0.7,random_node_30,CENTRALISED,ecmp,11,10248631329202150427,0.29617482596041284,0.5650781213677404,0.3350975074311829,0.27051593545530106,0.1396713446607844,2302.6541679023303,52.89474577205125,151.19042348631663,,,True,45,0,0,0.98,3,False,390,0.30000000000000004,0.511206598525945,,1.0265605000022333,2,15300,5.5027224000077695
a10-scale,waxman-n100-load0.7-random_node_30-centralised-deg4.0,waxman,100,0.7,random_node_30,CENTRALISED,orbit,11,10248631329202150427,0.3928383187095511,0.5667825247755278,0.44386597979393355,0.4119391099105809,0.21509921436527898,3054.1785209293857,46.46279880576787,109.85718434488355,,,True,251,2,0,0.98,3,False,390,0.30000000000000004,0.5048739920400868,,0.828122099977918,2,15300,7.033959699998377
a10-scale,waxman-n100-load0.7-random_node_30-centralised-deg4.0,waxman,100,0.7,random_node_30,CENTRALISED,spf-reconverge,11,10248631329202150427,0.29617482596041284,0.5650781213677404,0.3350975074311829,0.27051593545530106,0.1396713446607844,2302.6541679023303,52.89474577205125,151.19042348631663,,,True,45,0,0,0.98,3,False,390,0.30000000000000004,0.511206598525945,,0.19907990001956932,2,15300,4.389368999982253
a10-scale,waxman-n100-load0.7-random_node_30-centralised-deg4.0,waxman,100,0.7,random_node_30,CENTRALISED,spf-static,11,10248631329202150427,0.21432285225875758,0.2987743770890144,0.26637605462563596,0.21393785414293154,0.11423571949040384,1666.284119286718,33.89313684111737,101.40603181071067,,,True,0,0,0,0.98,3,False,390,0.0,0.19521756253829964,,0.1550852000073064,2,21060,3.258256300003268
a10-scale,waxman-n100-load0.7-random_node_30-centralised-deg4.0,waxman,100,0.7,random_node_30,CENTRALISED,cspf,12,10468989168755377292,0.35900102645478127,0.6030036318186408,0.3913825623448355,0.29881959899780997,0.25511680271396386,3787.909701490474,76.12646509937989,201.15936063737027,,,True,83,0,0,0.98,3,False,470,0.30000000000000004,0.5644462570163089,,0.9074060999846552,2,12622,6.9739602000045124
a10-scale,waxman-n100-load0.7-random_node_30-centralised-deg4.0,waxman,100,0.7,random_node_30,CENTRALISED,ecmp,12,10468989168755377292,0.26469832836858925,0.5461324756358581,0.3012063286354266,0.21904001268487694,0.11086597944297008,2792.898326495402,54.35976997872199,151.368673366275,,,True,59,0,0,0.98,3,False,470,0.30000000000000004,0.5628342186627966,,1.269618199992692,2,12598,5.601166700012982
a10-scale,waxman-n100-load0.7-random_node_30-centralised-deg4.0,waxman,100,0.7,random_node_30,CENTRALISED,orbit,12,10468989168755377292,0.3576110732163169,0.6100440384977464,0.46319051358683394,0.31248880897853853,0.1522556844289519,3773.243956914224,65.19667492749005,153.41897839682736,,,True,274,3,0,0.98,3,False,470,0.30000000000000004,0.5554888275886759,,1.02296150001348,2,12616,7.397322700009681
a10-scale,waxman-n100-load0.7-random_node_30-centralised-deg4.0,waxman,100,0.7,random_node_30,CENTRALISED,spf-reconverge,12,10468989168755377292,0.26469832836858925,0.5461324756358581,0.3012063286354266,0.21904001268487694,0.11086597944297008,2792.898326495402,54.35976997872199,151.368673366275,,,True,59,0,0,0.98,3,False,470,0.30000000000000004,0.5628342186627966,,0.24391700001433492,2,12598,4.314659700001357
a10-scale,waxman-n100-load0.7-random_node_30-centralised-deg4.0,waxman,100,0.7,random_node_30,CENTRALISED,spf-static,12,10468989168755377292,0.21703149598522098,0.2067319011098628,0.30632767027642605,0.20309303892933506,0.15411483404744653,2289.9536452299203,39.809702141291815,101.57988952617816,,0.0,True,0,0,0,0.98,3,False,470,0.0,0.11483561663458088,,0.1661520999914501,2,20150,3.3534377999894787
a10-scale,waxman-n100-load0.7-random_node_30-centralised-deg4.0,waxman,100,0.7,random_node_30,CENTRALISED,cspf,13,12368666680426842942,0.33733236510455794,0.6152155007293268,0.33716037594651765,0.3368935346054654,0.17194886358364078,2890.411358100355,68.90884436414264,151.88034450899204,,,True,69,0,0,0.98,3,False,412,0.30000000000000004,0.5853713102075437,,0.8238060000003316,2,14676,6.2610105000203475
a10-scale,waxman-n100-load0.7-random_node_30-centralised-deg4.0,waxman,100,0.7,random_node_30,CENTRALISED,ecmp,13,12368666680426842942,0.2630865045511791,0.5422741434458183,0.27864954391213176,0.203340745025179,0.16518851058986891,2254.240326693675,57.966919527234054,201.43136832109656,,,True,49,0,0,0.98,3,False,412,0.30000000000000004,0.47650938421012584,,1.0722019000095315,2,14658,5.203245499986224
a10-scale,waxman-n100-load0.7-random_node_30-centralised-deg4.0,waxman,100,0.7,random_node_30,CENTRALISED,orbit,13,12368666680426842942,0.32806702388048375,0.646975530708568,0.4207549586854904,0.25288865257745724,0.1446970729571078,2811.021858956273,57.85901006757138,151.4654057827084,,,True,269,1,0,0.98,3,False,412,0.30000000000000004,0.5994106034332007,,0.8976697000034619,2,14688,6.756293900019955
a10-scale,waxman-n100-load0.7-random_node_30-centralised-deg4.0,waxman,100,0.7,random_node_30,CENTRALISED,spf-reconverge,13,12368666680426842942,0.2630865045511791,0.5422741434458183,0.27864954391213176,0.203340745025179,0.16518851058986891,2254.240326693675,57.966919527234054,201.43136832109656,,,True,49,0,0,0.98,3,False,412,0.30000000000000004,0.47650938421012584,,0.2102893999835942,2,14658,4.1618072999990545
a10-scale,waxman-n100-load0.7-random_node_30-centralised-deg4.0,waxman,100,0.7,random_node_30,CENTRALISED,spf-static,13,12368666680426842942,0.1884747962998936,0.3280694514640911,0.2138292037435483,0.133979243117601,0.15585251908362222,1614.934552075989,58.11320558000691,250.59347961916583,,,True,0,0,0,0.98,3,False,412,0.0,0.2251721772288967,,0.15400149999186397,2,20930,3.165646800014656
a10-scale,waxman-n100-load0.7-random_node_30-centralised-deg4.0,waxman,100,0.7,random_node_30,CENTRALISED,cspf,14,16283069317914233302,0.38666995480160715,0.5974833352079705,0.4988479683936294,0.31122605091261657,0.23663002497842514,3203.0426325841886,54.72303626010146,151.61913895203452,,,True,75,0,0,0.98,3,False,436,0.30000000000000004,0.5392717466601361,,0.8758195999835152,2,13780,7.157667400024366
a10-scale,waxman-n100-load0.7-random_node_30-centralised-deg4.0,waxman,100,0.7,random_node_30,CENTRALISED,ecmp,14,16283069317914233302,0.2903340498703311,0.563547512157795,0.3446438611648884,0.23838668706905636,0.12360320295839017,2405.028701810139,60.69192548174248,151.99583705288143,,,True,61,0,0,0.98,3,False,436,0.30000000000000004,0.5194312830941898,,1.217517700017197,2,13772,5.61837640000158
a10-scale,waxman-n100-load0.7-random_node_30-centralised-deg4.0,waxman,100,0.7,random_node_30,CENTRALISED,orbit,14,16283069317914233302,0.3842367572363677,0.5975174878198513,0.5587639956515296,0.34537601245088073,0.12291135127215291,3182.886850015148,59.280736323807574,202.7016591000516,,,True,274,1,0,0.98,3,False,436,0.30000000000000004,0.5392717466601361,,0.9792690000031143,2,13782,7.782294400007231
a10-scale,waxman-n100-load0.7-random_node_30-centralised-deg4.0,waxman,100,0.7,random_node_30,CENTRALISED,spf-reconverge,14,16283069317914233302,0.2903340498703311,0.563547512157795,0.3446438611648884,0.23838668706905636,0.12360320295839017,2405.028701810139,60.69192548174248,151.99583705288143,,,True,61,0,0,0.98,3,False,436,0.30000000000000004,0.5194312830941898,,0.23055949999252334,2,13772,4.564093099994352
a10-scale,waxman-n100-load0.7-random_node_30-centralised-deg4.0,waxman,100,0.7,random_node_30,CENTRALISED,spf-static,14,16283069317914233302,0.21739037161802555,0.36500405410212766,0.2519650409018439,0.19343027803154983,0.11672559169452222,1800.788035271887,37.94582537101275,101.8712317903836,,,True,0,0,0,0.98,3,False,436,0.0,0.27984148550856774,,0.155690899991896,2,21580,3.2737446000101045
a10-scale,waxman-n100-load0.7-random_node_30-centralised-deg4.0,waxman,100,0.7,random_node_30,CENTRALISED,cspf,15,10192783027418018593,0.3503031637806106,0.48593319691141085,0.4589859004726274,0.24133847247188683,0.31036302332951726,2725.4037696946425,63.777036164733,201.38696473565844,,,True,66,0,0,0.98,3,False,400,0.30000000000000004,0.4099500323638861,,0.8039056999841705,2,15318,6.0857547000050545
a10-scale,waxman-n100-load0.7-random_node_30-centralised-deg4.0,waxman,100,0.7,random_node_30,CENTRALISED,ecmp,15,10192783027418018593,0.2834010348605247,0.43197739421986725,0.4158943554705985,0.19403550287847762,0.1847875241117584,2204.8965827438765,65.01209713206292,201.49179101598077,,,True,41,0,0,0.98,3,False,400,0.30000000000000004,0.40237104040541793,,1.0611325000063516,2,15292,5.069949900003849
a10-scale,waxman-n100-load0.7-random_node_30-centralised-deg4.0,waxman,100,0.7,random_node_30,CENTRALISED,orbit,15,10192783027418018593,0.3388660433777807,0.4860081072236095,0.4656895462411738,0.2755110039102906,0.21056390257706056,2636.4214986699767,57.89038987369254,104.3321921827205,,,True,258,2,0,0.98,3,False,400,0.30000000000000004,0.4099500323638861,,0.8522638999857008,2,15316,6.110554900020361
a10-scale,waxman-n100-load0.7-random_node_30-centralised-deg4.0,waxman,100,0.7,random_node_30,CENTRALISED,spf-reconverge,15,10192783027418018593,0.2834010348605247,0.43197739421986725,0.4158943554705985,0.19403550287847762,0.1847875241117584,2204.8965827438765,65.01209713206292,201.49179101598077,,,True,41,0,0,0.98,3,False,400,0.30000000000000004,0.40237104040541793,,0.22119850001763552,2,15292,4.0740917999937665
a10-scale,waxman-n100-load0.7-random_node_30-centralised-deg4.0,waxman,100,0.7,random_node_30,CENTRALISED,spf-static,15,10192783027418018593,0.2298205548489643,0.2962303143054819,0.22680874422058936,0.2112069079285851,0.2171141436372466,1788.0335415153636,43.788661432365274,150.71158142156293,,,True,0,0,0,0.98,3,False,400,0.0,0.22571842921416382,,0.172953300003428,2,20540,3.380834900017362
a10-scale,waxman-n100-load0.7-random_node_30-centralised-deg4.0,waxman,100,0.7,random_node_30,CENTRALISED,cspf,16,15999867005059715594,0.2936820957329329,0.37786655367107075,0.4040022884391885,0.2811130925675198,0.15281651152899978,2162.9333137435674,45.5333346058661,151.16461953397416,,,True,55,0,0,0.98,3,False,392,0.30000000000000004,0.2857735680132617,,0.7732163000036962,2,18424,5.384035800001584
a10-scale,waxman-n100-load0.7-random_node_30-centralised-deg4.0,waxman,100,0.7,random_node_30,CENTRALISED,ecmp,16,15999867005059715594,0.24203583196716533,0.35141296310660763,0.2881853561042401,0.24475147151411525,0.1300060048486743,1782.56479263716,54.915467031921295,151.81016634018468,,,True,40,0,0,0.98,3,False,392,0.30000000000000004,0.2658504031410437,,0.9362040999985766,2,18410,4.337212999991607
a10-scale,waxman-n100-load0.7-random_node_30-centralised-deg4.0,waxman,100,0.7,random_node_30,CENTRALISED,orbit,16,15999867005059715594,0.2992798157109622,0.3781671661292269,0.4015246639493424,0.3081783430795512,0.14152985404213958,2204.159848140467,37.256732563381064,104.11005984800175,,,True,249,0,0,0.98,3,False,392,0.30000000000000004,0.2857735680132617,,0.8693285000044852,2,18420,5.732882200012682
a10-scale,waxman-n100-load0.7-random_node_30-centralised-deg4.0,waxman,100,0.7,random_node_30,CENTRALISED,spf-reconverge,16,15999867005059715594,0.24203583196716533,0.35141296310660763,0.2881853561042401,0.24475147151411525,0.1300060048486743,1782.56479263716,54.915467031921295,151.81016634018468,,,True,40,0,0,0.98,3,False,392,0.30000000000000004,0.2658504031410437,,0.20266239999909885,2,18410,3.474809799983632
a10-scale,waxman-n100-load0.7-random_node_30-centralised-deg4.0,waxman,100,0.7,random_node_30,CENTRALISED,spf-static,16,15999867005059715594,0.17039835970281872,0.19496142920647894,0.23747210772319846,0.147515448139038,0.11989836916725322,1254.963425293878,22.739659576297047,101.22615233306821,,,True,0,0,0,0.98,3,False,392,0.0,0.0773899690172558,,0.1402137000404764,2,23530,2.695090599998366
a10-scale,waxman-n100-load0.7-random_node_30-centralised-deg4.0,waxman,100,0.7,random_node_30,CENTRALISED,cspf,17,10266373989691714103,0.42132467797955775,0.5793387677274505,0.5238329334371916,0.3993885962790942,0.26049048802668745,3069.325630621043,52.535707414281404,150.5494609062984,,,True,60,0,0,0.98,3,False,386,0.30000000000000004,0.5210385604453988,,0.7842456000216771,2,14262,7.241114600008586
a10-scale,waxman-n100-load0.7-random_node_30-centralised-deg4.0,waxman,100,0.7,random_node_30,CENTRALISED,ecmp,17,10266373989691714103,0.28206565495197916,0.5374364954733633,0.3392269951236749,0.22355890944394732,0.1606699206743608,2054.8317948373924,56.642706411221155,151.9123575621484,,,True,52,0,0,0.98,3,False,386,0.30000000000000004,0.4688442161314466,,0.958021100028418,2,14274,5.129810899990844
a10-scale,waxman-n100-load0.7-random_node_30-centralised-deg4.0,waxman,100,0.7,random_node_30,CENTRALISED,orbit,17,10266373989691714103,0.4120094152965346,0.5802576284884918,0.542976568563725,0.40785753377400524,0.19200988931024351,3001.4644869394524,41.89973245048262,102.5564897272705,,,True,264,1,0,0.98,3,False,386,0.30000000000000004,0.5193941635840001,,0.78080950002186,2,14288,7.388494999991963
a10-scale,waxman-n100-load0.7-random_node_30-centralised-deg4.0,waxman,100,0.7,random_node_30,CENTRALISED,spf-reconverge,17,10266373989691714103,0.28206565495197916,0.5374364954733633,0.3392269951236749,0.22355890944394732,0.1606699206743608,2054.8317948373924,56.642706411221155,151.9123575621484,,,True,52,0,0,0.98,3,False,386,0.30000000000000004,0.4688442161314466,,0.20146519999252632,2,14274,4.12497470001108
a10-scale,waxman-n100-load0.7-random_node_30-centralised-deg4.0,waxman,100,0.7,random_node_30,CENTRALISED,spf-static,17,10266373989691714103,0.21808038088137124,0.3948130176776749,0.26708021666593473,0.1724619512445703,0.13224343132623842,1588.7028165183067,37.74670528631512,101.55269671387424,,,True,0,0,0,0.98,3,False,386,0.0,0.3017073280896222,,0.13819329999387264,2,20930,3.1018500000063796
a10-scale,waxman-n100-load0.7-random_node_30-centralised-deg4.0,waxman,100,0.7,random_node_30,CENTRALISED,cspf,18,13101561010663067261,0.3953557431762014,0.46422578360155814,0.45147204946043423,0.4210018171959599,0.263945468699777,2819.8957673481996,30.9514509963951,101.7089576533008,,,True,62,0,0,0.98,3,False,366,0.30000000000000004,0.39059696103242275,,0.7409142999968026,2,16460,6.23956950000138
a10-scale,waxman-n100-load0.7-random_node_30-centralised-deg4.0,waxman,100,0.7,random_node_30,CENTRALISED,ecmp,18,13101561010663067261,0.30717883333769985,0.4234327494167885,0.35082226156880447,0.30795968789507283,0.19774937281183738,2190.969290060081,43.70034098203251,101.44761761889453,,,True,34,0,0,0.98,3,False,366,0.30000000000000004,0.3667061801300576,,0.930620299972361,2,16448,4.9961028000107035
a10-scale,waxman-n100-load0.7-random_node_30-centralised-deg4.0,waxman,100,0.7,random_node_30,CENTRALISED,orbit,18,13101561010663067261,0.38169698473202174,0.4632056483473679,0.456750372762075,0.39972315810952413,0.23597025129735805,2722.4739496845873,40.552516356824384,105.88708139570471,,,True,244,0,0,0.98,3,False,366,0.30000000000000004,0.39059696103242275,,0.7799274999997579,2,16458,6.673268500017002
a10-scale,waxman-n100-load0.7-random_node_30-centralised-deg4.0,waxman,100,0.7,random_node_30,CENTRALISED,spf-reconverge,18,13101561010663067261,0.30717883333769985,0.4234327494167885,0.35082226156880447,0.30795968789507283,0.19774937281183738,2190.969290060081,43.70034098203251,101.44761761889453,,,True,34,0,0,0.98,3,False,366,0.30000000000000004,0.3667061801300576,,0.19962099997792393,2,16448,4.0457836000132374
a10-scale,waxman-n100-load0.7-random_node_30-centralised-deg4.0,waxman,100,0.7,random_node_30,CENTRALISED,spf-static,18,13101561010663067261,0.24046144171445524,0.28385088016107435,0.33650039763924505,0.20532494844142607,0.1744094707362896,1715.10396245549,37.93860961187446,101.39958674816353,,,True,0,0,0,0.98,3,False,366,0.0,0.1933213188441142,,0.14709310000762343,2,20800,3.2518107000214513
a10-scale,waxman-n100-load0.7-random_node_30-centralised-deg4.0,waxman,100,0.7,random_node_30,CENTRALISED,cspf,19,8343000024417634179,0.32706959123591656,0.5487415518452735,0.3581314701426933,0.27616797587750275,0.22683086910009836,2294.1565401354537,52.05959845738032,151.47628424604517,,,True,65,0,0,0.98,3,False,376,0.30000000000000004,0.48996365467078157,,0.7295338000112679,2,16102,5.806365299999015
a10-scale,waxman-n100-load0.7-random_node_30-centralised-deg4.0,waxman,100,0.7,random_node_30,CENTRALISED,ecmp,19,8343000024417634179,0.2663755526135575,0.5190409896598146,0.3373373059431541,0.2142281565743604,0.11015576100163053,1868.4317727348568,71.45301063445041,202.7928167923844,,,True,54,0,0,0.98,3,False,376,0.30000000000000004,0.4936854946252559,,0.9690372999757528,2,16098,5.0383215000038035
a10-scale,waxman-n100-load0.7-random_node_30-centralised-deg4.0,waxman,100,0.7,random_node_30,CENTRALISED,orbit,19,8343000024417634179,0.3325819489778931,0.5736541179153741,0.37570350863384244,0.2954683102126668,0.18898000695951564,2332.8217413775956,50.17963808431408,104.55681191743885,,,True,255,1,0,0.98,3,False,376,0.30000000000000004,0.5135743969872721,,0.7836190000234637,2,16092,6.369651700020768
a10-scale,waxman-n100-load0.7-random_node_30-centralised-deg4.0,waxman,100,0.7,random_node_30,CENTRALISED,spf-reconverge,19,8343000024417634179,0.2663755526135575,0.5190409896598146,0.3373373059431541,0.2142281565743604,0.11015576100163053,1868.4317727348568,71.45301063445041,202.7928167923844,,,True,54,0,0,0.98,3,False,376,0.30000000000000004,0.4936854946252559,,0.18549809997784905,2,16098,4.044530799990753
a10-scale,waxman-n100-load0.7-random_node_30-centralised-deg4.0,waxman,100,0.7,random_node_30,CENTRALISED,spf-static,19,8343000024417634179,0.1812939908043034,0.29639764388319306,0.20292161387221705,0.14267121242919475,0.14124011844891246,1271.6461751130726,26.877655193094792,101.64154822926582,,,True,0,0,0,0.98,3,False,376,0.0,0.21346405699779292,,0.1387716000317596,2,23010,2.8141142000094987
a10-scale,waxman-n100-load0.7-random_node_30-centralised-deg4.0,waxman,100,0.7,random_node_30,CENTRALISED,cspf,20,3087777576502600018,0.3927131922719157,0.5859691542299422,0.4298895877379847,0.3708775356552046,0.26967967376168767,3091.0363577880244,51.16635136656672,151.29590314645935,,,True,77,0,0,0.98,3,False,424,0.30000000000000004,0.5263710281402343,,0.8608043000276666,2,14418,6.963789300003555
a10-scale,waxman-n100-load0.7-random_node_30-centralised-deg4.0,waxman,100,0.7,random_node_30,CENTRALISED,ecmp,20,3087777576502600018,0.2780255412800403,0.5732179345136491,0.3291652972811207,0.22347890265924558,0.12533561693804704,2188.3325373374714,52.05510552932474,151.30335382030935,,,True,56,0,0,0.98,3,False,424,0.30000000000000004,0.5883377475614553,,1.1268894999811891,2,14412,5.05880050000269
a10-scale,waxman-n100-load0.7-random_node_30-centralised-deg4.0,waxman,100,0.7,random_node_30,CENTRALISED,orbit,20,3087777576502600018,0.39422464005061447,0.6443439652130247,0.4747016191186792,0.34944267382625177,0.22965809526752776,3102.9329279282524,38.90354714524243,106.742074505087,,,True,267,0,0,0.98,3,False,424,0.30000000000000004,0.5952548787196015,,0.9109724999871105,2,14424,7.206458400003612
a10-scale,waxman-n100-load0.7-random_node_30-centralised-deg4.0,waxman,100,0.7,random_node_30,CENTRALISED,spf-reconverge,20,3087777576502600018,0.2780255412800403,0.5732179345136491,0.3291652972811207,0.22347890265924558,0.12533561693804704,2188.3325373374714,52.05510552932474,151.30335382030935,,,True,56,0,0,0.98,3,False,424,0.30000000000000004,0.5883377475614553,,0.23015380001743324,2,14412,3.9773314999765716
a10-scale,waxman-n100-load0.7-random_node_30-centralised-deg4.0,waxman,100,0.7,random_node_30,CENTRALISED,spf-static,20,3087777576502600018,0.2011103319716652,0.3144789585567794,0.215774630535853,0.18685404573182485,0.13737264513600767,1582.934722551443,28.344249002548036,101.14638400047946,,,True,0,0,0,0.98,3,False,424,0.0,0.25047932307083814,,0.16485379997175187,2,21580,3.035664099996211
a10-scale,waxman-n100-load0.7-random_node_30-centralised-deg4.0,waxman,100,0.7,random_node_30,CENTRALISED,cspf,21,10199409640323775092,0.3801519914883573,0.5056121211724901,0.43233113928221456,0.37965044012008015,0.25249193566927036,2881.163670158891,47.920691218662945,153.87612475985594,,,True,65,0,0,0.98,3,False,382,0.30000000000000004,0.4741558240590439,,0.850486200011801,2,15306,6.56189079998876
a10-scale,waxman-n100-load0.7-random_node_30-centralised-deg4.0,waxman,100,0.7,random_node_30,CENTRALISED,ecmp,21,10199409640323775092,0.29084836785624574,0.4646998590987741,0.39603596114312045,0.25837053875548505,0.12669031646451914,2204.333450185512,61.61578252095915,201.41148349880052,,,True,40,0,0,0.98,3,False,382,0.30000000000000004,0.40220576225014837,,1.0261644000129309,2,15290,5.106854399986332
a10-scale,waxman-n100-load0.7-random_node_30-centralised-deg4.0,waxman,100,0.7,random_node_30,CENTRALISED,orbit,21,10199409640323775092,0.37502651005618814,0.5134077587215901,0.4667988224474167,0.3717186254579414,0.20297266093381422,2842.3177579314597,43.32117667000827,153.22100907453154,,,True,259,3,0,0.98,3,False,382,0.30000000000000004,0.4453427280628806,,0.9003969999903347,2,15316,6.743230099993525
a10-scale,waxman-n100-load0.7-random_node_30-centralised-deg4.0,waxman,100,0.7,random_node_30,CENTRALISED,spf-reconverge,21,10199409640323775092,0.29084836785624574,0.4646998590987741,0.39603596114312045,0.25837053875548505,0.12669031646451914,2204.333450185512,61.61578252095915,201.41148349880052,,,True,40,0,0,0.98,3,False,382,0.30000000000000004,0.40220576225014837,,0.21579999997629784,2,15290,4.201675100019202
a10-scale,waxman-n100-load0.7-random_node_30-centralised-deg4.0,waxman,100,0.7,random_node_30,CENTRALISED,spf-static,21,10199409640323775092,0.22029297172379897,0.2969419337102334,0.28696140218650606,0.20286925889177984,0.13154765124468715,1669.595638410296,42.44728611477013,101.60648729717173,,,True,0,0,0,0.98,3,False,382,0.0,0.199476517540505,,0.15145140001550317,2,20410,3.2701761000207625
a10-scale,waxman-n100-load0.7-random_node_30-centralised-deg4.0,waxman,100,0.7,random_node_30,CENTRALISED,cspf,22,14862236510405590322,0.39474313808297545,0.46087442180293875,0.43157021274970425,0.40188445945308776,0.3069556828187105,3689.7681693833356,43.24654376005636,151.12923583726544,,,True,66,0,0,0.98,3,False,456,0.30000000000000004,0.40028868773275483,,0.8660257000010461,2,15962,6.215950999991037
a10-scale,waxman-n100-load0.7-random_node_30-centralised-deg4.0,waxman,100,0.7,random_node_30,CENTRALISED,ecmp,22,14862236510405590322,0.287384160152191,0.4595058449514953,0.35003349480397283,0.267212918849423,0.14879502316679485,2686.2555019046936,50.09345164200235,151.24172554798753,,,True,49,0,0,0.98,3,False,456,0.30000000000000004,0.4060997856777923,,1.1652810999657959,2,15958,4.8983195000037085
a10-scale,waxman-n100-load0.7-random_node_30-centralised-deg4.0,waxman,100,0.7,random_node_30,CENTRALISED,orbit,22,14862236510405590322,0.3744796525284605,0.4609465227562246,0.44448407071072266,0.3640347821767475,0.2639701318868769,3500.3600282743896,40.60787317845218,102.89185657940543,,,True,254,2,0,0.98,3,False,456,0.30000000000000004,0.3992593864218653,,1.0137285999953747,2,15956,6.433425099996384
a10-scale,waxman-n100-load0.7-random_node_30-centralised-deg4.0,waxman,100,0.7,random_node_30,CENTRALISED,spf-reconverge,22,14862236510405590322,0.287384160152191,0.4595058449514953,0.35003349480397283,0.267212918849423,0.14879502316679485,2686.2555019046936,50.09345164200235,151.24172554798753,,,True,49,0,0,0.98,3,False,456,0.30000000000000004,0.4060997856777923,,0.249909399979515,2,15958,3.7629151000001
a10-scale,waxman-n100-load0.7-random_node_30-centralised-deg4.0,waxman,100,0.7,random_node_30,CENTRALISED,spf-static,22,14862236510405590322,0.197888441212434,0.3152805908480209,0.21404671022658506,0.16297910687982411,0.1614909062856978,1849.7154251254988,32.900221121488954,101.14175529580977,,,True,0,0,0,0.98,3,False,456,0.0,0.22847437977053583,,0.17133269997430034,2,22230,2.8247517999843694
a10-scale,waxman-n100-load0.7-random_node_30-centralised-deg4.0,waxman,100,0.7,random_node_30,CENTRALISED,cspf,23,1979282446089750677,0.3114684690457622,0.4392144312024581,0.37470965466572664,0.2874571104612096,0.20599823602882414,2787.8293515890355,67.93566584979031,201.81802150168022,,,True,66,0,0,0.98,3,False,406,0.30000000000000004,0.4087505639493437,,0.7714344999985769,2,14926,5.608955600007903
a10-scale,waxman-n100-load0.7-random_node_30-centralised-deg4.0,waxman,100,0.7,random_node_30,CENTRALISED,ecmp,23,1979282446089750677,0.22653004478356165,0.4382208262028198,0.2860192043557196,0.14500285414809064,0.1545482347206853,2027.5795806849565,67.55916353501843,201.79250001089318,,,True,51,0,0,0.98,3,False,406,0.30000000000000004,0.4477721235788314,,1.0173175999952946,2,14922,4.5755400999914855
a10-scale,waxman-n100-load0.7-random_node_30-centralised-deg4.0,waxman,100,0.7,random_node_30,CENTRALISED,orbit,23,1979282446089750677,0.3063455738046971,0.45803623885019695,0.43059230861525294,0.24568411724203873,0.17950094911178335,2741.976370830143,63.66669408917222,152.66311835880617,,,True,259,1,0,0.98,3,False,406,0.30000000000000004,0.4082342167680196,,0.8822337000165135,2,14918,5.928493000013987
a10-scale,waxman-n100-load0.7-random_node_30-centralised-deg4.0,waxman,100,0.7,random_node_30,CENTRALISED,spf-reconverge,23,1979282446089750677,0.22653004478356165,0.4382208262028198,0.2860192043557196,0.14500285414809064,0.1545482347206853,2027.5795806849565,67.55916353501843,201.79250001089318,,,True,51,0,0,0.98,3,False,406,0.30000000000000004,0.4477721235788314,,0.22214479997637682,2,14922,3.60293150000507
a10-scale,waxman-n100-load0.7-random_node_30-centralised-deg4.0,waxman,100,0.7,random_node_30,CENTRALISED,spf-static,23,1979282446089750677,0.16303598207082629,0.27045738646758793,0.16863907739835157,0.1199294771664175,0.15260239784506285,1459.2696897207077,43.377918817615864,151.78473978696783,,,True,0,0,0,0.98,3,False,406,0.0,0.21524766888452304,,0.15068470002734102,2,21450,2.7094580000266433
a10-scale,waxman-n100-load0.7-random_node_30-centralised-deg4.0,waxman,100,0.7,random_node_30,CENTRALISED,cspf,24,5373708410259171077,0.2829083870120059,0.4881135011377329,0.33408791337761995,0.22750141689687245,0.1738102428943593,2192.7426610595844,59.64333301804659,152.88144817314742,,,True,60,0,0,0.98,3,False,406,0.30000000000000004,0.41624201033898445,,0.8103981000022031,2,16744,5.4669446000189055
a10-scale,waxman-n100-load0.7-random_node_30-centralised-deg4.0,waxman,100,0.7,random_node_30,CENTRALISED,ecmp,24,5373708410259171077,0.2298608671464898,0.48176512170390284,0.3009673177910633,0.1324219665760475,0.12777176423661418,1781.5863814559448,57.733875145703124,151.86137134507547,,,True,50,0,0,0.98,3,False,406,0.30000000000000004,0.4369257819084588,,1.0116331999888644,2,16740,4.512998599995626
a10-scale,waxman-n100-load0.7-random_node_30-centralised-deg4.0,waxman,100,0.7,random_node_30,CENTRALISED,orbit,24,5373708410259171077,0.2838312272235301,0.4880562066661398,0.371809970302245,0.2175908518227882,0.14935086514804538,2199.8953337764397,54.71678099859824,152.29890203242564,,,True,259,2,0,0.98,3,False,406,0.30000000000000004,0.4134552967324558,,0.8793164999806322,2,16744,5.869427900004666
a10-scale,waxman-n100-load0.7-random_node_30-centralised-deg4.0,waxman,100,0.7,random_node_30,CENTRALISED,spf-reconverge,24,5373708410259171077,0.2298608671464898,0.48176512170390284,0.3009673177910633,0.1324219665760475,0.12777176423661418,1781.5863814559448,57.733875145703124,151.86137134507547,,,True,50,0,0,0.98,3,False,406,0.30000000000000004,0.4369257819084588,,0.20728160001453944,2,16740,3.5427502999955323
a10-scale,waxman-n100-load0.7-random_node_30-centralised-deg4.0,waxman,100,0.7,random_node_30,CENTRALISED,spf-static,24,5373708410259171077,0.16655590394296307,0.30680031051583706,0.2048222329189682,0.0956315835617943,0.13448570151825762,1290.9275680525463,39.22846762178157,151.69818247799216,,,True,0,0,0,0.98,3,False,406,0.0,0.22024963005846512,,0.15426550002302974,2,23140,2.714197299996158
a10-scale,waxman-n100-load0.7-random_node_30-centralised-deg4.0,waxman,100,0.7,random_node_30,CENTRALISED,cspf,25,17116550922812710773,0.3271152467748046,0.5466451560584593,0.34439798430769275,0.312718353064208,0.20097333749956078,2849.522278912841,66.91182498673695,152.5772905518695,,,True,57,0,0,0.98,3,False,402,0.30000000000000004,0.5044769254668374,,0.7927988000155892,2,15938,6.109343700023601
a10-scale,waxman-n100-load0.7-random_node_30-centralised-deg4.0,waxman,100,0.7,random_node_30,CENTRALISED,ecmp,25,17116550922812710773,0.24210593894294846,0.5134242071429956,0.23562786199426586,0.23224581956043774,0.10332304690783899,2109.0006463378977,57.5533820222473,201.17943428404544,,,True,43,0,0,0.98,3,False,402,0.30000000000000004,0.508689422559667,,1.0526104999880772,2,15946,4.986348300008103
a10-scale,waxman-n100-load0.7-random_node_30-centralised-deg4.0,waxman,100,0.7,random_node_30,CENTRALISED,orbit,25,17116550922812710773,0.3104074466137395,0.5615192023727499,0.3792327737409712,0.2969833579745841,0.11281676572372266,2703.979540504949,66.84384691098109,201.72088693896063,,,True,251,1,0,0.98,3,False,402,0.30000000000000004,0.5067305825202659,,0.8774869999906514,2,15952,6.823717999999644
a10-scale,waxman-n100-load0.7-random_node_30-centralised-deg4.0,waxman,100,0.7,random_node_30,CENTRALISED,spf-reconverge,25,17116550922812710773,0.24210593894294846,0.5134242071429956,0.23562786199426586,0.23224581956043774,0.10332304690783899,2109.0006463378977,57.5533820222473,201.17943428404544,,,True,43,0,0,0.98,3,False,402,0.30000000000000004,0.508689422559667,,0.1975634999689646,2,15946,3.879653700016206
a10-scale,waxman-n100-load0.7-random_node_30-centralised-deg4.0,waxman,100,0.7,random_node_30,CENTRALISED,spf-static,25,17116550922812710773,0.18257225258814536,0.355860703673451,0.15854596963479597,0.17121800244728677,0.12073864862338823,1590.3988162904966,38.291472007992596,101.77181409907453,,,True,0,0,0,0.98,3,False,402,0.0,0.30317402865423493,,0.145425599970622,2,21450,2.9943493000173476
a10-scale,waxman-n100-load0.7-random_node_30-centralised-deg4.0,waxman,100,0.7,random_node_30,CENTRALISED,cspf,26,9856547678576541275,0.2803971770964134,0.3344519751900461,0.33258062741685557,0.31875258431347087,0.13572405100027618,2057.5653257695208,62.012668242182556,202.75490895720915,,,True,51,0,0,0.98,3,False,384,0.30000000000000004,0.24763894138308984,,0.7004141999932472,2,18024,5.373531300021568
a10-scale,waxman-n100-load0.7-random_node_30-centralised-deg4.0,waxman,100,0.7,random_node_30,CENTRALISED,ecmp,26,9856547678576541275,0.2368736864079316,0.3316928248006457,0.2577831853584871,0.2436735023749457,0.14558731324921864,1738.1882684666916,62.594357305340345,201.37855741860307,,,True,50,0,0,0.98,3,False,384,0.30000000000000004,0.2876320217330396,,0.9737361000152305,2,18040,4.602007700013928
a10-scale,waxman-n100-load0.7-random_node_30-centralised-deg4.0,waxman,100,0.7,random_node_30,CENTRALISED,orbit,26,9856547678576541275,0.29755384684565744,0.34802409563526304,0.3482370672395905,0.3220349266816799,0.17721098265538998,2183.461631671293,40.96234194531395,103.30140919514993,,,True,247,0,0,0.98,3,False,384,0.30000000000000004,0.2526846642231073,,0.827222299965797,2,18022,5.577444399998058
a10-scale,waxman-n100-load0.7-random_node_30-centralised-deg4.0,waxman,100,0.7,random_node_30,CENTRALISED,spf-reconverge,26,9856547678576541275,0.2368736864079316,0.3316928248006457,0.2577831853584871,0.2436735023749457,0.14558731324921864,1738.1882684666916,62.594357305340345,201.37855741860307,,,True,50,0,0,0.98,3,False,384,0.30000000000000004,0.2876320217330396,,0.19018380000488833,2,18040,3.5694479000230785
a10-scale,waxman-n100-load0.7-random_node_30-centralised-deg4.0,waxman,100,0.7,random_node_30,CENTRALISED,spf-static,26,9856547678576541275,0.13254156035941897,0.16925481585563426,0.11122718783914293,0.14344348639876267,0.1153669571055658,972.5950940125097,31.59988811314022,151.17612926777926,,,True,0,0,0,0.98,3,False,384,0.0,0.06971876230437732,,0.15301210002508014,2,24440,2.5060533999931067
a10-scale,waxman-n100-load0.7-random_node_30-centralised-deg4.0,waxman,100,0.7,random_node_30,CENTRALISED,cspf,27,10729304163988750590,0.37823270471040266,0.5258076657079476,0.4128008244625432,0.39574352554760917,0.2298036889936604,3088.474103250181,73.97318230205218,200.42798491867995,,,True,81,0,0,0.98,3,False,406,0.30000000000000004,0.4594533051041666,,0.7993507000210229,2,12876,7.117843899992295
a10-scale,waxman-n100-load0.7-random_node_30-centralised-deg4.0,waxman,100,0.7,random_node_30,CENTRALISED,ecmp,27,10729304163988750590,0.29367322639312515,0.47037863077374953,0.36454199534709253,0.27109603313936353,0.14543073880170182,2398.0003401016024,76.225899051982,201.33028204030506,,,True,60,0,0,0.98,3,False,406,0.30000000000000004,0.4396497837072986,,1.128896000009263,2,12860,5.828699899982894
a10-scale,waxman-n100-load0.7-random_node_30-centralised-deg4.0,waxman,100,0.7,random_node_30,CENTRALISED,orbit,27,10729304163988750590,0.36270413769717036,0.5277429891158327,0.4827192784822381,0.3227057352917793,0.19469665826897323,2961.6749754019593,67.27244377216071,152.35151967934368,,,True,272,2,0,0.98,3,False,406,0.30000000000000004,0.4587945778169235,,0.8359817000164185,2,12868,7.3193410000239965
a10-scale,waxman-n100-load0.7-random_node_30-centralised-deg4.0,waxman,100,0.7,random_node_30,CENTRALISED,spf-reconverge,27,10729304163988750590,0.29367322639312515,0.47037863077374953,0.36454199534709253,0.27109603313936353,0.14543073880170182,2398.0003401016024,76.225899051982,201.33028204030506,,,True,60,0,0,0.98,3,False,406,0.30000000000000004,0.4396497837072986,,0.20645770002738573,2,12860,4.659938500000862
a10-scale,waxman-n100-load0.7-random_node_30-centralised-deg4.0,waxman,100,0.7,random_node_30,CENTRALISED,spf-static,27,10729304163988750590,0.22738844685072793,0.37107952735447997,0.28574952675812115,0.18123090576391254,0.14433945512153368,1856.7493522657248,42.761195217694585,150.91383441753942,,,True,0,0,0,0.98,3,False,406,0.0,0.31282074238262236,,0.14132009996683337,2,20540,3.558945400000084
a10-scale,waxman-n100-load0.7-random_node_30-centralised-deg4.0,waxman,100,0.7,random_node_30,CENTRALISED,cspf,28,9660610483429504163,0.3103587694478768,0.45287250540412033,0.4590524732347199,0.22040378254583745,0.18532652709235953,2640.4066555517934,78.06031351437463,201.87926704552012,,,True,72,0,0,0.98,3,False,410,0.30000000000000004,0.3979189603541613,,0.8198903000156861,2,15076,6.256721600017045
a10-scale,waxman-n100-load0.7-random_node_30-centralised-deg4.0,waxman,100,0.7,random_node_30,CENTRALISED,ecmp,28,9660610483429504163,0.2392060575621355,0.400392739064713,0.3657628480319709,0.16344518703727695,0.10644226962594294,2035.0682133421792,73.6888879781666,201.24701585408533,,,True,58,0,0,0.98,3,False,410,0.30000000000000004,0.4096790887196306,,1.1311465000035241,2,15066,5.084498500014888
a10-scale,waxman-n100-load0.7-random_node_30-centralised-deg4.0,waxman,100,0.7,random_node_30,CENTRALISED,orbit,28,9660610483429504163,0.3071831126267521,0.4594628681593332,0.46804775203832766,0.26012377071190207,0.10018917513357194,2613.3894540686097,64.47943713159067,153.54818111801646,,,True,269,0,0,0.98,3,False,410,0.30000000000000004,0.3807729135009526,,0.9271544000075664,2,15080,6.576207699981751
a10-scale,waxman-n100-load0.7-random_node_30-centralised-deg4.0,waxman,100,0.7,random_node_30,CENTRALISED,spf-reconverge,28,9660610483429504163,0.2392060575621355,0.400392739064713,0.3657628480319709,0.16344518703727695,0.10644226962594294,2035.0682133421792,73.6888879781666,201.24701585408533,,,True,58,0,0,0.98,3,False,410,0.30000000000000004,0.4096790887196306,,0.2257635999994818,2,15066,4.042996500007575
a10-scale,waxman-n100-load0.7-random_node_30-centralised-deg4.0,waxman,100,0.7,random_node_30,CENTRALISED,spf-static,28,9660610483429504163,0.16424582051787728,0.2705496958153941,0.25973453128313173,0.0918044373700116,0.09591108240383914,1397.3368898628855,42.078971833836015,101.43094655567924,,,True,0,0,0,0.98,3,False,410,0.0,0.2250142427487356,,0.1505743000016082,2,22490,2.9797822999826167
a10-scale,waxman-n100-load0.7-random_node_30-centralised-deg4.0,waxman,100,0.7,random_node_30,CENTRALISED,cspf,29,12238965490290601342,0.3160069574571632,0.3407917306324457,0.3610334222283808,0.32205876745995515,0.24992578884129255,2331.1016344655372,57.43252143034051,152.132542131371,,,True,57,0,0,0.98,3,False,380,0.30000000000000004,0.24240433090904362,,0.7480991000193171,2,17132,6.072454800014384
a10-scale,waxman-n100-load0.7-random_node_30-centralised-deg4.0,waxman,100,0.7,random_node_30,CENTRALISED,ecmp,29,12238965490290601342,0.22927801653042373,0.32176765420755493,0.29348133076315586,0.20469778720958054,0.14615877092851884,1691.3246574754235,64.10329689328528,202.09580462263077,,,True,46,0,0,0.98,3,False,380,0.30000000000000004,0.2827468074648317,,0.9953029000025708,2,17122,4.637261500000022
a10-scale,waxman-n100-load0.7-random_node_30-centralised-deg4.0,waxman,100,0.7,random_node_30,CENTRALISED,orbit,29,12238965490290601342,0.3193298812973727,0.3407917306324457,0.3708845346802783,0.32271656611043836,0.25234042899931614,2355.6139846284827,52.80131772915082,201.75299502207167,,,True,255,3,0,0.98,3,False,380,0.30000000000000004,0.24240433090904362,,0.8041779999621212,2,17132,6.416488199989544
a10-scale,waxman-n100-load0.7-random_node_30-centralised-deg4.0,waxman,100,0.7,random_node_30,CENTRALISED,spf-reconverge,29,12238965490290601342,0.22927801653042373,0.32176765420755493,0.29348133076315586,0.20469778720958054,0.14615877092851884,1691.3246574754235,64.10329689328528,202.09580462263077,,,True,46,0,0,0.98,3,False,380,0.30000000000000004,0.2827468074648317,,0.21879519999492913,2,17122,3.7523911999887787
a10-scale,waxman-n100-load0.7-random_node_30-centralised-deg4.0,waxman,100,0.7,random_node_30,CENTRALISED,spf-static,29,12238965490290601342,0.1684454243248905,0.15374486026329046,0.21664750514812806,0.12399161823256903,0.18889852108038033,1242.5783505580614,38.41676319746968,150.85828256902568,,,True,0,0,0,0.98,3,False,380,0.0,0.053075455696524824,,0.15587590003269725,2,23010,2.911498900008155
a10-scale,waxman-n250-load0.7-critical_link-centralised-deg4.0,waxman,250,0.7,critical_link,CENTRALISED,cspf,0,10166544305259742928,0.7441913086305241,0.9088336475955792,0.8037933596243401,0.7668093527659327,0.5499995665192543,11958.195659835616,52.341823387239664,151.1620693428627,,0.0,True,233,0,0,0.98,3,False,982,0.30000000000000004,0.9655394124337281,,6.553584099980071,2,2600,72.82404860001407
a10-scale,waxman-n250-load0.7-critical_link-centralised-deg4.0,waxman,250,0.7,critical_link,CENTRALISED,ecmp,0,10166544305259742928,0.4451500855395307,0.8472478282109345,0.5848194466055862,0.327816931868516,0.2310514253316255,7152.988430716981,66.21661100692852,152.19798669731625,0.0,0.0,False,0,0,0,0.98,3,False,982,0.0,0.9625562488738796,,8.683101399976294,2,2600,38.08891550000408
a10-scale,waxman-n250-load0.7-critical_link-centralised-deg4.0,waxman,250,0.7,critical_link,CENTRALISED,orbit,0,10166544305259742928,0.7053985738666574,0.923051806019766,0.8510138791743384,0.7668366983542402,0.33654862823477544,11334.846385117415,53.046614012367385,152.18814147798554,0.0,0.0,False,512,0,0,0.98,3,False,982,0.30000000000000004,0.9655394124337281,,5.296789699990768,2,2600,76.8686492999841
a10-scale,waxman-n250-load0.7-critical_link-centralised-deg4.0,waxman,250,0.7,critical_link,CENTRALISED,spf-reconverge,0,10166544305259742928,0.4451500855395307,0.8472478282109345,0.5848194466055862,0.327816931868516,0.2310514253316255,7152.988430716981,66.21661100692852,152.19798669731625,0.0,0.0,False,0,0,0,0.98,3,False,982,0.0,0.9625562488738796,,1.967987499985611,2,2600,30.55447339999955
a10-scale,waxman-n250-load0.7-critical_link-centralised-deg4.0,waxman,250,0.7,critical_link,CENTRALISED,spf-static,0,10166544305259742928,0.4451500855395307,0.8472478282109345,0.5848194466055862,0.327816931868516,0.2310514253316255,7152.988430716981,66.21661100692852,152.19798669731625,0.0,0.0,False,0,0,0,0.98,3,False,982,0.0,0.9625562488738796,,0.9814455000159796,2,2600,29.639351999998325
a10-scale,waxman-n250-load0.7-critical_link-centralised-deg4.0,waxman,250,0.7,critical_link,CENTRALISED,cspf,1,6010587077171609020,0.8795376639044502,0.9998865733738362,0.9499825398387567,0.8574928626036841,0.7668570873337978,11453.089053913873,22.14409777313609,101.62534819658038,0.0,0.0,False,294,0,0,0.98,3,False,968,0.30000000000000004,1.0,,6.433750300027896,2,30,92.8127026000002
a10-scale,waxman-n250-load0.7-critical_link-centralised-deg4.0,waxman,250,0.7,critical_link,CENTRALISED,ecmp,1,6010587077171609020,0.5088872979741864,0.945797742181006,0.729638500368304,0.31330313839601626,0.28534372157090476,6626.585513383007,56.56336667038127,153.6565320650988,0.0,0.0,False,20,0,0,0.98,3,False,968,0.30000000000000004,0.9973954561868247,,8.743310799996834,2,40,43.58436239999719
a10-scale,waxman-n250-load0.7-critical_link-centralised-deg4.0,waxman,250,0.7,critical_link,CENTRALISED,orbit,1,6010587077171609020,0.8533992235717669,0.9997683921494973,0.9699484774701955,0.8667674487492162,0.6336053451234617,11112.721725547639,22.26786223081076,101.08099205106588,0.0,0.0,False,489,2,0,0.98,3,False,968,0.30000000000000004,1.0,,4.240437000000384,2,30,94.75849639999797
a10-scale,waxman-n250-load0.7-critical_link-centralised-deg4.0,waxman,250,0.7,critical_link,CENTRALISED,spf-reconverge,1,6010587077171609020,0.5088872979741864,0.945797742181006,0.729638500368304,0.31330313839601626,0.28534372157090476,6626.585513383007,56.56336667038127,153.6565320650988,0.0,0.0,False,20,0,0,0.98,3,False,968,0.30000000000000004,0.9973954561868247,,1.9301583000342362,2,40,35.67893140000524
a10-scale,waxman-n250-load0.7-critical_link-centralised-deg4.0,waxman,250,0.7,critical_link,CENTRALISED,spf-static,1,6010587077171609020,0.5075468653626342,0.9258230637507626,0.7207361669158288,0.3230611849492946,0.2881182286876177,6609.13078153818,54.74324245072787,152.15004504829304,0.0,0.0,False,0,0,0,0.98,3,False,968,0.0,0.9727101740745061,,0.9746582999941893,2,2600,34.18560910000815
a10-scale,waxman-n250-load0.7-critical_link-centralised-deg4.0,waxman,250,0.7,critical_link,CENTRALISED,cspf,2,6447539338249769829,0.7668183617961598,0.9916924842281537,0.937715111349086,0.7415344162972043,0.5025230772211655,11884.693864720173,63.78347040630519,152.657977472069,0.0,0.0,False,169,0,0,0.98,3,False,982,0.30000000000000004,1.0118258774888134,,6.640337699995143,2,6,85.37196639998001
a10-scale,waxman-n250-load0.7-critical_link-centralised-deg4.0,waxman,250,0.7,critical_link,CENTRALISED,ecmp,2,6447539338249769829,0.49334084548289125,0.9766667595146467,0.6596654975228313,0.36147299586673926,0.2221536435379707,7646.14569973609,63.196169949759295,152.38818178147253,0.0,0.0,False,14,0,0,0.98,3,False,982,0.30000000000000004,1.0,,9.116725500032771,2,28,44.993473299982725
a10-scale,waxman-n250-load0.7-critical_link-centralised-deg4.0,waxman,250,0.7,critical_link,CENTRALISED,orbit,2,6447539338249769829,0.7569087760484665,0.9997262027676108,0.9907628746012762,0.8371109537810301,0.2799718989326394,11731.10808899401,54.20461077779472,152.08652287898846,0.0,0.0,False,511,2,0,0.98,3,False,982,0.30000000000000004,1.0,,4.711013799969805,2,6,93.57111190000433
a10-scale,waxman-n250-load0.7-critical_link-centralised-deg4.0,waxman,250,0.7,critical_link,CENTRALISED,spf-reconverge,2,6447539338249769829,0.49334084548289125,0.9766667595146467,0.6596654975228313,0.36147299586673926,0.2221536435379707,7646.14569973609,63.196169949759295,152.38818178147253,0.0,0.0,False,14,0,0,0.98,3,False,982,0.30000000000000004,1.0,,2.1695658000244293,2,28,37.115734299994074
a10-scale,waxman-n250-load0.7-critical_link-centralised-deg4.0,waxman,250,0.7,critical_link,CENTRALISED,spf-static,2,6447539338249769829,0.49477290720800055,0.9445794136626035,0.6623865324254047,0.3727392442050802,0.2291632857248755,7668.340806225769,62.91458966252733,151.60497184230164,0.0,0.0,False,0,0,0,0.98,3,False,982,0.0,0.9615190492961031,,1.0135805000027176,2,1820,35.62081580000813
a10-scale,waxman-n250-load0.7-critical_link-centralised-deg4.0,waxman,250,0.7,critical_link,CENTRALISED,cspf,3,8802981401566732785,0.8752270308610993,0.8950834049673295,0.888951569844187,0.8623025647458606,0.8676944680387402,13006.469621217564,19.242329197007763,101.0782149831642,0.0,0.0,False,268,0,0,0.98,3,False,1058,0.30000000000000004,0.9570142652123956,,6.785457899997709,2,2470,93.64348179998342
a10-scale,waxman-n250-load0.7-critical_link-centralised-deg4.0,waxman,250,0.7,critical_link,CENTRALISED,ecmp,3,8802981401566732785,0.5246433581676013,0.8507500189440196,0.6495628231079918,0.45315592172952607,0.30184954081245774,7796.557532354618,55.10586036048136,151.59472800041948,0.0,0.0,False,0,0,0,0.98,3,False,1058,0.0,0.952003902521493,,9.221739399974467,2,2470,44.03734519999125
a10-scale,waxman-n250-load0.7-critical_link-centralised-deg4.0,waxman,250,0.7,critical_link,CENTRALISED,orbit,3,8802981401566732785,0.8390143063641965,0.8956471758554286,0.9150240285300343,0.8489604934967031,0.7155231141865048,12468.323877927287,25.907896479486073,100.85730419138329,0.0,0.0,False,478,0,0,0.98,3,False,1058,0.30000000000000004,0.9530740397015496,,4.812878800003091,2,2470,93.51520589998108
a10-scale,waxman-n250-load0.7-critical_link-centralised-deg4.0,waxman,250,0.7,critical_link,CENTRALISED,spf-reconverge,3,8802981401566732785,0.5246433581676013,0.8507500189440196,0.6495628231079918,0.45315592172952607,0.30184954081245774,7796.557532354618,55.10586036048136,151.59472800041948,0.0,0.0,False,0,0,0,0.98,3,False,1058,0.0,0.952003902521493,,2.1115527000220027,2,2470,36.203004599985434
a10-scale,waxman-n250-load0.7-critical_link-centralised-deg4.0,waxman,250,0.7,critical_link,CENTRALISED,spf-static,3,8802981401566732785,0.5246433581676013,0.8507500189440196,0.6495628231079918,0.45315592172952607,0.30184954081245774,7796.557532354618,55.10586036048136,151.59472800041948,0.0,0.0,False,0,0,0,0.98,3,False,1058,0.0,0.952003902521493,,1.1117669999948703,2,2470,35.16694429999916
a10-scale,waxman-n250-load0.7-critical_link-centralised-deg4.0,waxman,250,0.7,critical_link,CENTRALISED,cspf,4,5654119956346873368,0.7752861796531071,0.9996604654960044,0.9300589589559382,0.6982645401175328,0.6160537149179196,12555.532826819102,57.835217992268724,152.0722665474204,0.0,0.0,False,204,0,0,0.98,3,False,1024,0.30000000000000004,1.0023203796792681,,6.587150199979078,2,6,85.47837559998152
a10-scale,waxman-n250-load0.7-critical_link-centralised-deg4.0,waxman,250,0.7,critical_link,CENTRALISED,ecmp,4,5654119956346873368,0.5243051093331894,0.9346009591074154,0.727262412614141,0.3816620888136785,0.3082485856736372,8490.967831320422,61.64666817550846,201.0191083790755,0.0,0.0,False,23,0,0,0.98,3,False,1024,0.30000000000000004,1.0,,9.160404099995503,2,46,46.0024517000129
a10-scale,waxman-n250-load0.7-critical_link-centralised-deg4.0,waxman,250,0.7,critical_link,CENTRALISED,orbit,4,5654119956346873368,0.7689667982781859,0.9998893970995617,0.9969800667676947,0.8253717285266357,0.368329956256459,12453.192294535253,44.26448000214342,151.2734761274386,0.0,0.0,False,482,0,0,0.98,3,False,1024,0.30000000000000004,1.0,,4.810936599969864,2,8,92.35222140001133
a10-scale,waxman-n250-load0.7-critical_link-centralised-deg4.0,waxman,250,0.7,critical_link,CENTRALISED,spf-reconverge,4,5654119956346873368,0.5243051093331894,0.9346009591074154,0.727262412614141,0.3816620888136785,0.3082485856736372,8490.967831320422,61.64666817550846,201.0191083790755,0.0,0.0,False,23,0,0,0.98,3,False,1024,0.30000000000000004,1.0,,2.0009837000106927,2,46,38.130357100017136
a10-scale,waxman-n250-load0.7-critical_link-centralised-deg4.0,waxman,250,0.7,critical_link,CENTRALISED,spf-static,4,5654119956346873368,0.5148638351122005,0.9123853240736935,0.6928645650416596,0.3938424253523931,0.30041597548846566,8338.069157876163,59.64990922358255,200.63401406178355,0.0,0.0,False,0,0,0,0.98,3,False,1024,0.0,0.9721546598078951,,1.0017389999993611,2,2990,35.71060960000614
a10-scale,waxman-n250-load0.7-critical_link-centralised-deg4.0,waxman,250,0.7,critical_link,CENTRALISED,cspf,5,5388103047838291071,0.6641846724029385,0.9648913630357182,0.8038985313751839,0.5872456516966762,0.4516883159980287,12009.409172322463,71.66930347927917,201.29930852145165,0.0,0.0,True,166,0,0,0.98,3,False,1002,0.30000000000000004,0.9793232101576667,,6.339188399986597,2,1820,70.95954979999806
a10-scale,waxman-n250-load0.7-critical_link-centralised-deg4.0,waxman,250,0.7,critical_link,CENTRALISED,ecmp,5,5388103047838291071,0.4498417507212634,0.8821403791359314,0.5758005174848552,0.3676352038666146,0.1791640266371958,8133.782472968785,67.74029715845181,200.899711085509,0.0,0.0,False,0,0,0,0.98,3,False,1002,0.0,0.981982193378499,,8.742424800002482,2,1820,38.09258399999817
a10-scale,waxman-n250-load0.7-critical_link-centralised-deg4.0,waxman,250,0.7,critical_link,CENTRALISED,orbit,5,5388103047838291071,0.6581358114818427,0.968885400000789,0.9366965084307413,0.6087582154042345,0.2642814027437235,11900.037112342374,62.12575083259701,152.65078219254718,0.0,0.0,False,522,0,0,0.98,3,False,1002,0.30000000000000004,0.9647542785254732,,5.183504800021183,2,1820,78.29617600000347
a10-scale,waxman-n250-load0.7-critical_link-centralised-deg4.0,waxman,250,0.7,critical_link,CENTRALISED,spf-reconverge,5,5388103047838291071,0.4498417507212634,0.8821403791359314,0.5758005174848552,0.3676352038666146,0.1791640266371958,8133.782472968785,67.74029715845181,200.899711085509,0.0,0.0,False,0,0,0,0.98,3,False,1002,0.0,0.981982193378499,,1.9202398000343237,2,1820,30.51777609999408
a10-scale,waxman-n250-load0.7-critical_link-centralised-deg4.0,waxman,250,0.7,critical_link,CENTRALISED,spf-static,5,5388103047838291071,0.4498417507212634,0.8821403791359314,0.5758005174848552,0.3676352038666146,0.1791640266371958,8133.782472968785,67.74029715845181,200.899711085509,0.0,0.0,False,0,0,0,0.98,3,False,1002,0.0,0.981982193378499,,1.0842527000058908,2,1820,29.492622200021287
a10-scale,waxman-n250-load0.7-critical_link-centralised-deg4.0,waxman,250,0.7,critical_link,CENTRALISED,cspf,6,15569173330254204064,0.6785129281889113,0.9661018542099868,0.8548128940634223,0.6228971424285279,0.4126422333284185,11239.56694008994,68.78028902809388,152.81749507173132,0.0,0.0,True,219,0,0,0.98,3,False,978,0.30000000000000004,0.9786962283745089,,6.419184600003064,2,10,72.09068829999887
a10-scale,waxman-n250-load0.7-critical_link-centralised-deg4.0,waxman,250,0.7,critical_link,CENTRALISED,ecmp,6,15569173330254204064,0.47646473960892266,0.9003195313682896,0.6209696994547371,0.35756358638077174,0.24633409902156886,7892.638611501887,67.45467134684907,201.40358368116523,0.0,0.0,False,14,0,0,0.98,3,False,978,0.30000000000000004,1.0,,8.737173500005156,2,28,42.30815200001234
a10-scale,waxman-n250-load0.7-critical_link-centralised-deg4.0,waxman,250,0.7,critical_link,CENTRALISED,orbit,6,15569173330254204064,0.6859602647259047,0.9880923336861392,0.9339160613278041,0.6769777854861293,0.27762825816095466,11362.932072949441,64.02765777135782,152.6839688365744,0.0,0.0,False,527,0,0,0.98,3,False,978,0.30000000000000004,1.0,,5.040007499977946,2,8,81.91194439999526
a10-scale,waxman-n250-load0.7-critical_link-centralised-deg4.0,waxman,250,0.7,critical_link,CENTRALISED,spf-reconverge,6,15569173330254204064,0.47646473960892266,0.9003195313682896,0.6209696994547371,0.35756358638077174,0.24633409902156886,7892.638611501887,67.45467134684907,201.40358368116523,0.0,0.0,False,14,0,0,0.98,3,False,978,0.30000000000000004,1.0,,1.8922293999930844,2,28,34.639150900009554
a10-scale,waxman-n250-load0.7-critical_link-centralised-deg4.0,waxman,250,0.7,critical_link,CENTRALISED,spf-static,6,15569173330254204064,0.47619770976787734,0.8823516812087128,0.6159173387961806,0.36284483488022906,0.2536703372024801,7888.21526207295,65.23585956261789,201.0916876549201,0.0,0.0,False,0,0,0,0.98,3,False,978,0.0,0.9766199557160898,,0.9416575999930501,2,1820,32.45639629999641
a10-scale,waxman-n250-load0.7-critical_link-centralised-deg4.0,waxman,250,0.7,critical_link,CENTRALISED,cspf,7,14869694748452610117,0.6402805401771071,0.999219802272717,0.8286403601353928,0.5879916822150886,0.33575206404642405,11589.42489271884,74.93502491337085,201.39959267805463,0.0,0.0,True,217,0,0,0.98,3,False,1004,0.30000000000000004,1.0044049403162008,,6.364506300014909,2,6,71.70824599999469
a10-scale,waxman-n250-load0.7-critical_link-centralised-deg4.0,waxman,250,0.7,critical_link,CENTRALISED,ecmp,7,14869694748452610117,0.4396916615663559,0.9059240917903069,0.5568682336045637,0.36249386211897977,0.18066870106624008,7958.65744454532,65.59999565851294,152.19979264825943,0.0,0.0,False,18,0,0,0.98,3,False,1004,0.30000000000000004,0.991337963033754,,8.764412599994102,2,36,38.450287800020305
a10-scale,waxman-n250-load0.7-critical_link-centralised-deg4.0,waxman,250,0.7,critical_link,CENTRALISED,orbit,7,14869694748452610117,0.6574077828333291,0.9998291006895524,0.964780561917104,0.6109042639500551,0.23837716240414022,11899.43726999451,65.73600492409999,153.09118814605813,0.0,0.0,False,530,0,0,0.98,3,False,1004,0.30000000000000004,1.0,,5.065620999987004,2,8,81.4434238000249
a10-scale,waxman-n250-load0.7-critical_link-centralised-deg4.0,waxman,250,0.7,critical_link,CENTRALISED,spf-reconverge,7,14869694748452610117,0.4396916615663559,0.9059240917903069,0.5568682336045637,0.36249386211897977,0.18066870106624008,7958.65744454532,65.59999565851294,152.19979264825943,0.0,0.0,False,18,0,0,0.98,3,False,1004,0.30000000000000004,0.991337963033754,,1.899288799992064,2,36,30.463898299989523
a10-scale,waxman-n250-load0.7-critical_link-centralised-deg4.0,waxman,250,0.7,critical_link,CENTRALISED,spf-static,7,14869694748452610117,0.43438389786428344,0.8970732024315915,0.5409908031159484,0.36093529288031856,0.18231679527485284,7862.584044038015,65.11821300124141,152.48228444350684,0.0,0.0,False,0,0,0,0.98,3,False,1004,0.0,0.979976415013225,,0.9590595999907237,2,2340,28.72286759997951
a10-scale,waxman-n250-load0.7-critical_link-centralised-deg4.0,waxman,250,0.7,critical_link,CENTRALISED,cspf,8,9110888795650629634,0.7165051868679263,0.9997726242983115,0.8773567284603712,0.6531984602543272,0.46120464729931304,11668.182852226835,66.97954854820748,153.19127503916178,0.0,0.0,False,221,0,0,0.98,3,False,986,0.30000000000000004,1.0015526960024879,,6.603678100014804,2,4,78.01716909999959
a10-scale,waxman-n250-load0.7-critical_link-centralised-deg4.0,waxman,250,0.7,critical_link,CENTRALISED,ecmp,8,9110888795650629634,0.47828435709981576,0.8993195180959005,0.5677269576596724,0.40340829481229395,0.23007876360343285,7788.791255504339,70.37431660698081,153.99373226157746,0.0,0.0,True,18,0,0,0.98,3,False,986,0.30000000000000004,0.9880028813020312,,8.858396499999799,2,36,41.49292879999848
a10-scale,waxman-n250-load0.7-critical_link-centralised-deg4.0,waxman,250,0.7,critical_link,CENTRALISED,orbit,8,9110888795650629634,0.6913131530614026,0.9997161924970418,0.961486562591634,0.660793836843189,0.2551039271741727,11257.934242361318,62.21463687390232,153.53987257094496,0.0,0.0,True,525,0,0,0.98,3,False,986,0.30000000000000004,1.0,,4.954269400011981,2,6,82.55195389999426
a10-scale,waxman-n250-load0.7-critical_link-centralised-deg4.0,waxman,250,0.7,critical_link,CENTRALISED,spf-reconverge,8,9110888795650629634,0.47828435709981576,0.8993195180959005,0.5677269576596724,0.40340829481229395,0.23007876360343285,7788.791255504339,70.37431660698081,153.99373226157746,0.0,0.0,True,18,0,0,0.98,3,False,986,0.30000000000000004,0.9880028813020312,,1.8083542000094894,2,36,33.93549219999113
a10-scale,waxman-n250-load0.7-critical_link-centralised-deg4.0,waxman,250,0.7,critical_link,CENTRALISED,spf-static,8,9110888795650629634,0.4761722449011318,0.8820197446714851,0.5636676603898927,0.3912908916515823,0.25435304209263065,7754.3958152614105,69.03956743824946,152.68741171082098,0.0,0.0,False,0,0,0,0.98,3,False,986,0.0,0.9657011822226811,,0.8966924999840558,2,2340,32.356999799987534
a10-scale,waxman-n250-load0.7-critical_link-centralised-deg4.0,waxman,250,0.7,critical_link,CENTRALISED,cspf,9,14868086359397256996,0.7103507869987421,0.9940456783921836,0.8364776519577393,0.7013035171360211,0.4432579710381105,13617.89644796209,64.65684987581291,153.0596099032197,0.0,0.0,False,238,0,0,0.98,3,False,1076,0.30000000000000004,1.0038230205862182,,6.585745799995493,2,8,80.4791243999789
a10-scale,waxman-n250-load0.7-critical_link-centralised-deg4.0,waxman,250,0.7,critical_link,CENTRALISED,ecmp,9,14868086359397256996,0.4770331189448829,0.8668235000757974,0.6024343043661827,0.4042708719621354,0.2396100473812292,9145.041766598762,64.01387539394392,151.9247874913418,0.0,0.0,False,10,0,0,0.98,3,False,1076,0.30000000000000004,1.0092977583611296,,9.511208700016141,2,20,41.200998899992555
a10-scale,waxman-n250-load0.7-critical_link-centralised-deg4.0,waxman,250,0.7,critical_link,CENTRALISED,orbit,9,14868086359397256996,0.6992339017881158,0.9998504046450031,0.970378268407891,0.7266054982329013,0.2379870442208277,13404.77837391615,52.829877223292144,152.4583565236332,0.0,0.0,False,509,0,0,0.98,3,False,1076,0.30000000000000004,1.0,,5.288999699987471,2,8,87.23476940000546
a10-scale,waxman-n250-load0.7-critical_link-centralised-deg4.0,waxman,250,0.7,critical_link,CENTRALISED,spf-reconverge,9,14868086359397256996,0.4770331189448829,0.8668235000757974,0.6024343043661827,0.4042708719621354,0.2396100473812292,9145.041766598762,64.01387539394392,151.9247874913418,0.0,0.0,False,10,0,0,0.98,3,False,1076,0.30000000000000004,1.0092977583611296,,2.079282000020612,2,20,33.306990199984284
a10-scale,waxman-n250-load0.7-critical_link-centralised-deg4.0,waxman,250,0.7,critical_link,CENTRALISED,spf-static,9,14868086359397256996,0.47507612540227095,0.8600001836824953,0.6021373607793137,0.4017249499401731,0.23979771085875753,9107.524900424492,63.34170153174934,151.92478749134182,0.0,0.0,False,0,0,0,0.98,3,False,1076,0.0,1.0,,0.9848844000371173,2,1300,31.925496200012276
a10-scale,waxman-n250-load0.7-critical_link-centralised-deg4.0,waxman,250,0.7,critical_link,CENTRALISED,cspf,10,4040806211685156841,0.7936612892952343,0.9998175156678203,0.9210549445877488,0.7531654838167727,0.5936160313126614,11376.132067104314,57.567666856843886,152.2010510801336,0.0,0.0,False,247,0,0,0.98,3,False,966,0.30000000000000004,1.0000000000000002,,6.16563989999122,2,8,88.77330639999127
a10-scale,waxman-n250-load0.7-critical_link-centralised-deg4.0,waxman,250,0.7,critical_link,CENTRALISED,ecmp,10,4040806211685156841,0.5089687822452031,0.9566694373122482,0.6455873580500696,0.3741700537070896,0.294846999567644,7295.424588486928,62.54937528350872,200.90621469109323,0.0,0.0,False,22,0,0,0.98,3,False,966,0.30000000000000004,1.0086435699262304,,8.658719099999871,2,44,43.14142170001287
a10-scale,waxman-n250-load0.7-critical_link-centralised-deg4.0,waxman,250,0.7,critical_link,CENTRALISED,orbit,10,4040806211685156841,0.815231077172168,1.0,0.9636980793999899,0.885632840916248,0.4440736495995397,11685.3077303968,35.98246612856896,103.48365222123971,0.0,0.0,False,478,0,0,0.98,3,False,966,0.30000000000000004,1.0000000000000002,,4.315607099968474,2,6,94.5241472000198
a10-scale,waxman-n250-load0.7-critical_link-centralised-deg4.0,waxman,250,0.7,critical_link,CENTRALISED,spf-reconverge,10,4040806211685156841,0.5089687822452031,0.9566694373122482,0.6455873580500696,0.3741700537070896,0.294846999567644,7295.424588486928,62.54937528350872,200.90621469109323,0.0,0.0,False,22,0,0,0.98,3,False,966,0.30000000000000004,1.0086435699262304,,1.948006799997529,2,44,35.08321959999739
a10-scale,waxman-n250-load0.7-critical_link-centralised-deg4.0,waxman,250,0.7,critical_link,CENTRALISED,spf-static,10,4040806211685156841,0.5062314820411005,0.9312763195549233,0.6336114547576979,0.3761106015067428,0.3085811142041012,7256.188847687681,63.46635137698399,201.05266404452735,0.0,0.0,False,0,0,0,0.98,3,False,966,0.0,0.9773181752998984,,0.9580754000053275,2,2860,32.64009920001263
a10-scale,waxman-n250-load0.7-critical_link-centralised-deg4.0,waxman,250,0.7,critical_link,CENTRALISED,cspf,11,9808705020298616543,0.7071718847216854,0.9809387578837659,0.8538964892021852,0.6701248123444288,0.45726392968751417,11081.850251085289,72.60390428929738,154.8706873681259,0.0,0.0,False,246,0,0,0.98,3,False,948,0.30000000000000004,1.0037891727460153,,6.221763800014742,2,8,76.4463799999794
a10-scale,waxman-n250-load0.7-critical_link-centralised-deg4.0,waxman,250,0.7,critical_link,CENTRALISED,ecmp,11,9808705020298616543,0.4396868923636896,0.8308474030125977,0.4899616828443581,0.33362943566329384,0.3068314614617133,6890.183848947986,65.35706373699884,153.39075394071693,0.0,0.0,False,21,0,0,0.98,3,False,948,0.30000000000000004,1.002960737041383,,8.486051700019743,2,42,36.072399599972414
a10-scale,waxman-n250-load0.7-critical_link-centralised-deg4.0,waxman,250,0.7,critical_link,CENTRALISED,orbit,11,9808705020298616543,0.700577189369985,0.9998427774822713,0.9913657907212363,0.6824078834951935,0.27327150644722226,10978.507021641384,65.81688389698415,155.36955397614926,0.0,0.0,False,511,0,0,0.98,3,False,948,0.30000000000000004,1.0,,4.681106800009729,2,4,87.75725630001398
a10-scale,waxman-n250-load0.7-critical_link-centralised-deg4.0,waxman,250,0.7,critical_link,CENTRALISED,spf-reconverge,11,9808705020298616543,0.4396868923636896,0.8308474030125977,0.4899616828443581,0.33362943566329384,0.3068314614617133,6890.183848947986,65.35706373699884,153.39075394071693,0.0,0.0,False,21,0,0,0.98,3,False,948,0.30000000000000004,1.002960737041383,,1.8266817000112496,2,42,28.753496799996356
a10-scale,waxman-n250-load0.7-critical_link-centralised-deg4.0,waxman,250,0.7,critical_link,CENTRALISED,spf-static,11,9808705020298616543,0.4371878184373396,0.8347076838323952,0.4678109074160578,0.3313412127622023,0.31881560517322116,6851.021710836258,65.0749864321525,153.4314712349699,0.0,0.0,False,0,0,0,0.98,3,False,948,0.0,1.002960737041383,,0.9008663999848068,2,2730,27.523295399994822
a10-scale,waxman-n250-load0.7-critical_link-centralised-deg4.0,waxman,250,0.7,critical_link,CENTRALISED,cspf,12,17098727753720512173,0.759922428656219,0.991352918944148,0.8769622764620579,0.6970531641563306,0.5910983731466892,11629.105627952695,59.21061221191328,152.35262368396087,0.0,0.0,False,261,0,0,0.98,3,False,978,0.30000000000000004,1.0046560337785944,,6.353298200032441,2,14,80.58627480000723
a10-scale,waxman-n250-load0.7-critical_link-centralised-deg4.0,waxman,250,0.7,critical_link,CENTRALISED,ecmp,12,17098727753720512173,0.4521327855229292,0.8790132568252512,0.576543570037888,0.323448353961348,0.2520521806644939,6918.995574330184,57.225670106645026,152.0511509776398,0.0,0.0,False,24,0,0,0.98,3,False,978,0.30000000000000004,1.0,,8.771441799995955,2,48,36.37589339999249
a10-scale,waxman-n250-load0.7-critical_link-centralised-deg4.0,waxman,250,0.7,critical_link,CENTRALISED,orbit,12,17098727753720512173,0.749312254290531,0.9922379206047052,0.934532088855913,0.8127196395912619,0.3184284108562099,11466.737952283787,48.41346043281929,151.3251457278105,0.0,0.0,True,497,2,0,0.98,3,False,978,0.30000000000000004,1.0,,4.731648099987069,2,14,86.41047790000448
a10-scale,waxman-n250-load0.7-critical_link-centralised-deg4.0,waxman,250,0.7,critical_link,CENTRALISED,spf-reconverge,12,17098727753720512173,0.4521327855229292,0.8790132568252512,0.576543570037888,0.323448353961348,0.2520521806644939,6918.995574330184,57.225670106645026,152.0511509776398,0.0,0.0,False,24,0,0,0.98,3,False,978,0.30000000000000004,1.0,,1.9631286000076216,2,48,28.67284769998514
a10-scale,waxman-n250-load0.7-critical_link-centralised-deg4.0,waxman,250,0.7,critical_link,CENTRALISED,spf-static,12,17098727753720512173,0.4473128046943119,0.8697255244271243,0.5713312813016715,0.3186162949151821,0.2504063998698947,6845.235327143093,56.52754932495613,151.86360375704035,0.0,0.0,False,0,0,0,0.98,3,False,978,0.0,0.9876199082203778,,0.9990519999992102,2,3120,27.02885510001215
a10-scale,waxman-n250-load0.7-critical_link-centralised-deg4.0,waxman,250,0.7,critical_link,CENTRALISED,cspf,13,1580054532654866944,0.7758931974621125,0.971974793834249,0.9008596475917927,0.7365011747690328,0.5905483731052441,10853.52821961089,52.82999104441581,110.76890701484413,0.0,0.0,False,296,0,0,0.98,3,False,952,0.30000000000000004,0.9713616143613232,,6.30407489996287,2,2210,82.14765800000168
a10-scale,waxman-n250-load0.7-critical_link-centralised-deg4.0,waxman,250,0.7,critical_link,CENTRALISED,ecmp,13,1580054532654866944,0.4634956490721186,0.9226226253316181,0.5489048550881747,0.35991128178197046,0.2541169018341935,6483.576764592979,59.49720876465231,151.54988900785878,0.0,0.0,False,0,0,0,0.98,3,False,952,0.0,0.969772958423754,,8.342087800003355,2,2210,38.32813179999357
a10-scale,waxman-n250-load0.7-critical_link-centralised-deg4.0,waxman,250,0.7,critical_link,CENTRALISED,orbit,13,1580054532654866944,0.7807799434106232,0.9751800657798138,0.9172225766736094,0.8604927594064445,0.4138796537464817,10921.886126636902,41.30540091697386,105.267728747659,0.0,0.0,False,485,0,0,0.98,3,False,952,0.30000000000000004,0.9713616143613232,,4.442136400000891,2,2210,87.99153600001591
a10-scale,waxman-n250-load0.7-critical_link-centralised-deg4.0,waxman,250,0.7,critical_link,CENTRALISED,spf-reconverge,13,1580054532654866944,0.4634956490721186,0.9226226253316181,0.5489048550881747,0.35991128178197046,0.2541169018341935,6483.576764592979,59.49720876465231,151.54988900785878,0.0,0.0,False,0,0,0,0.98,3,False,952,0.0,0.969772958423754,,1.8942183000035584,2,2210,30.98903060000157
a10-scale,waxman-n250-load0.7-critical_link-centralised-deg4.0,waxman,250,0.7,critical_link,CENTRALISED,spf-static,13,1580054532654866944,0.4634956490721186,0.9226226253316181,0.5489048550881747,0.35991128178197046,0.2541169018341935,6483.576764592979,59.49720876465231,151.54988900785878,0.0,0.0,False,0,0,0,0.98,3,False,952,0.0,0.969772958423754,,0.9739273999875877,2,2210,30.143770599999698
a10-scale,waxman-n250-load0.7-critical_link-centralised-deg4.0,waxman,250,0.7,critical_link,CENTRALISED,cspf,14,14249414917406729232,0.653213819308211,0.974444876822313,0.8009748122739682,0.6332299428025486,0.3328718792936341,11744.746227254878,72.55571559074627,153.61474002479036,0.0,0.0,True,247,0,0,0.98,3,False,1010,0.30000000000000004,1.0042657054693886,,6.593650399998296,2,4,71.95055270000012
a10-scale,waxman-n250-load0.7-critical_link-centralised-deg4.0,waxman,250,0.7,critical_link,CENTRALISED,ecmp,14,14249414917406729232,0.4108270367343334,0.88349417227436,0.511819830327058,0.30404984694871867,0.17496941674189206,7386.646067668722,69.11023168721754,201.44979316421052,0.0,0.0,False,11,0,0,0.98,3,False,1010,0.30000000000000004,1.0,,9.028757099993527,2,22,36.50037379999412
a10-scale,waxman-n250-load0.7-critical_link-centralised-deg4.0,waxman,250,0.7,critical_link,CENTRALISED,orbit,14,14249414917406729232,0.6723873014778099,0.9806282491027019,0.9666113561231073,0.6369493747507518,0.23138651427525228,12089.484314108615,66.19144931104287,152.7214675724694,0.0,0.0,False,529,0,0,0.98,3,False,1010,0.30000000000000004,1.0,,5.2534731999912765,2,4,85.81654970001546
a10-scale,waxman-n250-load0.7-critical_link-centralised-deg4.0,waxman,250,0.7,critical_link,CENTRALISED,spf-reconverge,14,14249414917406729232,0.4108270367343334,0.88349417227436,0.511819830327058,0.30404984694871867,0.17496941674189206,7386.646067668722,69.11023168721754,201.44979316421052,0.0,0.0,False,11,0,0,0.98,3,False,1010,0.30000000000000004,1.0,,1.8935816000157502,2,22,28.36099619997549
a10-scale,waxman-n250-load0.7-critical_link-centralised-deg4.0,waxman,250,0.7,critical_link,CENTRALISED,spf-static,14,14249414917406729232,0.4090803950041501,0.8685801571018696,0.5033030828937686,0.31065185170776655,0.17590145843574226,7355.241551621187,68.21486848105646,201.44979316421052,0.0,0.0,False,0,0,0,0.98,3,False,1010,0.0,0.9802231260327059,,0.9467894999834243,2,1430,27.252719800017076
a10-scale,waxman-n250-load0.7-critical_link-centralised-deg4.0,waxman,250,0.7,critical_link,CENTRALISED,cspf,15,9283709681587952805,0.7286879388702774,0.9647375439824116,0.8751855258762766,0.6953118999059505,0.4865679539833037,10544.62149508779,66.30780610059517,152.7583378224164,0.0,0.0,False,234,0,0,0.98,3,False,938,0.30000000000000004,1.000335992497767,,6.432084800006123,2,10,84.66204149997793
a10-scale,waxman-n250-load0.7-critical_link-centralised-deg4.0,waxman,250,0.7,critical_link,CENTRALISED,ecmp,15,9283709681587952805,0.48664087919317195,0.894526994955966,0.5278271765855708,0.42928786532336244,0.27843997821617444,7042.032125691945,61.33916945379138,201.03672594299306,0.0,0.0,False,21,0,0,0.98,3,False,938,0.30000000000000004,0.9999999999999999,,8.522143999987748,2,42,41.90748189997976
a10-scale,waxman-n250-load0.7-critical_link-centralised-deg4.0,waxman,250,0.7,critical_link,CENTRALISED,orbit,15,9283709681587952805,0.7321967414105797,0.9666065444251705,0.9106340608050796,0.8112860234056616,0.29743749739569775,10595.396309263871,56.509190107552506,152.47346737210353,0.0,0.0,False,507,0,0,0.98,3,False,938,0.30000000000000004,1.0,,4.6889242000179365,2,10,88.50325489998795
a10-scale,waxman-n250-load0.7-critical_link-centralised-deg4.0,waxman,250,0.7,critical_link,CENTRALISED,spf-reconverge,15,9283709681587952805,0.48664087919317195,0.894526994955966,0.5278271765855708,0.42928786532336244,0.27843997821617444,7042.032125691945,61.33916945379138,201.03672594299306,0.0,0.0,False,21,0,0,0.98,3,False,938,0.30000000000000004,0.9999999999999999,,1.852135900000576,2,42,34.49971919998643
a10-scale,waxman-n250-load0.7-critical_link-centralised-deg4.0,waxman,250,0.7,critical_link,CENTRALISED,spf-static,15,9283709681587952805,0.48511650633876147,0.8893528487053326,0.5055046739139035,0.43016162549954,0.29636724690158517,7019.9733898329905,62.11632112789192,201.03672594299306,0.0,0.0,False,0,0,0,0.98,3,False,938,0.0,0.9932222227889861,,0.9182542999915313,2,2730,34.02721069997642
a10-scale,waxman-n250-load0.7-critical_link-centralised-deg4.0,waxman,250,0.7,critical_link,CENTRALISED,cspf,16,356417061997783365,0.7164113658528549,0.9505464562419641,0.8729793156796396,0.6605936069852358,0.49673346858334133,12564.82873123219,58.126677292236465,152.38254939294254,0.0,0.0,False,205,0,0,0.98,3,False,1030,0.30000000000000004,0.9982163003886032,,6.530870899965521,2,8,75.77720929999487
a10-scale,waxman-n250-load0.7-critical_link-centralised-deg4.0,waxman,250,0.7,critical_link,CENTRALISED,ecmp,16,356417061997783365,0.4639569992711351,0.785155601151652,0.6068798781949987,0.3804988701617628,0.24163156808439384,8137.140911434913,65.67169393928108,151.41213170197938,0.0,0.0,False,14,0,0,0.98,3,False,1030,0.30000000000000004,0.9864738629432526,,9.357130699994741,2,28,38.94304959999863
a10-scale,waxman-n250-load0.7-critical_link-centralised-deg4.0,waxman,250,0.7,critical_link,CENTRALISED,orbit,16,356417061997783365,0.6752807689626537,0.9843853549544582,0.9386102338289173,0.6752071275100711,0.22755460350826678,11843.457002402198,60.09625217151273,153.79048335757557,0.0,0.0,False,509,0,0,0.98,3,False,1030,0.30000000000000004,1.0,,5.180339400016237,2,6,85.42104990000371
a10-scale,waxman-n250-load0.7-critical_link-centralised-deg4.0,waxman,250,0.7,critical_link,CENTRALISED,spf-reconverge,16,356417061997783365,0.4639569992711351,0.785155601151652,0.6068798781949987,0.3804988701617628,0.24163156808439384,8137.140911434913,65.67169393928108,151.41213170197938,0.0,0.0,False,14,0,0,0.98,3,False,1030,0.30000000000000004,0.9864738629432526,,2.0382437000225764,2,28,30.932817100023385
a10-scale,waxman-n250-load0.7-critical_link-centralised-deg4.0,waxman,250,0.7,critical_link,CENTRALISED,spf-static,16,356417061997783365,0.46096697814327775,0.7719735319797691,0.5972680019036883,0.3739093972335377,0.25645433246244975,8084.700225587379,65.02574514723439,151.31453523777608,0.0,0.0,False,0,0,0,0.98,3,False,1030,0.0,0.9670348562176955,,0.9849666000227444,2,1820,29.350874800002202
a10-scale,waxman-n250-load0.7-critical_link-centralised-deg4.0,waxman,250,0.7,critical_link,CENTRALISED,cspf,17,9706434964205903877,0.7433284491965249,0.9904216827359336,0.8361634045650567,0.7093723464807671,0.554042742718054,13820.757241773532,62.49231334560341,151.9262292210463,0.0,0.0,False,251,0,0,0.98,3,False,1100,0.30000000000000004,1.0,,6.678862199973082,2,6,83.18461130000651
a10-scale,waxman-n250-load0.7-critical_link-centralised-deg4.0,waxman,250,0.7,critical_link,CENTRALISED,ecmp,17,9706434964205903877,0.42038897534141817,0.806253900147564,0.5245929574978072,0.2601943529883507,0.3105650860936345,7816.321279767887,60.63170669558014,151.76040901331487,0.0,0.0,False,32,0,0,0.98,3,False,1100,0.30000000000000004,1.0078076046711986,,9.775860399968224,2,64,35.440510599990375
a10-scale,waxman-n250-load0.7-critical_link-centralised-deg4.0,waxman,250,0.7,critical_link,CENTRALISED,orbit,17,9706434964205903877,0.7496411716295605,0.9957350292236694,0.9840148546051197,0.7722915886843051,0.34785432868782556,13938.130126365786,50.65066495670485,151.33838997896154,0.0,0.0,False,527,0,0,0.98,3,False,1100,0.30000000000000004,0.99531527021743,,5.412542999983998,2,6,88.66963980000583
a10-scale,waxman-n250-load0.7-critical_link-centralised-deg4.0,waxman,250,0.7,critical_link,CENTRALISED,spf-reconverge,17,9706434964205903877,0.42038897534141817,0.806253900147564,0.5245929574978072,0.2601943529883507,0.3105650860936345,7816.321279767887,60.63170669558014,151.76040901331487,0.0,0.0,False,32,0,0,0.98,3,False,1100,0.30000000000000004,1.0078076046711986,,2.126770100003341,2,64,26.774638100003358
a10-scale,waxman-n250-load0.7-critical_link-centralised-deg4.0,waxman,250,0.7,critical_link,CENTRALISED,spf-static,17,9706434964205903877,0.4091439070979598,0.7811783664397985,0.5398109449076998,0.24776350834256053,0.2838084185884059,7607.24094855225,62.80509943058846,152.19370550264918,0.0,0.0,False,0,0,0,0.98,3,False,1100,0.0,0.9711319863898905,,1.0391031999897677,2,4160,24.189981599978637
a10-scale,waxman-n250-load0.7-critical_link-centralised-deg4.0,waxman,250,0.7,critical_link,CENTRALISED,cspf,18,15907627558632938591,0.723849869502858,0.9733200457101644,0.8740218999508695,0.6596627744029293,0.5202576259380315,13103.024043912517,62.83332937763451,152.33466917085588,0.0,0.0,True,241,0,0,0.98,3,False,1076,0.30000000000000004,0.9954508024125842,,6.933797999983653,2,6,81.02136340001016
a10-scale,waxman-n250-load0.7-critical_link-centralised-deg4.0,waxman,250,0.7,critical_link,CENTRALISED,ecmp,18,15907627558632938591,0.48775695153305154,0.8974822564424029,0.5467755637246077,0.4087717761894504,0.29939672100663073,8829.304711918323,59.24346644729534,151.96925875568976,0.0,0.0,False,9,0,0,0.98,3,False,1076,0.30000000000000004,1.0038578247915966,,9.676734100008616,2,18,42.857411700009834
a10-scale,waxman-n250-load0.7-critical_link-centralised-deg4.0,waxman,250,0.7,critical_link,CENTRALISED,orbit,18,15907627558632938591,0.7319436426306248,0.9789246322255235,0.975567446927109,0.7971305761683832,0.26467605379684905,13249.536336540186,49.83781253583932,106.48298715167009,0.0,0.0,False,494,0,0,0.98,3,False,1076,0.30000000000000004,1.0,,5.066171200014651,2,4,90.31391150000854
a10-scale,waxman-n250-load0.7-critical_link-centralised-deg4.0,waxman,250,0.7,critical_link,CENTRALISED,spf-reconverge,18,15907627558632938591,0.48775695153305154,0.8974822564424029,0.5467755637246077,0.4087717761894504,0.29939672100663073,8829.304711918323,59.24346644729534,151.96925875568976,0.0,0.0,False,9,0,0,0.98,3,False,1076,0.30000000000000004,1.0038578247915966,,2.098290399997495,2,18,34.063759799988475
a10-scale,waxman-n250-load0.7-critical_link-centralised-deg4.0,waxman,250,0.7,critical_link,CENTRALISED,spf-static,18,15907627558632938591,0.4837258615517618,0.8829697702047652,0.5389085812851088,0.4107128834396155,0.2971031733319936,8756.334513022948,60.202304045289395,152.009372674086,0.0,0.0,False,0,0,0,0.98,3,False,1076,0.0,0.9848497932767771,,1.023428500018781,2,1170,32.72245119998115
a10-scale,waxman-n250-load0.7-critical_link-centralised-deg4.0,waxman,250,0.7,critical_link,CENTRALISED,cspf,19,9862740871719543136,0.7528688768425426,0.9803523525965452,0.9145992985158422,0.6757621928750114,0.5480122408380477,12800.264270543723,63.74935452995969,154.29519366616478,0.0,0.0,False,206,0,0,0.98,3,False,1024,0.30000000000000004,0.9988178389332835,,6.460909600020386,2,8,87.1796279999835
a10-scale,waxman-n250-load0.7-critical_link-centralised-deg4.0,waxman,250,0.7,critical_link,CENTRALISED,ecmp,19,9862740871719543136,0.48341265584358906,0.9250898714848317,0.5303084176993207,0.35161183934682555,0.3293125069994629,8218.97402968018,71.35275064379668,201.0765149656483,0.0,0.0,False,13,0,0,0.98,3,False,1024,0.30000000000000004,0.9970930571763753,,9.18661809997866,2,26,42.43971710000187
a10-scale,waxman-n250-load0.7-critical_link-centralised-deg4.0,waxman,250,0.7,critical_link,CENTRALISED,orbit,19,9862740871719543136,0.7209731819916635,0.9997758573200146,0.9950224607379706,0.7383036148983227,0.24365929617770735,12257.974190900464,59.23945314030214,152.2388150739908,0.0,0.0,False,512,0,0,0.98,3,False,1024,0.30000000000000004,1.0,,4.7729074000089895,2,6,91.50455450001755
a10-scale,waxman-n250-load0.7-critical_link-centralised-deg4.0,waxman,250,0.7,critical_link,CENTRALISED,spf-reconverge,19,9862740871719543136,0.48341265584358906,0.9250898714848317,0.5303084176993207,0.35161183934682555,0.3293125069994629,8218.97402968018,71.35275064379668,201.0765149656483,0.0,0.0,False,13,0,0,0.98,3,False,1024,0.30000000000000004,0.9970930571763753,,1.9623818000254687,2,26,34.31347110000206
a10-scale,waxman-n250-load0.7-critical_link-centralised-deg4.0,waxman,250,0.7,critical_link,CENTRALISED,spf-static,19,9862740871719543136,0.4810938299839123,0.9014061704914466,0.527673986114854,0.35827745288190205,0.3289856610086696,8179.549390524267,72.17121730633231,200.89800779956468,0.0,0.0,False,0,0,0,0.98,3,False,1024,0.0,0.9671788347198831,,0.9966948999790475,2,1690,34.06048409998766
a10-scale,waxman-n250-load0.7-critical_link-centralised-deg4.0,waxman,250,0.7,critical_link,CENTRALISED,cspf,20,3365942244346653497,0.7396991465486962,0.9998227728578915,0.8891976867784557,0.7087915591975861,0.47289176843861225,11561.518237628692,62.84605971497241,152.7072694901134,0.0,0.0,False,251,0,0,0.98,3,False,972,0.30000000000000004,1.0,,6.501421900000423,2,4,77.96078049999778
a10-scale,waxman-n250-load0.7-critical_link-centralised-deg4.0,waxman,250,0.7,critical_link,CENTRALISED,ecmp,20,3365942244346653497,0.4834093694145034,0.8734915475892822,0.6424315241604428,0.3599181934190869,0.25633408893296356,7555.701891510068,65.2914009672211,151.76326288632401,0.0,0.0,False,21,0,0,0.98,3,False,972,0.30000000000000004,0.9739359486627203,,8.600386899983278,2,42,40.31544340000255
a10-scale,waxman-n250-load0.7-critical_link-centralised-deg4.0,waxman,250,0.7,critical_link,CENTRALISED,orbit,20,3365942244346653497,0.7283266724615259,0.9997631580364303,0.9488408443778182,0.8102710168498332,0.22642641115634526,11383.766151284866,53.99221462331487,152.13917191565378,0.0,0.0,False,490,0,0,0.98,3,False,972,0.30000000000000004,1.0,,4.779669200011995,2,4,88.38520730001619
a10-scale,waxman-n250-load0.7-critical_link-centralised-deg4.0,waxman,250,0.7,critical_link,CENTRALISED,spf-reconverge,20,3365942244346653497,0.4834093694145034,0.8734915475892822,0.6424315241604428,0.3599181934190869,0.25633408893296356,7555.701891510068,65.2914009672211,151.76326288632401,0.0,0.0,False,21,0,0,0.98,3,False,972,0.30000000000000004,0.9739359486627203,,1.8219028000021353,2,42,32.56513480001013
a10-scale,waxman-n250-load0.7-critical_link-centralised-deg4.0,waxman,250,0.7,critical_link,CENTRALISED,spf-static,20,3365942244346653497,0.48202282472169616,0.8614437650047493,0.635796811079561,0.36530771858503536,0.25738282388917033,7534.030159390362,63.75262033406032,151.48350164012396,0.0,0.0,False,0,0,0,0.98,3,False,972,0.0,0.9581411748622154,,0.9591483999975026,2,2730,31.199524899973767
a10-scale,waxman-n250-load0.7-critical_link-centralised-deg4.0,waxman,250,0.7,critical_link,CENTRALISED,cspf,21,17965193261942486249,0.6280027163601657,0.9302107129172337,0.7480509677469162,0.5480163500102286,0.4437894101142566,11763.165876078923,69.84116332531676,153.00005051578927,0.0,0.0,False,236,0,0,0.98,3,False,1016,0.30000000000000004,1.0,,6.459311799990246,2,2860,64.90228440001374
a10-scale,waxman-n250-load0.7-critical_link-centralised-deg4.0,waxman,250,0.7,critical_link,CENTRALISED,ecmp,21,17965193261942486249,0.40644693064136617,0.8346437688866667,0.5080915529153602,0.25746032757379395,0.26144539250901505,7613.187873880989,69.24627620625049,201.08907136522382,0.0,0.0,False,0,0,0,0.98,3,False,1016,0.0,1.0,,8.831563899992034,2,2860,34.2968067000038
a10-scale,waxman-n250-load0.7-critical_link-centralised-deg4.0,waxman,250,0.7,critical_link,CENTRALISED,orbit,21,17965193261942486249,0.6157336851044893,0.9615610963939488,0.8777607981039127,0.5240783495919394,0.2820729596811987,11533.35373348853,63.127843827832926,153.05058753279906,0.0,0.0,False,551,0,0,0.98,3,False,1016,0.30000000000000004,1.0,,5.678385700011859,2,2860,75.23825439999928
a10-scale,waxman-n250-load0.7-critical_link-centralised-deg4.0,waxman,250,0.7,critical_link,CENTRALISED,spf-reconverge,21,17965193261942486249,0.40644693064136617,0.8346437688866667,0.5080915529153602,0.25746032757379395,0.26144539250901505,7613.187873880989,69.24627620625049,201.08907136522382,0.0,0.0,False,0,0,0,0.98,3,False,1016,0.0,1.0,,1.996836699981941,2,2860,26.88823380001122
a10-scale,waxman-n250-load0.7-critical_link-centralised-deg4.0,waxman,250,0.7,critical_link,CENTRALISED,spf-static,21,17965193261942486249,0.40644693064136617,0.8346437688866667,0.5080915529153602,0.25746032757379395,0.26144539250901505,7613.187873880989,69.24627620625049,201.08907136522382,0.0,0.0,False,0,0,0,0.98,3,False,1016,0.0,1.0,,1.0078939000086393,2,2860,25.8505914999987
a10-scale,waxman-n250-load0.7-critical_link-centralised-deg4.0,waxman,250,0.7,critical_link,CENTRALISED,cspf,22,6048704307992266191,0.6826941669945902,0.9827289588346254,0.8200516708201625,0.6180460993091531,0.45242028379247423,12555.210466898525,68.29890915756722,152.89371441026893,0.0,0.0,True,235,0,0,0.98,3,False,1026,0.30000000000000004,1.0,,6.533975400001509,2,4,74.33014909998747
a10-scale,waxman-n250-load0.7-critical_link-centralised-deg4.0,waxman,250,0.7,critical_link,CENTRALISED,ecmp,22,6048704307992266191,0.45048995429023725,0.8805716758469273,0.5329456567093943,0.4067560243579628,0.16694863653633948,8284.816925032032,68.46472925461406,200.6585832811316,0.0,0.0,False,17,0,0,0.98,3,False,1026,0.30000000000000004,0.9969224809794343,,9.205950900010066,2,34,40.13089229998877
a10-scale,waxman-n250-load0.7-critical_link-centralised-deg4.0,waxman,250,0.7,critical_link,CENTRALISED,orbit,22,6048704307992266191,0.6763172833656322,0.9954595982748954,0.9722684519369275,0.6268653383052358,0.2617772109664163,12437.935235974925,64.72159744373369,152.6120978765736,0.0,0.0,False,545,0,0,0.98,3,False,1026,0.30000000000000004,1.0,,5.307915800018236,2,4,84.44879259998561
a10-scale,waxman-n250-load0.7-critical_link-centralised-deg4.0,waxman,250,0.7,critical_link,CENTRALISED,spf-reconverge,22,6048704307992266191,0.45048995429023725,0.8805716758469273,0.5329456567093943,0.4067560243579628,0.16694863653633948,8284.816925032032,68.46472925461406,200.6585832811316,0.0,0.0,False,17,0,0,0.98,3,False,1026,0.30000000000000004,0.9969224809794343,,1.9274613999878056,2,34,32.155505300004734
a10-scale,waxman-n250-load0.7-critical_link-centralised-deg4.0,waxman,250,0.7,critical_link,CENTRALISED,spf-static,22,6048704307992266191,0.450615608493419,0.866463570326997,0.5335995800878905,0.4080054970655577,0.17374027821918925,8287.127791366136,66.39538476233837,152.66724694898315,0.0,0.0,False,0,0,0,0.98,3,False,1026,0.0,0.9782020139058935,,0.961889699974563,2,2210,30.522372700012056
a10-scale,waxman-n250-load0.7-critical_link-centralised-deg4.0,waxman,250,0.7,critical_link,CENTRALISED,cspf,23,13496770049935499149,0.7174218650884193,0.9926717408620824,0.8349544167178952,0.6577642176986489,0.5263348577497856,13075.32730202138,64.59358539580678,153.05276477286165,0.0,0.0,False,220,0,0,0.98,3,False,1070,0.30000000000000004,1.0300336730428337,,6.748709199979203,2,6,81.96625289999065
a10-scale,waxman-n250-load0.7-critical_link-centralised-deg4.0,waxman,250,0.7,critical_link,CENTRALISED,ecmp,23,13496770049935499149,0.44702646378429567,0.9106724732199152,0.4886719426910794,0.35536946114895196,0.2666922541237705,8147.252838362402,70.1697554994913,201.39603437171272,0.0,0.0,False,15,0,0,0.98,3,False,1070,0.30000000000000004,1.0,,9.407661600009305,2,30,41.958206599985715
a10-scale,waxman-n250-load0.7-critical_link-centralised-deg4.0,waxman,250,0.7,critical_link,CENTRALISED,orbit,23,13496770049935499149,0.6830173912406503,0.9998092558058322,0.9611194955740578,0.6857144831672266,0.22029330172200134,12448.290717127256,60.92496889249916,153.92430276693574,0.0,0.0,False,512,2,0,0.98,3,False,1070,0.30000000000000004,1.0,,5.304887800011784,2,6,85.5485707000189
a10-scale,waxman-n250-load0.7-critical_link-centralised-deg4.0,waxman,250,0.7,critical_link,CENTRALISED,spf-reconverge,23,13496770049935499149,0.44702646378429567,0.9106724732199152,0.4886719426910794,0.35536946114895196,0.2666922541237705,8147.252838362402,70.1697554994913,201.39603437171272,0.0,0.0,False,15,0,0,0.98,3,False,1070,0.30000000000000004,1.0,,2.0755748999654315,2,30,33.687908699997934
a10-scale,waxman-n250-load0.7-critical_link-centralised-deg4.0,waxman,250,0.7,critical_link,CENTRALISED,spf-static,23,13496770049935499149,0.45090683710945406,0.8854339851544412,0.5063103854911761,0.3658570175782809,0.26453652321552057,8217.974339545288,68.8330566927769,201.34288006002572,0.0,0.0,False,0,0,0,0.98,3,False,1070,0.0,0.9675365709701387,,1.033794700022554,2,1950,32.85283069999423
a10-scale,waxman-n250-load0.7-critical_link-centralised-deg4.0,waxman,250,0.7,critical_link,CENTRALISED,cspf,24,15502903308210015175,0.732053119205193,0.9909411276308625,0.8859974497833283,0.6672762910589405,0.5162010376862,12799.833736026836,62.30472220084934,152.61280259191602,0.0,0.0,False,224,0,0,0.98,3,False,1020,0.30000000000000004,1.0094240461498474,,6.576746300008381,2,6,79.44543729998986
a10-scale,waxman-n250-load0.7-critical_link-centralised-deg4.0,waxman,250,0.7,critical_link,CENTRALISED,ecmp,24,15502903308210015175,0.4496735053298018,0.8180678263091272,0.602079267931317,0.36354572652823974,0.1967072816189512,7862.470567664525,62.06664576842356,151.73571610874936,0.0,0.0,True,15,0,0,0.98,3,False,1020,0.30000000000000004,1.0285137353565155,,9.38430909998715,2,30,37.91040970000904
a10-scale,waxman-n250-load0.7-critical_link-centralised-deg4.0,waxman,250,0.7,critical_link,CENTRALISED,orbit,24,15502903308210015175,0.6873277355683566,0.9997698269633075,0.962762153989572,0.6635967388198674,0.26816817298223805,12017.817432410682,64.07792597080014,152.133378468191,0.0,0.0,False,522,0,0,0.98,3,False,1020,0.30000000000000004,1.0,,5.315670599986333,2,4,85.95788649999304
a10-scale,waxman-n250-load0.7-critical_link-centralised-deg4.0,waxman,250,0.7,critical_link,CENTRALISED,spf-reconverge,24,15502903308210015175,0.4496735053298018,0.8180678263091272,0.602079267931317,0.36354572652823974,0.1967072816189512,7862.470567664525,62.06664576842356,151.73571610874936,0.0,0.0,True,15,0,0,0.98,3,False,1020,0.30000000000000004,1.0285137353565155,,2.029127200017683,2,30,29.620136300014565
a10-scale,waxman-n250-load0.7-critical_link-centralised-deg4.0,waxman,250,0.7,critical_link,CENTRALISED,spf-static,24,15502903308210015175,0.45464363848845646,0.7833647677873234,0.6121668971987726,0.3757454456819117,0.21154224625359955,7949.372564811622,59.27728672050065,151.4393513667086,0.0,0.0,False,0,0,0,0.98,3,False,1020,0.0,0.9776071760061893,,1.0495771999994759,2,1950,28.02687890001107
a10-scale,waxman-n250-load0.7-critical_link-centralised-deg4.0,waxman,250,0.7,critical_link,CENTRALISED,cspf,25,7301205138073227947,0.6992336039645931,0.9994638582248271,0.8462098664363026,0.6278134383824973,0.4849767954977925,12410.329199325171,71.00431979182412,154.31637237002985,0.0,0.0,True,244,0,0,0.98,3,False,1026,0.30000000000000004,1.0,,6.5880068999831565,2,6,80.49794510001084
a10-scale,waxman-n250-load0.7-critical_link-centralised-deg4.0,waxman,250,0.7,critical_link,CENTRALISED,ecmp,25,7301205138073227947,0.45935585717806404,0.9056031815187693,0.6109916793511136,0.37976404182456347,0.16663124844144891,8152.8653298342315,65.7904621793332,201.25156918149142,0.0,0.0,False,18,0,0,0.98,3,False,1026,0.30000000000000004,0.9778174383311554,,9.297551399999065,2,36,42.516048599994974
a10-scale,waxman-n250-load0.7-critical_link-centralised-deg4.0,waxman,250,0.7,critical_link,CENTRALISED,orbit,25,7301205138073227947,0.6932783648160117,0.9997268437336938,0.9928860328564809,0.70412869898873,0.21832811124880752,12304.63279418165,63.82507636791608,152.95345216859155,0.0,0.0,False,511,0,0,0.98,3,False,1026,0.30000000000000004,1.0,,4.970874200022081,2,4,89.49295380001422
a10-scale,waxman-n250-load0.7-critical_link-centralised-deg4.0,waxman,250,0.7,critical_link,CENTRALISED,spf-reconverge,25,7301205138073227947,0.45935585717806404,0.9056031815187693,0.6109916793511136,0.37976404182456347,0.16663124844144891,8152.8653298342315,65.7904621793332,201.25156918149142,0.0,0.0,False,18,0,0,0.98,3,False,1026,0.30000000000000004,0.9778174383311554,,2.03467609998188,2,36,33.94087089999812
a10-scale,waxman-n250-load0.7-critical_link-centralised-deg4.0,waxman,250,0.7,critical_link,CENTRALISED,spf-static,25,7301205138073227947,0.45648434255055353,0.8932931746864412,0.589953073283747,0.3897082674192845,0.16852043976883999,8101.900328115167,62.53321001498452,200.79435918392147,0.0,0.0,False,0,0,0,0.98,3,False,1026,0.0,0.9621975167317394,,1.0303097999712918,2,2340,31.359923000010895
a10-scale,waxman-n250-load0.7-critical_link-centralised-deg4.0,waxman,250,0.7,critical_link,CENTRALISED,cspf,26,5990956276378819255,0.7688857212971465,0.9210569947620818,0.8849198635366612,0.7446670560221949,0.5899105116153145,12502.918901718733,48.99861436958156,105.9250765856401,0.0,0.0,False,227,0,0,0.98,3,False,1020,0.30000000000000004,0.9564022330982529,,6.814946200000122,2,2990,79.9053622999927
a10-scale,waxman-n250-load0.7-critical_link-centralised-deg4.0,waxman,250,0.7,critical_link,CENTRALISED,ecmp,26,5990956276378819255,0.5215491657074738,0.9018363926665824,0.6926053233751054,0.38106602866288025,0.31095462853262296,8480.957236529981,57.45919686002407,151.210918692028,0.0,0.0,False,0,0,0,0.98,3,False,1020,0.0,0.9555035709530783,,8.812226999987615,2,2990,43.235315900004935
a10-scale,waxman-n250-load0.7-critical_link-centralised-deg4.0,waxman,250,0.7,critical_link,CENTRALISED,orbit,26,5990956276378819255,0.7375784953163893,0.9247764065014347,0.9079130409305648,0.8238361613260256,0.3265012878211354,11993.82932360194,41.4559985338017,103.96855042812886,0.0,0.0,False,495,0,0,0.98,3,False,1020,0.30000000000000004,0.9565658003474724,,5.05482370001846,2,2990,89.33992200001376
a10-scale,waxman-n250-load0.7-critical_link-centralised-deg4.0,waxman,250,0.7,critical_link,CENTRALISED,spf-reconverge,26,5990956276378819255,0.5215491657074738,0.9018363926665824,0.6926053233751054,0.38106602866288025,0.31095462853262296,8480.957236529981,57.45919686002407,151.210918692028,0.0,0.0,False,0,0,0,0.98,3,False,1020,0.0,0.9555035709530783,,1.9098261999897659,2,2990,35.07185730000492
a10-scale,waxman-n250-load0.7-critical_link-centralised-deg4.0,waxman,250,0.7,critical_link,CENTRALISED,spf-static,26,5990956276378819255,0.5215491657074738,0.9018363926665824,0.6926053233751054,0.38106602866288025,0.31095462853262296,8480.957236529981,57.45919686002407,151.210918692028,0.0,0.0,False,0,0,0,0.98,3,False,1020,0.0,0.9555035709530783,,0.9727445000025909,2,2990,34.1533991000033
a10-scale,waxman-n250-load0.7-critical_link-centralised-deg4.0,waxman,250,0.7,critical_link,CENTRALISED,cspf,27,1983564224911198764,0.7518741570318137,0.9754163113530282,0.8152702797211011,0.7380998075615803,0.5723967713636408,12489.909396105311,51.53235987462309,151.1915676801215,0.0,0.0,False,223,0,0,0.98,3,False,1016,0.30000000000000004,1.0022202423740585,,6.842366900003981,2,36,80.83747850000509
a10-scale,waxman-n250-load0.7-critical_link-centralised-deg4.0,waxman,250,0.7,critical_link,CENTRALISED,ecmp,27,1983564224911198764,0.4828509199591605,0.9300198464504607,0.5887952269026232,0.42633282920178983,0.184848542421552,8020.975565809792,61.84841451736571,154.63931887837947,0.0,0.0,False,19,0,0,0.98,3,False,1016,0.30000000000000004,0.9969323901327966,,8.993843699980062,2,38,41.70948330001556
a10-scale,waxman-n250-load0.7-critical_link-centralised-deg4.0,waxman,250,0.7,critical_link,CENTRALISED,orbit,27,1983564224911198764,0.7486036940911359,0.9868976972409257,0.8587734746260333,0.829915428081334,0.38111615316083935,12435.581440515454,43.38277963603051,103.3703986584992,0.0,0.0,False,525,2,0,0.98,3,False,1016,0.30000000000000004,0.9971086936590567,,5.140156899986323,2,38,83.65083349999622
a10-scale,waxman-n250-load0.7-critical_link-centralised-deg4.0,waxman,250,0.7,critical_link,CENTRALISED,spf-reconverge,27,1983564224911198764,0.4828509199591605,0.9300198464504607,0.5887952269026232,0.42633282920178983,0.184848542421552,8020.975565809792,61.84841451736571,154.63931887837947,0.0,0.0,False,19,0,0,0.98,3,False,1016,0.30000000000000004,0.9969323901327966,,2.0189919999975245,2,38,33.81174440000905
a10-scale,waxman-n250-load0.7-critical_link-centralised-deg4.0,waxman,250,0.7,critical_link,CENTRALISED,spf-static,27,1983564224911198764,0.4831293708197231,0.91248542648986,0.591447564297348,0.43001496792636124,0.1889177856473751,8025.601108511544,62.351386028050115,152.72561397026857,0.0,0.0,False,0,0,0,0.98,3,False,1016,0.0,0.9749033078118474,,1.0260961999883875,2,2470,32.54925630000071
a10-scale,waxman-n250-load0.7-critical_link-centralised-deg4.0,waxman,250,0.7,critical_link,CENTRALISED,cspf,28,13419876189002049951,0.7178380258348439,0.9879893757548058,0.8980154049964029,0.6364204376954437,0.49173963788908476,11480.241261386536,66.79676670459472,152.48545808751786,0.0,0.0,False,218,0,0,0.98,3,False,966,0.30000000000000004,1.0165409608712659,,6.577610000007553,2,4,83.3745612000057
a10-scale,waxman-n250-load0.7-critical_link-centralised-deg4.0,waxman,250,0.7,critical_link,CENTRALISED,ecmp,28,13419876189002049951,0.4577705522592859,0.9602624900780896,0.589438777556955,0.3124211032271454,0.23247197601130004,7321.033705595124,62.664041607564,151.93442405521301,0.0,0.0,False,18,0,0,0.98,3,False,966,0.30000000000000004,0.9999715049282882,,8.762533700006315,2,36,44.01011689999723
a10-scale,waxman-n250-load0.7-critical_link-centralised-deg4.0,waxman,250,0.7,critical_link,CENTRALISED,orbit,28,13419876189002049951,0.6891173726422847,0.9997638384831904,0.9833530662782785,0.6379191061733122,0.2821991164160981,11020.917547723238,67.58440457104943,154.89014902204622,0.0,0.0,False,527,0,0,0.98,3,False,966,0.30000000000000004,1.0,,4.873814599995967,2,6,90.59522420002031
a10-scale,waxman-n250-load0.7-critical_link-centralised-deg4.0,waxman,250,0.7,critical_link,CENTRALISED,spf-reconverge,28,13419876189002049951,0.4577705522592859,0.9602624900780896,0.589438777556955,0.3124211032271454,0.23247197601130004,7321.033705595124,62.664041607564,151.93442405521301,0.0,0.0,False,18,0,0,0.98,3,False,966,0.30000000000000004,0.9999715049282882,,1.8185420999943744,2,36,35.77949690000969
a10-scale,waxman-n250-load0.7-critical_link-centralised-deg4.0,waxman,250,0.7,critical_link,CENTRALISED,spf-static,28,13419876189002049951,0.45051536814236703,0.9369071816173645,0.5801505180102507,0.31527659267951347,0.22256833031375084,7205.002984094768,63.053724439770136,151.93442405521301,0.0,0.0,False,0,0,0,0.98,3,False,966,0.0,0.9714809312524385,,0.9256996999902185,2,2340,33.622756700002356
a10-scale,waxman-n250-load0.7-critical_link-centralised-deg4.0,waxman,250,0.7,critical_link,CENTRALISED,cspf,29,13541758982954464437,0.7249694410774357,0.9648956369659089,0.8881136673353218,0.660134493665232,0.5083880247066471,12676.823565587922,65.4947680875683,153.50311271393716,0.0,0.0,False,185,0,0,0.98,3,False,1030,0.30000000000000004,0.9814286949109949,,6.647712200006936,2,1430,80.9205071000033
a10-scale,waxman-n250-load0.7-critical_link-centralised-deg4.0,waxman,250,0.7,critical_link,CENTRALISED,ecmp,29,13541758982954464437,0.47646122522204665,0.8494769467554345,0.5480789175154992,0.41466582659960893,0.267324931300417,8331.406188662491,61.10419949537798,152.60518677449525,0.0,0.0,False,0,0,0,0.98,3,False,1030,0.0,0.9676922940684237,,9.451276199979475,2,1430,43.93633220001357
a10-scale,waxman-n250-load0.7-critical_link-centralised-deg4.0,waxman,250,0.7,critical_link,CENTRALISED,orbit,29,13541758982954464437,0.705603981918634,0.9743804598913542,0.9645290787857922,0.7227936815062929,0.256518556706413,12338.198935206425,64.39233792082268,152.68000148191445,0.0,0.0,False,507,0,0,0.98,3,False,1030,0.30000000000000004,0.9717322819874133,,5.72331440000562,2,1430,89.54888299998129
a10-scale,waxman-n250-load0.7-critical_link-centralised-deg4.0,waxman,250,0.7,critical_link,CENTRALISED,spf-reconverge,29,13541758982954464437,0.47646122522204665,0.8494769467554345,0.5480789175154992,0.41466582659960893,0.267324931300417,8331.406188662491,61.10419949537798,152.60518677449525,0.0,0.0,False,0,0,0,0.98,3,False,1030,0.0,0.9676922940684237,,1.9064690000086557,2,1430,33.78731029998744
a10-scale,waxman-n250-load0.7-critical_link-centralised-deg4.0,waxman,250,0.7,critical_link,CENTRALISED,spf-static,29,13541758982954464437,0.47646122522204665,0.8494769467554345,0.5480789175154992,0.41466582659960893,0.267324931300417,8331.406188662491,61.10419949537798,152.60518677449525,0.0,0.0,False,0,0,0,0.98,3,False,1030,0.0,0.9676922940684237,,0.9762093000172172,2,1430,32.355177899997216
a10-scale,waxman-n250-load0.7-random_node_30-centralised-deg4.0,waxman,250,0.7,random_node_30,CENTRALISED,cspf,0,6272971923832055529,0.41160431215867027,0.5032925628656517,0.39443564363794364,0.4134500614176474,0.3683005322142077,5325.312482926083,28.94912989425173,103.64716177926819,,,True,150,0,0,0.98,3,False,1010,0.30000000000000004,0.4516044586092452,,5.411629900016123,2,36394,37.02742820000276
a10-scale,waxman-n250-load0.7-random_node_30-centralised-deg4.0,waxman,250,0.7,random_node_30,CENTRALISED,ecmp,0,6272971923832055529,0.24517443866723837,0.48747685679197233,0.24794584755768356,0.19610206600584185,0.15838392656171985,3172.052527539433,57.81779770284668,200.72028649120998,,,True,105,0,0,0.98,3,False,1010,0.30000000000000004,0.456401470804215,,6.205671300034737,2,36350,21.073302999982843
a10-scale,waxman-n250-load0.7-random_node_30-centralised-deg4.0,waxman,250,0.7,random_node_30,CENTRALISED,orbit,0,6272971923832055529,0.416331750953702,0.50448141544679,0.3955950946416675,0.4315245006573531,0.35959782120194084,5386.475809168755,23.177129242660296,101.94119132928182,,,True,581,0,0,0.98,3,False,1010,0.30000000000000004,0.4516044586092452,,5.649079299997538,2,36386,37.53191580000566
a10-scale,waxman-n250-load0.7-random_node_30-centralised-deg4.0,waxman,250,0.7,random_node_30,CENTRALISED,spf-reconverge,0,6272971923832055529,0.24517443866723837,0.48747685679197233,0.24794584755768356,0.19610206600584185,0.15838392656171985,3172.052527539433,57.81779770284668,200.72028649120998,,,True,105,0,0,0.98,3,False,1010,0.30000000000000004,0.456401470804215,,1.3726061999914236,2,36350,14.649996499996632
a10-scale,waxman-n250-load0.7-random_node_30-centralised-deg4.0,waxman,250,0.7,random_node_30,CENTRALISED,spf-static,0,6272971923832055529,0.17571750375497383,0.2828956968051912,0.17928124040655036,0.16162067859940055,0.12373148373616503,2273.4227717571835,46.10262906360089,151.4737210904915,,,True,0,0,0,0.98,3,False,1010,0.0,0.19798953529987118,,1.0514814999769442,2,49790,10.558084500022233
a10-scale,waxman-n250-load0.7-random_node_30-centralised-deg4.0,waxman,250,0.7,random_node_30,CENTRALISED,cspf,1,4264678320541139377,0.2827527616999318,0.447804215673425,0.40198287625923484,0.23528933632074295,0.13110926837557424,4887.061755122834,80.20418373316875,202.47138677023113,,,True,144,0,0,0.98,3,False,986,0.30000000000000004,0.3829814834391569,,5.188458999997238,2,37442,28.154599400004372
a10-scale,waxman-n250-load0.7-random_node_30-centralised-deg4.0,waxman,250,0.7,random_node_30,CENTRALISED,ecmp,1,4264678320541139377,0.20508237545694624,0.41796468188585945,0.28162704044533604,0.15784247329850673,0.06423222053522012,3544.6169569477474,72.03329837314351,202.4636350954086,,,True,136,0,0,0.98,3,False,986,0.30000000000000004,0.38957367525645165,,6.8867830999952275,2,37452,20.766423799999757
a10-scale,waxman-n250-load0.7-random_node_30-centralised-deg4.0,waxman,250,0.7,random_node_30,CENTRALISED,orbit,1,4264678320541139377,0.28910096553764736,0.44983269854990504,0.44429787251876884,0.24409646704571686,0.10159736259711032,4996.783280042714,76.97207924059957,202.1878359343962,,,True,596,2,0,0.98,3,False,986,0.30000000000000004,0.3698690373065102,,5.728803199977847,2,37448,30.04370619999827
a10-scale,waxman-n250-load0.7-random_node_30-centralised-deg4.0,waxman,250,0.7,random_node_30,CENTRALISED,spf-reconverge,1,4264678320541139377,0.20508237545694624,0.41796468188585945,0.28162704044533604,0.15784247329850673,0.06423222053522012,3544.6169569477474,72.03329837314351,202.4636350954086,,,True,136,0,0,0.98,3,False,986,0.30000000000000004,0.38957367525645165,,1.576596100028837,2,37452,15.244071199995233
a10-scale,waxman-n250-load0.7-random_node_30-centralised-deg4.0,waxman,250,0.7,random_node_30,CENTRALISED,spf-static,1,4264678320541139377,0.12429242782377524,0.1690137911994405,0.17139020360627683,0.12666456331091225,0.04652258468021409,2148.254067677542,39.7385742685344,151.0503074478276,,,True,0,0,0,0.98,3,False,986,0.0,0.0638721279742491,,1.0947124999947846,2,54860,9.534880699997302
a10-scale,waxman-n250-load0.7-random_node_30-centralised-deg4.0,waxman,250,0.7,random_node_30,CENTRALISED,cspf,2,8833980921769797393,0.349417556599545,0.44384914419906496,0.39252302336934053,0.33576427809083204,0.2691593492847757,6504.944886731705,64.57780973993492,203.0149913275255,,,True,125,0,0,0.98,3,False,1048,0.30000000000000004,0.3713017430195869,,5.488425899995491,2,37380,29.498785099975066
a10-scale,waxman-n250-load0.7-random_node_30-centralised-deg4.0,waxman,250,0.7,random_node_30,CENTRALISED,ecmp,2,8833980921769797393,0.22435198697456463,0.41084644944034454,0.2269731470499662,0.2146391042942883,0.12210631457643939,4176.657076710245,63.30186770065531,200.68081565989706,,,True,99,0,0,0.98,3,False,1048,0.30000000000000004,0.40774225912793016,,7.528691300016362,2,37378,20.44342259998666
a10-scale,waxman-n250-load0.7-random_node_30-centralised-deg4.0,waxman,250,0.7,random_node_30,CENTRALISED,orbit,2,8833980921769797393,0.3478786683106463,0.4520331787486715,0.4310114573081911,0.35932385287703034,0.1898683619203023,6476.296115892764,51.34445763547116,151.5212226942222,,,True,570,2,0,0.98,3,False,1048,0.30000000000000004,0.37230600115152507,,5.809789000020828,2,37396,31.93136460002279
a10-scale,waxman-n250-load0.7-random_node_30-centralised-deg4.0,waxman,250,0.7,random_node_30,CENTRALISED,spf-reconverge,2,8833980921769797393,0.22435198697456463,0.41084644944034454,0.2269731470499662,0.2146391042942883,0.12210631457643939,4176.657076710245,63.30186770065531,200.68081565989706,,,True,99,0,0,0.98,3,False,1048,0.30000000000000004,0.40774225912793016,,1.8409410000022035,2,37378,15.188732800015714
a10-scale,waxman-n250-load0.7-random_node_30-centralised-deg4.0,waxman,250,0.7,random_node_30,CENTRALISED,spf-static,2,8833980921769797393,0.17532460867407137,0.3046176441474642,0.17271547117895483,0.1654386520317471,0.11289003581368498,3263.9370723426405,41.18587346385944,151.4180116893835,,,True,0,0,0,0.98,3,False,1048,0.0,0.26086205765554027,,1.2791776999947615,2,50050,11.528211900003953
a10-scale,waxman-n250-load0.7-random_node_30-centralised-deg4.0,waxman,250,0.7,random_node_30,CENTRALISED,cspf,3,17871365297751471304,0.37707088567619956,0.45880089203234137,0.43643370545512705,0.3634810901286161,0.29234418338476226,6113.435934066257,41.7787517188154,103.10681895342637,,,True,134,0,0,0.98,3,False,1010,0.30000000000000004,0.4054171995660187,,4.911924599990016,2,37530,29.205589199991664
a10-scale,waxman-n250-load0.7-random_node_30-centralised-deg4.0,waxman,250,0.7,random_node_30,CENTRALISED,ecmp,3,17871365297751471304,0.2532739982047446,0.445823512178775,0.31652704239772617,0.21628742144093852,0.13415467032580428,4106.3217039757,53.63598588274677,151.81778189334784,,,True,120,0,0,0.98,3,False,1010,0.30000000000000004,0.42317979824385243,,6.224346699978923,2,37550,19.56511710002087
a10-scale,waxman-n250-load0.7-random_node_30-centralised-deg4.0,waxman,250,0.7,random_node_30,CENTRALISED,orbit,3,17871365297751471304,0.3752685015176514,0.4588866208554675,0.4467115144515567,0.3740508602163216,0.26044933013153937,6084.213948226378,36.16848478065135,103.23154526262577,,,True,574,2,0,0.98,3,False,1010,0.30000000000000004,0.4060034987059231,,5.158634200022789,2,37538,29.500094399991212
a10-scale,waxman-n250-load0.7-random_node_30-centralised-deg4.0,waxman,250,0.7,random_node_30,CENTRALISED,spf-reconverge,3,17871365297751471304,0.2532739982047446,0.445823512178775,0.31652704239772617,0.21628742144093852,0.13415467032580428,4106.3217039757,53.63598588274677,151.81778189334784,,,True,120,0,0,0.98,3,False,1010,0.30000000000000004,0.42317979824385243,,1.6298752999864519,2,37550,14.8537252000242
a10-scale,waxman-n250-load0.7-random_node_30-centralised-deg4.0,waxman,250,0.7,random_node_30,CENTRALISED,spf-static,3,17871365297751471304,0.15108987956388772,0.23120789341868256,0.1248794735048015,0.1465666323881122,0.13662422623909062,2449.614473265911,38.11721205792919,151.37642837657512,,,True,0,0,0,0.98,3,False,1010,0.0,0.14317036772484654,,1.2661799000343308,2,52910,9.87724399997387
a10-scale,waxman-n250-load0.7-random_node_30-centralised-deg4.0,waxman,250,0.7,random_node_30,CENTRALISED,cspf,4,13348988658513301104,0.3352354558802685,0.40713212193357884,0.43844042040740383,0.32791922098708265,0.18871612247182698,5547.979441197135,64.1547533865066,152.68250928195243,,,True,155,0,0,0.98,3,False,998,0.30000000000000004,0.32349266027032625,,4.73789299998316,2,35120,28.20578089999617
a10-scale,waxman-n250-load0.7-random_node_30-centralised-deg4.0,waxman,250,0.7,random_node_30,CENTRALISED,ecmp,4,13348988658513301104,0.22659995480925532,0.3582270907597524,0.3265117177621287,0.19407027871656585,0.0798723400260909,3750.116130636717,59.53047972470663,152.0493312461705,,,True,145,0,0,0.98,3,False,998,0.30000000000000004,0.30841335098460854,,6.025826199998846,2,35130,18.301244199974462
a10-scale,waxman-n250-load0.7-random_node_30-centralised-deg4.0,waxman,250,0.7,random_node_30,CENTRALISED,orbit,4,13348988658513301104,0.3369414689889367,0.40840470409765073,0.5227030261720061,0.2952979645378088,0.14996217768285133,5576.213106483077,55.634341088090856,153.96385665707572,,,True,597,2,0,0.98,3,False,998,0.30000000000000004,0.32071321339683534,,4.880935000022873,2,35116,31.52267470001243
a10-scale,waxman-n250-load0.7-random_node_30-centralised-deg4.0,waxman,250,0.7,random_node_30,CENTRALISED,spf-reconverge,4,13348988658513301104,0.22659995480925532,0.3582270907597524,0.3265117177621287,0.19407027871656585,0.0798723400260909,3750.116130636717,59.53047972470663,152.0493312461705,,,True,145,0,0,0.98,3,False,998,0.30000000000000004,0.30841335098460854,,1.3759416000102647,2,35130,13.09161580001819
a10-scale,waxman-n250-load0.7-random_node_30-centralised-deg4.0,waxman,250,0.7,random_node_30,CENTRALISED,spf-static,4,13348988658513301104,0.14302216584767763,0.15913147945568143,0.1781229169958971,0.14071053549885934,0.09833170585799927,2366.9454463724755,31.377884930256766,150.67422658253167,,,True,0,0,0,0.98,3,False,998,0.0,0.04973068308516318,,0.993564400007017,2,53690,8.782364000013331
a10-scale,waxman-n250-load0.7-random_node_30-centralised-deg4.0,waxman,250,0.7,random_node_30,CENTRALISED,cspf,5,10075553467317837686,0.37493218728559935,0.5223296867830723,0.39159439151135617,0.35691603786260034,0.29400869490995374,5893.912443105918,66.09914913798045,154.15292947835547,,,True,161,0,0,0.98,3,False,1032,0.30000000000000004,0.4590264710869539,,4.935416699998314,2,33672,31.324792300001718
a10-scale,waxman-n250-load0.7-random_node_30-centralised-deg4.0,waxman,250,0.7,random_node_30,CENTRALISED,ecmp,5,10075553467317837686,0.2543251212968513,0.4781265428016703,0.28284308921835666,0.19987499134120384,0.16444728841902365,3997.976295014955,57.21075522092378,152.28539812597342,,,True,124,0,0,0.98,3,False,1032,0.30000000000000004,0.47019727037803316,,6.343938800011529,2,33658,19.870676199992886
a10-scale,waxman-n250-load0.7-random_node_30-centralised-deg4.0,waxman,250,0.7,random_node_30,CENTRALISED,orbit,5,10075553467317837686,0.38394745131608277,0.5274353992487771,0.4242777673328976,0.41356520484981535,0.21743936430227392,6035.631875710078,54.351455532149735,152.76212345155977,,,True,594,1,0,0.98,3,False,1032,0.30000000000000004,0.4592055965647556,,5.163552999991225,2,33678,34.84683910000604
a10-scale,waxman-n250-load0.7-random_node_30-centralised-deg4.0,waxman,250,0.7,random_node_30,CENTRALISED,spf-reconverge,5,10075553467317837686,0.2543251212968513,0.4781265428016703,0.28284308921835666,0.19987499134120384,0.16444728841902365,3997.976295014955,57.21075522092378,152.28539812597342,,,True,124,0,0,0.98,3,False,1032,0.30000000000000004,0.47019727037803316,,1.4193419000075664,2,33658,14.574194000015268
a10-scale,waxman-n250-load0.7-random_node_30-centralised-deg4.0,waxman,250,0.7,random_node_30,CENTRALISED,spf-static,5,10075553467317837686,0.17196712931732955,0.28112242957503586,0.1581397297192621,0.14278288971085001,0.15994403523033818,2703.313392820416,39.513301314145124,102.21668859099628,,,True,0,0,0,0.98,3,False,1032,0.0,0.21072341890775628,,1.0062417000008281,2,49530,10.088942699978361
a10-scale,waxman-n250-load0.7-random_node_30-centralised-deg4.0,waxman,250,0.7,random_node_30,CENTRALISED,cspf,6,10655852502019962864,0.3175873202256816,0.4713430041723625,0.4297220380771298,0.27650336278699034,0.16874327025573163,6579.874134138724,75.53618430694772,153.37993285019834,,,True,169,0,0,0.98,3,False,1082,0.30000000000000004,0.41720356460606034,,5.060652199987089,2,33190,26.19167759999982
a10-scale,waxman-n250-load0.7-random_node_30-centralised-deg4.0,waxman,250,0.7,random_node_30,CENTRALISED,ecmp,6,10655852502019962864,0.2376127386592551,0.44844063627212316,0.3299814396485592,0.17043433148710296,0.1116308666966226,4922.935562839478,71.17024182412682,201.1135764858857,,,True,141,0,0,0.98,3,False,1082,0.30000000000000004,0.46928176671840816,,6.593135100003565,2,33172,20.028778800013242
a10-scale,waxman-n250-load0.7-random_node_30-centralised-deg4.0,waxman,250,0.7,random_node_30,CENTRALISED,orbit,6,10655852502019962864,0.312122295810837,0.4949224645833026,0.5129938520338603,0.22632110208835257,0.12002410088016346,6466.648036937741,80.04158253127424,203.33928405757214,,,True,610,2,0,0.98,3,False,1082,0.30000000000000004,0.426910957479233,,5.31778640000266,2,33186,31.56924529999378
a10-scale,waxman-n250-load0.7-random_node_30-centralised-deg4.0,waxman,250,0.7,random_node_30,CENTRALISED,spf-reconverge,6,10655852502019962864,0.2376127386592551,0.44844063627212316,0.3299814396485592,0.17043433148710296,0.1116308666966226,4922.935562839478,71.17024182412682,201.1135764858857,,,True,141,0,0,0.98,3,False,1082,0.30000000000000004,0.46928176671840816,,1.479028899979312,2,33172,14.403296100004809
a10-scale,waxman-n250-load0.7-random_node_30-centralised-deg4.0,waxman,250,0.7,random_node_30,CENTRALISED,spf-static,6,10655852502019962864,0.15294472491940456,0.222354672768424,0.2336842328204995,0.09751775746685867,0.10855854361582132,3168.7569854332414,44.87154097086029,200.5628978683493,,,True,0,0,0,0.98,3,False,1082,0.0,0.15271050889697363,,1.0246242000139318,2,51220,9.270084499992663
a10-scale,waxman-n250-load0.7-random_node_30-centralised-deg4.0,waxman,250,0.7,random_node_30,CENTRALISED,cspf,7,4087976300264198963,0.3570773615316252,0.46911150302247406,0.4777277775006461,0.32470140609508846,0.21555256446815405,4479.817632912531,67.69591032454515,154.63412548329129,,,True,161,0,0,0.98,3,False,906,0.30000000000000004,0.3913980627931879,,4.210270800016588,2,35000,31.203548499994213
a10-scale,waxman-n250-load0.7-random_node_30-centralised-deg4.0,waxman,250,0.7,random_node_30,CENTRALISED,ecmp,7,4087976300264198963,0.25656515916860806,0.4640215031350361,0.3568127573752116,0.20286968734099173,0.10670233260635299,3218.812637979977,75.24492438471981,201.88741101182018,,,True,139,0,0,0.98,3,False,906,0.30000000000000004,0.39685097809838354,,5.457978899998125,2,34988,20.025725899991812
a10-scale,waxman-n250-load0.7-random_node_30-centralised-deg4.0,waxman,250,0.7,random_node_30,CENTRALISED,orbit,7,4087976300264198963,0.37587145661510846,0.46861316757699706,0.4926354889085722,0.4018923349411927,0.17254830990415523,4715.604405248044,53.34487355728499,153.2471174360469,,,True,596,7,0,0.98,3,False,906,0.30000000000000004,0.3913980627931879,,4.494892599992454,2,34980,33.58997019997332
a10-scale,waxman-n250-load0.7-random_node_30-centralised-deg4.0,waxman,250,0.7,random_node_30,CENTRALISED,spf-reconverge,7,4087976300264198963,0.25656515916860806,0.4640215031350361,0.3568127573752116,0.20286968734099173,0.10670233260635299,3218.812637979977,75.24492438471981,201.88741101182018,,,True,139,0,0,0.98,3,False,906,0.30000000000000004,0.39685097809838354,,1.1822852000186685,2,34988,15.051353799994104
a10-scale,waxman-n250-load0.7-random_node_30-centralised-deg4.0,waxman,250,0.7,random_node_30,CENTRALISED,spf-static,7,4087976300264198963,0.16567046626775336,0.21780691406562955,0.18416745504476315,0.15837780048416242,0.1263794105939123,2078.466898197326,44.1214037140321,150.73993684572372,,,True,0,0,0,0.98,3,False,906,0.0,0.10251993127381295,,0.8614599999855272,2,52780,9.850296399992658
a10-scale,waxman-n250-load0.7-random_node_30-centralised-deg4.0,waxman,250,0.7,random_node_30,CENTRALISED,cspf,8,7406878838191412797,0.36102360139787804,0.47560820701224055,0.44439237554573435,0.31825525922024683,0.2709847433865456,6310.338435878702,58.23948637550625,152.49854138847334,,,True,152,0,0,0.98,3,False,1010,0.30000000000000004,0.3997009131724005,,4.6775760000164155,2,35084,28.617257300007623
a10-scale,waxman-n250-load0.7-random_node_30-centralised-deg4.0,waxman,250,0.7,random_node_30,CENTRALISED,ecmp,8,7406878838191412797,0.2509839154700362,0.4661183850746383,0.3481247076550096,0.16379039029569228,0.15158369375956013,4386.952660284468,60.86497130073888,201.44096934760267,,,True,136,0,0,0.98,3,False,1010,0.30000000000000004,0.4146336496099525,,6.04224099998828,2,35112,19.345238000008976
a10-scale,waxman-n250-load0.7-random_node_30-centralised-deg4.0,waxman,250,0.7,random_node_30,CENTRALISED,orbit,8,7406878838191412797,0.34272754810193673,0.4759387949715751,0.48258398316857365,0.2808027917846132,0.2124906505465752,5990.541370281809,58.52972680717575,201.37654514778245,,0.0,True,588,1,0,0.98,3,False,1010,0.30000000000000004,0.3992636234565571,,4.806264800019562,2,35100,31.70576599999913
a10-scale,waxman-n250-load0.7-random_node_30-centralised-deg4.0,waxman,250,0.7,random_node_30,CENTRALISED,spf-reconverge,8,7406878838191412797,0.2509839154700362,0.4661183850746383,0.3481247076550096,0.16379039029569228,0.15158369375956013,4386.952660284468,60.86497130073888,201.44096934760267,,,True,136,0,0,0.98,3,False,1010,0.30000000000000004,0.4146336496099525,,1.365344299993012,2,35112,14.00242380000418
a10-scale,waxman-n250-load0.7-random_node_30-centralised-deg4.0,waxman,250,0.7,random_node_30,CENTRALISED,spf-static,8,7406878838191412797,0.15656807861906943,0.21673642688519074,0.19890448133431932,0.12229759838148423,0.1277762169150146,2736.6564416178894,37.095450010387836,151.10397484942635,,,True,0,0,0,0.98,3,False,1010,0.0,0.10829502692396044,,1.024311100016348,2,52520,8.974328399985097
a10-scale,waxman-n250-load0.7-random_node_30-centralised-deg4.0,waxman,250,0.7,random_node_30,CENTRALISED,cspf,9,8182121137901720835,0.4120347408372877,0.42005906139008525,0.43646594019192636,0.40973228463813177,0.38605125336622026,5828.98483663843,33.266121119057246,102.56470888040374,,,True,158,0,0,0.98,3,False,1026,0.30000000000000004,0.34002348530162835,,4.861462700006086,2,37300,33.890633799979696
a10-scale,waxman-n250-load0.7-random_node_30-centralised-deg4.0,waxman,250,0.7,random_node_30,CENTRALISED,ecmp,9,8182121137901720835,0.2748876932767014,0.3867495155156542,0.36500400450316745,0.23752914684716248,0.16834476913408128,3888.789068204232,55.196299845947095,151.60726460557325,,,True,114,0,0,0.98,3,False,1026,0.30000000000000004,0.388195706939678,,6.078620699991006,2,37278,20.519535500003258
a10-scale,waxman-n250-load0.7-random_node_30-centralised-deg4.0,waxman,250,0.7,random_node_30,CENTRALISED,orbit,9,8182121137901720835,0.4071494942501903,0.41907829001268376,0.43774319877199425,0.4261402231682608,0.34240592179289214,5759.874090730053,26.147826966161464,101.93009047196077,,,True,577,0,0,0.98,3,False,1026,0.30000000000000004,0.34002348530162835,,5.112755399983143,2,37288,34.72291199999745
a10-scale,waxman-n250-load0.7-random_node_30-centralised-deg4.0,waxman,250,0.7,random_node_30,CENTRALISED,spf-reconverge,9,8182121137901720835,0.2748876932767014,0.3867495155156542,0.36500400450316745,0.23752914684716248,0.16834476913408128,3888.789068204232,55.196299845947095,151.60726460557325,,,True,114,0,0,0.98,3,False,1026,0.30000000000000004,0.388195706939678,,1.3493672999902628,2,37278,15.203620500018587
a10-scale,waxman-n250-load0.7-random_node_30-centralised-deg4.0,waxman,250,0.7,random_node_30,CENTRALISED,spf-static,9,8182121137901720835,0.16660567925651468,0.23286710405983094,0.21141162150279744,0.14522262648357995,0.11093384918410903,2356.9419804520157,33.48981972282898,102.27573812195567,,,True,0,0,0,0.98,3,False,1026,0.0,0.1705080650254763,,0.9522822000144515,2,51870,9.608376500022132
a10-scale,waxman-n250-load0.7-random_node_30-centralised-deg4.0,waxman,250,0.7,random_node_30,CENTRALISED,cspf,10,4611578291703435923,0.3487702667713761,0.4943565613540306,0.38227142577899703,0.3540346258275841,0.2228358620475057,4547.120579437107,55.92847631310152,153.58379668265445,,,True,158,0,0,0.98,3,False,958,0.30000000000000004,0.46203332080403187,,5.102699600014603,2,36812,31.412229000008665
a10-scale,waxman-n250-load0.7-random_node_30-centralised-deg4.0,waxman,250,0.7,random_node_30,CENTRALISED,ecmp,10,4611578291703435923,0.2625952399924842,0.4803396637681047,0.3123891546514144,0.24951704513191883,0.10369998460116522,3423.6066935567337,69.45883436178003,153.84507938867154,,,True,137,0,0,0.98,3,False,958,0.30000000000000004,0.45197119161541044,,6.082606200012378,2,36804,20.22555130001274
a10-scale,waxman-n250-load0.7-random_node_30-centralised-deg4.0,waxman,250,0.7,random_node_30,CENTRALISED,orbit,10,4611578291703435923,0.3674733066045971,0.4954682083703729,0.38811501739398,0.41831375614982624,0.2011124379149661,4790.962974922671,45.06581293699779,153.73843509827637,,,True,592,3,0,0.98,3,False,958,0.30000000000000004,0.45967143823806544,,5.424928499967791,2,36796,32.75022830002126
a10-scale,waxman-n250-load0.7-random_node_30-centralised-deg4.0,waxman,250,0.7,random_node_30,CENTRALISED,spf-reconverge,10,4611578291703435923,0.2625952399924842,0.4803396637681047,0.3123891546514144,0.24951704513191883,0.10369998460116522,3423.6066935567337,69.45883436178003,153.84507938867154,,,True,137,0,0,0.98,3,False,958,0.30000000000000004,0.45197119161541044,,1.3480089999793563,2,36804,15.165782600000966
a10-scale,waxman-n250-load0.7-random_node_30-centralised-deg4.0,waxman,250,0.7,random_node_30,CENTRALISED,spf-static,10,4611578291703435923,0.14148645652955164,0.23150336781992129,0.1494080777550923,0.1451956531309209,0.07555131998925174,1844.6411276764225,36.95565051568371,105.2311873888155,,,True,0,0,0,0.98,3,False,958,0.0,0.13578772461768457,,0.9440819000301417,2,54340,9.098411200015107
a10-scale,waxman-n250-load0.7-random_node_30-centralised-deg4.0,waxman,250,0.7,random_node_30,CENTRALISED,cspf,11,1344978036677424561,0.42443394569307197,0.40341165331919726,0.4937009839582917,0.4051859181948162,0.39417877455192923,5667.512898381615,26.915031179361236,102.04952488988522,,,True,153,0,0,0.98,3,False,1012,0.30000000000000004,0.3191272067791371,,4.971521700004814,2,37034,34.57502570000361
a10-scale,waxman-n250-load0.7-random_node_30-centralised-deg4.0,waxman,250,0.7,random_node_30,CENTRALISED,ecmp,11,1344978036677424561,0.29622095982153906,0.3925190021247348,0.38154572342865034,0.24065510960533398,0.22666148906230751,3955.4708750218574,50.95895309137506,151.39241441654565,,,True,126,0,0,0.98,3,False,1012,0.30000000000000004,0.34122175440260805,,6.332674399978714,2,37042,21.39668529998744
a10-scale,waxman-n250-load0.7-random_node_30-centralised-deg4.0,waxman,250,0.7,random_node_30,CENTRALISED,orbit,11,1344978036677424561,0.41972566919682947,0.4031508710484737,0.4908007191261565,0.4085032540067807,0.3736280312780349,5604.642767369762,19.682687821203196,101.74896416428979,,,True,576,1,0,0.98,3,False,1012,0.30000000000000004,0.3191272067791371,,5.170302800019272,2,37026,34.138115400011884
a10-scale,waxman-n250-load0.7-random_node_30-centralised-deg4.0,waxman,250,0.7,random_node_30,CENTRALISED,spf-reconverge,11,1344978036677424561,0.29622095982153906,0.3925190021247348,0.38154572342865034,0.24065510960533398,0.22666148906230751,3955.4708750218574,50.95895309137506,151.39241441654565,,,True,126,0,0,0.98,3,False,1012,0.30000000000000004,0.34122175440260805,,1.3656387999944855,2,37042,16.205814599990845
a10-scale,waxman-n250-load0.7-random_node_30-centralised-deg4.0,waxman,250,0.7,random_node_30,CENTRALISED,spf-static,11,1344978036677424561,0.16092328138637782,0.1992261488874638,0.2165442833587457,0.1297913177365932,0.12384750262843157,2148.8261769870905,32.63733764115477,101.91070190833723,,,True,0,0,0,0.98,3,False,1012,0.0,0.0955108556763762,,1.0095525000069756,2,53170,9.996232000004966
a10-scale,waxman-n250-load0.7-random_node_30-centralised-deg4.0,waxman,250,0.7,random_node_30,CENTRALISED,cspf,12,6777895906716727803,0.30736798338268706,0.4890451811696343,0.41319035462159803,0.23055709018955714,0.207769685316307,5199.111544715924,76.18783485818344,202.4307655000648,,,True,151,0,0,0.98,3,False,1000,0.30000000000000004,0.42406973492309324,,4.876227000000654,2,35608,27.834335299994564
a10-scale,waxman-n250-load0.7-random_node_30-centralised-deg4.0,waxman,250,0.7,random_node_30,CENTRALISED,ecmp,12,6777895906716727803,0.2307340615554248,0.4063050299388955,0.25136693059766774,0.19022405314629556,0.16582640348211655,3902.853218444786,70.46428624479101,201.7115051660479,,,True,144,0,0,0.98,3,False,1000,0.30000000000000004,0.4170184905135652,,6.286108300002525,2,35648,18.994243799999822
a10-scale,waxman-n250-load0.7-random_node_30-centralised-deg4.0,waxman,250,0.7,random_node_30,CENTRALISED,orbit,12,6777895906716727803,0.3198808025700947,0.49351079470702514,0.4694773220609802,0.25924886196818414,0.16286802280154766,5410.765152805602,73.69565642246918,204.0179896664845,,,True,593,5,0,0.98,3,False,1000,0.30000000000000004,0.4289441729089689,,5.246207900025183,2,35624,31.36029419998522
a10-scale,waxman-n250-load0.7-random_node_30-centralised-deg4.0,waxman,250,0.7,random_node_30,CENTRALISED,spf-reconverge,12,6777895906716727803,0.2307340615554248,0.4063050299388955,0.25136693059766774,0.19022405314629556,0.16582640348211655,3902.853218444786,70.46428624479101,201.7115051660479,,,True,144,0,0,0.98,3,False,1000,0.30000000000000004,0.4170184905135652,,1.4077355000190437,2,35648,13.06673670001328
a10-scale,waxman-n250-load0.7-random_node_30-centralised-deg4.0,waxman,250,0.7,random_node_30,CENTRALISED,spf-static,12,6777895906716727803,0.1268802502371487,0.19864398188670265,0.11004506951332232,0.11096454550636362,0.12296028801616565,2146.1720461076548,40.8354802841287,151.15713514439213,,,True,0,0,0,0.98,3,False,1000,0.0,0.12304042844437262,,1.000679399992805,2,54080,8.132093199994415
a10-scale,waxman-n250-load0.7-random_node_30-centralised-deg4.0,waxman,250,0.7,random_node_30,CENTRALISED,cspf,13,6861337313437915157,0.37503827598955736,0.47763002464651516,0.4743860516272508,0.3201000601968283,0.2979455293134163,5749.613248817864,65.52906478506247,152.42178989132793,,,True,167,0,0,0.98,3,False,966,0.30000000000000004,0.41258413072213623,,5.026219899998978,2,32270,33.077701400005026
a10-scale,waxman-n250-load0.7-random_node_30-centralised-deg4.0,waxman,250,0.7,random_node_30,CENTRALISED,ecmp,13,6861337313437915157,0.2666339560648309,0.45132490099901035,0.3738416439707158,0.19145679909041705,0.16407698888163558,4087.695108799397,53.601278182912154,152.02696293894226,,,True,122,0,0,0.98,3,False,966,0.30000000000000004,0.47317735390224797,,6.407864799984964,2,32224,21.404378600011114
a10-scale,waxman-n250-load0.7-random_node_30-centralised-deg4.0,waxman,250,0.7,random_node_30,CENTRALISED,orbit,13,6861337313437915157,0.38457450905610235,0.48147615467021415,0.5191855280648239,0.3614651369862167,0.2268942381191364,5895.810731830901,53.79271163691136,151.78375829754043,,,True,607,2,0,0.98,3,False,966,0.30000000000000004,0.41623805716593804,,5.1174241000262555,2,32276,36.589447099977406
a10-scale,waxman-n250-load0.7-random_node_30-centralised-deg4.0,waxman,250,0.7,random_node_30,CENTRALISED,spf-reconverge,13,6861337313437915157,0.2666339560648309,0.45132490099901035,0.3738416439707158,0.19145679909041705,0.16407698888163558,4087.695108799397,53.601278182912154,152.02696293894226,,,True,122,0,0,0.98,3,False,966,0.30000000000000004,0.47317735390224797,,1.3710892999952193,2,32224,15.939077999995789
a10-scale,waxman-n250-load0.7-random_node_30-centralised-deg4.0,waxman,250,0.7,random_node_30,CENTRALISED,spf-static,13,6861337313437915157,0.20157990972946752,0.3206654363174208,0.240862216214444,0.18045349005965802,0.1240112398295309,3090.3686206906705,35.670267246377165,101.76403159723816,,,True,0,0,0,0.98,3,False,966,0.0,0.2896466639753571,,0.9145749000017531,2,47840,10.820845199981704
a10-scale,waxman-n250-load0.7-random_node_30-centralised-deg4.0,waxman,250,0.7,random_node_30,CENTRALISED,cspf,14,4662421182354947595,0.3282251085594751,0.5179892453093088,0.3707288904034693,0.29528244726597863,0.21625010441582218,5484.784080684852,67.64248461511656,153.0091715185836,,,True,156,0,0,0.98,3,False,1016,0.30000000000000004,0.4491884964102224,,5.118923499976518,2,35886,29.763524999987567
a10-scale,waxman-n250-load0.7-random_node_30-centralised-deg4.0,waxman,250,0.7,random_node_30,CENTRALISED,ecmp,14,4662421182354947595,0.23522700858793308,0.45442011187115267,0.29819392339370104,0.18133410506469377,0.11489287579886714,3930.745450013105,72.70170038817217,201.00631646813136,,,True,134,0,0,0.98,3,False,1016,0.30000000000000004,0.44895876368979776,,6.594789299997501,2,35888,20.456033399997978
a10-scale,waxman-n250-load0.7-random_node_30-centralised-deg4.0,waxman,250,0.7,random_node_30,CENTRALISED,orbit,14,4662421182354947595,0.31903836248387296,0.5262053896354211,0.4479066792307034,0.2682728317390675,0.13436299423763662,5331.269564839618,69.52406766868326,154.83476153828718,,,True,602,6,0,0.98,3,False,1016,0.30000000000000004,0.45867649671067,,5.7719761000189465,2,35902,32.166783299995586
a10-scale,waxman-n250-load0.7-random_node_30-centralised-deg4.0,waxman,250,0.7,random_node_30,CENTRALISED,spf-reconverge,14,4662421182354947595,0.23522700858793308,0.45442011187115267,0.29819392339370104,0.18133410506469377,0.11489287579886714,3930.745450013105,72.70170038817217,201.00631646813136,,,True,134,0,0,0.98,3,False,1016,0.30000000000000004,0.44895876368979776,,1.490844800020568,2,35888,15.119376899994677
a10-scale,waxman-n250-load0.7-random_node_30-centralised-deg4.0,waxman,250,0.7,random_node_30,CENTRALISED,spf-static,14,4662421182354947595,0.14766152958043538,0.23399316892764857,0.19364109303865443,0.09814739769793518,0.12000894849134257,2467.488274516308,41.55685714050699,151.17519808692822,,,True,0,0,0,0.98,3,False,1016,0.0,0.15421944153069136,,1.082406200002879,2,53040,9.738653800013708
a10-scale,waxman-n250-load0.7-random_node_30-centralised-deg4.0,waxman,250,0.7,random_node_30,CENTRALISED,cspf,15,2355304202792099441,0.31886363872782714,0.51674129261088,0.3664508825224193,0.31304432358450146,0.16178522768162382,5944.303524475893,72.52639607221491,203.32873778327394,,,True,156,0,0,0.98,3,False,1060,0.30000000000000004,0.45259833698888696,,5.396609399991576,2,35880,30.270785700005945
a10-scale,waxman-n250-load0.7-random_node_30-centralised-deg4.0,waxman,250,0.7,random_node_30,CENTRALISED,ecmp,15,2355304202792099441,0.2414107983924873,0.48295085071371985,0.2972225153095379,0.1797115196493491,0.1273853127933344,4500.416119744191,57.66440286390702,152.42424071480215,,,True,125,0,0,0.98,3,False,1060,0.30000000000000004,0.4421779230429834,,6.900202700024238,2,35870,21.198357100016437
a10-scale,waxman-n250-load0.7-random_node_30-centralised-deg4.0,waxman,250,0.7,random_node_30,CENTRALISED,orbit,15,2355304202792099441,0.32980183644143546,0.5227036718211134,0.44796027887329937,0.3361753088864259,0.0895705348643249,6148.215038124255,60.09802469806938,153.2244198076984,,,True,588,1,0,0.98,3,False,1060,0.30000000000000004,0.45418986453336513,,5.897881600016262,2,35874,33.961295199987944
a10-scale,waxman-n250-load0.7-random_node_30-centralised-deg4.0,waxman,250,0.7,random_node_30,CENTRALISED,spf-reconverge,15,2355304202792099441,0.2414107983924873,0.48295085071371985,0.2972225153095379,0.1797115196493491,0.1273853127933344,4500.416119744191,57.66440286390702,152.42424071480215,,,True,125,0,0,0.98,3,False,1060,0.30000000000000004,0.4421779230429834,,1.5981778999848757,2,35870,15.470910800009733
a10-scale,waxman-n250-load0.7-random_node_30-centralised-deg4.0,waxman,250,0.7,random_node_30,CENTRALISED,spf-static,15,2355304202792099441,0.1549779752764014,0.22783655271521397,0.20454726138830284,0.12913923734492785,0.09844295337132859,2889.1225362889095,45.83245983202906,150.98973988571444,,,True,0,0,0,0.98,3,False,1060,0.0,0.12503195106914491,,1.1756540999922436,2,51870,10.187771900004009
a10-scale,waxman-n250-load0.7-random_node_30-centralised-deg4.0,waxman,250,0.7,random_node_30,CENTRALISED,cspf,16,17621621996922586874,0.36573534891711273,0.4770875139321177,0.43330143896640416,0.3113609536516464,0.30610952296703575,6536.967051411222,57.899752043439115,152.51096241718167,,,True,170,0,0,0.98,3,False,1036,0.30000000000000004,0.4206797751668067,,5.115405300020939,2,32120,29.612601900007576
a10-scale,waxman-n250-load0.7-random_node_30-centralised-deg4.0,waxman,250,0.7,random_node_30,CENTRALISED,ecmp,16,17621621996922586874,0.26000108248285836,0.421045400056253,0.29715385514406795,0.22653343486177638,0.17179801580026952,4647.126712126707,62.00538041627267,152.69087096431832,,,True,117,0,0,0.98,3,False,1036,0.30000000000000004,0.4214440952073992,,6.839141600008588,2,32084,21.375504900002852
a10-scale,waxman-n250-load0.7-random_node_30-centralised-deg4.0,waxman,250,0.7,random_node_30,CENTRALISED,orbit,16,17621621996922586874,0.35928642947702055,0.48188891302540937,0.49069757423395766,0.31031921912123156,0.22366298171698773,6421.702355171423,53.120534169197015,151.18465836606327,,0.0,True,603,3,0,0.98,3,False,1036,0.30000000000000004,0.41841271886341225,,5.533593699976336,2,32130,32.86356649998925
a10-scale,waxman-n250-load0.7-random_node_30-centralised-deg4.0,waxman,250,0.7,random_node_30,CENTRALISED,spf-reconverge,16,17621621996922586874,0.26000108248285836,0.421045400056253,0.29715385514406795,0.22653343486177638,0.17179801580026952,4647.126712126707,62.00538041627267,152.69087096431832,,,True,117,0,0,0.98,3,False,1036,0.30000000000000004,0.4214440952073992,,1.577519399987068,2,32084,15.648331899981713
a10-scale,waxman-n250-load0.7-random_node_30-centralised-deg4.0,waxman,250,0.7,random_node_30,CENTRALISED,spf-static,16,17621621996922586874,0.20077960610607043,0.2827826411115577,0.2172979872436746,0.20272149208370394,0.13267413612010598,3588.6322544342243,46.57749448590279,153.77563348897615,,,True,0,0,0,0.98,3,False,1036,0.0,0.23055810780560743,,1.0833016000397038,2,47060,11.27672339999117
a10-scale,waxman-n250-load0.7-random_node_30-centralised-deg4.0,waxman,250,0.7,random_node_30,CENTRALISED,cspf,17,3522923139722883465,0.35540478824128635,0.6023677574641091,0.4093925458731807,0.29762450428804815,0.24324653671319543,6712.474047926551,66.62752508613373,152.45212942281276,,,True,171,0,0,0.98,3,False,1046,0.30000000000000004,0.5574956078868931,,5.064481000008527,2,31356,30.533528200001456
a10-scale,waxman-n250-load0.7-random_node_30-centralised-deg4.0,waxman,250,0.7,random_node_30,CENTRALISED,ecmp,17,3522923139722883465,0.25952821208990245,0.5870932376726506,0.3505802123477914,0.15160893913307932,0.1358834335978089,4901.668311726691,69.4914455458889,201.65636626587386,,,True,157,0,0,0.98,3,False,1046,0.30000000000000004,0.6165989469601928,,6.873569099989254,2,31384,22.751362999988487
a10-scale,waxman-n250-load0.7-random_node_30-centralised-deg4.0,waxman,250,0.7,random_node_30,CENTRALISED,orbit,17,3522923139722883465,0.33932194884263056,0.6170441051700073,0.4969891434812301,0.2537181278364386,0.1490108338173608,6408.720002814599,75.36450041905576,204.39521926679646,,,True,607,10,0,0.98,3,False,1046,0.30000000000000004,0.5655415295007261,,5.348635399976047,2,31358,34.526996400003554
a10-scale,waxman-n250-load0.7-random_node_30-centralised-deg4.0,waxman,250,0.7,random_node_30,CENTRALISED,spf-reconverge,17,3522923139722883465,0.25952821208990245,0.5870932376726506,0.3505802123477914,0.15160893913307932,0.1358834335978089,4901.668311726691,69.4914455458889,201.65636626587386,,,True,157,0,0,0.98,3,False,1046,0.30000000000000004,0.6165989469601928,,1.5373213999846485,2,31384,16.921808799990686
a10-scale,waxman-n250-load0.7-random_node_30-centralised-deg4.0,waxman,250,0.7,random_node_30,CENTRALISED,spf-static,17,3522923139722883465,0.1549837484616754,0.19565285863443413,0.17679844445267034,0.13672424090797522,0.13634844716909594,2927.153555098111,40.97548907209226,151.19533614245768,,,True,0,0,0,0.98,3,False,1046,0.0,0.10026270317854323,,1.0838249999796972,2,51480,10.052821499994025
a10-scale,waxman-n250-load0.7-random_node_30-centralised-deg4.0,waxman,250,0.7,random_node_30,CENTRALISED,cspf,18,136052563686113288,0.3572282187362673,0.45826891861231783,0.40831725858297097,0.32098162619918047,0.29755921887179276,4944.789552636614,45.94780908842898,106.37380684694836,,,True,139,0,0,0.98,3,False,980,0.30000000000000004,0.3916391881538331,,4.790636099991389,2,39364,30.288771599996835
a10-scale,waxman-n250-load0.7-random_node_30-centralised-deg4.0,waxman,250,0.7,random_node_30,CENTRALISED,ecmp,18,136052563686113288,0.24089838463582366,0.44308200720426644,0.30389001340071997,0.18049492129727762,0.144176050874371,3334.5400870295875,53.010261714182555,152.17984302277637,,,True,117,0,0,0.98,3,False,980,0.30000000000000004,0.41642185703117085,,5.8627634000149556,2,39364,18.929968799988274
a10-scale,waxman-n250-load0.7-random_node_30-centralised-deg4.0,waxman,250,0.7,random_node_30,CENTRALISED,orbit,18,136052563686113288,0.3614620722600091,0.45916985516704684,0.42406241111312176,0.3579880220231628,0.2476279912945083,5003.3949862881145,28.00147333504179,102.31537101561659,,,True,573,0,0,0.98,3,False,980,0.30000000000000004,0.39048638441989675,,5.154990600014571,2,39358,31.968508099991595
a10-scale,waxman-n250-load0.7-random_node_30-centralised-deg4.0,waxman,250,0.7,random_node_30,CENTRALISED,spf-reconverge,18,136052563686113288,0.24089838463582366,0.44308200720426644,0.30389001340071997,0.18049492129727762,0.144176050874371,3334.5400870295875,53.010261714182555,152.17984302277637,,,True,117,0,0,0.98,3,False,980,0.30000000000000004,0.41642185703117085,,1.328783899982227,2,39364,14.00750729997526
a10-scale,waxman-n250-load0.7-random_node_30-centralised-deg4.0,waxman,250,0.7,random_node_30,CENTRALISED,spf-static,18,136052563686113288,0.1359364013350075,0.18710893657063596,0.15641256264276407,0.10649454267772183,0.1261859326591704,1881.6455752635106,33.246761644685215,151.15293666672733,,,True,0,0,0,0.98,3,False,980,0.0,0.08481775966198608,,1.0158940999826882,2,54340,9.033926000003703
a10-scale,waxman-n250-load0.7-random_node_30-centralised-deg4.0,waxman,250,0.7,random_node_30,CENTRALISED,cspf,19,13838024383768485344,0.34543734235894646,0.49208476682546726,0.4491537784634859,0.3120622895240386,0.19630596123621508,5654.979343059336,69.95992516609446,153.81847726222355,,,True,165,0,0,0.98,3,False,1004,0.30000000000000004,0.41877407047194015,,4.9806541000143625,2,34730,30.356047800014494
a10-scale,waxman-n250-load0.7-random_node_30-centralised-deg4.0,waxman,250,0.7,random_node_30,CENTRALISED,ecmp,19,13838024383768485344,0.24597897600226437,0.46192474854914095,0.31167763083323535,0.19837754741902788,0.11024857886553428,4026.796925372036,73.70598569150583,201.62541663748792,,,True,131,0,0,0.98,3,False,1004,0.30000000000000004,0.41398080035730284,,6.289656999986619,2,34712,21.39114610000979
a10-scale,waxman-n250-load0.7-random_node_30-centralised-deg4.0,waxman,250,0.7,random_node_30,CENTRALISED,orbit,19,13838024383768485344,0.33415545677916125,0.49252131719918646,0.46297329320771813,0.32309675535368476,0.12148281149178063,5470.289322377812,68.1989742925841,153.83118998961584,,,True,615,1,0,0.98,3,False,1004,0.30000000000000004,0.41938426432940734,,5.367306700005429,2,34762,32.948573699977715
a10-scale,waxman-n250-load0.7-random_node_30-centralised-deg4.0,waxman,250,0.7,random_node_30,CENTRALISED,spf-reconverge,19,13838024383768485344,0.24597897600226437,0.46192474854914095,0.31167763083323535,0.19837754741902788,0.11024857886553428,4026.796925372036,73.70598569150583,201.62541663748792,,,True,131,0,0,0.98,3,False,1004,0.30000000000000004,0.41398080035730284,,1.3927836999937426,2,34712,15.919293199985987
a10-scale,waxman-n250-load0.7-random_node_30-centralised-deg4.0,waxman,250,0.7,random_node_30,CENTRALISED,spf-static,19,13838024383768485344,0.1733745904915056,0.23077153977196313,0.21080350001158307,0.18018507265971773,0.0902914609086178,2838.2273935574226,38.944008918784796,102.20737661756276,,,True,0,0,0,0.98,3,False,1004,0.0,0.12763187341405552,,1.049303499981761,2,51480,10.917666699999245
a10-scale,waxman-n250-load0.7-random_node_30-centralised-deg4.0,waxman,250,0.7,random_node_30,CENTRALISED,cspf,20,8527229795124268227,0.3318913112184659,0.4387361829145763,0.4578302304098227,0.28591032620070495,0.2109129192802793,5328.694650557393,72.0617107228515,153.76665236654355,,,True,164,0,0,0.98,3,False,942,0.30000000000000004,0.35979811407846923,,4.597217600006843,2,33164,28.166943899996113
a10-scale,waxman-n250-load0.7-random_node_30-centralised-deg4.0,waxman,250,0.7,random_node_30,CENTRALISED,ecmp,20,8527229795124268227,0.2364023256827272,0.41690936468584844,0.3191396481661817,0.17709432096620306,0.13118441749404958,3795.567300692826,60.820445247141556,152.3069122015527,,,True,164,0,0,0.98,3,False,942,0.30000000000000004,0.36863856341448115,,6.047183199989377,2,33218,18.820060599973658
a10-scale,waxman-n250-load0.7-random_node_30-centralised-deg4.0,waxman,250,0.7,random_node_30,CENTRALISED,orbit,20,8527229795124268227,0.3274160506021612,0.4452076384653249,0.5148740017413839,0.2840861657981327,0.138217089332766,5256.841918955585,62.099933693015444,153.98252932097455,,,True,605,5,0,0.98,3,False,942,0.30000000000000004,0.36387732817115376,,5.039357200002996,2,33182,31.299524400004884
a10-scale,waxman-n250-load0.7-random_node_30-centralised-deg4.0,waxman,250,0.7,random_node_30,CENTRALISED,spf-reconverge,20,8527229795124268227,0.2364023256827272,0.41690936468584844,0.3191396481661817,0.17709432096620306,0.13118441749404958,3795.567300692826,60.820445247141556,152.3069122015527,,,True,164,0,0,0.98,3,False,942,0.30000000000000004,0.36863856341448115,,1.402967499976512,2,33218,13.735567399999127
a10-scale,waxman-n250-load0.7-random_node_30-centralised-deg4.0,waxman,250,0.7,random_node_30,CENTRALISED,spf-static,20,8527229795124268227,0.13042232514647323,0.20309445854500013,0.13830384843530188,0.1561648160361428,0.04682110744314967,2094.001026329373,41.27932876205291,151.4068534709875,,,True,0,0,0,0.98,3,False,942,0.0,0.09865520140601988,,0.9835814000107348,2,54210,8.470289799995953
a10-scale,waxman-n250-load0.7-random_node_30-centralised-deg4.0,waxman,250,0.7,random_node_30,CENTRALISED,cspf,21,8621800503461566513,0.3646320481297179,0.5688882144411853,0.46189596850393383,0.31326450851816906,0.2149686120822809,6428.159169763736,67.05263017910214,152.47204654704728,,,True,155,0,0,0.98,3,False,1060,0.30000000000000004,0.5129796131145438,,5.093676399992546,2,34438,32.989902000001166
a10-scale,waxman-n250-load0.7-random_node_30-centralised-deg4.0,waxman,250,0.7,random_node_30,CENTRALISED,ecmp,21,8621800503461566513,0.24423608380799744,0.5200541380989909,0.27522291274488553,0.17869659495199586,0.13994338278207857,4305.678641716757,61.53921123533647,152.4282427303029,,,True,112,0,0,0.98,3,False,1060,0.30000000000000004,0.5280176167116867,,6.654144999978598,2,34414,20.165966100001242
a10-scale,waxman-n250-load0.7-random_node_30-centralised-deg4.0,waxman,250,0.7,random_node_30,CENTRALISED,orbit,21,8621800503461566513,0.3548419823412062,0.5732994684493311,0.4992231003800939,0.2798790227999651,0.1820181579074128,6255.568467729164,59.1568125427719,153.94368556395276,,,True,584,4,0,0.98,3,False,1060,0.30000000000000004,0.5120914735207254,,5.319053300016094,2,34440,33.91954299999634
a10-scale,waxman-n250-load0.7-random_node_30-centralised-deg4.0,waxman,250,0.7,random_node_30,CENTRALISED,spf-reconverge,21,8621800503461566513,0.24423608380799744,0.5200541380989909,0.27522291274488553,0.17869659495199586,0.13994338278207857,4305.678641716757,61.53921123533647,152.4282427303029,,,True,112,0,0,0.98,3,False,1060,0.30000000000000004,0.5280176167116867,,1.4877602999913506,2,34414,14.513913200004026
a10-scale,waxman-n250-load0.7-random_node_30-centralised-deg4.0,waxman,250,0.7,random_node_30,CENTRALISED,spf-static,21,8621800503461566513,0.1827675655467144,0.3114719453864742,0.20137081616166627,0.17135555858036713,0.10227632349911336,3222.0398849487597,36.47509936875453,101.8186055585853,,,True,0,0,0,0.98,3,False,1060,0.0,0.2519938306154982,,1.0661376000207383,2,48750,10.256359600025462
a10-scale,waxman-n250-load0.7-random_node_30-centralised-deg4.0,waxman,250,0.7,random_node_30,CENTRALISED,cspf,22,1462585362951465426,0.29265817492933516,0.4329792099794019,0.39491052452007713,0.25726661549092905,0.15380402341320049,5289.560230260585,79.40112806929457,203.0960216113763,,,True,175,0,0,0.98,3,False,1040,0.30000000000000004,0.3664120409111721,,4.798350099968957,2,32542,26.803086800005985
a10-scale,waxman-n250-load0.7-random_node_30-centralised-deg4.0,waxman,250,0.7,random_node_30,CENTRALISED,ecmp,22,1462585362951465426,0.23545635448326957,0.42323603491438044,0.32139521735475646,0.1684063993576751,0.13122115199986029,4255.683508371391,74.80668074242126,201.50463759703155,,,True,156,0,0,0.98,3,False,1040,0.30000000000000004,0.4130397504195203,,6.570225999981631,2,32552,21.171286199998576
a10-scale,waxman-n250-load0.7-random_node_30-centralised-deg4.0,waxman,250,0.7,random_node_30,CENTRALISED,orbit,22,1462585362951465426,0.29619154295110767,0.44514907085687394,0.46230850946015517,0.23323760699942242,0.12603971559820515,5353.423004541041,81.59756022612406,203.33361466535393,,,True,614,7,0,0.98,3,False,1040,0.30000000000000004,0.3696712275070593,,5.4648334000085015,2,32550,31.491858199995477
a10-scale,waxman-n250-load0.7-random_node_30-centralised-deg4.0,waxman,250,0.7,random_node_30,CENTRALISED,spf-reconverge,22,1462585362951465426,0.23545635448326957,0.42323603491438044,0.32139521735475646,0.1684063993576751,0.13122115199986029,4255.683508371391,74.80668074242126,201.50463759703155,,,True,156,0,0,0.98,3,False,1040,0.30000000000000004,0.4130397504195203,,1.5165601999906357,2,32552,15.515839100000449
a10-scale,waxman-n250-load0.7-random_node_30-centralised-deg4.0,waxman,250,0.7,random_node_30,CENTRALISED,spf-static,22,1462585362951465426,0.1490084500056128,0.18531658448559712,0.2086784580144041,0.12268745674312334,0.10363095214740015,2693.207429837821,37.70592826126325,153.1902691897157,,,True,0,0,0,0.98,3,False,1040,0.0,0.09220722923564129,,1.039820800011512,2,52520,9.505002899997635
a10-scale,waxman-n250-load0.7-random_node_30-centralised-deg4.0,waxman,250,0.7,random_node_30,CENTRALISED,cspf,23,14345029643844662704,0.39390388590078307,0.3836263367751475,0.4434470109063728,0.385785679261553,0.3608816156183753,5105.013314885121,27.630183446595865,102.52649475073422,,,True,139,0,0,0.98,3,False,978,0.30000000000000004,0.2915230695348845,,4.770097199972952,2,38450,31.952979900001083
a10-scale,waxman-n250-load0.7-random_node_30-centralised-deg4.0,waxman,250,0.7,random_node_30,CENTRALISED,ecmp,23,14345029643844662704,0.2632119494102483,0.37749372432775774,0.3745779608097898,0.2211951549003396,0.13840791933583263,3411.239529418197,54.57576177406518,152.49095732304323,,,True,106,0,0,0.98,3,False,978,0.30000000000000004,0.30464367565402584,,5.899360000039451,2,38432,20.192300700000487
a10-scale,waxman-n250-load0.7-random_node_30-centralised-deg4.0,waxman,250,0.7,random_node_30,CENTRALISED,orbit,23,14345029643844662704,0.3928929987454823,0.38254764280238723,0.44424665209882686,0.4074193555926316,0.3259015407343957,5091.912168711212,18.305149590782143,100.79755003598461,,,True,582,0,0,0.98,3,False,978,0.30000000000000004,0.2915230695348845,,5.1573617000249214,2,38468,32.857418500003405
a10-scale,waxman-n250-load0.7-random_node_30-centralised-deg4.0,waxman,250,0.7,random_node_30,CENTRALISED,spf-reconverge,23,14345029643844662704,0.2632119494102483,0.37749372432775774,0.3745779608097898,0.2211951549003396,0.13840791933583263,3411.239529418197,54.57576177406518,152.49095732304323,,,True,106,0,0,0.98,3,False,978,0.30000000000000004,0.30464367565402584,,1.3533462999912445,2,38432,15.116274400003022
a10-scale,waxman-n250-load0.7-random_node_30-centralised-deg4.0,waxman,250,0.7,random_node_30,CENTRALISED,spf-static,23,14345029643844662704,0.17931116973883193,0.20146537103221096,0.20244409713823144,0.1594264172758823,0.17020084492230947,2323.8813877934967,25.939099330865645,103.64741442280257,,,True,0,0,0,0.98,3,False,978,0.0,0.08907624062205764,,0.9795607999840286,2,52000,10.909159500006353
a10-scale,waxman-n250-load0.7-random_node_30-centralised-deg4.0,waxman,250,0.7,random_node_30,CENTRALISED,cspf,24,4286069682217630086,0.3701819503131104,0.4511087529493276,0.43655389813818074,0.361768937370314,0.26917520661146116,5772.177937161905,57.33273930081801,152.0614160483968,,,True,160,0,0,0.98,3,False,960,0.30000000000000004,0.4119981346267525,,4.788076700002421,2,34330,30.59374939999543
a10-scale,waxman-n250-load0.7-random_node_30-centralised-deg4.0,waxman,250,0.7,random_node_30,CENTRALISED,ecmp,24,4286069682217630086,0.24444197716607072,0.4258405691695578,0.321187315945199,0.17591810844043917,0.15630732230689515,3811.538045873915,60.72835107875009,151.99289131127742,,,True,126,0,0,0.98,3,False,960,0.30000000000000004,0.39137364017396364,,6.149172899982659,2,34312,19.153860499995062
a10-scale,waxman-n250-load0.7-random_node_30-centralised-deg4.0,waxman,250,0.7,random_node_30,CENTRALISED,orbit,24,4286069682217630086,0.37492088898740805,0.4519979328465219,0.46595479445945587,0.38964271181566656,0.22043243103950724,5846.071321856128,50.68842003190101,153.28179337104712,,,True,590,3,0,0.98,3,False,960,0.30000000000000004,0.4109089012300126,,5.235020300024189,2,34322,33.19609290000517
a10-scale,waxman-n250-load0.7-random_node_30-centralised-deg4.0,waxman,250,0.7,random_node_30,CENTRALISED,spf-reconverge,24,4286069682217630086,0.24444197716607072,0.4258405691695578,0.321187315945199,0.17591810844043917,0.15630732230689515,3811.538045873915,60.72835107875009,151.99289131127742,,,True,126,0,0,0.98,3,False,960,0.30000000000000004,0.39137364017396364,,1.4010728000139352,2,34312,13.844023700017715
a10-scale,waxman-n250-load0.7-random_node_30-centralised-deg4.0,waxman,250,0.7,random_node_30,CENTRALISED,spf-static,24,4286069682217630086,0.16807101485432396,0.24807185119804068,0.19205043811551661,0.1496359181441478,0.12259730928262043,2620.6999098631663,39.993475736480484,150.84718134895377,,,True,0,0,0,0.98,3,False,960,0.0,0.16171133277529132,,0.9882918999937829,2,50440,9.931021399999736
a10-scale,waxman-n250-load0.7-random_node_30-centralised-deg4.0,waxman,250,0.7,random_node_30,CENTRALISED,cspf,25,16557019448517415526,0.37102688410288465,0.43958897372800154,0.4573723325086618,0.3458654666619214,0.27994798222218703,6001.985982664445,57.95675045929205,152.32159055665431,,,True,148,0,0,0.98,3,False,1028,0.30000000000000004,0.35678265557209954,,4.8300131000287365,2,34942,30.56415079999715
a10-scale,waxman-n250-load0.7-random_node_30-centralised-deg4.0,waxman,250,0.7,random_node_30,CENTRALISED,ecmp,25,16557019448517415526,0.25727370345661943,0.42320521619823126,0.36156275547321437,0.1804406584926009,0.1626903002271854,4161.836319727737,64.82838944113348,151.57314215657885,,,True,126,0,0,0.98,3,False,1028,0.30000000000000004,0.3803740424639602,,6.416980300011346,2,34962,20.255498999991687
a10-scale,waxman-n250-load0.7-random_node_30-centralised-deg4.0,waxman,250,0.7,random_node_30,CENTRALISED,orbit,25,16557019448517415526,0.38017680327425774,0.4394415947158316,0.5209735546329353,0.3599278459450638,0.23385579393435513,6150.00136635256,45.79172056168898,152.1436908964394,,,True,588,3,0,0.98,3,False,1028,0.30000000000000004,0.35678265557209954,,5.11687840000377,2,34962,35.08924770000158
a10-scale,waxman-n250-load0.7-random_node_30-centralised-deg4.0,waxman,250,0.7,random_node_30,CENTRALISED,spf-reconverge,25,16557019448517415526,0.25727370345661943,0.42320521619823126,0.36156275547321437,0.1804406584926009,0.1626903002271854,4161.836319727737,64.82838944113348,151.57314215657885,,,True,126,0,0,0.98,3,False,1028,0.30000000000000004,0.3803740424639602,,1.405896100011887,2,34962,14.77309120001155
a10-scale,waxman-n250-load0.7-random_node_30-centralised-deg4.0,waxman,250,0.7,random_node_30,CENTRALISED,spf-static,25,16557019448517415526,0.1700300028279638,0.2396718744929762,0.20136165516077503,0.1341535354722528,0.14770395228888075,2750.522232569131,38.060220111023355,151.00209963962732,,,True,0,0,0,0.98,3,False,1028,0.0,0.14666004692477738,,1.0274505999695975,2,51090,9.64151829999173
a10-scale,waxman-n250-load0.7-random_node_30-centralised-deg4.0,waxman,250,0.7,random_node_30,CENTRALISED,cspf,26,16663993423168729838,0.35785519761646856,0.4263096489805088,0.3872656541013409,0.37588421369024855,0.26042789499334706,6044.333226735935,57.93404203289906,152.7448869623426,,,True,140,0,0,0.98,3,False,1026,0.30000000000000004,0.35159698966921066,,5.146349699993152,2,36484,30.584937200008426
a10-scale,waxman-n250-load0.7-random_node_30-centralised-deg4.0,waxman,250,0.7,random_node_30,CENTRALISED,ecmp,26,16663993423168729838,0.24300849172170005,0.38277535547449304,0.2994668740533011,0.21784164934264355,0.13601473178602613,4104.521355776615,67.84787732662284,201.38512009250388,,,True,92,0,0,0.98,3,False,1026,0.30000000000000004,0.33966292216499866,,6.490414000028977,2,36454,19.82291869999608
a10-scale,waxman-n250-load0.7-random_node_30-centralised-deg4.0,waxman,250,0.7,random_node_30,CENTRALISED,orbit,26,16663993423168729838,0.3625512783992833,0.4389723603886821,0.42007932856037006,0.40479005250733113,0.19689525696417895,6123.652116890562,48.868730932460004,151.49311104355505,,,True,576,1,0,0.98,3,False,1026,0.30000000000000004,0.3577830028321326,,5.521088900015457,2,36506,33.18934090001858
a10-scale,waxman-n250-load0.7-random_node_30-centralised-deg4.0,waxman,250,0.7,random_node_30,CENTRALISED,spf-reconverge,26,16663993423168729838,0.24300849172170005,0.38277535547449304,0.2994668740533011,0.21784164934264355,0.13601473178602613,4104.521355776615,67.84787732662284,201.38512009250388,,,True,92,0,0,0.98,3,False,1026,0.30000000000000004,0.33966292216499866,,1.4873597000259906,2,36454,14.456149200006621
a10-scale,waxman-n250-load0.7-random_node_30-centralised-deg4.0,waxman,250,0.7,random_node_30,CENTRALISED,spf-static,26,16663993423168729838,0.20159066258279804,0.2583267365718042,0.22242819015175253,0.21391863168580302,0.12820487817792234,3404.9558261686234,36.12992240774066,102.21065580310854,,,True,0,0,0,0.98,3,False,1026,0.0,0.17752895990453973,,1.0721025000093505,2,48230,11.18061690000468
a10-scale,waxman-n250-load0.7-random_node_30-centralised-deg4.0,waxman,250,0.7,random_node_30,CENTRALISED,cspf,27,13324343810666347557,0.3407379658555172,0.49554889252882744,0.3695262502717286,0.3386289256324881,0.21765402544101875,5352.368195225611,69.24334184349885,202.9296579092374,,,True,163,0,0,0.98,3,False,996,0.30000000000000004,0.4281309026472324,,4.724884600029327,2,35000,29.902361999993445
a10-scale,waxman-n250-load0.7-random_node_30-centralised-deg4.0,waxman,250,0.7,random_node_30,CENTRALISED,ecmp,27,13324343810666347557,0.24892387552222067,0.48887242972544465,0.28020420926776446,0.19712545675413157,0.14254681457591697,3910.137313381687,70.16402964278122,202.47741210933063,,,True,157,0,0,0.98,3,False,996,0.30000000000000004,0.4494019089909342,,6.194654000020819,2,35024,20.471904000005452
a10-scale,waxman-n250-load0.7-random_node_30-centralised-deg4.0,waxman,250,0.7,random_node_30,CENTRALISED,orbit,27,13324343810666347557,0.3393991558443342,0.4964688403530069,0.4518110989455344,0.30689830071691976,0.17112689893734306,5331.337946643497,64.83149362882517,157.85351715138486,,,True,610,2,0,0.98,3,False,996,0.30000000000000004,0.4241233115701341,,5.046903400012525,2,35012,33.5972190000175
a10-scale,waxman-n250-load0.7-random_node_30-centralised-deg4.0,waxman,250,0.7,random_node_30,CENTRALISED,spf-reconverge,27,13324343810666347557,0.24892387552222067,0.48887242972544465,0.28020420926776446,0.19712545675413157,0.14254681457591697,3910.137313381687,70.16402964278122,202.47741210933063,,,True,157,0,0,0.98,3,False,996,0.30000000000000004,0.4494019089909342,,1.549526099988725,2,35024,15.254326700000092
a10-scale,waxman-n250-load0.7-random_node_30-centralised-deg4.0,waxman,250,0.7,random_node_30,CENTRALISED,spf-static,27,13324343810666347557,0.12470405771558138,0.19866331422640082,0.13803699128442504,0.11181409482141166,0.0835761275540374,1958.8719168895905,39.71777304423228,151.0735621402309,,,True,0,0,0,0.98,3,False,996,0.0,0.0890431288339142,,1.1112616999889724,2,55120,8.846904900012305
a10-scale,waxman-n250-load0.7-random_node_30-centralised-deg4.0,waxman,250,0.7,random_node_30,CENTRALISED,cspf,28,6124794813932936771,0.3515294709141633,0.421735214732525,0.426830893347898,0.3668787707826567,0.2163277828757459,5799.811399832352,60.433074820360844,152.73516437263314,,,True,155,0,0,0.98,3,False,1004,0.30000000000000004,0.34610016349134753,,4.968279700027779,2,36002,30.589029499999015
a10-scale,waxman-n250-load0.7-random_node_30-centralised-deg4.0,waxman,250,0.7,random_node_30,CENTRALISED,ecmp,28,6124794813932936771,0.20557528283465917,0.39719518160827766,0.272245315263885,0.15700982153558773,0.09557792361166385,3391.7437016236754,61.25596166562515,201.18499217680207,,,True,114,0,0,0.98,3,False,1004,0.30000000000000004,0.4010975383886555,,6.410042699979385,2,35978,18.750575599988224
a10-scale,waxman-n250-load0.7-random_node_30-centralised-deg4.0,waxman,250,0.7,random_node_30,CENTRALISED,orbit,28,6124794813932936771,0.35454449556808953,0.4280345317361966,0.4599736362944152,0.3897545299565153,0.1607960820454023,5849.555662562708,50.80648652455629,107.04037918554359,,,True,588,1,0,0.98,3,False,1004,0.30000000000000004,0.3428557668957367,,5.319916400039801,2,36008,33.29713379999157
a10-scale,waxman-n250-load0.7-random_node_30-centralised-deg4.0,waxman,250,0.7,random_node_30,CENTRALISED,spf-reconverge,28,6124794813932936771,0.20557528283465917,0.39719518160827766,0.272245315263885,0.15700982153558773,0.09557792361166385,3391.7437016236754,61.25596166562515,201.18499217680207,,,True,114,0,0,0.98,3,False,1004,0.30000000000000004,0.4010975383886555,,1.396098199969856,2,35978,13.387061299989
a10-scale,waxman-n250-load0.7-random_node_30-centralised-deg4.0,waxman,250,0.7,random_node_30,CENTRALISED,spf-static,28,6124794813932936771,0.1548564340802401,0.23629664266457417,0.23025990596728277,0.10229527417134046,0.10994373995510942,2554.943997669179,48.88612020886012,151.53198062995722,,,True,0,0,0,0.98,3,False,1004,0.0,0.17422066163357125,,0.99781410000287,2,50570,9.614071199990576
a10-scale,waxman-n250-load0.7-random_node_30-centralised-deg4.0,waxman,250,0.7,random_node_30,CENTRALISED,cspf,29,10277581132142174228,0.40257380107657703,0.4790070944399689,0.47317255999075924,0.37799304687735313,0.3149419105928139,5002.019746890918,45.88738830499626,152.86509594546766,,,True,154,0,0,0.98,3,False,886,0.30000000000000004,0.4036075224291733,,4.633885700022802,2,35202,33.709109999996144
a10-scale,waxman-n250-load0.7-random_node_30-centralised-deg4.0,waxman,250,0.7,random_node_30,CENTRALISED,ecmp,29,10277581132142174228,0.27680992631303464,0.4771097835287146,0.3971811409711753,0.19785139074285063,0.1378028284082085,3439.3910230880647,61.38696456506263,201.62216795724535,,,True,105,0,0,0.98,3,False,886,0.30000000000000004,0.41156977699639957,,5.784515199979069,2,35180,21.508307999989484
a10-scale,waxman-n250-load0.7-random_node_30-centralised-deg4.0,waxman,250,0.7,random_node_30,CENTRALISED,orbit,29,10277581132142174228,0.4067683230315744,0.47965943781262005,0.47948112941028664,0.4089150540379435,0.28015935229656486,5054.137101749968,28.54810308355405,103.28714670386921,,,True,582,1,0,0.98,3,False,886,0.30000000000000004,0.4036075224291733,,4.787472400028491,2,35214,34.86721279998892
a10-scale,waxman-n250-load0.7-random_node_30-centralised-deg4.0,waxman,250,0.7,random_node_30,CENTRALISED,spf-reconverge,29,10277581132142174228,0.27680992631303464,0.4771097835287146,0.3971811409711753,0.19785139074285063,0.1378028284082085,3439.3910230880647,61.38696456506263,201.62216795724535,,,True,105,0,0,0.98,3,False,886,0.30000000000000004,0.41156977699639957,,1.311772299988661,2,35180,16.49071469999035
a10-scale,waxman-n250-load0.7-random_node_30-centralised-deg4.0,waxman,250,0.7,random_node_30,CENTRALISED,spf-static,29,10277581132142174228,0.20483892553213567,0.2571250840162937,0.2578975256250202,0.16977164039437834,0.16634277581873003,2545.1441392947513,43.33425113121288,150.78632802258934,,,True,0,0,0,0.98,3,False,886,0.0,0.14868950920393362,,0.8942057999956887,2,48620,11.286257200001273
a10-scale,waxman-n50-load0.7-critical_link-centralised-deg4.0,waxman,50,0.7,critical_link,CENTRALISED,cspf,0,14370917685465137747,0.7052519644661135,0.9996918300666056,0.8491475305327051,0.6358117174136848,0.4855088956190933,4566.0543023837,45.279374498300605,102.24818208424279,0.0,0.0,True,62,0,0,0.98,3,False,236,0.30000000000000004,1.0021055828002665,,0.13323139998828992,2,4,2.3904967000125907
a10-scale,waxman-n50-load0.7-critical_link-centralised-deg4.0,waxman,50,0.7,critical_link,CENTRALISED,ecmp,0,14370917685465137747,0.5103823338169242,0.9953996309861641,0.6873518072783801,0.35626778159977346,0.2699283988070832,3304.3983832779177,49.48173035917176,101.97588955996366,0.0,0.2,False,5,0,0,0.98,3,False,236,0.30000000000000004,0.9999999999999999,,0.16474509998806752,2,10,1.5977559000020847
a10-scale,waxman-n50-load0.7-critical_link-centralised-deg4.0,waxman,50,0.7,critical_link,CENTRALISED,orbit,0,14370917685465137747,0.7028262838280509,0.9995754530149513,0.9397568120004431,0.653282797269903,0.3551599578743821,4550.349575461005,50.359971714230056,151.56510950856415,0.0,0.0,False,179,0,0,0.98,3,False,236,0.30000000000000004,1.0,,0.1368036000058055,2,4,3.2892945000203326
a10-scale,waxman-n50-load0.7-critical_link-centralised-deg4.0,waxman,50,0.7,critical_link,CENTRALISED,spf-reconverge,0,14370917685465137747,0.5103823338169242,0.9953996309861641,0.6873518072783801,0.35626778159977346,0.2699283988070832,3304.3983832779177,49.48173035917176,101.97588955996366,0.0,0.2,False,5,0,0,0.98,3,False,236,0.30000000000000004,0.9999999999999999,,0.02266689998214133,2,10,1.4416536999924574
a10-scale,waxman-n50-load0.7-critical_link-centralised-deg4.0,waxman,50,0.7,critical_link,CENTRALISED,spf-static,0,14370917685465137747,0.4915310617965716,0.9953996309861641,0.6277438453276222,0.3451650769263687,0.27111191810733115,3182.3484833118855,52.674385146334075,150.9406256250299,0.0,0.0,True,0,0,0,0.98,3,False,236,0.0,0.9999999999999999,,0.00573229996371083,2,650,1.3703810999868438
a10-scale,waxman-n50-load0.7-critical_link-centralised-deg4.0,waxman,50,0.7,critical_link,CENTRALISED,cspf,1,14575134336210272985,0.8623756254838004,0.9563621157279443,0.8883502216153274,0.8922737764187846,0.7303350980365404,3400.6272188084886,11.614628883002881,54.87730988231812,0.2,0.2,False,54,0,0,0.98,3,False,216,0.30000000000000004,1.0,,0.18222580003202893,2,8,3.280206099996576
a10-scale,waxman-n50-load0.7-critical_link-centralised-deg4.0,waxman,50,0.7,critical_link,CENTRALISED,ecmp,1,14575134336210272985,0.65157442284016,0.916806717257088,0.7746586363716825,0.5758396112937317,0.45265141415411503,2569.369601728501,42.59608588464287,153.48501601770562,0.2,0.2,False,14,0,0,0.98,3,False,216,0.30000000000000004,1.0204681070620687,,0.20133850001730025,2,28,1.860298999992665
a10-scale,waxman-n50-load0.7-critical_link-centralised-deg4.0,waxman,50,0.7,critical_link,CENTRALISED,orbit,1,14575134336210272985,0.8588739338193853,0.9568158446960301,0.88808371617693,0.8922737764187846,0.7157165012856398,3386.8189111128663,14.025114908885715,55.8813186292993,0.0,0.0,False,155,0,0,0.98,3,False,216,0.30000000000000004,1.0,,0.11722489996463992,2,6,2.7631496000103652
a10-scale,waxman-n50-load0.7-critical_link-centralised-deg4.0,waxman,50,0.7,critical_link,CENTRALISED,spf-reconverge,1,14575134336210272985,0.65157442284016,0.916806717257088,0.7746586363716825,0.5758396112937317,0.45265141415411503,2569.369601728501,42.59608588464287,153.48501601770562,0.2,0.2,False,14,0,0,0.98,3,False,216,0.30000000000000004,1.0204681070620687,,0.0385946000169497,2,28,1.6558695000130683
a10-scale,waxman-n50-load0.7-critical_link-centralised-deg4.0,waxman,50,0.7,critical_link,CENTRALISED,spf-static,1,14575134336210272985,0.6674351487138753,0.7817972679256774,0.8434273324859674,0.5861953384017203,0.5156799772974799,2631.913595925876,38.27961220915314,101.82841349703956,,0.0,True,0,0,0,0.98,3,False,216,0.0,0.8452391174743643,,0.013289000024087727,2,1820,1.6801747000135947
a10-scale,waxman-n50-load0.7-critical_link-centralised-deg4.0,waxman,50,0.7,critical_link,CENTRALISED,cspf,2,6454522597597639236,0.711501877744234,0.9759159255441315,0.7852917913518881,0.5776109717697805,0.6741218469208932,3476.17199406963,26.325138179804938,101.40530739528435,0.0,0.2,True,68,0,0,0.98,3,False,200,0.30000000000000004,1.0,,0.16071239998564124,2,1300,2.0961378999927547
a10-scale,waxman-n50-load0.7-critical_link-centralised-deg4.0,waxman,50,0.7,critical_link,CENTRALISED,ecmp,2,6454522597597639236,0.5512194135916,0.9759159255441315,0.6534144804056521,0.4308521202514082,0.35681188338840547,2693.0828266955086,51.64744364642163,152.75384764178716,0.0,0.0,True,0,0,0,0.98,3,False,200,0.0,1.0,,0.16029190001427196,2,1300,1.5968410999921616
a10-scale,waxman-n50-load0.7-critical_link-centralised-deg4.0,waxman,50,0.7,critical_link,CENTRALISED,orbit,2,6454522597597639236,0.7363025404812362,0.9759159255441315,0.7930303860398497,0.6802241800058598,0.6086034769987267,3597.340148276138,31.95804159758074,102.4935430661794,0.0,0.0,True,158,0,0,0.98,3,False,200,0.30000000000000004,1.0,,0.13199410002562217,2,1300,2.2886730000027455
a10-scale,waxman-n50-load0.7-critical_link-centralised-deg4.0,waxman,50,0.7,critical_link,CENTRALISED,spf-reconverge,2,6454522597597639236,0.5512194135916,0.9759159255441315,0.6534144804056521,0.4308521202514082,0.35681188338840547,2693.0828266955086,51.64744364642163,152.75384764178716,0.0,0.0,True,0,0,0,0.98,3,False,200,0.0,1.0,,0.023024700029054657,2,1300,1.3827557000040542
a10-scale,waxman-n50-load0.7-critical_link-centralised-deg4.0,waxman,50,0.7,critical_link,CENTRALISED,spf-static,2,6454522597597639236,0.5512194135916,0.9759159255441315,0.6534144804056521,0.4308521202514082,0.35681188338840547,2693.0828266955086,51.64744364642163,152.75384764178716,0.0,0.0,True,0,0,0,0.98,3,False,200,0.0,1.0,,0.011178299988387153,2,1300,1.4305347000190523
a10-scale,waxman-n50-load0.7-critical_link-centralised-deg4.0,waxman,50,0.7,critical_link,CENTRALISED,cspf,3,828387905156498432,0.8121226576222925,1.0,0.9137468259722354,0.8235374969747695,0.5640737361400974,3426.8428200344333,47.62475182767525,102.49036518337014,0.0,0.0,False,68,0,0,0.98,3,False,190,0.30000000000000004,1.0,,0.11612159997457638,2,6,4.97539050001069
a10-scale,waxman-n50-load0.7-critical_link-centralised-deg4.0,waxman,50,0.7,critical_link,CENTRALISED,ecmp,3,828387905156498432,0.6447875858060121,0.9147262901151043,0.6878096922124511,0.6305547634019989,0.43865923467396023,2720.7536794205753,44.85226138914385,101.06200930435273,0.2,0.2,True,11,0,0,0.98,3,False,190,0.30000000000000004,1.0430606376100249,,0.175927700009197,2,22,1.8753620999923442
a10-scale,waxman-n50-load0.7-critical_link-centralised-deg4.0,waxman,50,0.7,critical_link,CENTRALISED,orbit,3,828387905156498432,0.8194735369897389,0.9992126301187767,0.9209575930750951,0.8946589130234797,0.48924343828201733,3457.860681615865,33.910405193489886,101.64411798833606,0.2,0.2,True,159,4,0,0.98,3,False,190,0.30000000000000004,1.0,,0.09305229998426512,2,6,4.858673099981388
a10-scale,waxman-n50-load0.7-critical_link-centralised-deg4.0,waxman,50,0.7,critical_link,CENTRALISED,spf-reconverge,3,828387905156498432,0.6447875858060121,0.9147262901151043,0.6878096922124511,0.6305547634019989,0.43865923467396023,2720.7536794205753,44.85226138914385,101.06200930435273,0.2,0.2,True,11,0,0,0.98,3,False,190,0.30000000000000004,1.0430606376100249,,0.02699479999137111,2,22,1.6687150000070687
a10-scale,waxman-n50-load0.7-critical_link-centralised-deg4.0,waxman,50,0.7,critical_link,CENTRALISED,spf-static,3,828387905156498432,0.6614410681499201,0.758434511250937,0.7924032027878455,0.6494385400598238,0.4756209998701829,2791.0249196860245,39.16152073823468,100.9228618002751,,0.0,True,0,0,0,0.98,3,False,190,0.0,0.8359126164194467,,0.015662999998312443,2,1430,1.6755337999784388
a10-scale,waxman-n50-load0.7-critical_link-centralised-deg4.0,waxman,50,0.7,critical_link,CENTRALISED,cspf,4,16203074113589604547,0.7650508981948124,0.9828791406047952,0.9497726787818859,0.7080781125655018,0.5045985982666015,3830.542535308242,55.098012951154374,103.77855574084253,0.0,0.0,False,55,0,0,0.98,3,False,202,0.30000000000000004,1.0,,0.12420679998467676,2,6,4.842040599993197
a10-scale,waxman-n50-load0.7-critical_link-centralised-deg4.0,waxman,50,0.7,critical_link,CENTRALISED,ecmp,4,16203074113589604547,0.5869608038047613,0.9520805435830919,0.8404615192927682,0.40585054872453935,0.33800692864887455,2938.861101709768,50.33739877428566,102.58112163592938,0.0,0.2,False,7,0,0,0.98,3,False,202,0.30000000000000004,1.0,,0.1755659999907948,2,14,3.894571899989387
a10-scale,waxman-n50-load0.7-critical_link-centralised-deg4.0,waxman,50,0.7,critical_link,CENTRALISED,orbit,4,16203074113589604547,0.7295607810007503,0.9823865670492021,0.9760674760156374,0.7271825157390823,0.2981253481992037,3652.846641066821,46.1387153694059,103.1802390689987,0.0,0.0,True,161,0,0,0.98,3,False,202,0.30000000000000004,1.0,,0.11216520000016317,2,6,4.9514960999949835
a10-scale,waxman-n50-load0.7-critical_link-centralised-deg4.0,waxman,50,0.7,critical_link,CENTRALISED,spf-reconverge,4,16203074113589604547,0.5869608038047613,0.9520805435830919,0.8404615192927682,0.40585054872453935,0.33800692864887455,2938.861101709768,50.33739877428566,102.58112163592938,0.0,0.2,False,7,0,0,0.98,3,False,202,0.30000000000000004,1.0,,0.024927399994339794,2,14,3.2655730000115
a10-scale,waxman-n50-load0.7-critical_link-centralised-deg4.0,waxman,50,0.7,critical_link,CENTRALISED,spf-static,4,16203074113589604547,0.569624190684315,0.9520805435830919,0.7882259845584408,0.39016799231515553,0.34487535248218143,2852.0582051538026,48.807770141616274,150.66559211451212,0.0,0.0,True,0,0,0,0.98,3,False,202,0.0,1.0,,0.010787000006530434,2,910,2.734989200020209
a10-scale,waxman-n50-load0.7-critical_link-centralised-deg4.0,waxman,50,0.7,critical_link,CENTRALISED,cspf,5,8118018207922717486,0.7572620524582699,0.9988836538525208,0.81025021203221,0.7111200340317941,0.6149151808051677,3310.000518332303,44.19050716756605,102.96840150823262,0.0,0.0,False,42,0,0,0.98,3,False,194,0.30000000000000004,1.0,,0.1549918999953661,2,12,4.849705200002063
a10-scale,waxman-n50-load0.7-critical_link-centralised-deg4.0,waxman,50,0.7,critical_link,CENTRALISED,ecmp,5,8118018207922717486,0.5497587962170948,0.9771093405512064,0.617479227392413,0.4542089278525483,0.34499932878408784,2403.001569310254,48.59305703794462,151.28167623321073,0.2,0.2,False,12,0,0,0.98,3,False,194,0.30000000000000004,1.0,,0.16601079996326007,2,24,3.549928500025999
a10-scale,waxman-n50-load0.7-critical_link-centralised-deg4.0,waxman,50,0.7,critical_link,CENTRALISED,orbit,5,8118018207922717486,0.7639743714588507,0.9992840732664092,0.8202818387587131,0.7653497838724679,0.5561148154023252,3339.3401363667863,36.46187968594629,102.12331643143891,0.2,0.2,True,167,3,0,0.98,3,False,194,0.30000000000000004,1.0,,0.10262860002694651,2,10,4.540305600006832
a10-scale,waxman-n50-load0.7-critical_link-centralised-deg4.0,waxman,50,0.7,critical_link,CENTRALISED,spf-reconverge,5,8118018207922717486,0.5497587962170948,0.9771093405512064,0.617479227392413,0.4542089278525483,0.34499932878408784,2403.001569310254,48.59305703794462,151.28167623321073,0.2,0.2,False,12,0,0,0.98,3,False,194,0.30000000000000004,1.0,,0.023721300007309765,2,24,2.638356399984332
a10-scale,waxman-n50-load0.7-critical_link-centralised-deg4.0,waxman,50,0.7,critical_link,CENTRALISED,spf-static,5,8118018207922717486,0.5309939378878559,0.9316943186156593,0.5692719509055536,0.44158231290820715,0.36560013100402183,2320.980173157387,46.71349229764462,151.6217471422427,,0.0,True,0,0,0,0.98,3,False,194,0.0,0.945572001017078,,0.01724869996542111,2,1560,2.5570567999966443
a10-scale,waxman-n50-load0.7-critical_link-centralised-deg4.0,waxman,50,0.7,critical_link,CENTRALISED,cspf,6,10883641535861516576,0.8160123724610385,0.993398234396711,0.9379415069711242,0.8154368980270024,0.5867804143412801,3771.240738365504,37.12823040010466,103.08409094252144,0.0,0.2,True,34,0,0,0.98,3,False,210,0.30000000000000004,1.0,,0.4337269999959972,2,6,4.707286099990597
a10-scale,waxman-n50-load0.7-critical_link-centralised-deg4.0,waxman,50,0.7,critical_link,CENTRALISED,ecmp,6,10883641535861516576,0.6333610836313157,0.9994486935856235,0.8084322341941924,0.5299097830771542,0.37614139762976306,2927.1089523826836,46.49005919775735,151.41078024579227,0.0,0.2,False,11,0,0,0.98,3,False,210,0.30000000000000004,1.0,,0.3262379000079818,2,22,4.196051900013117
a10-scale,waxman-n50-load0.7-critical_link-centralised-deg4.0,waxman,50,0.7,critical_link,CENTRALISED,orbit,6,10883641535861516576,0.7941144418689616,0.9994486935856235,0.9817714167517101,0.8385452812945862,0.4211953336779245,3670.038390555902,38.53227458390531,103.21257673297121,0.0,0.0,True,162,0,0,0.98,3,False,210,0.30000000000000004,1.0,,0.3031491999863647,2,6,4.358867799979635
a10-scale,waxman-n50-load0.7-critical_link-centralised-deg4.0,waxman,50,0.7,critical_link,CENTRALISED,spf-reconverge,6,10883641535861516576,0.6333610836313157,0.9994486935856235,0.8084322341941924,0.5299097830771542,0.37614139762976306,2927.1089523826836,46.49005919775735,151.41078024579227,0.0,0.2,False,11,0,0,0.98,3,False,210,0.30000000000000004,1.0,,0.05798670000513084,2,22,3.9378553999995347
a10-scale,waxman-n50-load0.7-critical_link-centralised-deg4.0,waxman,50,0.7,critical_link,CENTRALISED,spf-static,6,10883641535861516576,0.6139990732843061,0.9641650830655144,0.6937921821907478,0.5499286987456491,0.4047463343751996,2837.626482923211,41.89952494613939,151.12433293029017,0.0,0.0,True,0,0,0,0.98,3,False,210,0.0,0.9586520189217521,,0.014713599986862391,2,1430,3.8525091000192333
a10-scale,waxman-n50-load0.7-critical_link-centralised-deg4.0,waxman,50,0.7,critical_link,CENTRALISED,cspf,7,18210642174505272951,0.8133876752585897,0.9633165254601784,0.9224579684843924,0.808457427427374,0.5984600252962179,3616.1419780186507,41.510368569891405,151.40980597183642,0.0,0.2,False,64,0,0,0.98,3,False,200,0.30000000000000004,1.0,,0.265011899988167,2,6,3.559883499983698
a10-scale,waxman-n50-load0.7-critical_link-centralised-deg4.0,waxman,50,0.7,critical_link,CENTRALISED,ecmp,7,18210642174505272951,0.6337736861176753,1.0,0.7500754211937036,0.530461991852073,0.3991487689139868,2817.6178477318763,40.49147848719082,151.23671724079907,0.0,0.2,False,6,0,0,0.98,3,False,200,0.30000000000000004,1.0,,0.5428143999888562,2,12,2.8810247000074014
a10-scale,waxman-n50-load0.7-critical_link-centralised-deg4.0,waxman,50,0.7,critical_link,CENTRALISED,orbit,7,18210642174505272951,0.8125258263151746,1.0,0.9823837524994701,0.8391548091455552,0.4600271854553628,3612.3103879444543,36.5068793930899,101.49757563574676,0.0,0.2,False,164,2,0,0.98,3,False,200,0.30000000000000004,1.0,,0.27063999997335486,2,4,3.379472899978282
a10-scale,waxman-n50-load0.7-critical_link-centralised-deg4.0,waxman,50,0.7,critical_link,CENTRALISED,spf-reconverge,7,18210642174505272951,0.6337736861176753,1.0,0.7500754211937036,0.530461991852073,0.3991487689139868,2817.6178477318763,40.49147848719082,151.23671724079907,0.0,0.2,False,6,0,0,0.98,3,False,200,0.30000000000000004,1.0,,0.07605709999916144,2,12,2.6686282999871764
a10-scale,waxman-n50-load0.7-critical_link-centralised-deg4.0,waxman,50,0.7,critical_link,CENTRALISED,spf-static,7,18210642174505272951,0.629434244833373,1.0,0.7161544165324139,0.5342445399008553,0.40889695735696385,2798.3256500915277,40.76411576597367,151.2036701787839,0.0,0.0,True,0,0,0,0.98,3,False,200,0.0,1.0,,0.04117939999559894,2,780,3.235471599997254
a10-scale,waxman-n50-load0.7-critical_link-centralised-deg4.0,waxman,50,0.7,critical_link,CENTRALISED,cspf,8,9032914063653324609,0.8870218618460339,1.0,0.9022034612930317,0.8777181093724662,0.8216705116026285,3955.7762170262877,17.795505123494927,53.51886599644274,0.0,0.0,False,70,0,0,0.98,3,False,214,0.30000000000000004,1.0,,0.1486507000226993,2,6,2.8230800999735948
a10-scale,waxman-n50-load0.7-critical_link-centralised-deg4.0,waxman,50,0.7,critical_link,CENTRALISED,ecmp,8,9032914063653324609,0.6811422783416904,1.0,0.8259898900287709,0.6403120349107012,0.41493966983182035,3037.632487960991,39.00878241019339,101.66534403899989,0.0,0.0,True,8,0,0,0.98,3,False,214,0.30000000000000004,1.0,,0.2004517999885138,2,16,1.9765320000005886
a10-scale,waxman-n50-load0.7-critical_link-centralised-deg4.0,waxman,50,0.7,critical_link,CENTRALISED,orbit,8,9032914063653324609,0.8765713822855111,1.0,0.9023138479935789,0.8904895969972655,0.7624038735602551,3909.1710990689908,21.289547106514227,53.72218096242409,0.0,0.0,False,166,1,0,0.98,3,False,214,0.30000000000000004,1.0,,0.10167020000517368,2,8,2.7018070000049192
a10-scale,waxman-n50-load0.7-critical_link-centralised-deg4.0,waxman,50,0.7,critical_link,CENTRALISED,spf-reconverge,8,9032914063653324609,0.6811422783416904,1.0,0.8259898900287709,0.6403120349107012,0.41493966983182035,3037.632487960991,39.00878241019339,101.66534403899989,0.0,0.0,True,8,0,0,0.98,3,False,214,0.30000000000000004,1.0,,0.057618999999249354,2,16,1.9656238000025041
a10-scale,waxman-n50-load0.7-critical_link-centralised-deg4.0,waxman,50,0.7,critical_link,CENTRALISED,spf-static,8,9032914063653324609,0.6666899726649275,1.0,0.7954030169680621,0.6168643339570953,0.4211129878089549,2973.1807652510765,38.37265645206577,101.45935531102724,0.0,0.0,False,0,0,0,0.98,3,False,214,0.0,1.0,,0.044177600007969886,2,1040,1.8967115000123158
a10-scale,waxman-n50-load0.7-critical_link-centralised-deg4.0,waxman,50,0.7,critical_link,CENTRALISED,cspf,9,11051021781600187530,0.8028824996685526,0.9993904214201502,0.9776979434789469,0.7558734766127864,0.5737786216100714,3619.151267687515,37.260822893164466,102.4522443104368,0.0,0.0,True,53,0,0,0.98,3,False,204,0.30000000000000004,1.0,,0.12145530001726002,2,6,2.612276599975303
a10-scale,waxman-n50-load0.7-critical_link-centralised-deg4.0,waxman,50,0.7,critical_link,CENTRALISED,ecmp,9,11051021781600187530,0.6211367147975976,0.9987148627294791,0.9354777766782721,0.46108039578321647,0.30775548069232234,2799.8962858139294,60.88873170908173,150.78387232666552,0.2,0.2,True,6,0,0,0.98,3,False,204,0.30000000000000004,1.0,,0.16430509998463094,2,12,1.981825700000627
a10-scale,waxman-n50-load0.7-critical_link-centralised-deg4.0,waxman,50,0.7,critical_link,CENTRALISED,orbit,9,11051021781600187530,0.8375484137999712,0.9993244413093285,0.9887200859073829,0.8467117218976707,0.5696645220319134,3775.414714861994,31.391721892692296,101.50076928290235,0.2,0.2,False,163,0,0,0.98,3,False,204,0.30000000000000004,1.0,,0.1108772000297904,2,6,2.944309799990151
a10-scale,waxman-n50-load0.7-critical_link-centralised-deg4.0,waxman,50,0.7,critical_link,CENTRALISED,spf-reconverge,9,11051021781600187530,0.6211367147975976,0.9987148627294791,0.9354777766782721,0.46108039578321647,0.30775548069232234,2799.8962858139294,60.88873170908173,150.78387232666552,0.2,0.2,True,6,0,0,0.98,3,False,204,0.30000000000000004,1.0,,0.03295190000790171,2,12,1.8110164999961853
a10-scale,waxman-n50-load0.7-critical_link-centralised-deg4.0,waxman,50,0.7,critical_link,CENTRALISED,spf-static,9,11051021781600187530,0.6217525718560847,0.916466077416139,0.9152121158764825,0.48821771814746356,0.3404195560199937,2802.672383007302,59.29930822754207,150.78387232666552,,0.0,True,0,0,0,0.98,3,False,204,0.0,0.9036147047109346,,0.017304100008914247,2,780,1.7629983999941032
a10-scale,waxman-n50-load0.7-critical_link-centralised-deg4.0,waxman,50,0.7,critical_link,CENTRALISED,cspf,10,12678540716732749151,0.7768004462099715,0.9965993944112971,0.9089932097173677,0.7725379292044579,0.5262162734991971,3939.4648874252703,51.50833937718652,151.45915733595476,0.0,0.2,True,72,0,0,0.98,3,False,210,0.30000000000000004,1.0237362956942921,,0.11862490000203252,2,12,2.711447900015628
a10-scale,waxman-n50-load0.7-critical_link-centralised-deg4.0,waxman,50,0.7,critical_link,CENTRALISED,ecmp,10,12678540716732749151,0.5610847790620731,0.9802419550221766,0.7423533106777915,0.4314329485885073,0.31960007427967463,2845.4847017252255,39.31937739751891,101.43834489126682,0.2,0.2,True,20,0,0,0.98,3,False,210,0.30000000000000004,1.0,,0.21862030000193045,2,40,1.658937700005481
a10-scale,waxman-n50-load0.7-critical_link-centralised-deg4.0,waxman,50,0.7,critical_link,CENTRALISED,orbit,10,12678540716732749151,0.7477278504734569,0.9995870223102755,0.9995193175497474,0.749852358585237,0.35439773257814466,3792.026158921566,45.41499199219625,150.89815553399524,0.0,0.0,True,169,2,0,0.98,3,False,210,0.30000000000000004,1.0,,0.11137309999321587,2,14,2.665447300008964
a10-scale,waxman-n50-load0.7-critical_link-centralised-deg4.0,waxman,50,0.7,critical_link,CENTRALISED,spf-reconverge,10,12678540716732749151,0.5610847790620731,0.9802419550221766,0.7423533106777915,0.4314329485885073,0.31960007427967463,2845.4847017252255,39.31937739751891,101.43834489126682,0.2,0.2,True,20,0,0,0.98,3,False,210,0.30000000000000004,1.0,,0.023822199989808723,2,40,1.4779119000013452
a10-scale,waxman-n50-load0.7-critical_link-centralised-deg4.0,waxman,50,0.7,critical_link,CENTRALISED,spf-static,10,12678540716732749151,0.5602152688262105,0.9184177197545542,0.6976142090536611,0.4684437826067082,0.34434621798382575,2841.0750685174303,39.320101106822435,101.43775932082488,,0.0,True,0,0,0,0.98,3,False,210,0.0,0.9261621605675072,,0.017416699993191287,2,2600,1.439753099984955
a10-scale,waxman-n50-load0.7-critical_link-centralised-deg4.0,waxman,50,0.7,critical_link,CENTRALISED,cspf,11,5156043405223408055,0.8145386545784834,0.9836166932320446,0.9537509159342366,0.8219370334677002,0.5822281335439552,4213.010752667487,38.99111436673583,101.98091618215948,0.0,0.2,True,53,0,0,0.98,3,False,218,0.30000000000000004,1.0,,0.13841830001911148,2,6,3.488621800002875
a10-scale,waxman-n50-load0.7-critical_link-centralised-deg4.0,waxman,50,0.7,critical_link,CENTRALISED,ecmp,11,5156043405223408055,0.5866302491207064,0.9510704807423322,0.8669261288181922,0.5035581639163558,0.23545822543395112,3034.2078101431684,46.95617762657196,151.20385625393743,0.2,0.2,True,12,0,0,0.98,3,False,218,0.30000000000000004,1.0,,0.1941825000103563,2,24,1.9207116000179667
a10-scale,waxman-n50-load0.7-critical_link-centralised-deg4.0,waxman,50,0.7,critical_link,CENTRALISED,orbit,11,5156043405223408055,0.7785098577491457,0.9996845746035601,0.9540590601799059,0.8517683450332905,0.39660866593067745,4026.660224556306,35.00968162840022,102.46881354371922,0.0,0.0,True,166,5,0,0.98,3,False,218,0.30000000000000004,1.0,,0.11938530000043102,2,10,3.2908651000179816
a10-scale,waxman-n50-load0.7-critical_link-centralised-deg4.0,waxman,50,0.7,critical_link,CENTRALISED,spf-reconverge,11,5156043405223408055,0.5866302491207064,0.9510704807423322,0.8669261288181922,0.5035581639163558,0.23545822543395112,3034.2078101431684,46.95617762657196,151.20385625393743,0.2,0.2,True,12,0,0,0.98,3,False,218,0.30000000000000004,1.0,,0.026524400018388405,2,24,1.7360204000142403
a10-scale,waxman-n50-load0.7-critical_link-centralised-deg4.0,waxman,50,0.7,critical_link,CENTRALISED,spf-static,11,5156043405223408055,0.5711751640333044,0.9088658456197474,0.7587588486323604,0.5445316967403748,0.24670393061674156,2954.2699959085444,45.066415069100806,102.05563432433952,,0.0,True,0,0,0,0.98,3,False,218,0.0,0.9480329920068963,,0.017097100004320964,2,1560,1.4366113999858499
a10-scale,waxman-n50-load0.7-critical_link-centralised-deg4.0,waxman,50,0.7,critical_link,CENTRALISED,cspf,12,14866860779473298958,0.8106946203092164,1.0,0.9223667206484933,0.8339894673206917,0.5398054615999461,5134.548425522095,40.111401305850805,101.73078950957719,0.0,0.0,True,73,0,0,0.98,3,False,242,0.30000000000000004,1.0,,0.13254130000132136,2,4,3.8384281000180636
a10-scale,waxman-n50-load0.7-critical_link-centralised-deg4.0,waxman,50,0.7,critical_link,CENTRALISED,ecmp,12,14866860779473298958,0.5488189146303857,0.9860162760030401,0.6460945745225455,0.4805918045993035,0.2827700060070194,3475.954105798026,56.382639819474484,150.9213873072234,0.0,0.0,False,2,0,0,0.98,3,False,242,0.30000000000000004,0.9999999999999999,,0.21418010001070797,2,4,1.7138094000110868
a10-scale,waxman-n50-load0.7-critical_link-centralised-deg4.0,waxman,50,0.7,critical_link,CENTRALISED,orbit,12,14866860779473298958,0.8022942480327669,1.0,0.9512639393395229,0.8536048519281145,0.44328543907295875,5081.344522146752,39.88157950543742,101.67902089847648,0.0,0.0,False,167,2,0,0.98,3,False,242,0.30000000000000004,1.0,,0.11105220002355054,2,4,4.4400960999773815
a10-scale,waxman-n50-load0.7-critical_link-centralised-deg4.0,waxman,50,0.7,critical_link,CENTRALISED,spf-reconverge,12,14866860779473298958,0.5488189146303857,0.9860162760030401,0.6460945745225455,0.4805918045993035,0.2827700060070194,3475.954105798026,56.382639819474484,150.9213873072234,0.0,0.0,False,2,0,0,0.98,3,False,242,0.30000000000000004,0.9999999999999999,,0.026222499989671633,2,4,1.413790999999037
a10-scale,waxman-n50-load0.7-critical_link-centralised-deg4.0,waxman,50,0.7,critical_link,CENTRALISED,spf-static,12,14866860779473298958,0.5509594664638715,0.9860162760030401,0.6282186639578149,0.48241096119139076,0.3081817677369587,3489.511327927095,53.73125823893917,150.9213873072234,0.0,0.0,False,0,0,0,0.98,3,False,242,0.0,0.9999999999999999,,0.013347600004635751,2,260,1.3887547999911476
a10-scale,waxman-n50-load0.7-critical_link-centralised-deg4.0,waxman,50,0.7,critical_link,CENTRALISED,cspf,13,277727818452628021,0.8114491231862565,0.9692681389805475,0.9468669129479443,0.8281161126596482,0.5591264445287485,4492.68620064051,41.551419247093904,102.16992351199394,0.0,0.2,False,73,0,0,0.98,3,False,222,0.30000000000000004,0.9999999999999999,,0.14331899999524467,2,4,5.817512300011003
a10-scale,waxman-n50-load0.7-critical_link-centralised-deg4.0,waxman,50,0.7,critical_link,CENTRALISED,ecmp,13,277727818452628021,0.5738233055204258,0.9392859993522594,0.7534105489609397,0.4495951080663879,0.347649817810232,3177.042124581599,57.56839377278044,150.99938782631332,0.2,0.2,True,11,0,0,0.98,3,False,222,0.30000000000000004,1.0093357039811235,,0.18129619999672286,2,22,2.4096004999883007
a10-scale,waxman-n50-load0.7-critical_link-centralised-deg4.0,waxman,50,0.7,critical_link,CENTRALISED,orbit,13,277727818452628021,0.8020102673345255,0.9991801330631453,0.9959671022803235,0.8743236490821318,0.3906215947503824,4440.426833758215,40.03370581354886,106.16475264530082,0.2,0.2,False,161,1,0,0.98,3,False,222,0.30000000000000004,0.9999999999999999,,0.0953657999925781,2,4,6.263868700014427
a10-scale,waxman-n50-load0.7-critical_link-centralised-deg4.0,waxman,50,0.7,critical_link,CENTRALISED,spf-reconverge,13,277727818452628021,0.5738233055204258,0.9392859993522594,0.7534105489609397,0.4495951080663879,0.347649817810232,3177.042124581599,57.56839377278044,150.99938782631332,0.2,0.2,True,11,0,0,0.98,3,False,222,0.30000000000000004,1.0093357039811235,,0.031273100001271814,2,22,1.7049662999925204
a10-scale,waxman-n50-load0.7-critical_link-centralised-deg4.0,waxman,50,0.7,critical_link,CENTRALISED,spf-static,13,277727818452628021,0.5650897422786713,0.8322547825380109,0.7409427317793339,0.4574429612927013,0.38000849956790467,3128.6876955268453,54.3025115381818,150.9877061749774,,0.0,True,0,0,0,0.98,3,False,222,0.0,0.8749599050768903,,0.01256560001638718,2,1430,1.5025552999868523
a10-scale,waxman-n50-load0.7-critical_link-centralised-deg4.0,waxman,50,0.7,critical_link,CENTRALISED,cspf,14,17631771433761801206,0.8046483323370147,0.9991206984677932,0.9601839147281862,0.7437170528068415,0.6137031768610072,3084.719466355796,59.56863903520824,151.13228339065364,0.2,0.2,False,69,0,0,0.98,3,False,172,0.30000000000000004,1.0,,0.11040740000316873,2,4,6.872321000002557
a10-scale,waxman-n50-load0.7-critical_link-centralised-deg4.0,waxman,50,0.7,critical_link,CENTRALISED,ecmp,14,17631771433761801206,0.5958596564548234,0.952785059668515,0.7222255780454947,0.4427948183140888,0.47298040531523133,2284.302107659657,42.317267092047516,151.5592455803947,0.2,0.2,True,15,0,0,0.98,3,False,172,0.30000000000000004,1.1040402261972133,,0.15930259999004193,2,30,3.6676827000046615
a10-scale,waxman-n50-load0.7-critical_link-centralised-deg4.0,waxman,50,0.7,critical_link,CENTRALISED,orbit,14,17631771433761801206,0.7718480881417978,0.9991206984677932,1.0,0.7443899153442897,0.43575738788632734,2958.9756504501024,46.6736758914662,104.60675923892775,0.2,0.2,True,160,9,0,0.98,3,False,172,0.30000000000000004,1.0,,0.0866985000029672,2,900,6.788842200010549
a10-scale,waxman-n50-load0.7-critical_link-centralised-deg4.0,waxman,50,0.7,critical_link,CENTRALISED,spf-reconverge,14,17631771433761801206,0.5958596564548234,0.952785059668515,0.7222255780454947,0.4427948183140888,0.47298040531523133,2284.302107659657,42.317267092047516,151.5592455803947,0.2,0.2,True,15,0,0,0.98,3,False,172,0.30000000000000004,1.1040402261972133,,0.024514099990483373,2,30,2.635944700014079
a10-scale,waxman-n50-load0.7-critical_link-centralised-deg4.0,waxman,50,0.7,critical_link,CENTRALISED,spf-static,14,17631771433761801206,0.5686070821882295,0.8082589427904765,0.7608232468718349,0.4151605563812141,0.44779986888842593,2179.8259744595707,42.26272634458608,151.3727655168127,,0.0,True,0,0,0,0.98,3,False,172,0.0,0.9107107481445715,,0.009801400010474026,2,1950,2.2061769000138156
a10-scale,waxman-n50-load0.7-critical_link-centralised-deg4.0,waxman,50,0.7,critical_link,CENTRALISED,cspf,15,10717792085431295634,0.8205171573663863,1.0,0.9320494384446883,0.7306940975545444,0.7106185477017268,4005.2485126277775,45.39832857125204,102.49839761965109,0.0,0.0,False,82,0,0,0.98,3,False,210,0.30000000000000004,1.0,,0.27297940000426024,2,4,7.518939699977636
a10-scale,waxman-n50-load0.7-critical_link-centralised-deg4.0,waxman,50,0.7,critical_link,CENTRALISED,ecmp,15,10717792085431295634,0.6156833548624792,0.921114151048897,0.7277864327046166,0.4870901659654929,0.48330221766887704,3005.378765299231,46.1676359710414,151.1874479937331,0.2,0.2,True,11,0,0,0.98,3,False,210,0.30000000000000004,1.0,,0.1773389000154566,2,22,4.772542099992279
a10-scale,waxman-n50-load0.7-critical_link-centralised-deg4.0,waxman,50,0.7,critical_link,CENTRALISED,orbit,15,10717792085431295634,0.7979616474963497,0.9993404749688557,0.9769653855081925,0.7411654359990072,0.545863576855672,3895.146704825865,40.84930887465873,103.03581240601733,0.0,0.0,True,168,0,0,0.98,3,False,210,0.30000000000000004,1.0,,0.15441580000333488,2,4,7.632570099987788
a10-scale,waxman-n50-load0.7-critical_link-centralised-deg4.0,waxman,50,0.7,critical_link,CENTRALISED,spf-reconverge,15,10717792085431295634,0.6156833548624792,0.921114151048897,0.7277864327046166,0.4870901659654929,0.48330221766887704,3005.378765299231,46.1676359710414,151.1874479937331,0.2,0.2,True,11,0,0,0.98,3,False,210,0.30000000000000004,1.0,,0.02367769999545999,2,22,4.029247400001623
a10-scale,waxman-n50-load0.7-critical_link-centralised-deg4.0,waxman,50,0.7,critical_link,CENTRALISED,spf-static,15,10717792085431295634,0.6131812026697954,0.8059514105563553,0.7147218706843069,0.530825342220809,0.49539219396359097,2993.1648325884494,43.353390774837166,150.93767162202002,,0.0,True,0,0,0,0.98,3,False,210,0.0,0.8537714244681941,,0.01530950001324527,2,1430,3.5130003000085708
a10-scale,waxman-n50-load0.7-critical_link-centralised-deg4.0,waxman,50,0.7,critical_link,CENTRALISED,cspf,16,12485428765415817291,0.7438931744743084,0.997955975727381,0.882511845508203,0.7501188037112836,0.42662955826454263,3215.18518767709,54.843487274471364,151.07818584690276,0.2,0.2,True,90,0,0,0.98,3,False,190,0.30000000000000004,1.003169709073354,,0.3856382000085432,2,10,8.002900199993746
a10-scale,waxman-n50-load0.7-critical_link-centralised-deg4.0,waxman,50,0.7,critical_link,CENTRALISED,ecmp,16,12485428765415817291,0.5748794860624119,0.9485695183403391,0.5831013817041575,0.5506657599342702,0.36155185317221555,2484.690102975425,43.70624725174476,101.50450966458111,0.2,0.2,False,14,0,0,0.98,3,False,190,0.30000000000000004,0.9572138217466213,,0.514062600035686,2,28,5.364347299997462
a10-scale,waxman-n50-load0.7-critical_link-centralised-deg4.0,waxman,50,0.7,critical_link,CENTRALISED,orbit,16,12485428765415817291,0.7699829014517808,0.999153822901468,0.9564555798548467,0.8115849914565701,0.3684687401393103,3327.947754409588,40.00025873131685,104.02610906137618,0.2,0.2,True,167,2,0,0.98,3,False,190,0.30000000000000004,1.0,,0.2998782999929972,2,12,8.230003599979682
a10-scale,waxman-n50-load0.7-critical_link-centralised-deg4.0,waxman,50,0.7,critical_link,CENTRALISED,spf-reconverge,16,12485428765415817291,0.5748794860624119,0.9485695183403391,0.5831013817041575,0.5506657599342702,0.36155185317221555,2484.690102975425,43.70624725174476,101.50450966458111,0.2,0.2,False,14,0,0,0.98,3,False,190,0.30000000000000004,0.9572138217466213,,0.07403220000560395,2,28,4.705030599987367
a10-scale,waxman-n50-load0.7-critical_link-centralised-deg4.0,waxman,50,0.7,critical_link,CENTRALISED,spf-static,16,12485428765415817291,0.5736341550489192,0.8579128067831847,0.595742153390978,0.5732550252757177,0.36930086044600224,2479.307650271559,43.76291091930832,101.77114323202095,,0.0,True,0,0,0,0.98,3,False,190,0.0,0.8495292144302278,,0.013498500018613413,2,1820,4.440249700011918
a10-scale,waxman-n50-load0.7-critical_link-centralised-deg4.0,waxman,50,0.7,critical_link,CENTRALISED,cspf,17,6667534126722228496,0.7406312329968373,0.9828236632230497,0.9561331034909493,0.6491399492590824,0.49414696446802464,3994.001747693535,44.53132332701156,101.90829489583832,0.0,0.0,True,52,0,0,0.98,3,False,210,0.30000000000000004,1.0,,0.4614778000104707,2,8,7.774251800001366
a10-scale,waxman-n50-load0.7-critical_link-centralised-deg4.0,waxman,50,0.7,critical_link,CENTRALISED,ecmp,17,6667534126722228496,0.5699296122639007,0.9192670259858018,0.7087267430033504,0.4839445071390158,0.33306308788308814,3073.459187284961,53.641832222942114,151.00970015871377,0.2,0.2,False,16,0,0,0.98,3,False,210,0.30000000000000004,0.9675218518558212,,0.572067299974151,2,32,5.329800300009083
a10-scale,waxman-n50-load0.7-critical_link-centralised-deg4.0,waxman,50,0.7,critical_link,CENTRALISED,orbit,17,6667534126722228496,0.7132108408907412,1.0,0.966925025954803,0.6498400595874939,0.3557589570353804,3846.131810382023,52.45260801888909,150.77091663772265,0.0,0.2,False,168,0,0,0.98,3,False,210,0.30000000000000004,1.0,,0.38263890001690015,2,10,7.905706400022609
a10-scale,waxman-n50-load0.7-critical_link-centralised-deg4.0,waxman,50,0.7,critical_link,CENTRALISED,spf-reconverge,17,6667534126722228496,0.5699296122639007,0.9192670259858018,0.7087267430033504,0.4839445071390158,0.33306308788308814,3073.459187284961,53.641832222942114,151.00970015871377,0.2,0.2,False,16,0,0,0.98,3,False,210,0.30000000000000004,0.9675218518558212,,0.09727790000033565,2,32,4.6013397999922745
a10-scale,waxman-n50-load0.7-critical_link-centralised-deg4.0,waxman,50,0.7,critical_link,CENTRALISED,spf-static,17,6667534126722228496,0.555904332179991,0.8733013293083737,0.6839197122997498,0.49034474259819766,0.31984607524415337,2997.825065104664,44.92589190912255,102.10947714284849,,0.0,True,0,0,0,0.98,3,False,210,0.0,0.9106189347755522,,0.042982100014341995,2,2080,4.330207299994072
a10-scale,waxman-n50-load0.7-critical_link-centralised-deg4.0,waxman,50,0.7,critical_link,CENTRALISED,cspf,18,7438010851772848804,0.8132095320434857,0.9542840552885492,0.8384481792051692,0.8005441182988914,0.7279079996435923,3859.72333503026,33.90095839143535,101.92224080570746,0.0,0.0,False,75,0,0,0.98,3,False,220,0.30000000000000004,1.0,,0.4659467999881599,2,2,8.693672599998536
a10-scale,waxman-n50-load0.7-critical_link-centralised-deg4.0,waxman,50,0.7,critical_link,CENTRALISED,ecmp,18,7438010851772848804,0.5674337286075549,0.877768668524899,0.6855323495099048,0.43063466985300275,0.4770102014640387,2693.2015883855765,45.44412252776554,153.28129661996488,0.2,0.2,False,9,0,0,0.98,3,False,220,0.30000000000000004,1.0,,0.605568700004369,2,18,5.522305299993604
a10-scale,waxman-n50-load0.7-critical_link-centralised-deg4.0,waxman,50,0.7,critical_link,CENTRALISED,orbit,18,7438010851772848804,0.8043583356502003,0.9534383293531566,0.8443836495469703,0.8049845200090566,0.6789294386182188,3817.71304381263,25.486727357774082,103.32072844730605,0.2,0.2,False,169,0,0,0.98,3,False,220,0.30000000000000004,1.0,,0.3774975000123959,2,2,8.308863499987638
a10-scale,waxman-n50-load0.7-critical_link-centralised-deg4.0,waxman,50,0.7,critical_link,CENTRALISED,spf-reconverge,18,7438010851772848804,0.5674337286075549,0.877768668524899,0.6855323495099048,0.43063466985300275,0.4770102014640387,2693.2015883855765,45.44412252776554,153.28129661996488,0.2,0.2,False,9,0,0,0.98,3,False,220,0.30000000000000004,1.0,,0.09043290000408888,2,18,4.751982700021472
a10-scale,waxman-n50-load0.7-critical_link-centralised-deg4.0,waxman,50,0.7,critical_link,CENTRALISED,spf-static,18,7438010851772848804,0.5517976739990184,0.7768428909331448,0.6643267616972788,0.448237595753064,0.4641570601792114,2618.988433642146,48.30983728161674,200.9913195331417,,0.0,True,0,0,0,0.98,3,False,220,0.0,0.8654995361672915,,0.043708199984394014,2,1170,4.426680200005649
a10-scale,waxman-n50-load0.7-critical_link-centralised-deg4.0,waxman,50,0.7,critical_link,CENTRALISED,cspf,19,8123465695342221122,0.7973953218388705,1.0,0.958109148478087,0.7321065754982966,0.6028998273785782,3905.324007302259,37.654489512397724,103.08882612751303,0.0,0.0,True,36,0,0,0.98,3,False,216,0.30000000000000004,1.0,,0.45947510001133196,2,4,7.946473199990578
a10-scale,waxman-n50-load0.7-critical_link-centralised-deg4.0,waxman,50,0.7,critical_link,CENTRALISED,ecmp,19,8123465695342221122,0.633794514697668,0.9584299495078237,0.818180861811853,0.5770526123798048,0.33032396770701294,3104.072554924576,50.17212014672553,200.4636835493082,0.0,0.2,False,7,0,0,0.98,3,False,216,0.30000000000000004,1.0,,0.5881166999752168,2,14,6.3442356000014115
a10-scale,waxman-n50-load0.7-critical_link-centralised-deg4.0,waxman,50,0.7,critical_link,CENTRALISED,orbit,19,8123465695342221122,0.8011869970903871,0.9995179952184378,0.9703548749116109,0.8216799055341073,0.4812131859268511,3923.894119243088,27.498132546832416,101.39293300306758,0.0,0.0,False,168,0,0,0.98,3,False,216,0.30000000000000004,1.0,,0.33156700001563877,2,6,8.408592300023884
a10-scale,waxman-n50-load0.7-critical_link-centralised-deg4.0,waxman,50,0.7,critical_link,CENTRALISED,spf-reconverge,19,8123465695342221122,0.633794514697668,0.9584299495078237,0.818180861811853,0.5770526123798048,0.33032396770701294,3104.072554924576,50.17212014672553,200.4636835493082,0.0,0.2,False,7,0,0,0.98,3,False,216,0.30000000000000004,1.0,,0.08278070000233129,2,14,5.391199300007429
a10-scale,waxman-n50-load0.7-critical_link-centralised-deg4.0,waxman,50,0.7,critical_link,CENTRALISED,spf-static,19,8123465695342221122,0.6089176954047631,0.9584299495078237,0.7732863952184792,0.5429113434980015,0.32395991605769736,2982.2358235704723,50.70035570294143,200.4636835493082,0.0,0.0,True,0,0,0,0.98,3,False,216,0.0,1.0,,0.043975999986287206,2,910,5.195624300016789
a10-scale,waxman-n50-load0.7-critical_link-centralised-deg4.0,waxman,50,0.7,critical_link,CENTRALISED,cspf,20,13102505057886412625,0.8831360742268339,0.9717505741754561,0.926785963600035,0.8887079463137008,0.7665407744529472,3730.683258983737,11.708302773194426,51.9742702098834,0.0,0.0,True,51,0,0,0.98,3,False,210,0.30000000000000004,0.9674045086639844,,0.4548324000206776,2,1170,8.453194900008384
a10-scale,waxman-n50-load0.7-critical_link-centralised-deg4.0,waxman,50,0.7,critical_link,CENTRALISED,ecmp,20,13102505057886412625,0.6953227162873544,0.9513837110889587,0.7873737673371539,0.7000098338606133,0.4159147922489014,2937.2923300810085,28.315572849964344,101.2165150115683,0.0,0.0,True,0,0,0,0.98,3,False,210,0.0,0.9667268387442335,,0.5969794999982696,2,1170,6.471580699988408
a10-scale,waxman-n50-load0.7-critical_link-centralised-deg4.0,waxman,50,0.7,critical_link,CENTRALISED,orbit,20,13102505057886412625,0.8827460850672559,0.9717505741754561,0.9339805843018452,0.8890305075275021,0.7560172745196724,3729.0358050168084,11.837900998118673,51.771983632908,0.0,0.0,True,156,0,0,0.98,3,False,210,0.30000000000000004,0.9674045086639844,,0.29856980001204647,2,1170,8.38526740000816
a10-scale,waxman-n50-load0.7-critical_link-centralised-deg4.0,waxman,50,0.7,critical_link,CENTRALISED,spf-reconverge,20,13102505057886412625,0.6953227162873544,0.9513837110889587,0.7873737673371539,0.7000098338606133,0.4159147922489014,2937.2923300810085,28.315572849964344,101.2165150115683,0.0,0.0,True,0,0,0,0.98,3,False,210,0.0,0.9667268387442335,,0.08558400001493283,2,1170,5.567077399988193
a10-scale,waxman-n50-load0.7-critical_link-centralised-deg4.0,waxman,50,0.7,critical_link,CENTRALISED,spf-static,20,13102505057886412625,0.6953227162873544,0.9513837110889587,0.7873737673371539,0.7000098338606133,0.4159147922489014,2937.2923300810085,28.315572849964344,101.2165150115683,0.0,0.0,True,0,0,0,0.98,3,False,210,0.0,0.9667268387442335,,0.040325700043467805,2,1170,5.566313199989963
a10-scale,waxman-n50-load0.7-critical_link-centralised-deg4.0,waxman,50,0.7,critical_link,CENTRALISED,cspf,21,440991219410294504,0.7868471781368402,1.0,0.9078218036465967,0.7620297502105123,0.5614086103223219,3276.2187077540325,37.78220044955081,102.5117185925513,0.0,0.2,False,62,0,0,0.98,3,False,180,0.30000000000000004,1.0,,0.4265132999862544,2,8,7.871265299996594
a10-scale,waxman-n50-load0.7-critical_link-centralised-deg4.0,waxman,50,0.7,critical_link,CENTRALISED,ecmp,21,440991219410294504,0.580416207557108,0.9892749050736027,0.6984636543650625,0.48642635630838005,0.3283246502202471,2416.6960120323943,47.54452327392878,150.64306746999966,0.2,0.2,True,17,0,0,0.98,3,False,180,0.30000000000000004,1.0712711035515845,,0.5081439999921713,2,34,5.504061199986609
a10-scale,waxman-n50-load0.7-critical_link-centralised-deg4.0,waxman,50,0.7,critical_link,CENTRALISED,orbit,21,440991219410294504,0.7713669786728294,0.9991675016487224,0.9299407367083444,0.8256873021629444,0.3903261473048828,3211.7633465441895,37.253337683794705,102.02237506677285,0.2,0.2,False,166,0,0,0.98,3,False,180,0.30000000000000004,1.0,,0.2932522000337485,2,6,8.28601140002138
a10-scale,waxman-n50-load0.7-critical_link-centralised-deg4.0,waxman,50,0.7,critical_link,CENTRALISED,spf-reconverge,21,440991219410294504,0.580416207557108,0.9892749050736027,0.6984636543650625,0.48642635630838005,0.3283246502202471,2416.6960120323943,47.54452327392878,150.64306746999966,0.2,0.2,True,17,0,0,0.98,3,False,180,0.30000000000000004,1.0712711035515845,,0.08368919999338686,2,34,4.770929199992679
a10-scale,waxman-n50-load0.7-critical_link-centralised-deg4.0,waxman,50,0.7,critical_link,CENTRALISED,spf-static,21,440991219410294504,0.5512815206712393,0.8705870120668199,0.5976748565178497,0.486840106681654,0.38930360427505817,2295.387060469453,42.55772889103958,101.31598392193486,,0.0,True,0,0,0,0.98,3,False,180,0.0,0.9222708182552044,,0.043064799974672496,2,2210,4.295490999997128
a10-scale,waxman-n50-load0.7-critical_link-centralised-deg4.0,waxman,50,0.7,critical_link,CENTRALISED,cspf,22,10546199220092369578,0.7337898990240066,0.9735454409022435,0.7927116062871574,0.7818901338248024,0.45290467500229026,4282.602962959375,50.089733682896146,102.64660360599979,0.0,0.0,True,69,0,0,0.98,3,False,218,0.30000000000000004,0.9999999999999999,,0.4732676000276115,2,6,7.96187440000358
a10-scale,waxman-n50-load0.7-critical_link-centralised-deg4.0,waxman,50,0.7,critical_link,CENTRALISED,ecmp,22,10546199220092369578,0.4992392006486718,0.9669364768196171,0.5762471007063225,0.41281282656973806,0.2650309431093814,2913.6995245740277,50.94281563698495,150.70401150875912,0.2,0.2,True,13,0,0,0.98,3,False,218,0.30000000000000004,1.0040185709935476,,0.6328986999869812,2,26,5.120056999992812
a10-scale,waxman-n50-load0.7-critical_link-centralised-deg4.0,waxman,50,0.7,critical_link,CENTRALISED,orbit,22,10546199220092369578,0.727065994211238,0.9991887823602412,0.858306027234783,0.759707337448279,0.3812236565807768,4243.360374975921,41.0575175356926,150.8248390197131,0.2,0.2,True,173,2,0,0.98,3,False,218,0.30000000000000004,0.9999999999999999,,0.3443725999968592,2,4,8.442268300015712
a10-scale,waxman-n50-load0.7-critical_link-centralised-deg4.0,waxman,50,0.7,critical_link,CENTRALISED,spf-reconverge,22,10546199220092369578,0.4992392006486718,0.9669364768196171,0.5762471007063225,0.41281282656973806,0.2650309431093814,2913.6995245740277,50.94281563698495,150.70401150875912,0.2,0.2,True,13,0,0,0.98,3,False,218,0.30000000000000004,1.0040185709935476,,0.09653620002791286,2,26,4.279247300000861
a10-scale,waxman-n50-load0.7-critical_link-centralised-deg4.0,waxman,50,0.7,critical_link,CENTRALISED,spf-static,22,10546199220092369578,0.5087667294348394,0.8680586387074314,0.5530348632665607,0.49425344875883803,0.26295933142782424,2969.3048457478303,49.99899370698939,101.63986886988421,,0.0,True,0,0,0,0.98,3,False,218,0.0,0.883958425761133,,0.0457017999724485,2,1690,4.117953700013459
a10-scale,waxman-n50-load0.7-critical_link-centralised-deg4.0,waxman,50,0.7,critical_link,CENTRALISED,cspf,23,13305017216873971222,0.8475353221655441,0.9991901815935582,0.9863735333225807,0.7329676573877596,0.7692505171941492,3112.1618002510836,32.134350934712025,101.1163856902326,0.2,0.2,True,39,0,0,0.98,3,False,182,0.30000000000000004,1.0,,0.3992281000246294,2,8,8.488322399993194
a10-scale,waxman-n50-load0.7-critical_link-centralised-deg4.0,waxman,50,0.7,critical_link,CENTRALISED,ecmp,23,13305017216873971222,0.590574102800311,0.9947796128883456,0.7601731784340586,0.41298915455268115,0.4077563513203045,2168.596535016963,46.887211093049444,151.02749128443335,0.0,0.0,True,8,0,0,0.98,3,False,182,0.30000000000000004,1.0,,0.5251284000114538,2,16,5.536374999996042
a10-scale,waxman-n50-load0.7-critical_link-centralised-deg4.0,waxman,50,0.7,critical_link,CENTRALISED,orbit,23,13305017216873971222,0.8268947062428237,0.9993939803154833,1.0,0.7641495638904371,0.6260208926283696,3036.369163969905,39.22183524838849,102.26613632483476,0.0,0.0,True,160,2,0,0.98,3,False,182,0.30000000000000004,1.0,,0.28165180000360124,2,10,8.666110399994068
a10-scale,waxman-n50-load0.7-critical_link-centralised-deg4.0,waxman,50,0.7,critical_link,CENTRALISED,spf-reconverge,23,13305017216873971222,0.590574102800311,0.9947796128883456,0.7601731784340586,0.41298915455268115,0.4077563513203045,2168.596535016963,46.887211093049444,151.02749128443335,0.0,0.0,True,8,0,0,0.98,3,False,182,0.30000000000000004,1.0,,0.0916461999877356,2,16,4.835614800016629
a10-scale,waxman-n50-load0.7-critical_link-centralised-deg4.0,waxman,50,0.7,critical_link,CENTRALISED,spf-static,23,13305017216873971222,0.5831405538193444,0.9947796128883456,0.7601731784340586,0.39048138788848685,0.40928810478589694,2141.30043705641,47.46654508322152,151.02749128443335,0.0,0.0,True,0,0,0,0.98,3,False,182,0.0,1.0,,0.048844700009794906,2,1040,4.698757000005571
a10-scale,waxman-n50-load0.7-critical_link-centralised-deg4.0,waxman,50,0.7,critical_link,CENTRALISED,cspf,24,10736352149476112691,0.8320998250786271,0.9848719431361518,0.9512705613314498,0.8349215169332399,0.6128804454074988,4345.095870799373,43.530889250012045,102.23140629796512,0.0,0.2,False,77,0,0,0.98,3,False,216,0.30000000000000004,0.9827525819831467,,0.4429457999940496,2,6,8.925473300012527
a10-scale,waxman-n50-load0.7-critical_link-centralised-deg4.0,waxman,50,0.7,critical_link,CENTRALISED,ecmp,24,10736352149476112691,0.5849322982035017,0.9643694572438992,0.7378353384395042,0.5063628518903006,0.30396838256015124,3054.425487207694,47.096250119499636,101.6261887659629,0.0,0.2,False,9,0,0,0.98,3,False,216,0.30000000000000004,1.0,,0.5872462999832351,2,18,5.593507299985504
a10-scale,waxman-n50-load0.7-critical_link-centralised-deg4.0,waxman,50,0.7,critical_link,CENTRALISED,orbit,24,10736352149476112691,0.7968467081364439,0.9995897398438616,1.0,0.8739843429926079,0.3566713242872179,4161.009577013872,44.56165086915018,102.4245853424381,0.0,0.2,False,161,0,0,0.98,3,False,216,0.30000000000000004,0.9999999999999999,,0.3334115000034217,2,6,9.308360199996969
a10-scale,waxman-n50-load0.7-critical_link-centralised-deg4.0,waxman,50,0.7,critical_link,CENTRALISED,spf-reconverge,24,10736352149476112691,0.5849322982035017,0.9643694572438992,0.7378353384395042,0.5063628518903006,0.30396838256015124,3054.425487207694,47.096250119499636,101.6261887659629,0.0,0.2,False,9,0,0,0.98,3,False,216,0.30000000000000004,1.0,,0.09090219996869564,2,18,4.736004500009585
a10-scale,waxman-n50-load0.7-critical_link-centralised-deg4.0,waxman,50,0.7,critical_link,CENTRALISED,spf-static,24,10736352149476112691,0.5799029006572861,0.9643694572438992,0.7230575944079928,0.4868276366440992,0.32607106130086205,3028.162755439177,46.07462425911654,101.8227868492474,0.0,0.0,True,0,0,0,0.98,3,False,216,0.0,1.0,,0.04436019997228868,2,1170,4.585325899999589
a10-scale,waxman-n50-load0.7-critical_link-centralised-deg4.0,waxman,50,0.7,critical_link,CENTRALISED,cspf,25,9764053311132544089,0.740642421904491,1.0,0.9107975284256931,0.6957615514599973,0.48742852602801656,3439.1730663428025,46.04475883122097,102.86043736296322,0.0,0.2,True,56,0,0,0.98,3,False,188,0.30000000000000004,1.0,,0.38994420002563857,2,6,7.534954399976414
a10-scale,waxman-n50-load0.7-critical_link-centralised-deg4.0,waxman,50,0.7,critical_link,CENTRALISED,ecmp,25,9764053311132544089,0.5355572301434202,0.9432520841780134,0.6358087444371588,0.3484037756551358,0.48061952249336815,2486.859983874812,41.371020586731305,150.49604837841602,0.2,0.2,False,16,0,0,0.98,3,False,188,0.30000000000000004,1.029969994656908,,0.5151291000074707,2,32,5.012336200015852
a10-scale,waxman-n50-load0.7-critical_link-centralised-deg4.0,waxman,50,0.7,critical_link,CENTRALISED,orbit,25,9764053311132544089,0.7366026223933955,0.9991771956942136,0.9991878691071964,0.6628564317372451,0.42628610524299027,3420.414257420868,45.00672056580761,151.1461408066739,0.2,0.2,False,166,2,0,0.98,3,False,188,0.30000000000000004,1.0,,0.30476319999434054,2,6,7.972446300002048
a10-scale,waxman-n50-load0.7-critical_link-centralised-deg4.0,waxman,50,0.7,critical_link,CENTRALISED,spf-reconverge,25,9764053311132544089,0.5355572301434202,0.9432520841780134,0.6358087444371588,0.3484037756551358,0.48061952249336815,2486.859983874812,41.371020586731305,150.49604837841602,0.2,0.2,False,16,0,0,0.98,3,False,188,0.30000000000000004,1.029969994656908,,0.0811528000049293,2,32,4.252103000006173
a10-scale,waxman-n50-load0.7-critical_link-centralised-deg4.0,waxman,50,0.7,critical_link,CENTRALISED,spf-static,25,9764053311132544089,0.5117303296202822,0.7820616168908198,0.5906579647487741,0.3967345834749406,0.44915122960647164,2376.2197719316555,46.82318258867571,150.9271584397228,,0.0,True,0,0,0,0.98,3,False,188,0.0,0.8250562224473352,,0.037593599990941584,2,2080,3.8550171999959275
a10-scale,waxman-n50-load0.7-critical_link-centralised-deg4.0,waxman,50,0.7,critical_link,CENTRALISED,cspf,26,16509814838171646772,0.7752048150452331,1.0,0.9842032862980199,0.6775637374278418,0.5472610268174709,3515.4513200949264,43.538288832722245,107.6049052195829,0.0,0.0,True,88,0,0,0.98,3,False,188,0.30000000000000004,1.0,,0.40197150001768023,2,6,8.476493299996946
a10-scale,waxman-n50-load0.7-critical_link-centralised-deg4.0,waxman,50,0.7,critical_link,CENTRALISED,ecmp,26,16509814838171646772,0.6661492082759431,0.9997358999916607,0.857667946787105,0.5764268565043374,0.3713848732695368,3020.898565338774,47.452771696592826,101.50009272035757,0.0,0.0,False,9,0,0,0.98,3,False,188,0.30000000000000004,1.0,,0.581691100000171,2,18,6.432830399979139
a10-scale,waxman-n50-load0.7-critical_link-centralised-deg4.0,waxman,50,0.7,critical_link,CENTRALISED,orbit,26,16509814838171646772,0.7854539729521837,0.9995550618293212,0.9920243641049858,0.752642916361853,0.46845140737774255,3561.929895813975,42.99732668655243,102.89830294962232,0.0,0.0,True,169,1,0,0.98,3,False,188,0.30000000000000004,1.0,,0.2855758000223432,2,10,8.47636619998957
a10-scale,waxman-n50-load0.7-critical_link-centralised-deg4.0,waxman,50,0.7,critical_link,CENTRALISED,spf-reconverge,26,16509814838171646772,0.6661492082759431,0.9997358999916607,0.857667946787105,0.5764268565043374,0.3713848732695368,3020.898565338774,47.452771696592826,101.50009272035757,0.0,0.0,False,9,0,0,0.98,3,False,188,0.30000000000000004,1.0,,0.08894560002954677,2,18,5.698700499982806
a10-scale,waxman-n50-load0.7-critical_link-centralised-deg4.0,waxman,50,0.7,critical_link,CENTRALISED,spf-static,26,16509814838171646772,0.663648506240624,0.982833499457942,0.8476443537278073,0.5826144366139445,0.3734624224126638,3009.558212311279,43.39646818773214,101.2895770423394,0.0,0.0,False,0,0,0,0.98,3,False,188,0.0,0.980192499374551,,0.03746859999955632,2,1170,5.640606700006174
a10-scale,waxman-n50-load0.7-critical_link-centralised-deg4.0,waxman,50,0.7,critical_link,CENTRALISED,cspf,27,2026706229470436109,0.7654441398081261,1.0,0.9032278085339068,0.6925407191740816,0.5991034504999628,3745.194374213304,47.374836930934926,102.3312523193114,0.0,0.0,False,20,0,0,0.98,3,False,200,0.30000000000000004,1.0,,0.43587629997637123,2,4,7.72257690000697
a10-scale,waxman-n50-load0.7-critical_link-centralised-deg4.0,waxman,50,0.7,critical_link,CENTRALISED,ecmp,27,2026706229470436109,0.5689716239458216,0.9946044611594695,0.6815295640137453,0.4656051133859987,0.363333568041443,2783.8861312898075,59.964012466884824,151.4274451765121,0.0,0.0,False,11,0,0,0.98,3,False,200,0.30000000000000004,1.0,,0.6059111999929883,2,22,5.623376300005475
a10-scale,waxman-n50-load0.7-critical_link-centralised-deg4.0,waxman,50,0.7,critical_link,CENTRALISED,orbit,27,2026706229470436109,0.7621477323025507,0.9993945951349023,0.9228149193566726,0.7439290455717705,0.48373296011150946,3729.0655854448773,40.284404136257514,102.46674056699477,0.0,0.0,False,168,1,0,0.98,3,False,200,0.30000000000000004,1.0,,0.329106099990895,2,6,7.7142633000039496
a10-scale,waxman-n50-load0.7-critical_link-centralised-deg4.0,waxman,50,0.7,critical_link,CENTRALISED,spf-reconverge,27,2026706229470436109,0.5689716239458216,0.9946044611594695,0.6815295640137453,0.4656051133859987,0.363333568041443,2783.8861312898075,59.964012466884824,151.4274451765121,0.0,0.0,False,11,0,0,0.98,3,False,200,0.30000000000000004,1.0,,0.08919100000639446,2,22,4.972047300019767
a10-scale,waxman-n50-load0.7-critical_link-centralised-deg4.0,waxman,50,0.7,critical_link,CENTRALISED,spf-static,27,2026706229470436109,0.5467991132669248,0.955858549793203,0.6699914508754987,0.42974510797972537,0.36176049460434856,2675.399622688926,59.131987329307776,151.4274451765121,0.0,0.0,False,0,0,0,0.98,3,False,200,0.0,0.9543760904785655,,0.044234300032258034,2,1430,4.674917599972105
a10-scale,waxman-n50-load0.7-critical_link-centralised-deg4.0,waxman,50,0.7,critical_link,CENTRALISED,cspf,28,18217130385077424824,0.7979510440794787,0.9367428430609309,0.9214982569347892,0.771035646197923,0.6282389916264935,3917.6340451275496,39.567613804163024,102.1997446746283,,0.0,True,65,0,0,0.98,3,False,198,0.30000000000000004,0.9270109727626141,,0.36964389999047853,2,1300,7.62326480000047
a10-scale,waxman-n50-load0.7-critical_link-centralised-deg4.0,waxman,50,0.7,critical_link,CENTRALISED,ecmp,28,18217130385077424824,0.6500752716514423,0.9108541692720075,0.7789898567863535,0.6321187387317923,0.3881949239414936,3191.6206326356596,44.96523833575871,101.57534146132548,,0.0,True,0,0,0,0.98,3,False,198,0.0,0.9250711645851758,,0.5331334999937098,2,1300,5.823443100001896
a10-scale,waxman-n50-load0.7-critical_link-centralised-deg4.0,waxman,50,0.7,critical_link,CENTRALISED,orbit,28,18217130385077424824,0.7992629692425653,0.9367428430609309,0.9544083032671762,0.865929856427825,0.4816742266977608,3924.075095266781,30.625276559163588,101.28688839005174,,0.0,True,152,0,0,0.98,3,False,198,0.30000000000000004,0.9270109727626141,,0.2758682999992743,2,1300,8.264991500007454
a10-scale,waxman-n50-load0.7-critical_link-centralised-deg4.0,waxman,50,0.7,critical_link,CENTRALISED,spf-reconverge,28,18217130385077424824,0.6500752716514423,0.9108541692720075,0.7789898567863535,0.6321187387317923,0.3881949239414936,3191.6206326356596,44.96523833575871,101.57534146132548,,0.0,True,0,0,0,0.98,3,False,198,0.0,0.9250711645851758,,0.08092829998349771,2,1300,5.11778649999178
a10-scale,waxman-n50-load0.7-critical_link-centralised-deg4.0,waxman,50,0.7,critical_link,CENTRALISED,spf-static,28,18217130385077424824,0.6500752716514423,0.9108541692720075,0.7789898567863535,0.6321187387317923,0.3881949239414936,3191.6206326356596,44.96523833575871,101.57534146132548,,0.0,True,0,0,0,0.98,3,False,198,0.0,0.9250711645851758,,0.0469281000259798,2,1300,5.062005199986743
a10-scale,waxman-n50-load0.7-critical_link-centralised-deg4.0,waxman,50,0.7,critical_link,CENTRALISED,cspf,29,3315554201595309014,0.8062577278247834,1.0,0.97129476326984,0.7240707412692262,0.6280151337400984,4406.66669903925,44.28619021730783,102.15003511366326,0.0,0.2,True,39,0,0,0.98,3,False,216,0.30000000000000004,1.0,,0.4463254000293091,2,4,8.56058680001297
a10-scale,waxman-n50-load0.7-critical_link-centralised-deg4.0,waxman,50,0.7,critical_link,CENTRALISED,ecmp,29,3315554201595309014,0.6044298323887884,0.9950171421820287,0.6811207598392052,0.4795588522441719,0.4605058625954458,3303.5600433617024,47.559360487689446,151.21246990685836,0.2,0.2,True,9,0,0,0.98,3,False,216,0.30000000000000004,1.0,,0.5705500999756623,2,18,5.818241199973272
a10-scale,waxman-n50-load0.7-critical_link-centralised-deg4.0,waxman,50,0.7,critical_link,CENTRALISED,orbit,29,3315554201595309014,0.773086266890716,0.9994917275860599,0.9901657976768721,0.7313533907467562,0.4600683617826887,4225.365401436799,36.074768937881096,102.62468906216968,0.0,0.0,True,158,0,0,0.98,3,False,216,0.30000000000000004,1.0,,0.3305170999956317,2,4,8.428029600006994
a10-scale,waxman-n50-load0.7-critical_link-centralised-deg4.0,waxman,50,0.7,critical_link,CENTRALISED,spf-reconverge,29,3315554201595309014,0.6044298323887884,0.9950171421820287,0.6811207598392052,0.4795588522441719,0.4605058625954458,3303.5600433617024,47.559360487689446,151.21246990685836,0.2,0.2,True,9,0,0,0.98,3,False,216,0.30000000000000004,1.0,,0.09124870001687668,2,18,5.099846800003434
a10-scale,waxman-n50-load0.7-critical_link-centralised-deg4.0,waxman,50,0.7,critical_link,CENTRALISED,spf-static,29,3315554201595309014,0.5988935633573326,0.9377723276248299,0.6213103295341154,0.4967144414460768,0.5124130927282694,3273.301118038086,42.861256151403005,151.21246990685836,,0.0,True,0,0,0,0.98,3,False,216,0.0,0.9326408412448368,,0.04491639998741448,2,1170,4.735706000006758
a10-scale,waxman-n50-load0.7-random_node_30-centralised-deg4.0,waxman,50,0.7,random_node_30,CENTRALISED,cspf,0,4742647999415564990,0.47454147734983293,0.5258953587968329,0.5019178030956969,0.47892161300486186,0.40882586731796666,2132.183707020438,28.379880330746303,101.46985251386403,,,True,46,0,0,0.98,3,False,200,0.30000000000000004,0.45428802757810965,,0.3083193000056781,2,10580,3.9615444999944884
a10-scale,waxman-n50-load0.7-random_node_30-centralised-deg4.0,waxman,50,0.7,random_node_30,CENTRALISED,ecmp,0,4742647999415564990,0.3880517701716637,0.5251118778442233,0.4640079158409221,0.29931956867997656,0.33617473865428354,1743.572904230038,36.531286452574584,150.8169830188902,,,True,25,0,0,0.98,3,False,200,0.30000000000000004,0.45428802757810965,,0.3946928000077605,2,10580,3.154879199981224
a10-scale,waxman-n50-load0.7-random_node_30-centralised-deg4.0,waxman,50,0.7,random_node_30,CENTRALISED,orbit,0,4742647999415564990,0.4734708538656741,0.5244275276513506,0.5022831712781641,0.5228760367432765,0.349810681269313,2127.3732403737176,20.37658416371302,52.6136557537193,,,True,179,1,0,0.98,3,False,200,0.30000000000000004,0.45428802757810965,,0.291183599998476,2,10586,4.053426700003911
a10-scale,waxman-n50-load0.7-random_node_30-centralised-deg4.0,waxman,50,0.7,random_node_30,CENTRALISED,spf-reconverge,0,4742647999415564990,0.3880517701716637,0.5251118778442233,0.4640079158409221,0.29931956867997656,0.33617473865428354,1743.572904230038,36.531286452574584,150.8169830188902,,,True,25,0,0,0.98,3,False,200,0.30000000000000004,0.45428802757810965,,0.07046320001245476,2,10580,2.7277324000024237
a10-scale,waxman-n50-load0.7-random_node_30-centralised-deg4.0,waxman,50,0.7,random_node_30,CENTRALISED,spf-static,0,4742647999415564990,0.30441992422585895,0.40109613020850193,0.34084923547232676,0.25840717392558743,0.2646119597608908,1367.8028865920824,33.72633879728775,150.98698163287293,,,True,0,0,0,0.98,3,False,200,0.0,0.30895707331750183,,0.043633799999952316,2,13780,2.1612781999865547
a10-scale,waxman-n50-load0.7-random_node_30-centralised-deg4.0,waxman,50,0.7,random_node_30,CENTRALISED,cspf,1,1404426123941976964,0.40667038141807804,0.42674865916166027,0.5368787482102981,0.37627091893986037,0.3172180196960629,1832.4104609898357,33.30276190699397,101.54258335102884,,,True,38,0,0,0.98,3,False,198,0.30000000000000004,0.34020935635153376,,0.27736879998701625,2,11752,3.5547875999764074
a10-scale,waxman-n50-load0.7-random_node_30-centralised-deg4.0,waxman,50,0.7,random_node_30,CENTRALISED,ecmp,1,1404426123941976964,0.3132519441391521,0.42674865916166027,0.47722361026499127,0.23327065894063312,0.2078090076851679,1411.477613305401,46.935193984795596,150.90176631611263,,,True,25,0,0,0.98,3,False,198,0.30000000000000004,0.34020935635153376,,0.3461335000174586,2,11750,2.949214699998265
a10-scale,waxman-n50-load0.7-random_node_30-centralised-deg4.0,waxman,50,0.7,random_node_30,CENTRALISED,orbit,1,1404426123941976964,0.3870841301616322,0.4255649909893372,0.5355609480782271,0.37854189284805234,0.23985520257660214,1744.1570416758043,30.992084314140286,102.56541651063587,,,True,182,0,0,0.98,3,False,198,0.30000000000000004,0.34020935635153376,,0.31324859999585897,2,11762,3.5657540000102017
a10-scale,waxman-n50-load0.7-random_node_30-centralised-deg4.0,waxman,50,0.7,random_node_30,CENTRALISED,spf-reconverge,1,1404426123941976964,0.3132519441391521,0.42674865916166027,0.47722361026499127,0.23327065894063312,0.2078090076851679,1411.477613305401,46.935193984795596,150.90176631611263,,,True,25,0,0,0.98,3,False,198,0.30000000000000004,0.34020935635153376,,0.058842800004640594,2,11750,2.5875063000130467
a10-scale,waxman-n50-load0.7-random_node_30-centralised-deg4.0,waxman,50,0.7,random_node_30,CENTRALISED,spf-static,1,1404426123941976964,0.2655216106859957,0.33505054654299093,0.38223693062817515,0.20952478393299515,0.19564010223975323,1196.4101623120082,19.445718898561413,100.83742600460764,,,True,0,0,0,0.98,3,False,198,0.0,0.2327506306265326,,0.04749319999245927,2,14950,2.1572166999976616
a10-scale,waxman-n50-load0.7-random_node_30-centralised-deg4.0,waxman,50,0.7,random_node_30,CENTRALISED,cspf,2,12677488771875739440,0.4267177286678183,0.4194899962998463,0.52227887406226,0.3909759813248659,0.3709362300227337,1683.196468761823,21.687862100539803,101.52398186372014,,,True,38,0,0,0.98,3,False,184,0.30000000000000004,0.3319120220060558,,0.28397469999617897,2,12144,3.5088197000150103
a10-scale,waxman-n50-load0.7-random_node_30-centralised-deg4.0,waxman,50,0.7,random_node_30,CENTRALISED,ecmp,2,12677488771875739440,0.34680065104217184,0.41896426611203785,0.5019731769534483,0.30150619945585744,0.18006479596952502,1367.9619851297457,35.75358663543257,101.54132816266764,,,True,29,0,0,0.98,3,False,184,0.30000000000000004,0.3319120220060558,,0.3469112000311725,2,12148,3.068082699988736
a10-scale,waxman-n50-load0.7-random_node_30-centralised-deg4.0,waxman,50,0.7,random_node_30,CENTRALISED,orbit,2,12677488771875739440,0.42981759876813175,0.4194899962998463,0.5261289156546246,0.4011702670605836,0.3647654568209031,1695.4239673069555,20.946311158524495,77.51756571831534,,,True,175,0,0,0.98,3,False,184,0.30000000000000004,0.3319120220060558,,0.2813054999860469,2,12138,3.782574000011664
a10-scale,waxman-n50-load0.7-random_node_30-centralised-deg4.0,waxman,50,0.7,random_node_30,CENTRALISED,spf-reconverge,2,12677488771875739440,0.34680065104217184,0.41896426611203785,0.5019731769534483,0.30150619945585744,0.18006479596952502,1367.9619851297457,35.75358663543257,101.54132816266764,,,True,29,0,0,0.98,3,False,184,0.30000000000000004,0.3319120220060558,,0.05649389998870902,2,12148,2.599977799982298
a10-scale,waxman-n50-load0.7-random_node_30-centralised-deg4.0,waxman,50,0.7,random_node_30,CENTRALISED,spf-static,2,12677488771875739440,0.2375136871156513,0.28929047667964813,0.3568187826490001,0.1256791063852743,0.22578478931383414,936.8774076571783,23.991203454636743,101.4474336849861,,0.0,True,0,0,0,0.98,3,False,184,0.0,0.1799505500149777,,0.04333529999712482,2,15860,1.8380830000096466
a10-scale,waxman-n50-load0.7-random_node_30-centralised-deg4.0,waxman,50,0.7,random_node_30,CENTRALISED,cspf,3,15887847531452650716,0.3310930569733343,0.42963333073284216,0.5506535534434454,0.22735404545216148,0.1824418650584564,2183.1594084987405,66.3801303288556,152.46245874038945,,,True,46,0,0,0.98,3,False,238,0.30000000000000004,0.34944888012495195,,0.29721170000266284,2,11900,3.3278510000091046
a10-scale,waxman-n50-load0.7-random_node_30-centralised-deg4.0,waxman,50,0.7,random_node_30,CENTRALISED,ecmp,3,15887847531452650716,0.2579413014181605,0.4273196547081454,0.40029955207676976,0.1813544035829262,0.10663561609065443,1700.8118025163542,59.32944207658698,150.58736922866862,,,True,32,0,0,0.98,3,False,238,0.30000000000000004,0.35445075455566916,,0.4371841000101995,2,11894,2.926559899991844
a10-scale,waxman-n50-load0.7-random_node_30-centralised-deg4.0,waxman,50,0.7,random_node_30,CENTRALISED,orbit,3,15887847531452650716,0.32556082007046067,0.4405062108579477,0.5303048552181665,0.24263522033776258,0.1518240408295224,2146.6809780690583,48.532290713754676,101.57341336695252,,,True,193,2,0,0.98,3,False,238,0.30000000000000004,0.35764874042199263,,0.33305460002156906,2,11908,3.3421910000033677
a10-scale,waxman-n50-load0.7-random_node_30-centralised-deg4.0,waxman,50,0.7,random_node_30,CENTRALISED,spf-reconverge,3,15887847531452650716,0.2579413014181605,0.4273196547081454,0.40029955207676976,0.1813544035829262,0.10663561609065443,1700.8118025163542,59.32944207658698,150.58736922866862,,,True,32,0,0,0.98,3,False,238,0.30000000000000004,0.35445075455566916,,0.0658075999817811,2,11894,2.330894500017166
a10-scale,waxman-n50-load0.7-random_node_30-centralised-deg4.0,waxman,50,0.7,random_node_30,CENTRALISED,spf-static,3,15887847531452650716,0.20134998427066764,0.29021935033691487,0.2959697918201918,0.15036121148715503,0.11630735057659845,1327.660315743149,40.30384669718281,101.14324204344034,,,True,0,0,0,0.98,3,False,238,0.0,0.18964791804290113,,0.0465375000203494,2,15990,1.7851581999857444
a10-scale,waxman-n50-load0.7-random_node_30-centralised-deg4.0,waxman,50,0.7,random_node_30,CENTRALISED,cspf,4,8894468574905566975,0.42947376239190893,0.5775954375555604,0.45139993533170514,0.4560879860787052,0.27875421840719783,2535.4062518901856,40.2114265451203,101.29498136368655,,,True,57,0,0,0.98,3,False,234,0.30000000000000004,0.5167395129801707,,0.36204219999490306,2,8922,4.181319199997233
a10-scale,waxman-n50-load0.7-random_node_30-centralised-deg4.0,waxman,50,0.7,random_node_30,CENTRALISED,ecmp,4,8894468574905566975,0.29983394593086043,0.565551628622086,0.3868743821713144,0.22913383123975595,0.15799550447895738,1770.0752120645243,60.48964147350547,152.03451546341643,,,True,32,0,0,0.98,3,False,234,0.30000000000000004,0.5288775561024304,,0.461585599987302,2,8904,3.4743769000051543
a10-scale,waxman-n50-load0.7-random_node_30-centralised-deg4.0,waxman,50,0.7,random_node_30,CENTRALISED,orbit,4,8894468574905566975,0.43710328021930855,0.5917271213680898,0.517095161922595,0.4373897012440181,0.26563578296975554,2580.4472506482066,39.04457936955312,102.2084856451457,,,True,197,2,0,0.98,3,False,234,0.30000000000000004,0.5330198554871106,,0.4089158000133466,2,8930,4.096734999999171
a10-scale,waxman-n50-load0.7-random_node_30-centralised-deg4.0,waxman,50,0.7,random_node_30,CENTRALISED,spf-reconverge,4,8894468574905566975,0.29983394593086043,0.565551628622086,0.3868743821713144,0.22913383123975595,0.15799550447895738,1770.0752120645243,60.48964147350547,152.03451546341643,,,True,32,0,0,0.98,3,False,234,0.30000000000000004,0.5288775561024304,,0.07764020000468008,2,8904,2.924551599979168
a10-scale,waxman-n50-load0.7-random_node_30-centralised-deg4.0,waxman,50,0.7,random_node_30,CENTRALISED,spf-static,4,8894468574905566975,0.2814234557567206,0.38672284516927996,0.3422469303688978,0.21492873522093509,0.25662366805085685,1661.3885448560127,33.482559443029,101.00977308446761,,,True,0,0,0,0.98,3,False,234,0.0,0.3107034960317439,,0.04438430001027882,2,13000,2.506267899996601
a10-scale,waxman-n50-load0.7-random_node_30-centralised-deg4.0,waxman,50,0.7,random_node_30,CENTRALISED,cspf,5,17011808205642010145,0.25706466363947966,0.5791058839038926,0.15688526503217456,0.23361737240993083,0.18498974401184043,1061.1551445301677,32.94325096958607,103.64760860222452,,,True,48,0,0,0.98,3,False,202,0.30000000000000004,0.5334093828721087,,0.30855309998150915,2,11658,2.822004800022114
a10-scale,waxman-n50-load0.7-random_node_30-centralised-deg4.0,waxman,50,0.7,random_node_30,CENTRALISED,ecmp,5,17011808205642010145,0.2387689909131673,0.5811828201074167,0.14939668562393618,0.217748605974783,0.1386265665874587,985.6311617263913,42.080242062082014,104.08375306142763,,,True,36,0,0,0.98,3,False,202,0.30000000000000004,0.5319402000149781,,0.34296700000413693,2,11642,2.742117200017674
a10-scale,waxman-n50-load0.7-random_node_30-centralised-deg4.0,waxman,50,0.7,random_node_30,CENTRALISED,orbit,5,17011808205642010145,0.2547726715756025,0.5799369209526651,0.1623886895861576,0.23447181034652545,0.16798980826914914,1051.6938707192462,34.477956365665605,103.61761102991746,,,True,196,4,0,0.98,3,False,202,0.30000000000000004,0.5319402000149781,,0.3448027999838814,2,11658,2.8915761999960523
a10-scale,waxman-n50-load0.7-random_node_30-centralised-deg4.0,waxman,50,0.7,random_node_30,CENTRALISED,spf-reconverge,5,17011808205642010145,0.2387689909131673,0.5811828201074167,0.14939668562393618,0.217748605974783,0.1386265665874587,985.6311617263913,42.080242062082014,104.08375306142763,,,True,36,0,0,0.98,3,False,202,0.30000000000000004,0.5319402000149781,,0.08338350002304651,2,11642,2.357462200016016
a10-scale,waxman-n50-load0.7-random_node_30-centralised-deg4.0,waxman,50,0.7,random_node_30,CENTRALISED,spf-static,5,17011808205642010145,0.2175491354945406,0.29921132419750845,0.18238910133183492,0.25384675331247347,0.14832224503398309,898.0362413477513,21.978311012933155,100.58476511187827,,,True,0,0,0,0.98,3,False,202,0.0,0.19656202416383534,,0.06488119999994524,2,16250,2.0765983999881428
a10-scale,waxman-n50-load0.7-random_node_30-centralised-deg4.0,waxman,50,0.7,random_node_30,CENTRALISED,cspf,6,3729281853054081992,0.3851659859815899,0.6214857335779754,0.37113476501153875,0.34960335830941547,0.300317751489004,1898.6184026145274,39.18942065525587,151.42143169856593,,,True,47,0,0,0.98,3,False,210,0.30000000000000004,0.5682062120458305,,0.31593630000134,2,10850,3.3939887000015005
a10-scale,waxman-n50-load0.7-random_node_30-centralised-deg4.0,waxman,50,0.7,random_node_30,CENTRALISED,ecmp,6,3729281853054081992,0.3142671822655764,0.6244953699299122,0.3235482371922394,0.22100240133250224,0.24029236066167578,1549.1333017546278,47.14016280156479,151.33303838007492,,,True,30,0,0,0.98,3,False,210,0.30000000000000004,0.60330990010693,,0.40556550002656877,2,10850,3.009885499981465
a10-scale,waxman-n50-load0.7-random_node_30-centralised-deg4.0,waxman,50,0.7,random_node_30,CENTRALISED,orbit,6,3729281853054081992,0.38361027680563414,0.6311682416102471,0.3896747259871889,0.36191169531123185,0.24974737857954854,1890.9497657720024,36.15864141470015,102.5317366380732,,,True,186,1,0,0.98,3,False,210,0.30000000000000004,0.5792834228494358,,0.35955560000729747,2,10860,3.5657128000166267
a10-scale,waxman-n50-load0.7-random_node_30-centralised-deg4.0,waxman,50,0.7,random_node_30,CENTRALISED,spf-reconverge,6,3729281853054081992,0.3142671822655764,0.6244953699299122,0.3235482371922394,0.22100240133250224,0.24029236066167578,1549.1333017546278,47.14016280156479,151.33303838007492,,,True,30,0,0,0.98,3,False,210,0.30000000000000004,0.60330990010693,,0.07621900000958703,2,10850,2.5509063999925274
a10-scale,waxman-n50-load0.7-random_node_30-centralised-deg4.0,waxman,50,0.7,random_node_30,CENTRALISED,spf-static,6,3729281853054081992,0.2614263214567527,0.3528530578482114,0.22751216774499486,0.23207062401570638,0.2820004025523386,1288.6621428438807,23.234234234994897,100.8685333926517,,,True,0,0,0,0.98,3,False,210,0.0,0.2710749931136165,,0.047755799983860925,2,14690,2.1560716000094544
a10-scale,waxman-n50-load0.7-random_node_30-centralised-deg4.0,waxman,50,0.7,random_node_30,CENTRALISED,cspf,7,859072019612384418,0.293962260843375,0.4660004488560656,0.3268405485494647,0.24779515677155056,0.2083523033432906,1482.256549989598,56.13072995485893,103.80949236678511,,,True,52,0,0,0.98,3,False,202,0.30000000000000004,0.38781240023230557,,0.29451020000851713,2,11018,2.929846900020493
a10-scale,waxman-n50-load0.7-random_node_30-centralised-deg4.0,waxman,50,0.7,random_node_30,CENTRALISED,ecmp,7,859072019612384418,0.2528331795609777,0.5008164898372242,0.29267009146572615,0.16322549543754591,0.17412584788769603,1274.8698944679566,63.63539463926322,203.13759248786272,,,True,48,0,0,0.98,3,False,202,0.30000000000000004,0.44596026625381624,,0.3824274000071455,2,11016,2.765212900005281
a10-scale,waxman-n50-load0.7-random_node_30-centralised-deg4.0,waxman,50,0.7,random_node_30,CENTRALISED,orbit,7,859072019612384418,0.28664525544223707,0.515393518626529,0.3642506587478732,0.2001706075862185,0.1700589350326113,1445.3617487622914,60.95210114656039,153.98681584841384,,,True,202,9,0,0.98,3,False,202,0.30000000000000004,0.4461760195553074,,0.33533990001888014,2,11018,3.1235974000010174
a10-scale,waxman-n50-load0.7-random_node_30-centralised-deg4.0,waxman,50,0.7,random_node_30,CENTRALISED,spf-reconverge,7,859072019612384418,0.2528331795609777,0.5008164898372242,0.29267009146572615,0.16322549543754591,0.17412584788769603,1274.8698944679566,63.63539463926322,203.13759248786272,,,True,48,0,0,0.98,3,False,202,0.30000000000000004,0.44596026625381624,,0.06026030000066385,2,11016,2.2880438000138383
a10-scale,waxman-n50-load0.7-random_node_30-centralised-deg4.0,waxman,50,0.7,random_node_30,CENTRALISED,spf-static,7,859072019612384418,0.18718087731381897,0.20098162011514775,0.18219288075338583,0.19965388175261856,0.1647327355507682,943.8289140762688,21.369600216603562,101.28238173462653,,,True,0,0,0,0.98,3,False,202,0.0,0.08463006750459375,,0.04662880001706071,2,17160,1.6534964999882504
a10-scale,waxman-n50-load0.7-random_node_30-centralised-deg4.0,waxman,50,0.7,random_node_30,CENTRALISED,cspf,8,15698394414558296644,0.392663015752096,0.42339493539979645,0.4211753378075149,0.384389653527446,0.355167175924251,2329.890345634872,38.79365101456493,102.12405942846495,,,True,33,0,0,0.98,3,False,220,0.30000000000000004,0.3432279375790296,,0.3204078999988269,2,11358,3.3102628999913577
a10-scale,waxman-n50-load0.7-random_node_30-centralised-deg4.0,waxman,50,0.7,random_node_30,CENTRALISED,ecmp,8,15698394414558296644,0.3087017085904662,0.410756315579237,0.3559383196985373,0.2311045501426401,0.30880087872702444,1831.7007247252511,46.86044950765102,151.4842641232824,,,True,27,0,0,0.98,3,False,220,0.30000000000000004,0.3805631664263311,,0.4089707999955863,2,11364,2.7975361999997403
a10-scale,waxman-n50-load0.7-random_node_30-centralised-deg4.0,waxman,50,0.7,random_node_30,CENTRALISED,orbit,8,15698394414558296644,0.37946546667418957,0.42621285603308906,0.4255537969715971,0.36712331175184776,0.3192222712444038,2251.581870048596,34.616830781242456,102.0154379813659,,,True,185,2,0,0.98,3,False,220,0.30000000000000004,0.33870528036346664,,0.36702090001199394,2,11374,3.3907576000201516
a10-scale,waxman-n50-load0.7-random_node_30-centralised-deg4.0,waxman,50,0.7,random_node_30,CENTRALISED,spf-reconverge,8,15698394414558296644,0.3087017085904662,0.410756315579237,0.3559383196985373,0.2311045501426401,0.30880087872702444,1831.7007247252511,46.86044950765102,151.4842641232824,,,True,27,0,0,0.98,3,False,220,0.30000000000000004,0.3805631664263311,,0.06579300001612864,2,11364,2.2809445000020787
a10-scale,waxman-n50-load0.7-random_node_30-centralised-deg4.0,waxman,50,0.7,random_node_30,CENTRALISED,spf-static,8,15698394414558296644,0.265824709009849,0.31754987449421357,0.26516506984410376,0.24615595448723163,0.262222287178571,1577.2873897150077,26.930435598877217,101.03573006468983,,,True,0,0,0,0.98,3,False,220,0.0,0.25783846064360033,,0.04421969997929409,2,14820,1.96738170000026
a10-scale,waxman-n50-load0.7-random_node_30-centralised-deg4.0,waxman,50,0.7,random_node_30,CENTRALISED,cspf,9,11135744039470478511,0.3365013582875205,0.44843547271919365,0.30525333190878945,0.3662020082912128,0.24452806129994412,1192.5060285985342,20.053965298074388,100.40356042886873,,,True,20,0,0,0.98,3,False,170,0.30000000000000004,0.3666077599158564,,0.26958710001781583,2,14068,2.849362700013444
a10-scale,waxman-n50-load0.7-random_node_30-centralised-deg4.0,waxman,50,0.7,random_node_30,CENTRALISED,ecmp,9,11135744039470478511,0.26688774215289746,0.44843547271919365,0.296589876052291,0.2524731642760074,0.12270357365534486,945.8067066833132,29.001057130339245,101.72060528053264,,,True,15,0,0,0.98,3,False,170,0.30000000000000004,0.3666077599158564,,0.3097029000055045,2,14070,2.46383190000779
a10-scale,waxman-n50-load0.7-random_node_30-centralised-deg4.0,waxman,50,0.7,random_node_30,CENTRALISED,orbit,9,11135744039470478511,0.3398471164398485,0.4480562485713968,0.30401130127462644,0.37257233965772935,0.25117783782239,1204.3628507736018,16.945847663698526,53.475784715372534,,,True,169,2,0,0.98,3,False,170,0.30000000000000004,0.3666077599158564,,0.2993842999858316,2,14074,2.904633300000569
a10-scale,waxman-n50-load0.7-random_node_30-centralised-deg4.0,waxman,50,0.7,random_node_30,CENTRALISED,spf-reconverge,9,11135744039470478511,0.26688774215289746,0.44843547271919365,0.296589876052291,0.2524731642760074,0.12270357365534486,945.8067066833132,29.001057130339245,101.72060528053264,,,True,15,0,0,0.98,3,False,170,0.30000000000000004,0.3666077599158564,,0.047505599999567494,2,14070,2.1246643000049517
a10-scale,waxman-n50-load0.7-random_node_30-centralised-deg4.0,waxman,50,0.7,random_node_30,CENTRALISED,spf-static,9,11135744039470478511,0.22778895205551272,0.28046197674799217,0.24194977133622775,0.2591915510858344,0.12217697944255256,807.2469601808898,28.4248674142169,102.00022392183288,,,True,0,0,0,0.98,3,False,170,0.0,0.16976381932460366,,0.03478639997774735,2,15990,1.9553367999906186
a10-scale,waxman-n50-load0.7-random_node_30-centralised-deg4.0,waxman,50,0.7,random_node_30,CENTRALISED,cspf,10,8597476669354952655,0.3757335062413103,0.4865608236676355,0.4822728429164513,0.36873255510278385,0.2204015963848234,1707.8782837421993,29.791548171731325,101.79920914656702,,,True,38,0,0,0.98,3,False,192,0.30000000000000004,0.4095584553601204,,0.3041541000129655,2,11604,3.43593839998357
a10-scale,waxman-n50-load0.7-random_node_30-centralised-deg4.0,waxman,50,0.7,random_node_30,CENTRALISED,ecmp,10,8597476669354952655,0.3083336256968452,0.4834751915807727,0.41574994916728386,0.2785206944458399,0.14121293897203357,1401.5154217759264,44.52330011946812,151.22381642422218,,,True,14,0,0,0.98,3,False,192,0.30000000000000004,0.420736372974679,,0.3602446000149939,2,11598,2.979796100000385
a10-scale,waxman-n50-load0.7-random_node_30-centralised-deg4.0,waxman,50,0.7,random_node_30,CENTRALISED,orbit,10,8597476669354952655,0.36492315037322715,0.4863692730327608,0.5004405655287278,0.389770038222818,0.1366052921705046,1658.7403396410236,31.6021529020184,102.54633906945858,,,True,174,0,0,0.98,3,False,192,0.30000000000000004,0.4095584553601204,,0.30806999997003004,2,11616,3.489029299991671
a10-scale,waxman-n50-load0.7-random_node_30-centralised-deg4.0,waxman,50,0.7,random_node_30,CENTRALISED,spf-reconverge,10,8597476669354952655,0.3083336256968452,0.4834751915807727,0.41574994916728386,0.2785206944458399,0.14121293897203357,1401.5154217759264,44.52330011946812,151.22381642422218,,,True,14,0,0,0.98,3,False,192,0.30000000000000004,0.420736372974679,,0.0625004000030458,2,11598,2.522831300011603
a10-scale,waxman-n50-load0.7-random_node_30-centralised-deg4.0,waxman,50,0.7,random_node_30,CENTRALISED,spf-static,10,8597476669354952655,0.2991077429740557,0.40242121042132034,0.4312098014607688,0.26384623024313714,0.16147346260971457,1359.5796228948836,33.55600848182414,100.8592304067277,,,True,0,0,0,0.98,3,False,192,0.0,0.32315884694709834,,0.04215029999613762,2,13390,2.3620566000172403
a10-scale,waxman-n50-load0.7-random_node_30-centralised-deg4.0,waxman,50,0.7,random_node_30,CENTRALISED,cspf,11,8653172322210855593,0.39702354929735095,0.5189247121372149,0.4500975805318754,0.30674315858489487,0.4014446840069154,1602.5924812811393,24.261681462661727,101.8116240166444,,,True,36,0,0,0.98,3,False,202,0.30000000000000004,0.44833216782657104,,0.30835099998512305,2,12402,3.3545650000160094
a10-scale,waxman-n50-load0.7-random_node_30-centralised-deg4.0,waxman,50,0.7,random_node_30,CENTRALISED,ecmp,11,8653172322210855593,0.297966847574727,0.5119441848272941,0.37550362705252255,0.18425851414301112,0.25839490264358606,1202.7483771161958,45.75790254946889,150.76219486651107,,,True,22,0,0,0.98,3,False,202,0.30000000000000004,0.47457146673246065,,0.35946539998985827,2,12394,2.63714439998148
a10-scale,waxman-n50-load0.7-random_node_30-centralised-deg4.0,waxman,50,0.7,random_node_30,CENTRALISED,orbit,11,8653172322210855593,0.39169371742894826,0.5185380991414568,0.45725650413504754,0.3312184721848033,0.3371866772085528,1581.0785219860004,24.8310242188583,53.1486095938624,,,True,184,1,0,0.98,3,False,202,0.30000000000000004,0.44833216782657104,,0.3380002999911085,2,12416,3.3610242000140715
a10-scale,waxman-n50-load0.7-random_node_30-centralised-deg4.0,waxman,50,0.7,random_node_30,CENTRALISED,spf-reconverge,11,8653172322210855593,0.297966847574727,0.5119441848272941,0.37550362705252255,0.18425851414301112,0.25839490264358606,1202.7483771161958,45.75790254946889,150.76219486651107,,,True,22,0,0,0.98,3,False,202,0.30000000000000004,0.47457146673246065,,0.06629200000315905,2,12394,2.20543319999706
a10-scale,waxman-n50-load0.7-random_node_30-centralised-deg4.0,waxman,50,0.7,random_node_30,CENTRALISED,spf-static,11,8653172322210855593,0.24530631311055429,0.3473601322697657,0.30224194563101797,0.15171095057395387,0.26136009428109047,990.183211291931,16.521559483252915,100.35078637684263,,,True,0,0,0,0.98,3,False,202,0.0,0.2704114166446445,,0.046937999984947965,2,15210,1.8999767000204884
a10-scale,waxman-n50-load0.7-random_node_30-centralised-deg4.0,waxman,50,0.7,random_node_30,CENTRALISED,cspf,12,4931204757538174196,0.3935027831069091,0.502239088973806,0.5897597076241266,0.3484273656012626,0.19392284004014507,2154.7319620940916,57.588677463801055,151.26133371634145,,,True,53,0,0,0.98,3,False,218,0.30000000000000004,0.42805727670735333,,0.337903700012248,2,9694,3.8268438999948557
a10-scale,waxman-n50-load0.7-random_node_30-centralised-deg4.0,waxman,50,0.7,random_node_30,CENTRALISED,ecmp,12,4931204757538174196,0.33342280882365016,0.5155831728102541,0.5215687013822229,0.21792361986342776,0.20551601858236015,1825.7476539074892,61.36418958214242,151.43549951989485,,,True,37,0,0,0.98,3,False,218,0.30000000000000004,0.4670935912360855,,0.4229419999755919,2,9694,3.321579000010388
a10-scale,waxman-n50-load0.7-random_node_30-centralised-deg4.0,waxman,50,0.7,random_node_30,CENTRALISED,orbit,12,4931204757538174196,0.41137518063826356,0.5203720343335579,0.6103476996161444,0.38020460961600067,0.18713576705666385,2252.59715607316,48.7076646597157,102.8793453304982,,,True,192,3,0,0.98,3,False,218,0.30000000000000004,0.44865559665751464,,0.3542240000097081,2,9694,4.176840700005414
a10-scale,waxman-n50-load0.7-random_node_30-centralised-deg4.0,waxman,50,0.7,random_node_30,CENTRALISED,spf-reconverge,12,4931204757538174196,0.33342280882365016,0.5155831728102541,0.5215687013822229,0.21792361986342776,0.20551601858236015,1825.7476539074892,61.36418958214242,151.43549951989485,,,True,37,0,0,0.98,3,False,218,0.30000000000000004,0.4670935912360855,,0.06986300001153722,2,9694,2.7684991999994963
a10-scale,waxman-n50-load0.7-random_node_30-centralised-deg4.0,waxman,50,0.7,random_node_30,CENTRALISED,spf-static,12,4931204757538174196,0.2696473227749231,0.4309862146827853,0.30201176854505657,0.19217914952915166,0.2550753107719966,1476.5275617335967,34.96442812176575,101.27752037732245,,,True,0,0,0,0.98,3,False,218,0.0,0.3638823845382812,,0.04780799997388385,2,14430,2.0596773000143003
a10-scale,waxman-n50-load0.7-random_node_30-centralised-deg4.0,waxman,50,0.7,random_node_30,CENTRALISED,cspf,13,6913136404419797251,0.43134313682075964,0.5052073635262816,0.5423099440447829,0.42047243508690846,0.299591213162546,2182.9460845757235,40.76422922125342,151.0645151498895,,,True,48,0,0,0.98,3,False,200,0.30000000000000004,0.439379656199399,,0.31281300002592616,2,10470,3.939048100000946
a10-scale,waxman-n50-load0.7-random_node_30-centralised-deg4.0,waxman,50,0.7,random_node_30,CENTRALISED,ecmp,13,6913136404419797251,0.3459381530584918,0.5164572927286962,0.4250093446561385,0.32459689671458675,0.19911074240871668,1750.7276046870154,52.49381541515262,151.26836567210287,,,True,40,0,0,0.98,3,False,200,0.30000000000000004,0.45510498378929365,,0.3816442000097595,2,10480,3.3413373999937903
a10-scale,waxman-n50-load0.7-random_node_30-centralised-deg4.0,waxman,50,0.7,random_node_30,CENTRALISED,orbit,13,6913136404419797251,0.43307868460820526,0.518654278580465,0.5740084235004334,0.4536518134427901,0.22096861722767178,2191.7293638812034,41.21796562230698,151.20824096968352,,,True,190,1,0,0.98,3,False,200,0.30000000000000004,0.4488538849093914,,0.32679280001320876,2,10470,4.068435099994531
a10-scale,waxman-n50-load0.7-random_node_30-centralised-deg4.0,waxman,50,0.7,random_node_30,CENTRALISED,spf-reconverge,13,6913136404419797251,0.3459381530584918,0.5164572927286962,0.4250093446561385,0.32459689671458675,0.19911074240871668,1750.7276046870154,52.49381541515262,151.26836567210287,,,True,40,0,0,0.98,3,False,200,0.30000000000000004,0.45510498378929365,,0.06159150000894442,2,10480,2.818883800006006
a10-scale,waxman-n50-load0.7-random_node_30-centralised-deg4.0,waxman,50,0.7,random_node_30,CENTRALISED,spf-static,13,6913136404419797251,0.24784618841400896,0.2571715597581927,0.28871602401615626,0.25937321016914355,0.1878181650307875,1254.3027125993187,35.23776715642745,151.03329127494706,,,True,0,0,0,0.98,3,False,200,0.0,0.14702285035906187,,0.042401500017149374,2,15600,2.085205400013365
a10-scale,waxman-n50-load0.7-random_node_30-centralised-deg4.0,waxman,50,0.7,random_node_30,CENTRALISED,cspf,14,14232154438091086131,0.3769476442148924,0.45599188186498435,0.3090350582617757,0.46918567936928796,0.275853514024031,2234.5389936829883,47.83210495302135,150.8619931073857,,,True,50,0,0,0.98,3,False,234,0.30000000000000004,0.37650763144040783,,0.33424110000487417,2,11120,3.8542362000152934
a10-scale,waxman-n50-load0.7-random_node_30-centralised-deg4.0,waxman,50,0.7,random_node_30,CENTRALISED,ecmp,14,14232154438091086131,0.27253901519895873,0.44795055511523774,0.20107178279658608,0.36474219714875117,0.11813077212765358,1615.6064803918825,55.7111840331646,201.09182769357514,,,True,28,0,0,0.98,3,False,234,0.30000000000000004,0.4008229359246776,,0.45441949999076314,2,11106,2.854763899988029
a10-scale,waxman-n50-load0.7-random_node_30-centralised-deg4.0,waxman,50,0.7,random_node_30,CENTRALISED,orbit,14,14232154438091086131,0.3767360028948275,0.45623194782557325,0.319850530898769,0.5001284067993115,0.22335092301450404,2233.2843876664297,34.51743503580965,101.77487692354323,,,True,183,2,0,0.98,3,False,234,0.30000000000000004,0.3756841508167287,,0.3861371999955736,2,11110,3.7455185999860987
a10-scale,waxman-n50-load0.7-random_node_30-centralised-deg4.0,waxman,50,0.7,random_node_30,CENTRALISED,spf-reconverge,14,14232154438091086131,0.27253901519895873,0.44795055511523774,0.20107178279658608,0.36474219714875117,0.11813077212765358,1615.6064803918825,55.7111840331646,201.09182769357514,,,True,28,0,0,0.98,3,False,234,0.30000000000000004,0.4008229359246776,,0.06525659997714683,2,11106,2.351058100000955
a10-scale,waxman-n50-load0.7-random_node_30-centralised-deg4.0,waxman,50,0.7,random_node_30,CENTRALISED,spf-static,14,14232154438091086131,0.23783771461655276,0.28069819227556425,0.13351046803778527,0.3753267493441816,0.13446143795778254,1409.8977819215584,30.42000856124516,101.11915529270154,,,True,0,0,0,0.98,3,False,234,0.0,0.19170887184818658,,0.04806879998068325,2,14690,2.179807799984701
a10-scale,waxman-n50-load0.7-random_node_30-centralised-deg4.0,waxman,50,0.7,random_node_30,CENTRALISED,cspf,15,17588958688714625011,0.4774865421211298,0.6215941768920702,0.5282677733305147,0.44261233635014585,0.3790676478423843,1943.760753784463,14.242030798984187,52.806381543732016,,,True,42,0,0,0.98,3,False,192,0.30000000000000004,0.5664719141604709,,0.3443248000112362,2,11224,3.886306300002616
a10-scale,waxman-n50-load0.7-random_node_30-centralised-deg4.0,waxman,50,0.7,random_node_30,CENTRALISED,ecmp,15,17588958688714625011,0.39446799794777615,0.6176053254684521,0.4864137726732243,0.3087406106066075,0.27234359020011895,1605.807379677533,37.89160161599564,101.53975004323556,,,True,12,0,0,0.98,3,False,192,0.30000000000000004,0.5855541459810952,,0.3824101000209339,2,11204,3.259011099988129
a10-scale,waxman-n50-load0.7-random_node_30-centralised-deg4.0,waxman,50,0.7,random_node_30,CENTRALISED,orbit,15,17588958688714625011,0.48214247991527626,0.6216637093846185,0.5330932755335442,0.4676958793592394,0.35830604074135425,1962.7142286114622,16.35557331640126,52.92877185155468,,,True,175,0,0,0.98,3,False,192,0.30000000000000004,0.5664719141604709,,0.31965170000330545,2,11228,4.200217999983579
a10-scale,waxman-n50-load0.7-random_node_30-centralised-deg4.0,waxman,50,0.7,random_node_30,CENTRALISED,spf-reconverge,15,17588958688714625011,0.39446799794777615,0.6176053254684521,0.4864137726732243,0.3087406106066075,0.27234359020011895,1605.807379677533,37.89160161599564,101.53975004323556,,,True,12,0,0,0.98,3,False,192,0.30000000000000004,0.5855541459810952,,0.05925089999800548,2,11204,2.733122400008142
a10-scale,waxman-n50-load0.7-random_node_30-centralised-deg4.0,waxman,50,0.7,random_node_30,CENTRALISED,spf-static,15,17588958688714625011,0.3643741534572978,0.4687910671595539,0.4445640954414468,0.2955218922378628,0.3089582070213864,1483.3008194062584,20.954969997826716,100.74655981618996,,,True,0,0,0,0.98,3,False,192,0.0,0.40528785977853315,,0.03880880001815967,2,12740,2.5873637000040617
a10-scale,waxman-n50-load0.7-random_node_30-centralised-deg4.0,waxman,50,0.7,random_node_30,CENTRALISED,cspf,16,13743720614606183428,0.36255855106438284,0.5955140656302177,0.41689636806706687,0.27048479667337044,0.28801338269122373,2176.6756198383573,56.58894380630237,151.75795499746366,,,True,50,0,0,0.98,3,False,222,0.30000000000000004,0.5573052583364401,,0.32857630000216886,2,10354,3.6374677999992855
a10-scale,waxman-n50-load0.7-random_node_30-centralised-deg4.0,waxman,50,0.7,random_node_30,CENTRALISED,ecmp,16,13743720614606183428,0.26551347931792474,0.56238727796289,0.3346861990840601,0.13115307669869003,0.19586139669456512,1594.0507139415204,57.39609542555983,151.33062123593885,,,True,44,0,0,0.98,3,False,222,0.30000000000000004,0.5264359886741433,,0.4342334999819286,2,10358,2.901110200007679
a10-scale,waxman-n50-load0.7-random_node_30-centralised-deg4.0,waxman,50,0.7,random_node_30,CENTRALISED,orbit,16,13743720614606183428,0.3607966026668008,0.5982665583394218,0.40879581358715683,0.26860351287963047,0.29057592961334644,2166.0974936042057,47.96957031081136,151.4449730820153,,,True,193,6,0,0.98,3,False,222,0.30000000000000004,0.5409195006246525,,0.37093669999740086,2,10350,3.7229665000049863
a10-scale,waxman-n50-load0.7-random_node_30-centralised-deg4.0,waxman,50,0.7,random_node_30,CENTRALISED,spf-reconverge,16,13743720614606183428,0.26551347931792474,0.56238727796289,0.3346861990840601,0.13115307669869003,0.19586139669456512,1594.0507139415204,57.39609542555983,151.33062123593885,,,True,44,0,0,0.98,3,False,222,0.30000000000000004,0.5264359886741433,,0.07712080000783317,2,10358,2.4267689999833237
a10-scale,waxman-n50-load0.7-random_node_30-centralised-deg4.0,waxman,50,0.7,random_node_30,CENTRALISED,spf-static,16,13743720614606183428,0.18981971281030602,0.40684952006916186,0.14414521690320428,0.14535405326322592,0.16640910381055668,1139.6116291449441,27.356508160533686,101.11111008953154,,,True,0,0,0,0.98,3,False,222,0.0,0.3361748459177507,,0.05006739997770637,2,15990,1.7949145000020508
a10-scale,waxman-n50-load0.7-random_node_30-centralised-deg4.0,waxman,50,0.7,random_node_30,CENTRALISED,cspf,17,8524356448555787124,0.4812153023365129,0.6147811637209228,0.5786085406777247,0.4834507226131592,0.30255886239880153,2301.607552398112,38.70715104694081,101.61111742792997,,,True,58,0,0,0.98,3,False,206,0.30000000000000004,0.5599492972304959,,0.340096599975368,2,9678,4.571119900007034
a10-scale,waxman-n50-load0.7-random_node_30-centralised-deg4.0,waxman,50,0.7,random_node_30,CENTRALISED,ecmp,17,8524356448555787124,0.379369757888631,0.6095886679701457,0.512507787233405,0.33598777485355164,0.17292176794487732,1814.4898877245537,48.850978984978696,151.30421387602783,,,True,25,0,0,0.98,3,False,206,0.30000000000000004,0.5510425562249806,,0.4468862000212539,2,9670,3.7140963999845553
a10-scale,waxman-n50-load0.7-random_node_30-centralised-deg4.0,waxman,50,0.7,random_node_30,CENTRALISED,orbit,17,8524356448555787124,0.4922880214205801,0.615344303572157,0.586148437831143,0.513050528745272,0.2969955168791135,2354.5673268394703,29.065149379056447,100.55115068559377,,,True,181,1,0,0.98,3,False,206,0.30000000000000004,0.5599492972304959,,0.3398905999783892,2,9678,4.653096199996071
a10-scale,waxman-n50-load0.7-random_node_30-centralised-deg4.0,waxman,50,0.7,random_node_30,CENTRALISED,spf-reconverge,17,8524356448555787124,0.379369757888631,0.6095886679701457,0.512507787233405,0.33598777485355164,0.17292176794487732,1814.4898877245537,48.850978984978696,151.30421387602783,,,True,25,0,0,0.98,3,False,206,0.30000000000000004,0.5510425562249806,,0.0652624000213109,2,9670,3.1545138000219595
a10-scale,waxman-n50-load0.7-random_node_30-centralised-deg4.0,waxman,50,0.7,random_node_30,CENTRALISED,spf-static,17,8524356448555787124,0.3357185547790423,0.5254362994468857,0.36478954641289435,0.32343305411423573,0.21175152771489772,1605.710286867147,28.163696307500913,100.71492124100422,,,True,0,0,0,0.98,3,False,206,0.0,0.4524264993617866,,0.047031500027514994,2,12870,2.6750677000090946
a10-scale,waxman-n50-load0.7-random_node_30-centralised-deg4.0,waxman,50,0.7,random_node_30,CENTRALISED,cspf,18,7544239962373123012,0.4101143584989569,0.5448578823528779,0.5065739005885992,0.35749813985355094,0.305828005511272,2401.1116713278698,48.140083519826995,151.6894420262938,,,True,48,0,0,0.98,3,False,224,0.30000000000000004,0.47984869855266865,,0.39449799997964874,2,10596,3.845327700022608
a10-scale,waxman-n50-load0.7-random_node_30-centralised-deg4.0,waxman,50,0.7,random_node_30,CENTRALISED,ecmp,18,7544239962373123012,0.3172333640908003,0.5419837168872149,0.46886371836076857,0.2541752140437064,0.11888292492766583,1857.3178852867734,54.049944050080576,151.6531762593286,,,True,28,0,0,0.98,3,False,224,0.30000000000000004,0.4921766918334439,,0.46609249999164604,2,10586,3.372514399990905
a10-scale,waxman-n50-load0.7-random_node_30-centralised-deg4.0,waxman,50,0.7,random_node_30,CENTRALISED,orbit,18,7544239962373123012,0.38303489214142955,0.5449123638782626,0.5094273170891015,0.3296274021575365,0.23327246733063545,2242.5685201873703,48.068142985755095,103.37542995257931,,,True,188,3,0,0.98,3,False,224,0.30000000000000004,0.47984869855266865,,0.3952809000038542,2,10600,3.8465914000116754
a10-scale,waxman-n50-load0.7-random_node_30-centralised-deg4.0,waxman,50,0.7,random_node_30,CENTRALISED,spf-reconverge,18,7544239962373123012,0.3172333640908003,0.5419837168872149,0.46886371836076857,0.2541752140437064,0.11888292492766583,1857.3178852867734,54.049944050080576,151.6531762593286,,,True,28,0,0,0.98,3,False,224,0.30000000000000004,0.4921766918334439,,0.06182599999010563,2,10586,2.8290776000067126
a10-scale,waxman-n50-load0.7-random_node_30-centralised-deg4.0,waxman,50,0.7,random_node_30,CENTRALISED,spf-static,18,7544239962373123012,0.2627186158818435,0.29374254378818726,0.37916903226949283,0.24719956075603386,0.1451277173533082,1538.1483769010795,39.78323748518818,100.98826753645348,,,True,0,0,0,0.98,3,False,224,0.0,0.19379523784942743,,0.05013399999006651,2,14170,2.295692300016526
a10-scale,waxman-n50-load0.7-random_node_30-centralised-deg4.0,waxman,50,0.7,random_node_30,CENTRALISED,cspf,19,9471257765930136485,0.4391510219107798,0.5098586408517194,0.40456178675624943,0.47884016513561556,0.37746799234030104,1736.6909283435946,8.696516597297544,51.620652138511495,,,True,35,0,0,0.98,3,False,184,0.30000000000000004,0.4364596814874305,,0.3175271999789402,2,12254,3.77879790001316
a10-scale,waxman-n50-load0.7-random_node_30-centralised-deg4.0,waxman,50,0.7,random_node_30,CENTRALISED,ecmp,19,9471257765930136485,0.3465556470558835,0.5105050288110452,0.3542097237812079,0.3115150347319006,0.28700302168893493,1370.5081358787647,30.15900799913655,101.31387794583294,,,True,9,0,0,0.98,3,False,184,0.30000000000000004,0.4364596814874305,,0.3524801000021398,2,12238,3.056173299992224
a10-scale,waxman-n50-load0.7-random_node_30-centralised-deg4.0,waxman,50,0.7,random_node_30,CENTRALISED,orbit,19,9471257765930136485,0.43716356529105327,0.5095668988316735,0.40402585543155317,0.48054451474268334,0.3680395346710523,1728.831222434367,9.39324002284809,51.68338117198858,,,True,169,0,0,0.98,3,False,184,0.30000000000000004,0.4364596814874305,,0.3123413000139408,2,12256,3.577419599983841
a10-scale,waxman-n50-load0.7-random_node_30-centralised-deg4.0,waxman,50,0.7,random_node_30,CENTRALISED,spf-reconverge,19,9471257765930136485,0.3465556470558835,0.5105050288110452,0.3542097237812079,0.3115150347319006,0.28700302168893493,1370.5081358787647,30.15900799913655,101.31387794583294,,,True,9,0,0,0.98,3,False,184,0.30000000000000004,0.4364596814874305,,0.0629542000242509,2,12238,2.5671185000101104
a10-scale,waxman-n50-load0.7-random_node_30-centralised-deg4.0,waxman,50,0.7,random_node_30,CENTRALISED,spf-static,19,9471257765930136485,0.32544645818230705,0.44052987288208617,0.36945510033934365,0.252077518016125,0.310784627183231,1287.0285696422552,28.667230948156107,101.42117389175579,,,True,0,0,0,0.98,3,False,184,0.0,0.35445754563317905,,0.04983779997564852,2,13390,2.4677662000176497
a10-scale,waxman-n50-load0.7-random_node_30-centralised-deg4.0,waxman,50,0.7,random_node_30,CENTRALISED,cspf,20,3292804008984836911,0.25031395485549407,0.4110602196807773,0.23857398933386445,0.1864503803057656,0.25951014625476254,1101.4536229507894,46.58833197672196,205.5251875105053,,,True,45,0,0,0.98,3,False,202,0.30000000000000004,0.32546119493840364,,0.31184989999746904,2,12300,2.9326562999922317
a10-scale,waxman-n50-load0.7-random_node_30-centralised-deg4.0,waxman,50,0.7,random_node_30,CENTRALISED,ecmp,20,3292804008984836911,0.20217426840249983,0.3768528505833614,0.22146031105970412,0.1340817024572433,0.17444208208619388,889.6251131021235,53.265775006390946,200.93855454495687,,,True,39,0,0,0.98,3,False,202,0.30000000000000004,0.3134391321685238,,0.3711751000082586,2,12298,2.5729942999896593
a10-scale,waxman-n50-load0.7-random_node_30-centralised-deg4.0,waxman,50,0.7,random_node_30,CENTRALISED,orbit,20,3292804008984836911,0.2583016347164659,0.41750532769945986,0.2695823466319989,0.1886610182048029,0.2514067977883655,1136.6017189765087,43.47045168448117,164.3817369483032,,,True,191,1,0,0.98,3,False,202,0.30000000000000004,0.33192465358912254,,0.3389934999868274,2,12300,3.0728740000049584
a10-scale,waxman-n50-load0.7-random_node_30-centralised-deg4.0,waxman,50,0.7,random_node_30,CENTRALISED,spf-reconverge,20,3292804008984836911,0.20217426840249983,0.3768528505833614,0.22146031105970412,0.1340817024572433,0.17444208208619388,889.6251131021235,53.265775006390946,200.93855454495687,,,True,39,0,0,0.98,3,False,202,0.30000000000000004,0.3134391321685238,,0.057375999982468784,2,12298,2.1559656000172254
a10-scale,waxman-n50-load0.7-random_node_30-centralised-deg4.0,waxman,50,0.7,random_node_30,CENTRALISED,spf-static,20,3292804008984836911,0.1610544431520443,0.15779163747732003,0.2284062874736563,0.11136287953492267,0.1623047056643947,708.6860179431485,35.702338716693774,102.09401103824293,,,True,0,0,0,0.98,3,False,202,0.0,0.040049259223979464,,0.04421980000915937,2,17290,1.7415045000088867
a10-scale,waxman-n50-load0.7-random_node_30-centralised-deg4.0,waxman,50,0.7,random_node_30,CENTRALISED,cspf,21,15506201317313524625,0.3427300024260129,0.4088875348023784,0.3888019967186368,0.4007694401065152,0.16410248782585954,1422.2887230097397,35.8963451045488,102.08139753188613,,,True,37,0,0,0.98,3,False,188,0.30000000000000004,0.33419603565511385,,0.3193333999661263,2,13172,3.425752899987856
a10-scale,waxman-n50-load0.7-random_node_30-centralised-deg4.0,waxman,50,0.7,random_node_30,CENTRALISED,ecmp,21,15506201317313524625,0.2577921172059248,0.40806448459757844,0.35976013515766625,0.2426811062730186,0.06474913891832174,1069.8066074969431,39.98323607753622,113.53521135065577,,,True,24,0,0,0.98,3,False,188,0.30000000000000004,0.33419603565511385,,0.35806589998537675,2,13178,2.826404999999795
a10-scale,waxman-n50-load0.7-random_node_30-centralised-deg4.0,waxman,50,0.7,random_node_30,CENTRALISED,orbit,21,15506201317313524625,0.33616793649998583,0.4118268701251668,0.3935592622447683,0.4036112187391465,0.12528461984963882,1395.0569303444636,35.25826766634548,102.923804378942,,,True,178,0,0,0.98,3,False,188,0.30000000000000004,0.32306931047700443,,0.32900979998521507,2,13184,3.5442069999990053
a10-scale,waxman-n50-load0.7-random_node_30-centralised-deg4.0,waxman,50,0.7,random_node_30,CENTRALISED,spf-reconverge,21,15506201317313524625,0.2577921172059248,0.40806448459757844,0.35976013515766625,0.2426811062730186,0.06474913891832174,1069.8066074969431,39.98323607753622,113.53521135065577,,,True,24,0,0,0.98,3,False,188,0.30000000000000004,0.33419603565511385,,0.0606203000061214,2,13178,2.395879000017885
a10-scale,waxman-n50-load0.7-random_node_30-centralised-deg4.0,waxman,50,0.7,random_node_30,CENTRALISED,spf-static,21,15506201317313524625,0.21675303808630778,0.35538927149038774,0.15608741893817513,0.2563951499837436,0.12919034821572378,899.4993130629335,30.64788891912935,101.67428510739154,,,True,0,0,0,0.98,3,False,188,0.0,0.2703412899389876,,0.04131420000339858,2,16250,1.9945935000141617
a10-scale,waxman-n50-load0.7-random_node_30-centralised-deg4.0,waxman,50,0.7,random_node_30,CENTRALISED,cspf,22,494190499220984598,0.33657505903483476,0.5785478688267521,0.41560708024338233,0.26438972784853587,0.20119490520431313,1656.4714587237895,53.57571025771855,152.21449743281744,,,True,36,0,0,0.98,3,False,206,0.30000000000000004,0.5276321853212179,,0.3223372000211384,2,11502,3.2805864999827463
a10-scale,waxman-n50-load0.7-random_node_30-centralised-deg4.0,waxman,50,0.7,random_node_30,CENTRALISED,ecmp,22,494190499220984598,0.2780996889647033,0.5826878360548458,0.32854126060987765,0.23404426189742628,0.09508912858404849,1368.6819182948325,64.83812702881673,200.6565713192443,,,True,22,0,0,0.98,3,False,206,0.30000000000000004,0.51968511272466,,0.3915209999831859,2,11484,3.0277986000000965
a10-scale,waxman-n50-load0.7-random_node_30-centralised-deg4.0,waxman,50,0.7,random_node_30,CENTRALISED,orbit,22,494190499220984598,0.3475022998370824,0.5825640235476454,0.4392942526399543,0.32195463574511846,0.13681540586465238,1710.2504361781225,42.69636089410991,152.18693593319352,,,True,182,4,0,0.98,3,False,206,0.30000000000000004,0.51968511272466,,0.3504873000201769,2,11500,3.604525599977933
a10-scale,waxman-n50-load0.7-random_node_30-centralised-deg4.0,waxman,50,0.7,random_node_30,CENTRALISED,spf-reconverge,22,494190499220984598,0.2780996889647033,0.5826878360548458,0.32854126060987765,0.23404426189742628,0.09508912858404849,1368.6819182948325,64.83812702881673,200.6565713192443,,,True,22,0,0,0.98,3,False,206,0.30000000000000004,0.51968511272466,,0.06903090002015233,2,11484,2.5291494999837596
a10-scale,waxman-n50-load0.7-random_node_30-centralised-deg4.0,waxman,50,0.7,random_node_30,CENTRALISED,spf-static,22,494190499220984598,0.22985587588870415,0.5161750911036057,0.19117193453217837,0.2403246033907284,0.07841002782408306,1131.2475116885869,60.56249816020543,151.7941694805883,,,True,0,0,0,0.98,3,False,206,0.0,0.44174048973492586,,0.046417799982009456,2,14300,2.2471732000121847
a10-scale,waxman-n50-load0.7-random_node_30-centralised-deg4.0,waxman,50,0.7,random_node_30,CENTRALISED,cspf,23,4102732112847500954,0.4196919980501659,0.41135771121246517,0.5557226586969197,0.38110722477158043,0.33440325895822853,1983.6090917909646,43.79781750243536,103.2110140943808,,,True,37,0,0,0.98,3,False,184,0.30000000000000004,0.35671885628995603,,0.295804199995473,2,10958,3.787585799989756
a10-scale,waxman-n50-load0.7-random_node_30-centralised-deg4.0,waxman,50,0.7,random_node_30,CENTRALISED,ecmp,23,4102732112847500954,0.3215628790320022,0.4214448631999742,0.4113375408279488,0.26657605616787405,0.243235508257258,1519.8170405767773,43.05504401438785,150.46095373834027,,,True,10,0,0,0.98,3,False,184,0.30000000000000004,0.33297047373528443,,0.40372390000266023,2,10940,3.1726074000180233
a10-scale,waxman-n50-load0.7-random_node_30-centralised-deg4.0,waxman,50,0.7,random_node_30,CENTRALISED,orbit,23,4102732112847500954,0.42036308777262077,0.4203030806209449,0.56362764117844,0.3634624993653453,0.3492236343793309,1986.7808932097514,44.617023014051654,118.75104624928329,,,True,172,5,0,0.98,3,False,184,0.30000000000000004,0.33297047373528443,,0.34852989998762496,2,10952,3.929559900017921
a10-scale,waxman-n50-load0.7-random_node_30-centralised-deg4.0,waxman,50,0.7,random_node_30,CENTRALISED,spf-reconverge,23,4102732112847500954,0.3215628790320022,0.4214448631999742,0.4113375408279488,0.26657605616787405,0.243235508257258,1519.8170405767773,43.05504401438785,150.46095373834027,,,True,10,0,0,0.98,3,False,184,0.30000000000000004,0.33297047373528443,,0.05953080000472255,2,10940,2.6521277999854647
a10-scale,waxman-n50-load0.7-random_node_30-centralised-deg4.0,waxman,50,0.7,random_node_30,CENTRALISED,spf-static,23,4102732112847500954,0.3182273073745104,0.3918204981477717,0.40051962659244816,0.2792431823255944,0.2407082845249495,1504.0519788246822,29.24068574671483,101.14785425950802,,,True,0,0,0,0.98,3,False,184,0.0,0.2982544209397356,,0.03667089997907169,2,12220,2.544182500016177
a10-scale,waxman-n50-load0.7-random_node_30-centralised-deg4.0,waxman,50,0.7,random_node_30,CENTRALISED,cspf,24,6296402337604464724,0.3292541318011092,0.3337064663823682,0.3511135599431413,0.3366348067248457,0.2943572517425601,1344.1836882446794,26.726462530342182,101.50764477456208,,,True,27,0,0,0.98,3,False,188,0.30000000000000004,0.2330427297853425,,0.2726874999643769,2,14600,3.0044998999801464
a10-scale,waxman-n50-load0.7-random_node_30-centralised-deg4.0,waxman,50,0.7,random_node_30,CENTRALISED,ecmp,24,6296402337604464724,0.28161822163002914,0.3343891557696886,0.320949874051373,0.26415996868912206,0.2356903167651012,1149.7095503610167,32.75769310331779,101.38857940135628,,,True,14,0,0,0.98,3,False,188,0.30000000000000004,0.2330427297853425,,0.33892870001727715,2,14588,2.6014466999913566
a10-scale,waxman-n50-load0.7-random_node_30-centralised-deg4.0,waxman,50,0.7,random_node_30,CENTRALISED,orbit,24,6296402337604464724,0.3230535123025678,0.3343891557696886,0.3508276427147067,0.3450677482602015,0.25645146477197195,1318.8695895533197,32.33661769267507,152.34255905338225,,,True,170,0,0,0.98,3,False,188,0.30000000000000004,0.2330427297853425,,0.3121603000035975,2,14598,3.032739100017352
a10-scale,waxman-n50-load0.7-random_node_30-centralised-deg4.0,waxman,50,0.7,random_node_30,CENTRALISED,spf-reconverge,24,6296402337604464724,0.28161822163002914,0.3343891557696886,0.320949874051373,0.26415996868912206,0.2356903167651012,1149.7095503610167,32.75769310331779,101.38857940135628,,,True,14,0,0,0.98,3,False,188,0.30000000000000004,0.2330427297853425,,0.05202049997751601,2,14588,2.2031303999829106
a10-scale,waxman-n50-load0.7-random_node_30-centralised-deg4.0,waxman,50,0.7,random_node_30,CENTRALISED,spf-static,24,6296402337604464724,0.22796224423130684,0.27585837960200715,0.24145695594180933,0.20192981478524283,0.2228136056129911,930.658420458249,30.975688377950004,101.56568631030456,,,True,0,0,0,0.98,3,False,188,0.0,0.16445197646384685,,0.03641380002954975,2,16380,2.0025534999731462
a10-scale,waxman-n50-load0.7-random_node_30-centralised-deg4.0,waxman,50,0.7,random_node_30,CENTRALISED,cspf,25,14691466434194467634,0.366473557573317,0.6183022258452952,0.4116914995962954,0.3708145676011026,0.1557161539893682,1735.6813507905856,43.996929810724176,102.50771291300666,,,True,47,0,0,0.98,3,False,198,0.30000000000000004,0.6067074021735739,,0.3043912000139244,2,11654,3.39143050002167
a10-scale,waxman-n50-load0.7-random_node_30-centralised-deg4.0,waxman,50,0.7,random_node_30,CENTRALISED,ecmp,25,14691466434194467634,0.283101119507876,0.5820038472635263,0.3386640787447056,0.21715160680366072,0.12851870335291973,1340.8152467301888,43.11521335637813,101.18717043773236,,,True,37,0,0,0.98,3,False,198,0.30000000000000004,0.6375360653935632,,0.3885331999626942,2,11644,2.809080399980303
a10-scale,waxman-n50-load0.7-random_node_30-centralised-deg4.0,waxman,50,0.7,random_node_30,CENTRALISED,orbit,25,14691466434194467634,0.3645215376624496,0.6256091242679406,0.46121426091941814,0.31625097228878457,0.16376046786946072,1726.4362511492925,38.64243012676594,102.30073269538525,,,True,189,7,0,0.98,3,False,198,0.30000000000000004,0.5728779189584945,,0.3332509000028949,2,11646,3.599211299995659
a10-scale,waxman-n50-load0.7-random_node_30-centralised-deg4.0,waxman,50,0.7,random_node_30,CENTRALISED,spf-reconverge,25,14691466434194467634,0.283101119507876,0.5820038472635263,0.3386640787447056,0.21715160680366072,0.12851870335291973,1340.8152467301888,43.11521335637813,101.18717043773236,,,True,37,0,0,0.98,3,False,198,0.30000000000000004,0.6375360653935632,,0.06068389999563806,2,11644,2.3407073999987915
a10-scale,waxman-n50-load0.7-random_node_30-centralised-deg4.0,waxman,50,0.7,random_node_30,CENTRALISED,spf-static,25,14691466434194467634,0.2093656935602773,0.34882414769634484,0.23454440745360858,0.1779015754554903,0.1390146301019615,991.5916777575675,27.699210030570107,101.04316552494075,,,True,0,0,0,0.98,3,False,198,0.0,0.31751815966296876,,0.043519900005776435,2,16380,1.8811294000188354
a10-scale,waxman-n50-load0.7-random_node_30-centralised-deg4.0,waxman,50,0.7,random_node_30,CENTRALISED,cspf,26,9146472401517775888,0.34055957620722904,0.506659637033786,0.46316748454843093,0.3426516643201125,0.10155930554498149,1516.2442757108981,59.93641233343428,151.47935594520996,,,True,57,0,0,0.98,3,False,186,0.30000000000000004,0.43527229143790924,,0.31593040001462214,2,9592,3.683335999987321
a10-scale,waxman-n50-load0.7-random_node_30-centralised-deg4.0,waxman,50,0.7,random_node_30,CENTRALISED,ecmp,26,9146472401517775888,0.2862904484368082,0.5078275046179181,0.40377891135776944,0.2128589508087204,0.13244958128248754,1274.626479359009,67.37252403484621,152.6612101122751,,,True,46,0,0,0.98,3,False,186,0.30000000000000004,0.43527229143790924,,0.3766456999874208,2,9582,3.2967754999990575
a10-scale,waxman-n50-load0.7-random_node_30-centralised-deg4.0,waxman,50,0.7,random_node_30,CENTRALISED,orbit,26,9146472401517775888,0.3535579620502346,0.5070917900402026,0.4712668177588705,0.3817171174516319,0.08810223372884901,1574.1158773479228,55.43813718912465,102.60246666945262,,,True,201,3,0,0.98,3,False,186,0.30000000000000004,0.43527229143790924,,0.3435188999574166,2,9588,3.8545351000211667
a10-scale,waxman-n50-load0.7-random_node_30-centralised-deg4.0,waxman,50,0.7,random_node_30,CENTRALISED,spf-reconverge,26,9146472401517775888,0.2862904484368082,0.5078275046179181,0.40377891135776944,0.2128589508087204,0.13244958128248754,1274.626479359009,67.37252403484621,152.6612101122751,,,True,46,0,0,0.98,3,False,186,0.30000000000000004,0.43527229143790924,,0.06556069999351166,2,9582,2.833562999992864
a10-scale,waxman-n50-load0.7-random_node_30-centralised-deg4.0,waxman,50,0.7,random_node_30,CENTRALISED,spf-static,26,9146472401517775888,0.2111373560926045,0.3323513684080315,0.28928620868666405,0.2129099660805935,0.04841133993475518,940.0287935798459,49.83961842709409,151.30240330010636,,,True,0,0,0,0.98,3,False,186,0.0,0.22963619431694562,,0.044306800002232194,2,15470,2.036467999976594
a10-scale,waxman-n50-load0.7-random_node_30-centralised-deg4.0,waxman,50,0.7,random_node_30,CENTRALISED,cspf,27,571197895703302410,0.4260479948769265,0.4879939658709928,0.48369817928513487,0.46185758969907426,0.27558527132263316,2318.3065135982356,37.96647354145674,104.19140992878903,,,True,46,0,0,0.98,3,False,212,0.30000000000000004,0.41099850790120884,,0.3296328000142239,2,10974,3.9109276000235695
a10-scale,waxman-n50-load0.7-random_node_30-centralised-deg4.0,waxman,50,0.7,random_node_30,CENTRALISED,ecmp,27,571197895703302410,0.309459912506542,0.4359396736238426,0.3426449612162244,0.24223953420144018,0.2815085132619039,1683.9016718496707,41.218457026203836,150.85344859979998,,,True,32,0,0,0.98,3,False,212,0.30000000000000004,0.39082406535748154,,0.42541460000211373,2,10984,2.899776899983408
a10-scale,waxman-n50-load0.7-random_node_30-centralised-deg4.0,waxman,50,0.7,random_node_30,CENTRALISED,orbit,27,571197895703302410,0.4112056977375343,0.4851885201202281,0.49236339644259486,0.45913526662573795,0.2118526784176166,2237.5433260025443,41.5808402255155,103.9635838956031,,,True,181,1,0,0.98,3,False,212,0.30000000000000004,0.41099850790120884,,0.3500346999790054,2,10978,3.9065973999968264
a10-scale,waxman-n50-load0.7-random_node_30-centralised-deg4.0,waxman,50,0.7,random_node_30,CENTRALISED,spf-reconverge,27,571197895703302410,0.309459912506542,0.4359396736238426,0.3426449612162244,0.24223953420144018,0.2815085132619039,1683.9016718496707,41.218457026203836,150.85344859979998,,,True,32,0,0,0.98,3,False,212,0.30000000000000004,0.39082406535748154,,0.0682760999770835,2,10984,2.3830635999911465
a10-scale,waxman-n50-load0.7-random_node_30-centralised-deg4.0,waxman,50,0.7,random_node_30,CENTRALISED,spf-static,27,571197895703302410,0.2536414710723697,0.3041651086629948,0.289812809420636,0.2144631535715927,0.2360534766139523,1380.1700314904085,25.244469878343434,100.98713371735593,,,True,0,0,0,0.98,3,False,212,0.0,0.2243962812736025,,0.047130399994784966,2,15080,2.001012799999444
a10-scale,waxman-n50-load0.7-random_node_30-centralised-deg4.0,waxman,50,0.7,random_node_30,CENTRALISED,cspf,28,16094923932481589394,0.3508653058877557,0.3881731429610271,0.4521387791547353,0.28068722941267493,0.32576966525560086,1748.8229478473284,35.004565169467256,151.97160407722063,,,True,41,0,0,0.98,3,False,214,0.30000000000000004,0.2961190684193642,,0.36076920002233237,2,12412,3.314250399998855
a10-scale,waxman-n50-load0.7-random_node_30-centralised-deg4.0,waxman,50,0.7,random_node_30,CENTRALISED,ecmp,28,16094923932481589394,0.3044566853781604,0.3816357715081712,0.42740456045236225,0.23086208125386315,0.23558156277355985,1517.507798805256,44.53602174472563,150.93429411933323,,,True,32,0,0,0.98,3,False,214,0.30000000000000004,0.3113864343182543,,0.407859400002053,2,12414,2.9990003000129946
a10-scale,waxman-n50-load0.7-random_node_30-centralised-deg4.0,waxman,50,0.7,random_node_30,CENTRALISED,orbit,28,16094923932481589394,0.354087592891848,0.3881731429610271,0.4660138737165384,0.28804975117507303,0.3133368148636112,1764.883838915052,36.2406277298288,104.39458389377504,,,True,181,3,0,0.98,3,False,214,0.30000000000000004,0.2961190684193642,,0.3681728999945335,2,12410,3.5121793000143953
a10-scale,waxman-n50-load0.7-random_node_30-centralised-deg4.0,waxman,50,0.7,random_node_30,CENTRALISED,spf-reconverge,28,16094923932481589394,0.3044566853781604,0.3816357715081712,0.42740456045236225,0.23086208125386315,0.23558156277355985,1517.507798805256,44.53602174472563,150.93429411933323,,,True,32,0,0,0.98,3,False,214,0.30000000000000004,0.3113864343182543,,0.06907580001279712,2,12414,2.5418092000181787
a10-scale,waxman-n50-load0.7-random_node_30-centralised-deg4.0,waxman,50,0.7,random_node_30,CENTRALISED,spf-static,28,16094923932481589394,0.20171754558914215,0.2666459260195526,0.22649184039486223,0.1407671445410972,0.22649072763202494,1005.4236391858717,28.23391130616755,101.46296418140902,,,True,0,0,0,0.98,3,False,214,0.0,0.16968504973841209,,0.04851609998149797,2,16510,1.8788985999999568
a10-scale,waxman-n50-load0.7-random_node_30-centralised-deg4.0,waxman,50,0.7,random_node_30,CENTRALISED,cspf,29,11052704885468131141,0.3162381263930632,0.5054486183792476,0.42458285296933634,0.243947512249337,0.20642515421025223,1901.684289472148,54.97993310763391,152.37128007602973,,,True,48,0,0,0.98,3,False,236,0.30000000000000004,0.4497213878951112,,0.3586925000126939,2,10876,3.307084100000793
a10-scale,waxman-n50-load0.7-random_node_30-centralised-deg4.0,waxman,50,0.7,random_node_30,CENTRALISED,ecmp,29,11052704885468131141,0.2690137994346978,0.5125128069159127,0.3987822931636774,0.17495197517676567,0.137968526081186,1617.702842699987,46.382031274330004,151.50845105269576,,,True,44,0,0,0.98,3,False,236,0.30000000000000004,0.4898564158200246,,0.48943749998579733,2,10878,3.1638364999962505
a10-scale,waxman-n50-load0.7-random_node_30-centralised-deg4.0,waxman,50,0.7,random_node_30,CENTRALISED,orbit,29,11052704885468131141,0.3129238793823152,0.5619688710979316,0.43499135997404603,0.23791336413859143,0.15814986877176393,1881.7542084801562,54.32860478794171,151.56557489630333,,,True,199,2,0,0.98,3,False,236,0.30000000000000004,0.5005445747704723,,0.3940551000123378,2,10884,3.5800069000106305
a10-scale,waxman-n50-load0.7-random_node_30-centralised-deg4.0,waxman,50,0.7,random_node_30,CENTRALISED,spf-reconverge,29,11052704885468131141,0.2690137994346978,0.5125128069159127,0.3987822931636774,0.17495197517676567,0.137968526081186,1617.702842699987,46.382031274330004,151.50845105269576,,,True,44,0,0,0.98,3,False,236,0.30000000000000004,0.4898564158200246,,0.0707498999836389,2,10878,2.6222867000033148
a10-scale,waxman-n50-load0.7-random_node_30-centralised-deg4.0,waxman,50,0.7,random_node_30,CENTRALISED,spf-static,29,11052704885468131141,0.18920213081420256,0.23790320224017641,0.24835882968647874,0.17815367936897755,0.12161253329120052,1137.7588268936684,31.581633970970138,101.11442966594798,,,True,0,0,0,0.98,3,False,236,0.0,0.1424731983232759,,0.055734300025505945,2,16510,1.9261505999893416
a10-scale,waxman-n500-load0.7-critical_link-centralised-deg4.0,waxman,500,0.7,critical_link,CENTRALISED,cspf,0,1090363404285265978,0.7435043204788522,0.9856372283650815,0.8676925321761613,0.7072665551827396,0.5287346545698255,20742.446304406218,60.553475521251016,152.5521099825636,0.0,0.0,False,463,0,0,0.98,3,False,1974,0.30000000000000004,0.9847889603650437,,28.535952500009444,2,3250,293.6977588000009
a10-scale,waxman-n500-load0.7-critical_link-centralised-deg4.0,waxman,500,0.7,critical_link,CENTRALISED,ecmp,0,1090363404285265978,0.4158532345922083,0.8912572014962704,0.4732362329186906,0.3084674156619213,0.2323850273818749,11601.564579324959,61.91695777014578,201.064458099376,0.0,0.0,False,0,0,0,0.98,3,False,1974,0.0,0.9832016320889334,,37.455361500004074,2,3250,127.81156139998347
a10-scale,waxman-n500-load0.7-critical_link-centralised-deg4.0,waxman,500,0.7,critical_link,CENTRALISED,orbit,0,1090363404285265978,0.7178329938514666,0.9856372283650815,0.9137178018289731,0.7732641125000482,0.28470158609489754,20026.2620140601,58.14667014788156,153.73418395180948,0.0,0.0,False,933,0,0,0.98,3,False,1974,0.30000000000000004,0.9847889603650437,,21.03828869998688,2,3250,337.82124640000984
a10-scale,waxman-n500-load0.7-critical_link-centralised-deg4.0,waxman,500,0.7,critical_link,CENTRALISED,spf-reconverge,0,1090363404285265978,0.4158532345922083,0.8912572014962704,0.4732362329186906,0.3084674156619213,0.2323850273818749,11601.564579324959,61.91695777014578,201.064458099376,0.0,0.0,False,0,0,0,0.98,3,False,1974,0.0,0.9832016320889334,,8.830008100019768,2,3250,97.995834500005
a10-scale,waxman-n500-load0.7-critical_link-centralised-deg4.0,waxman,500,0.7,critical_link,CENTRALISED,spf-static,0,1090363404285265978,0.4158532345922083,0.8912572014962704,0.4732362329186906,0.3084674156619213,0.2323850273818749,11601.564579324959,61.91695777014578,201.064458099376,0.0,0.0,False,0,0,0,0.98,3,False,1974,0.0,0.9832016320889334,,4.384962200012524,2,3250,93.66272570000729
a10-scale,waxman-n500-load0.7-critical_link-centralised-deg4.0,waxman,500,0.7,critical_link,CENTRALISED,cspf,1,18005923029412352486,0.9252712901937291,0.9773561895870275,0.9420092113729358,0.9044901493479293,0.9072434524783285,19160.284183023057,4.71004643011662,5.579913917096021,0.0,0.0,False,491,0,0,0.98,3,False,2068,0.30000000000000004,0.9738725264465661,,31.480436400015606,2,3510,386.44598429999314
a10-scale,waxman-n500-load0.7-critical_link-centralised-deg4.0,waxman,500,0.7,critical_link,CENTRALISED,ecmp,1,18005923029412352486,0.5366923141889247,0.9486351839564202,0.7279180857973205,0.4218442495380307,0.26171348489417334,11113.68889069394,52.21175269008871,151.70962173405334,0.0,0.0,False,0,0,0,0.98,3,False,2068,0.0,0.9812247544326859,,39.614322200010065,2,3510,160.02119189998484
a10-scale,waxman-n500-load0.7-critical_link-centralised-deg4.0,waxman,500,0.7,critical_link,CENTRALISED,orbit,1,18005923029412352486,0.9265445092006338,0.9773561895870275,0.9427737517386736,0.9075598115548216,0.9071658875967905,19186.649680643128,4.040819394657723,5.390336064750295,0.0,0.0,False,865,0,0,0.98,3,False,2068,0.30000000000000004,0.9738725264465661,,18.375747900019633,2,3510,372.4210175999906
a10-scale,waxman-n500-load0.7-critical_link-centralised-deg4.0,waxman,500,0.7,critical_link,CENTRALISED,spf-reconverge,1,18005923029412352486,0.5366923141889247,0.9486351839564202,0.7279180857973205,0.4218442495380307,0.26171348489417334,11113.68889069394,52.21175269008871,151.70962173405334,0.0,0.0,False,0,0,0,0.98,3,False,2068,0.0,0.9812247544326859,,9.262420999992173,2,3510,139.95745029998943
a10-scale,waxman-n500-load0.7-critical_link-centralised-deg4.0,waxman,500,0.7,critical_link,CENTRALISED,spf-static,1,18005923029412352486,0.5366923141889247,0.9486351839564202,0.7279180857973205,0.4218442495380307,0.26171348489417334,11113.68889069394,52.21175269008871,151.70962173405334,0.0,0.0,False,0,0,0,0.98,3,False,2068,0.0,0.9812247544326859,,4.592009899992263,2,3510,134.8488486999995
a10-scale,waxman-n500-load0.7-critical_link-centralised-deg4.0,waxman,500,0.7,critical_link,CENTRALISED,cspf,2,495729073201628035,0.7639897071005339,0.9758055965267485,0.8908323118536948,0.731792014416324,0.5547584000719857,20143.030682844073,60.95212533311774,153.00536749570836,0.0,0.0,False,547,0,0,0.98,3,False,1942,0.30000000000000004,0.9866301098012903,,28.127936500008218,2,3900,325.49953780000214
a10-scale,waxman-n500-load0.7-critical_link-centralised-deg4.0,waxman,500,0.7,critical_link,CENTRALISED,ecmp,2,495729073201628035,0.473122887903685,0.9213813301678653,0.589485000130121,0.34213209114578935,0.270334924960875,12474.158695106149,60.67084071847712,153.15736567048685,0.0,0.0,False,0,0,0,0.98,3,False,1942,0.0,0.9857596845099088,,37.24812160001602,2,3900,141.88443080001161
a10-scale,waxman-n500-load0.7-critical_link-centralised-deg4.0,waxman,500,0.7,critical_link,CENTRALISED,orbit,2,495729073201628035,0.7722697382103565,0.9857408447043186,0.9175950843356201,0.8439035366080762,0.39923865024672145,20361.33849399645,42.791342456152684,105.67377979602125,0.0,0.0,False,906,0,0,0.98,3,False,1942,0.30000000000000004,0.9866787076959538,,19.910060600028373,2,3900,346.9321631999919
a10-scale,waxman-n500-load0.7-critical_link-centralised-deg4.0,waxman,500,0.7,critical_link,CENTRALISED,spf-reconverge,2,495729073201628035,0.473122887903685,0.9213813301678653,0.589485000130121,0.34213209114578935,0.270334924960875,12474.158695106149,60.67084071847712,153.15736567048685,0.0,0.0,False,0,0,0,0.98,3,False,1942,0.0,0.9857596845099088,,8.6357122999907,2,3900,111.29658299998846
a10-scale,waxman-n500-load0.7-critical_link-centralised-deg4.0,waxman,500,0.7,critical_link,CENTRALISED,spf-static,2,495729073201628035,0.473122887903685,0.9213813301678653,0.589485000130121,0.34213209114578935,0.270334924960875,12474.158695106149,60.67084071847712,153.15736567048685,0.0,0.0,False,0,0,0,0.98,3,False,1942,0.0,0.9857596845099088,,4.519824199989671,2,3900,106.9148598999891
a10-scale,waxman-n500-load0.7-critical_link-centralised-deg4.0,waxman,500,0.7,critical_link,CENTRALISED,cspf,3,13692774218230932190,0.7117694343751471,0.9670045730625968,0.8143472211409789,0.6899908728380607,0.4841450614352209,23963.930589590316,69.3671839104917,153.8780864178184,0.0,0.0,True,235,0,0,0.98,3,False,2196,0.30000000000000004,1.0111324443811507,,22.645940700022038,2,4,303.37208040000405
a10-scale,waxman-n500-load0.7-critical_link-centralised-deg4.0,waxman,500,0.7,critical_link,CENTRALISED,ecmp,3,13692774218230932190,0.43632626749647113,0.8719960298751162,0.5151695740218134,0.32130187177362735,0.25761584640412155,14690.28014370934,67.25327345797912,158.47685495584665,0.0,0.0,False,28,0,0,0.98,3,False,2196,0.30000000000000004,0.9963817776933882,,42.797799400024815,2,56,135.63490569998976
a10-scale,waxman-n500-load0.7-critical_link-centralised-deg4.0,waxman,500,0.7,critical_link,CENTRALISED,orbit,3,13692774218230932190,0.7049926417018855,0.9918349865144493,0.9218288760520523,0.7547678395417607,0.23904425274363422,23735.768798146357,59.22632073665037,153.47241098702344,0.0,0.0,False,949,2,0,0.98,3,False,2196,0.30000000000000004,1.0,,18.692812500026776,2,4,354.12641100000474
a10-scale,waxman-n500-load0.7-critical_link-centralised-deg4.0,waxman,500,0.7,critical_link,CENTRALISED,spf-reconverge,3,13692774218230932190,0.43632626749647113,0.8719960298751162,0.5151695740218134,0.32130187177362735,0.25761584640412155,14690.28014370934,67.25327345797912,158.47685495584665,0.0,0.0,False,28,0,0,0.98,3,False,2196,0.30000000000000004,0.9963817776933882,,9.785444599983748,2,56,111.08190720001585
a10-scale,waxman-n500-load0.7-critical_link-centralised-deg4.0,waxman,500,0.7,critical_link,CENTRALISED,spf-static,3,13692774218230932190,0.43452471567655315,0.858653525964952,0.5121552977740514,0.3178629814952517,0.26633454025289294,14629.625301451375,66.37384878992694,200.71226881603056,0.0,0.0,False,0,0,0,0.98,3,False,2196,0.0,0.9785112941158037,,4.951632399985101,2,3640,103.87561920000007
a10-scale,waxman-n500-load0.7-critical_link-centralised-deg4.0,waxman,500,0.7,critical_link,CENTRALISED,cspf,4,7727775792670624307,0.7314206942206098,0.9156491198758689,0.8826272899542937,0.6854855441245418,0.5297242159786545,21247.17300314417,64.105772821403,152.95085263717897,0.0,0.0,False,475,0,0,0.98,3,False,1982,0.30000000000000004,0.9759266844224511,,27.534426500002155,2,3770,300.40865810000105
a10-scale,waxman-n500-load0.7-critical_link-centralised-deg4.0,waxman,500,0.7,critical_link,CENTRALISED,ecmp,4,7727775792670624307,0.4403752376815081,0.8547334026042424,0.5731318827498878,0.3248741952050345,0.21683429271125015,12792.540510889039,66.96677038533157,201.29803319781132,0.0,0.0,False,0,0,0,0.98,3,False,1982,0.0,0.9872214012753731,,24.782913299975917,2,3770,123.51586839999072
a10-scale,waxman-n500-load0.7-critical_link-centralised-deg4.0,waxman,500,0.7,critical_link,CENTRALISED,orbit,4,7727775792670624307,0.6954817252437756,0.9329010348584166,0.9455201607225682,0.7368157387213414,0.23458655000689962,20203.17534565499,62.47435723476563,154.28594074354226,0.0,0.0,False,942,0,0,0.98,3,False,1982,0.30000000000000004,0.9759266844224511,,21.146736900001997,2,3770,342.5596812000149
a10-scale,waxman-n500-load0.7-critical_link-centralised-deg4.0,waxman,500,0.7,critical_link,CENTRALISED,spf-reconverge,4,7727775792670624307,0.4403752376815081,0.8547334026042424,0.5731318827498878,0.3248741952050345,0.21683429271125015,12792.540510889039,66.96677038533157,201.29803319781132,0.0,0.0,False,0,0,0,0.98,3,False,1982,0.0,0.9872214012753731,,8.677942999987863,2,3770,94.89695389999542
a10-scale,waxman-n500-load0.7-critical_link-centralised-deg4.0,waxman,500,0.7,critical_link,CENTRALISED,spf-static,4,7727775792670624307,0.4403752376815081,0.8547334026042424,0.5731318827498878,0.3248741952050345,0.21683429271125015,12792.540510889039,66.96677038533157,201.29803319781132,0.0,0.0,False,0,0,0,0.98,3,False,1982,0.0,0.9872214012753731,,4.518664800008992,2,3770,90.2780691999942
a10-scale,waxman-n500-load0.7-critical_link-centralised-deg4.0,waxman,500,0.7,critical_link,CENTRALISED,cspf,5,4624186394011243998,0.6697279930857539,0.9735782541449708,0.8320807838962679,0.5656431646930201,0.4612429715022287,20606.80603350194,79.0475853081267,201.57179996605845,0.0,0.0,False,456,0,0,0.98,3,False,1954,0.30000000000000004,1.0,,26.063586900010705,2,10,299.7786436000024
a10-scale,waxman-n500-load0.7-critical_link-centralised-deg4.0,waxman,500,0.7,critical_link,CENTRALISED,ecmp,5,4624186394011243998,0.3962064879999102,0.9036381425739923,0.4550064602355947,0.2566956561220468,0.2194069733587523,12190.845136711721,79.1302459626372,205.5492290623698,0.0,0.0,False,20,0,0,0.98,3,False,1954,0.30000000000000004,1.0136773756308024,,23.390113100002054,2,40,120.95640669998829
a10-scale,waxman-n500-load0.7-critical_link-centralised-deg4.0,waxman,500,0.7,critical_link,CENTRALISED,orbit,5,4624186394011243998,0.6507456665364761,0.9998504457986566,0.9513261408041358,0.5571204585312013,0.25822724825066634,20022.740375049652,71.10188482663627,154.64890722756317,0.0,0.0,False,992,3,0,0.98,3,False,1954,0.30000000000000004,1.0,,20.56604950001929,2,14,324.2971870000183
a10-scale,waxman-n500-load0.7-critical_link-centralised-deg4.0,waxman,500,0.7,critical_link,CENTRALISED,spf-reconverge,5,4624186394011243998,0.3962064879999102,0.9036381425739923,0.4550064602355947,0.2566956561220468,0.2194069733587523,12190.845136711721,79.1302459626372,205.5492290623698,0.0,0.0,False,20,0,0,0.98,3,False,1954,0.30000000000000004,1.0136773756308024,,5.687353600020288,2,40,88.6900776999828
a10-scale,waxman-n500-load0.7-critical_link-centralised-deg4.0,waxman,500,0.7,critical_link,CENTRALISED,spf-static,5,4624186394011243998,0.3969519056082171,0.8844424458807145,0.4675203730482424,0.25557805897529196,0.22269695494119748,12213.780830346926,78.27748869014475,203.3813024998919,0.0,0.0,False,0,0,0,0.98,3,False,1954,0.0,0.9884968829281299,,4.229835300036939,2,2600,83.51184490000014
a10-scale,waxman-n500-load0.7-critical_link-centralised-deg4.0,waxman,500,0.7,critical_link,CENTRALISED,cspf,6,12719422712288668718,0.6829767370365278,0.9436685103685511,0.8459721183453381,0.5995410949736799,0.47428517147485066,22844.573096074862,71.12204046636951,153.15704239681995,0.0,0.0,True,474,0,0,0.98,3,False,2176,0.30000000000000004,1.0124606509482401,,30.730476100026863,2,4,323.4287842999911
a10-scale,waxman-n500-load0.7-critical_link-centralised-deg4.0,waxman,500,0.7,critical_link,CENTRALISED,ecmp,6,12719422712288668718,0.41949806197937595,0.8535795959265976,0.5252914793517857,0.26453872897474534,0.2652746228626175,14031.596716063628,70.20556985263136,201.07553635263326,0.0,0.0,False,22,0,0,0.98,3,False,2176,0.30000000000000004,1.0,,40.9455142999941,2,44,139.69204210001044
a10-scale,waxman-n500-load0.7-critical_link-centralised-deg4.0,waxman,500,0.7,critical_link,CENTRALISED,orbit,6,12719422712288668718,0.6940717338332527,0.9459830599467169,0.9341170799682602,0.7064015533405332,0.2769257571038243,23215.684514046836,62.73233972496666,154.02702964618817,0.0,0.0,True,997,0,0,0.98,3,False,2176,0.30000000000000004,1.0,,24.527584099996602,2,4,362.4630075999885
a10-scale,waxman-n500-load0.7-critical_link-centralised-deg4.0,waxman,500,0.7,critical_link,CENTRALISED,spf-reconverge,6,12719422712288668718,0.41949806197937595,0.8535795959265976,0.5252914793517857,0.26453872897474534,0.2652746228626175,14031.596716063628,70.20556985263136,201.07553635263326,0.0,0.0,False,22,0,0,0.98,3,False,2176,0.30000000000000004,1.0,,9.235523799987277,2,44,104.9005324000027
a10-scale,waxman-n500-load0.7-critical_link-centralised-deg4.0,waxman,500,0.7,critical_link,CENTRALISED,spf-static,6,12719422712288668718,0.4163530733542376,0.848308843944019,0.5272962449837255,0.2672678826120711,0.24986602317288834,13926.401445658023,69.80964475449264,201.041128364283,0.0,0.0,False,0,0,0,0.98,3,False,2176,0.0,0.992764510039054,,4.704793700017035,2,2860,96.63409089998459
a10-scale,waxman-n500-load0.7-critical_link-centralised-deg4.0,waxman,500,0.7,critical_link,CENTRALISED,cspf,7,10560489742719191832,0.6636026801849929,0.943922042957275,0.8396217496808374,0.576367617056579,0.4246438792542787,22509.85011687745,70.0216335310074,155.4295764653426,0.0,0.0,False,480,0,0,0.98,3,False,2112,0.30000000000000004,0.9806010705701701,,30.855055399995763,2,3770,311.06025439998484
a10-scale,waxman-n500-load0.7-critical_link-centralised-deg4.0,waxman,500,0.7,critical_link,CENTRALISED,ecmp,7,10560489742719191832,0.4175267783769309,0.8382425340599042,0.5473751567095013,0.27288275337696366,0.21856064765106356,14162.78969582734,66.69137620909241,201.12636531065544,0.0,0.0,False,0,0,0,0.98,3,False,2112,0.0,0.9820436457602582,,41.43601770000532,2,3770,139.61911150001106
a10-scale,waxman-n500-load0.7-critical_link-centralised-deg4.0,waxman,500,0.7,critical_link,CENTRALISED,orbit,7,10560489742719191832,0.6589903784403168,0.9641601817954875,0.955798826778843,0.5918803346119995,0.2492119686234265,22353.397733445952,63.51853953552689,153.73557263697904,0.0,0.0,False,977,3,0,0.98,3,False,2112,0.30000000000000004,0.9807880345682563,,24.815871600003447,2,3770,333.74576820002403
a10-scale,waxman-n500-load0.7-critical_link-centralised-deg4.0,waxman,500,0.7,critical_link,CENTRALISED,spf-reconverge,7,10560489742719191832,0.4175267783769309,0.8382425340599042,0.5473751567095013,0.27288275337696366,0.21856064765106356,14162.78969582734,66.69137620909241,201.12636531065544,0.0,0.0,False,0,0,0,0.98,3,False,2112,0.0,0.9820436457602582,,10.545367099985015,2,3770,107.0346837999823
a10-scale,waxman-n500-load0.7-critical_link-centralised-deg4.0,waxman,500,0.7,critical_link,CENTRALISED,spf-static,7,10560489742719191832,0.4175267783769309,0.8382425340599042,0.5473751567095013,0.27288275337696366,0.21856064765106356,14162.78969582734,66.69137620909241,201.12636531065544,0.0,0.0,False,0,0,0,0.98,3,False,2112,0.0,0.9820436457602582,,4.91950200003339,2,3770,104.23548429997754
a10-scale,waxman-n500-load0.7-critical_link-centralised-deg4.0,waxman,500,0.7,critical_link,CENTRALISED,cspf,8,1133720477932769768,0.621229345517879,0.973593091878448,0.7852761307652034,0.532722187684944,0.37349186268668,21451.923632376685,81.42096471010476,201.35828696208637,0.0,0.0,True,449,0,0,0.98,3,False,2134,0.30000000000000004,1.0,,30.203789699997287,2,4,307.33658569998806
a10-scale,waxman-n500-load0.7-critical_link-centralised-deg4.0,waxman,500,0.7,critical_link,CENTRALISED,ecmp,8,1133720477932769768,0.40202132365360194,0.8025861563062197,0.5302974718047428,0.2910805758140754,0.19171635894043232,13882.362119282492,73.35532626751667,200.8235889645906,0.0,0.0,False,21,0,0,0.98,3,False,2134,0.30000000000000004,0.9999194342022277,,43.42497839999851,2,42,135.7455736999982
a10-scale,waxman-n500-load0.7-critical_link-centralised-deg4.0,waxman,500,0.7,critical_link,CENTRALISED,orbit,8,1133720477932769768,0.6591885685109211,0.9914353135228534,0.9386708776719889,0.6090570751196993,0.25770351906636424,22762.709026959532,68.2428787746097,154.50228947515137,0.0,0.0,False,1011,0,0,0.98,3,False,2134,0.30000000000000004,0.9917395939966335,,25.029518800001824,2,6,349.4425502999802
a10-scale,waxman-n500-load0.7-critical_link-centralised-deg4.0,waxman,500,0.7,critical_link,CENTRALISED,spf-reconverge,8,1133720477932769768,0.40202132365360194,0.8025861563062197,0.5302974718047428,0.2910805758140754,0.19171635894043232,13882.362119282492,73.35532626751667,200.8235889645906,0.0,0.0,False,21,0,0,0.98,3,False,2134,0.30000000000000004,0.9999194342022277,,9.79687869999907,2,42,99.95486019999953
a10-scale,waxman-n500-load0.7-critical_link-centralised-deg4.0,waxman,500,0.7,critical_link,CENTRALISED,spf-static,8,1133720477932769768,0.3995525131098647,0.7893196388136745,0.520550785801033,0.2980871161115287,0.1900014047417377,13797.110616549784,72.2023221475266,200.91039546758486,0.0,0.0,False,0,0,0,0.98,3,False,2134,0.0,0.9805550326329723,,5.194660599983763,2,2730,96.36201929999515
a10-scale,waxman-n500-load0.7-critical_link-centralised-deg4.0,waxman,500,0.7,critical_link,CENTRALISED,cspf,9,4018146889186151400,0.7012513785654094,0.9591494672149896,0.85835358292561,0.6298234325875574,0.485849625479499,20934.212623702,69.18008630534504,153.75220175775107,0.0,0.0,False,475,0,0,0.98,3,False,1982,0.30000000000000004,1.0,,29.118601499998476,2,6,319.0394395000185
a10-scale,waxman-n500-load0.7-critical_link-centralised-deg4.0,waxman,500,0.7,critical_link,CENTRALISED,ecmp,9,4018146889186151400,0.4275696478622982,0.8580119658055199,0.5146524067671506,0.32603914919304816,0.21554279743810933,12764.087449071372,69.43063773683322,201.48926504368353,0.0,0.0,False,18,0,0,0.98,3,False,1982,0.30000000000000004,1.0,,40.005586100014625,2,36,136.43113700000686
a10-scale,waxman-n500-load0.7-critical_link-centralised-deg4.0,waxman,500,0.7,critical_link,CENTRALISED,orbit,9,4018146889186151400,0.6734337995612198,0.9937897657782565,0.9316236328317861,0.6572971707693833,0.2446148461907962,20103.784147765655,65.1708293044262,154.03383481152935,0.0,0.0,False,968,3,0,0.98,3,False,1982,0.30000000000000004,1.0,,22.540499399998225,2,6,366.9405007000023
a10-scale,waxman-n500-load0.7-critical_link-centralised-deg4.0,waxman,500,0.7,critical_link,CENTRALISED,spf-reconverge,9,4018146889186151400,0.4275696478622982,0.8580119658055199,0.5146524067671506,0.32603914919304816,0.21554279743810933,12764.087449071372,69.43063773683322,201.48926504368353,0.0,0.0,False,18,0,0,0.98,3,False,1982,0.30000000000000004,1.0,,9.710700099967653,2,36,104.49173390000942
a10-scale,waxman-n500-load0.7-critical_link-centralised-deg4.0,waxman,500,0.7,critical_link,CENTRALISED,spf-static,9,4018146889186151400,0.42745861236027505,0.8495342799931275,0.5117113982116401,0.3303927953003921,0.21725551640853122,12760.772744987813,67.76667990104553,201.37878155138225,0.0,0.0,False,0,0,0,0.98,3,False,1982,0.0,0.9884229417354687,,4.503974800027208,2,2340,99.63804499999969
a10-scale,waxman-n500-load0.7-critical_link-centralised-deg4.0,waxman,500,0.7,critical_link,CENTRALISED,cspf,10,14192448082814447549,0.7395601397624118,0.9932002345252579,0.8778618681968592,0.68447708045778,0.5247748174634586,22684.303837035583,69.17044655099096,153.54259648938742,0.0,0.0,False,438,0,0,0.98,3,False,2072,0.30000000000000004,1.0066580356764692,,30.605051500024274,2,8,362.1537981000147
a10-scale,waxman-n500-load0.7-critical_link-centralised-deg4.0,waxman,500,0.7,critical_link,CENTRALISED,ecmp,10,14192448082814447549,0.42906291062834684,0.8722148182496445,0.5564302970320923,0.30287592637005484,0.20871066148605774,13160.516510561325,67.90271188119917,152.4740170208232,0.0,0.0,False,19,0,0,0.98,3,False,2072,0.30000000000000004,1.0180765331184294,,41.01895820000209,2,38,150.52493179999874
a10-scale,waxman-n500-load0.7-critical_link-centralised-deg4.0,waxman,500,0.7,critical_link,CENTRALISED,orbit,10,14192448082814447549,0.6961503247322823,0.9983283434437127,0.9664924251198997,0.7114228024336825,0.22342739157516625,21352.80774806394,63.102202695286095,152.85388847309545,0.0,0.0,False,952,0,0,0.98,3,False,2072,0.30000000000000004,1.0,,23.85686960001476,2,6,388.6243695000012
a10-scale,waxman-n500-load0.7-critical_link-centralised-deg4.0,waxman,500,0.7,critical_link,CENTRALISED,spf-reconverge,10,14192448082814447549,0.42906291062834684,0.8722148182496445,0.5564302970320923,0.30287592637005484,0.20871066148605774,13160.516510561325,67.90271188119917,152.4740170208232,0.0,0.0,False,19,0,0,0.98,3,False,2072,0.30000000000000004,1.0180765331184294,,9.1866713000054,2,38,112.82227710000006
a10-scale,waxman-n500-load0.7-critical_link-centralised-deg4.0,waxman,500,0.7,critical_link,CENTRALISED,spf-static,10,14192448082814447549,0.42732862704133184,0.8491223798369665,0.5519740261760661,0.30859832882540555,0.2123005205539111,13107.321356154991,66.58418107357045,152.09560322540628,0.0,0.0,False,0,0,0,0.98,3,False,2072,0.0,0.9865773671192823,,4.5566884000145365,2,2470,103.96651469997596
a10-scale,waxman-n500-load0.7-critical_link-centralised-deg4.0,waxman,500,0.7,critical_link,CENTRALISED,cspf,11,643457667103347792,0.7633359892703456,0.9448828144585931,0.8875896141182155,0.7474472281552739,0.5496970660575407,20845.111578932065,63.97172591298908,154.35208192842538,0.0,0.0,False,442,0,0,0.98,3,False,1972,0.30000000000000004,0.9771039621363403,,30.35455190000357,2,3770,367.0407838000101
a10-scale,waxman-n500-load0.7-critical_link-centralised-deg4.0,waxman,500,0.7,critical_link,CENTRALISED,ecmp,11,643457667103347792,0.4620124210989061,0.8592264645547665,0.5657094396089154,0.3611454579561614,0.25369449730009663,12616.594270453561,64.09672545003963,200.93305770075884,0.0,0.0,False,0,0,0,0.98,3,False,1972,0.0,0.9782348407045613,,40.758171699999366,2,3770,155.2511376000184
a10-scale,waxman-n500-load0.7-critical_link-centralised-deg4.0,waxman,500,0.7,critical_link,CENTRALISED,orbit,11,643457667103347792,0.7513443982191921,0.9461830938461432,0.9312549301381309,0.8699238207280752,0.28874354201609675,20517.646272718535,50.54140479564793,151.82225657859422,0.0,0.0,False,906,0,0,0.98,3,False,1972,0.30000000000000004,0.9753567040157007,,22.97980749999988,2,3770,377.09541680000257
a10-scale,waxman-n500-load0.7-critical_link-centralised-deg4.0,waxman,500,0.7,critical_link,CENTRALISED,spf-reconverge,11,643457667103347792,0.4620124210989061,0.8592264645547665,0.5657094396089154,0.3611454579561614,0.25369449730009663,12616.594270453561,64.09672545003963,200.93305770075884,0.0,0.0,False,0,0,0,0.98,3,False,1972,0.0,0.9782348407045613,,8.978479400015203,2,3770,120.23464780001086
a10-scale,waxman-n500-load0.7-critical_link-centralised-deg4.0,waxman,500,0.7,critical_link,CENTRALISED,spf-static,11,643457667103347792,0.4620124210989061,0.8592264645547665,0.5657094396089154,0.3611454579561614,0.25369449730009663,12616.594270453561,64.09672545003963,200.93305770075884,0.0,0.0,False,0,0,0,0.98,3,False,1972,0.0,0.9782348407045613,,4.688321099994937,2,3770,114.847076200007
a10-scale,waxman-n500-load0.7-critical_link-centralised-deg4.0,waxman,500,0.7,critical_link,CENTRALISED,cspf,12,888699152051152066,0.7339845836004546,0.9760292611935597,0.8989767037191732,0.6929285706424487,0.48835498596674876,21386.286383448853,65.80349216530979,153.3258653198557,0.0,0.0,False,514,0,0,0.98,3,False,1982,0.30000000000000004,0.9813459089600419,,30.49458259998937,2,2340,322.92127049999544
a10-scale,waxman-n500-load0.7-critical_link-centralised-deg4.0,waxman,500,0.7,critical_link,CENTRALISED,ecmp,12,888699152051152066,0.44034215144345884,0.8918719953456035,0.5704978681916143,0.3765059803311211,0.13946646214750255,12830.355797500137,70.11231182359242,201.30728858780012,0.0,0.0,False,0,0,0,0.98,3,False,1982,0.0,0.9822987196111965,,41.382827199966414,2,2340,163.64342019998003
a10-scale,waxman-n500-load0.7-critical_link-centralised-deg4.0,waxman,500,0.7,critical_link,CENTRALISED,orbit,12,888699152051152066,0.7156450973512778,0.9788679809798975,0.9672779831027927,0.7675005492503938,0.2455726710091335,20851.92433577985,62.78400360408565,154.3913704991209,0.0,0.0,False,946,0,0,0.98,3,False,1982,0.30000000000000004,0.9765820329110476,,22.028499500011094,2,2340,364.70817990001524
a10-scale,waxman-n500-load0.7-critical_link-centralised-deg4.0,waxman,500,0.7,critical_link,CENTRALISED,spf-reconverge,12,888699152051152066,0.44034215144345884,0.8918719953456035,0.5704978681916143,0.3765059803311211,0.13946646214750255,12830.355797500137,70.11231182359242,201.30728858780012,0.0,0.0,False,0,0,0,0.98,3,False,1982,0.0,0.9822987196111965,,10.045576800010167,2,2340,131.01081299997168
a10-scale,waxman-n500-load0.7-critical_link-centralised-deg4.0,waxman,500,0.7,critical_link,CENTRALISED,spf-static,12,888699152051152066,0.44034215144345884,0.8918719953456035,0.5704978681916143,0.3765059803311211,0.13946646214750255,12830.355797500137,70.11231182359242,201.30728858780012,0.0,0.0,False,0,0,0,0.98,3,False,1982,0.0,0.9822987196111965,,5.063583100039978,2,2340,126.83751589999883
a10-scale,waxman-n500-load0.7-critical_link-centralised-deg4.0,waxman,500,0.7,critical_link,CENTRALISED,cspf,13,4145344727981997132,0.6711222617429176,0.9728792081225581,0.8221548768425514,0.6126719440128238,0.42862123792811707,21936.770231003837,73.19258461718869,153.51325176895782,0.0,0.0,False,464,0,0,0.98,3,False,2090,0.30000000000000004,1.0,,32.49322220002068,2,4,313.452609400003
a10-scale,waxman-n500-load0.7-critical_link-centralised-deg4.0,waxman,500,0.7,critical_link,CENTRALISED,ecmp,13,4145344727981997132,0.3935283170626836,0.8555462527393507,0.46425175952477993,0.3064885386923179,0.17342410744474354,12863.140984741474,69.94809615000707,201.49050609806503,0.0,0.0,False,20,0,0,0.98,3,False,2090,0.30000000000000004,1.0065706945353925,,45.48725740003283,2,40,143.77490079999552
a10-scale,waxman-n500-load0.7-critical_link-centralised-deg4.0,waxman,500,0.7,critical_link,CENTRALISED,orbit,13,4145344727981997132,0.6640668027259845,0.986791365853232,0.9403760606807174,0.6205098583639037,0.26739236470098476,21706.150577698383,69.08753130292638,154.39805816459673,0.0,0.0,True,990,0,0,0.98,3,False,2090,0.30000000000000004,0.9971332383502769,,26.70496590001858,2,4,357.3425673999882
a10-scale,waxman-n500-load0.7-critical_link-centralised-deg4.0,waxman,500,0.7,critical_link,CENTRALISED,spf-reconverge,13,4145344727981997132,0.3935283170626836,0.8555462527393507,0.46425175952477993,0.3064885386923179,0.17342410744474354,12863.140984741474,69.94809615000707,201.49050609806503,0.0,0.0,False,20,0,0,0.98,3,False,2090,0.30000000000000004,1.0065706945353925,,10.393065499985823,2,40,107.05640139998286
a10-scale,waxman-n500-load0.7-critical_link-centralised-deg4.0,waxman,500,0.7,critical_link,CENTRALISED,spf-static,13,4145344727981997132,0.3913364011964049,0.8415533162475,0.46389696653012347,0.3077231399892019,0.17164631411654543,12791.494494280296,68.31092100148862,201.39272712559213,0.0,0.0,False,0,0,0,0.98,3,False,2090,0.0,0.9872998030510947,,5.092089299985673,2,2600,100.07548739999766
a10-scale,waxman-n500-load0.7-critical_link-centralised-deg4.0,waxman,500,0.7,critical_link,CENTRALISED,cspf,14,4033868103725578483,0.667518625719525,0.985920267769441,0.8193038321062169,0.6188899987584158,0.39160135113715877,21152.42035057455,72.19634296132034,155.21266749605456,0.0,0.0,True,419,0,0,0.98,3,False,2030,0.30000000000000004,0.9912650261045468,,30.79399549998925,2,8,322.1082943000074
a10-scale,waxman-n500-load0.7-critical_link-centralised-deg4.0,waxman,500,0.7,critical_link,CENTRALISED,ecmp,14,4033868103725578483,0.42239811819522227,0.8939380172216159,0.5415098583468407,0.29399871765511326,0.20349938001583792,13385.008608151069,77.6246066414318,201.48415174979147,0.0,0.0,False,22,0,0,0.98,3,False,2030,0.30000000000000004,1.0036577474638577,,43.03735910000978,2,44,148.91490589999012
a10-scale,waxman-n500-load0.7-critical_link-centralised-deg4.0,waxman,500,0.7,critical_link,CENTRALISED,orbit,14,4033868103725578483,0.6541334912638019,0.9998710883335598,0.9241263021722884,0.592238755959786,0.2623239340398616,20728.27040247201,72.65105211784801,156.57626084256833,0.0,0.0,False,1003,2,0,0.98,3,False,2030,0.30000000000000004,1.0,,25.28210909999325,2,12,360.94858810000005
a10-scale,waxman-n500-load0.7-critical_link-centralised-deg4.0,waxman,500,0.7,critical_link,CENTRALISED,spf-reconverge,14,4033868103725578483,0.42239811819522227,0.8939380172216159,0.5415098583468407,0.29399871765511326,0.20349938001583792,13385.008608151069,77.6246066414318,201.48415174979147,0.0,0.0,False,22,0,0,0.98,3,False,2030,0.30000000000000004,1.0036577474638577,,10.003453999990597,2,44,117.46043770000688
a10-scale,waxman-n500-load0.7-critical_link-centralised-deg4.0,waxman,500,0.7,critical_link,CENTRALISED,spf-static,14,4033868103725578483,0.4188123860628597,0.8873488806376825,0.530866769109934,0.2914150259658,0.20736347173352318,13271.383444139294,77.29031330132689,201.36751578542882,0.0,0.0,False,0,0,0,0.98,3,False,2030,0.0,0.9949935780860624,,4.866772199980915,2,2860,108.9428576999926
a10-scale,waxman-n500-load0.7-critical_link-centralised-deg4.0,waxman,500,0.7,critical_link,CENTRALISED,cspf,15,11861784258332864019,0.6992644775819649,0.9622438257755473,0.8296749802238658,0.6534963898672069,0.47059339654191945,20103.285549245382,67.88194265227072,153.23574183388487,0.0,0.0,True,468,0,0,0.98,3,False,1962,0.30000000000000004,1.0,,28.764195300027495,2,26,320.06752490001963
a10-scale,waxman-n500-load0.7-critical_link-centralised-deg4.0,waxman,500,0.7,critical_link,CENTRALISED,ecmp,15,11861784258332864019,0.4247751087184336,0.8094784047198269,0.509741327585233,0.32064416577458443,0.2488741715245301,12211.939228355088,61.08080574113725,152.02256686482693,0.0,0.0,False,38,0,0,0.98,3,False,1962,0.30000000000000004,1.0083518087804473,,41.07727659997181,2,76,134.91120489998139
a10-scale,waxman-n500-load0.7-critical_link-centralised-deg4.0,waxman,500,0.7,critical_link,CENTRALISED,orbit,15,11861784258332864019,0.6999380669112201,0.9747309751316303,0.8973165193914571,0.759094248273857,0.24969041987683593,20122.65069514235,61.60902776517359,152.86585598998062,0.0,0.0,False,951,2,0,0.98,3,False,1962,0.30000000000000004,1.0,,21.21978349998244,2,18,372.0908396000159
a10-scale,waxman-n500-load0.7-critical_link-centralised-deg4.0,waxman,500,0.7,critical_link,CENTRALISED,spf-reconverge,15,11861784258332864019,0.4247751087184336,0.8094784047198269,0.509741327585233,0.32064416577458443,0.2488741715245301,12211.939228355088,61.08080574113725,152.02256686482693,0.0,0.0,False,38,0,0,0.98,3,False,1962,0.30000000000000004,1.0083518087804473,,10.246115399961127,2,76,104.33842479999294
a10-scale,waxman-n500-load0.7-critical_link-centralised-deg4.0,waxman,500,0.7,critical_link,CENTRALISED,spf-static,15,11861784258332864019,0.4218135016868025,0.7956137114294599,0.5077789042334477,0.3196801705011944,0.2488009018977818,12126.795432623587,59.010176062161385,151.93192609511593,0.0,0.0,False,0,0,0,0.98,3,False,1962,0.0,0.9881401350042636,,5.052444600005401,2,4940,98.53698189998977
a10-scale,waxman-n500-load0.7-critical_link-centralised-deg4.0,waxman,500,0.7,critical_link,CENTRALISED,cspf,16,17766182603848105333,0.709718980395544,0.9098226339328002,0.8803777517626369,0.6546704189489148,0.5021459023705052,21601.6172582457,64.39841069078547,152.88822325649767,0.0,0.0,False,454,0,0,0.98,3,False,2020,0.30000000000000004,0.9771076756282616,,29.345942199986894,2,4550,333.80061499998556
a10-scale,waxman-n500-load0.7-critical_link-centralised-deg4.0,waxman,500,0.7,critical_link,CENTRALISED,ecmp,16,17766182603848105333,0.4322922025430624,0.8296391973561117,0.5624119413623944,0.3113097963462031,0.24598934913937223,13157.61725557184,63.83498113285339,154.5754311800011,0.0,0.0,False,0,0,0,0.98,3,False,2020,0.0,0.9729706692298918,,38.29545659996802,2,4550,120.2339304999914
a10-scale,waxman-n500-load0.7-critical_link-centralised-deg4.0,waxman,500,0.7,critical_link,CENTRALISED,orbit,16,17766182603848105333,0.6900692238751881,0.9114872134858597,0.943585623606417,0.7339930268932219,0.2475432216091912,21003.54036965258,59.06275851222344,153.13838744395957,0.0,0.0,False,967,0,0,0.98,3,False,2020,0.30000000000000004,0.9753459381756145,,21.95447550000972,2,4550,361.3182310999837
a10-scale,waxman-n500-load0.7-critical_link-centralised-deg4.0,waxman,500,0.7,critical_link,CENTRALISED,spf-reconverge,16,17766182603848105333,0.4322922025430624,0.8296391973561117,0.5624119413623944,0.3113097963462031,0.24598934913937223,13157.61725557184,63.83498113285339,154.5754311800011,0.0,0.0,False,0,0,0,0.98,3,False,2020,0.0,0.9729706692298918,,8.89616569998907,2,4550,91.93786589999218
a10-scale,waxman-n500-load0.7-critical_link-centralised-deg4.0,waxman,500,0.7,critical_link,CENTRALISED,spf-static,16,17766182603848105333,0.4322922025430624,0.8296391973561117,0.5624119413623944,0.3113097963462031,0.24598934913937223,13157.61725557184,63.83498113285339,154.5754311800011,0.0,0.0,False,0,0,0,0.98,3,False,2020,0.0,0.9729706692298918,,4.450106200034497,2,4550,84.17323470002157
a10-scale,waxman-n500-load0.7-critical_link-centralised-deg4.0,waxman,500,0.7,critical_link,CENTRALISED,cspf,17,14430445070849603878,0.6865439347036865,0.9957863392614267,0.8458222781092607,0.6110593680446028,0.4488480232224147,21756.640206293738,72.06012421948496,154.43454074661054,0.0,0.0,True,444,0,0,0.98,3,False,2082,0.30000000000000004,1.0131615909471934,,33.75504990000627,2,8,351.8303583000088
a10-scale,waxman-n500-load0.7-critical_link-centralised-deg4.0,waxman,500,0.7,critical_link,CENTRALISED,ecmp,17,14430445070849603878,0.42447626279954104,0.8486043270943812,0.5707775528440938,0.30193758901552675,0.19629352852880516,13451.69166752266,73.01432850783557,201.33708072278486,0.0,0.0,False,12,0,0,0.98,3,False,2082,0.30000000000000004,0.9919574110771365,,34.18313569997554,2,24,148.89996019998216
a10-scale,waxman-n500-load0.7-critical_link-centralised-deg4.0,waxman,500,0.7,critical_link,CENTRALISED,orbit,17,14430445070849603878,0.6881997150347994,0.998560988583024,0.9753586451371667,0.6715650016804434,0.24100887631592072,21809.11203672398,65.71431991773085,153.8434648753598,0.0,0.0,True,966,0,0,0.98,3,False,2082,0.30000000000000004,0.9984840433866295,,22.047318800003268,2,4,407.5693774999818
a10-scale,waxman-n500-load0.7-critical_link-centralised-deg4.0,waxman,500,0.7,critical_link,CENTRALISED,spf-reconverge,17,14430445070849603878,0.42447626279954104,0.8486043270943812,0.5707775528440938,0.30193758901552675,0.19629352852880516,13451.69166752266,73.01432850783557,201.33708072278486,0.0,0.0,False,12,0,0,0.98,3,False,2082,0.30000000000000004,0.9919574110771365,,6.173671100026695,2,24,105.59642809999059
a10-scale,waxman-n500-load0.7-critical_link-centralised-deg4.0,waxman,500,0.7,critical_link,CENTRALISED,spf-static,17,14430445070849603878,0.42494015742736185,0.8366857391916028,0.5763985421080413,0.3017072944629339,0.20015545719253405,13466.392530790044,73.56495836921994,201.38615555888623,0.0,0.0,False,0,0,0,0.98,3,False,2082,0.0,0.9756168179136158,,4.534823100024369,2,1560,102.537158799998
a10-scale,waxman-n500-load0.7-critical_link-centralised-deg4.0,waxman,500,0.7,critical_link,CENTRALISED,cspf,18,18101239024900685311,0.7587929958674867,0.963407745800622,0.8678739205225539,0.7585040917271585,0.5176983292593369,21313.01914647784,64.70178130326441,153.18864993552748,0.0,0.0,False,420,0,0,0.98,3,False,1970,0.30000000000000004,0.9984308988070808,,32.74505130000762,2,22,368.0778362999845
a10-scale,waxman-n500-load0.7-critical_link-centralised-deg4.0,waxman,500,0.7,critical_link,CENTRALISED,ecmp,18,18101239024900685311,0.46376021652969196,0.8803603401881602,0.5880445401512153,0.3693648276150596,0.2044249129659482,13026.122312808178,69.7673641672843,201.2766609947461,0.0,0.0,False,24,0,0,0.98,3,False,1970,0.30000000000000004,0.9926340215255348,,45.0350211999903,2,48,163.29557889999705
a10-scale,waxman-n500-load0.7-critical_link-centralised-deg4.0,waxman,500,0.7,critical_link,CENTRALISED,orbit,18,18101239024900685311,0.7416184123942706,0.973484506192911,0.9274268217030264,0.8316233595230443,0.27852488948602694,20830.61850705317,56.87649486476861,153.23101989933636,0.0,0.0,False,947,0,0,0.98,3,False,1970,0.30000000000000004,1.0,,23.564337500021793,2,20,395.352632300026
a10-scale,waxman-n500-load0.7-critical_link-centralised-deg4.0,waxman,500,0.7,critical_link,CENTRALISED,spf-reconverge,18,18101239024900685311,0.46376021652969196,0.8803603401881602,0.5880445401512153,0.3693648276150596,0.2044249129659482,13026.122312808178,69.7673641672843,201.2766609947461,0.0,0.0,False,24,0,0,0.98,3,False,1970,0.30000000000000004,0.9926340215255348,,10.476972400007071,2,48,125.99677749999682
a10-scale,waxman-n500-load0.7-critical_link-centralised-deg4.0,waxman,500,0.7,critical_link,CENTRALISED,spf-static,18,18101239024900685311,0.4612020336620172,0.8663541030377437,0.5871819041977288,0.3671407656416708,0.20684977760075687,12954.267932580786,69.16229604328106,201.37324103140256,0.0,0.0,False,0,0,0,0.98,3,False,1970,0.0,0.9741135094324778,,4.409287600021344,2,3120,119.19176670000888
a10-scale,waxman-n500-load0.7-critical_link-centralised-deg4.0,waxman,500,0.7,critical_link,CENTRALISED,cspf,19,11296174379228260827,0.7598539779035092,0.9770212129156379,0.8940228875161922,0.7194535047621381,0.5584460757314009,22818.506064590398,63.79983392570007,152.35892068919108,0.0,0.0,False,456,0,0,0.98,3,False,2088,0.30000000000000004,1.0,,34.53931029996602,2,1170,367.76090260001365
a10-scale,waxman-n500-load0.7-critical_link-centralised-deg4.0,waxman,500,0.7,critical_link,CENTRALISED,ecmp,19,11296174379228260827,0.4485688915491933,0.9161408953202115,0.5621982616664745,0.3464016723596219,0.20423827004718684,13470.577597610007,70.18511947232562,201.29210500830618,0.0,0.0,False,0,0,0,0.98,3,False,2088,0.0,1.0,,44.57039129998884,2,1170,170.66937099999632
a10-scale,waxman-n500-load0.7-critical_link-centralised-deg4.0,waxman,500,0.7,critical_link,CENTRALISED,orbit,19,11296174379228260827,0.754379151671289,0.9837935815770701,0.9657857468509009,0.8313944422288039,0.30786068707836584,22654.096376393227,46.88066968616641,108.74432353638086,0.0,0.0,False,920,0,0,0.98,3,False,2088,0.30000000000000004,1.0,,24.65742370003136,2,1170,400.5169389999937
a10-scale,waxman-n500-load0.7-critical_link-centralised-deg4.0,waxman,500,0.7,critical_link,CENTRALISED,spf-reconverge,19,11296174379228260827,0.4485688915491933,0.9161408953202115,0.5621982616664745,0.3464016723596219,0.20423827004718684,13470.577597610007,70.18511947232562,201.29210500830618,0.0,0.0,False,0,0,0,0.98,3,False,2088,0.0,1.0,,11.372018399997614,2,1170,132.434993199975
a10-scale,waxman-n500-load0.7-critical_link-centralised-deg4.0,waxman,500,0.7,critical_link,CENTRALISED,spf-static,19,11296174379228260827,0.4485688915491933,0.9161408953202115,0.5621982616664745,0.3464016723596219,0.20423827004718684,13470.577597610007,70.18511947232562,201.29210500830618,0.0,0.0,False,0,0,0,0.98,3,False,2088,0.0,1.0,,5.693883299973095,2,1170,125.02564229999552
a10-scale,waxman-n500-load0.7-critical_link-centralised-deg4.0,waxman,500,0.7,critical_link,CENTRALISED,cspf,20,17495234735624402199,0.6635406291159807,0.974616470806245,0.8473408286010231,0.5871889585044234,0.4027328388888316,22331.448797878613,78.24469584320128,161.81078627627343,0.0,0.0,True,429,0,0,0.98,3,False,2106,0.30000000000000004,0.9982403108209238,,33.60929320001742,2,4,330.020870599983
a10-scale,waxman-n500-load0.7-critical_link-centralised-deg4.0,waxman,500,0.7,critical_link,CENTRALISED,ecmp,20,17495234735624402199,0.4202653474465332,0.8746385820446831,0.5190527916769165,0.29746282329343304,0.224837533055953,14144.023253750882,66.67581681779821,201.47804330962208,0.0,0.0,False,21,0,0,0.98,3,False,2106,0.30000000000000004,1.0274001499120193,,47.31495159998303,2,42,155.64170989999548
a10-scale,waxman-n500-load0.7-critical_link-centralised-deg4.0,waxman,500,0.7,critical_link,CENTRALISED,orbit,20,17495234735624402199,0.6704423126709151,0.9983797818752428,0.9848613988849186,0.5903166754790963,0.27453631950897556,22563.724842725358,69.00671832260275,155.16329089785933,0.0,0.0,False,997,0,0,0.98,3,False,2106,0.30000000000000004,0.9982850271471284,,26.86703279998619,2,2,354.9906215000083
a10-scale,waxman-n500-load0.7-critical_link-centralised-deg4.0,waxman,500,0.7,critical_link,CENTRALISED,spf-reconverge,20,17495234735624402199,0.4202653474465332,0.8746385820446831,0.5190527916769165,0.29746282329343304,0.224837533055953,14144.023253750882,66.67581681779821,201.47804330962208,0.0,0.0,False,21,0,0,0.98,3,False,2106,0.30000000000000004,1.0274001499120193,,11.331810699979542,2,42,120.67090510000708
a10-scale,waxman-n500-load0.7-critical_link-centralised-deg4.0,waxman,500,0.7,critical_link,CENTRALISED,spf-static,20,17495234735624402199,0.41589993428351024,0.8429034446438436,0.5184136988448742,0.30075555253571695,0.22221085403270202,13997.105346611555,68.10178858013376,201.50628233322382,0.0,0.0,False,0,0,0,0.98,3,False,2106,0.0,0.98389512205737,,5.275815700006206,2,2730,118.59375770000042
a10-scale,waxman-n500-load0.7-critical_link-centralised-deg4.0,waxman,500,0.7,critical_link,CENTRALISED,cspf,21,14181165377733987475,0.7044774380853412,0.9566382790889661,0.8395129269922729,0.6437477383836477,0.49915730550229426,21500.65108346252,67.64745838004892,154.00344855266226,0.0,0.0,False,433,0,0,0.98,3,False,2046,0.30000000000000004,1.0,,31.71967799999402,2,4,295.30642030001036
a10-scale,waxman-n500-load0.7-critical_link-centralised-deg4.0,waxman,500,0.7,critical_link,CENTRALISED,ecmp,21,14181165377733987475,0.4227481240784957,0.8220137905261554,0.4922220656024072,0.3427237840255857,0.2163407223682686,12902.272550705819,69.52187777142386,201.37077330157112,0.0,0.0,False,29,0,0,0.98,3,False,2046,0.30000000000000004,1.0138296585682531,,45.63749190000817,2,58,144.12071759998798
a10-scale,waxman-n500-load0.7-critical_link-centralised-deg4.0,waxman,500,0.7,critical_link,CENTRALISED,orbit,21,14181165377733987475,0.6978829517982691,0.9709967269862437,0.9328230136961464,0.735183201506759,0.24605826854874202,21299.387365041148,61.76033079441308,152.95508021965406,0.0,0.0,False,943,0,0,0.98,3,False,2046,0.30000000000000004,1.0,,24.274913999979617,2,4,307.3581622999918
a10-scale,waxman-n500-load0.7-critical_link-centralised-deg4.0,waxman,500,0.7,critical_link,CENTRALISED,spf-reconverge,21,14181165377733987475,0.4227481240784957,0.8220137905261554,0.4922220656024072,0.3427237840255857,0.2163407223682686,12902.272550705819,69.52187777142386,201.37077330157112,0.0,0.0,False,29,0,0,0.98,3,False,2046,0.30000000000000004,1.0138296585682531,,11.287844100006623,2,58,110.22682559999521
a10-scale,waxman-n500-load0.7-critical_link-centralised-deg4.0,waxman,500,0.7,critical_link,CENTRALISED,spf-static,21,14181165377733987475,0.42395971138900257,0.8033748828477326,0.49860532949636105,0.3461194178221541,0.22187158318753544,12939.25019486027,67.35052739243397,201.25890582200375,0.0,0.0,False,0,0,0,0.98,3,False,2046,0.0,0.9869487972255817,,5.92413120000856,2,3770,104.71657339998637
a10-scale,waxman-n500-load0.7-critical_link-centralised-deg4.0,waxman,500,0.7,critical_link,CENTRALISED,cspf,22,15442377595128774964,0.7563780474429151,0.9650342420454169,0.8795587133963326,0.7196365054114101,0.5657068412399793,23857.28973085395,61.324184224499575,152.28768153196827,0.0,0.0,False,502,0,0,0.98,3,False,2150,0.30000000000000004,1.0082049461499574,,33.223807199974544,2,6,263.62741770001594
a10-scale,waxman-n500-load0.7-critical_link-centralised-deg4.0,waxman,500,0.7,critical_link,CENTRALISED,ecmp,22,15442377595128774964,0.4361538138828336,0.8875257490014716,0.5379053115816564,0.34452602716414577,0.20469986977040444,13756.940646542263,68.50764566756447,153.91601586799527,0.0,0.0,False,19,0,0,0.98,3,False,2150,0.30000000000000004,0.9856300664249892,,45.31299800000852,2,38,147.8244865000015
a10-scale,waxman-n500-load0.7-critical_link-centralised-deg4.0,waxman,500,0.7,critical_link,CENTRALISED,orbit,22,15442377595128774964,0.7295805567235301,0.9744036517376448,0.9430448053347184,0.8019119098272841,0.279216189881439,23012.05697679192,51.54844777043475,110.1809459553893,0.0,0.0,True,950,0,0,0.98,3,False,2150,0.30000000000000004,1.0,,24.055608300026506,2,6,311.588171099982
a10-scale,waxman-n500-load0.7-critical_link-centralised-deg4.0,waxman,500,0.7,critical_link,CENTRALISED,spf-reconverge,22,15442377595128774964,0.4361538138828336,0.8875257490014716,0.5379053115816564,0.34452602716414577,0.20469986977040444,13756.940646542263,68.50764566756447,153.91601586799527,0.0,0.0,False,19,0,0,0.98,3,False,2150,0.30000000000000004,0.9856300664249892,,10.41237900001579,2,38,111.14860019998741
a10-scale,waxman-n500-load0.7-critical_link-centralised-deg4.0,waxman,500,0.7,critical_link,CENTRALISED,spf-static,22,15442377595128774964,0.4311604122310587,0.8833993521693834,0.5296971249416681,0.3417210973668951,0.19943269226703922,13599.441324144347,69.29747463463885,201.15817188451342,0.0,0.0,False,0,0,0,0.98,3,False,2150,0.0,0.980249882405825,,5.201477500027977,2,2470,105.4843049000192
a10-scale,waxman-n500-load0.7-critical_link-centralised-deg4.0,waxman,500,0.7,critical_link,CENTRALISED,cspf,23,17531909793348415429,0.7119435726676873,0.9357923067884295,0.8429603224298307,0.7024435369432827,0.4600622317282106,20436.210098981177,69.75508982884887,153.8775222363658,0.0,0.0,False,456,0,0,0.98,3,False,1948,0.30000000000000004,0.9761273727424239,,29.807213299995055,2,3380,277.63087980001
a10-scale,waxman-n500-load0.7-critical_link-centralised-deg4.0,waxman,500,0.7,critical_link,CENTRALISED,ecmp,23,17531909793348415429,0.42895517002627626,0.8583450634657648,0.5381060103166531,0.32863544320619714,0.20033875558696684,12313.079735875315,70.51623546973397,200.8437095736713,0.0,0.0,False,0,0,0,0.98,3,False,1948,0.0,0.976104555024441,,39.652702199993655,2,3380,138.07276539999293
a10-scale,waxman-n500-load0.7-critical_link-centralised-deg4.0,waxman,500,0.7,critical_link,CENTRALISED,orbit,23,17531909793348415429,0.6853630200125349,0.9497624739584879,0.9179767688481557,0.7528540748880466,0.2013223005458154,19673.220194356705,64.90630881607456,154.67309435309778,0.0,0.0,False,933,0,0,0.98,3,False,1948,0.30000000000000004,0.9764434970990234,,22.044240199989872,2,3380,292.8856297999737
a10-scale,waxman-n500-load0.7-critical_link-centralised-deg4.0,waxman,500,0.7,critical_link,CENTRALISED,spf-reconverge,23,17531909793348415429,0.42895517002627626,0.8583450634657648,0.5381060103166531,0.32863544320619714,0.20033875558696684,12313.079735875315,70.51623546973397,200.8437095736713,0.0,0.0,False,0,0,0,0.98,3,False,1948,0.0,0.976104555024441,,9.109534800023539,2,3380,106.97190810000757
a10-scale,waxman-n500-load0.7-critical_link-centralised-deg4.0,waxman,500,0.7,critical_link,CENTRALISED,spf-static,23,17531909793348415429,0.42895517002627626,0.8583450634657648,0.5381060103166531,0.32863544320619714,0.20033875558696684,12313.079735875315,70.51623546973397,200.8437095736713,0.0,0.0,False,0,0,0,0.98,3,False,1948,0.0,0.976104555024441,,4.731468000012683,2,3380,103.04166200000327
a10-scale,waxman-n500-load0.7-critical_link-centralised-deg4.0,waxman,500,0.7,critical_link,CENTRALISED,cspf,24,2862214862146492233,0.9449681094726962,0.9840517816538856,0.9802092560410861,0.942548060173073,0.8916914830912519,22182.437420254493,18.719327662650596,64.08922539422163,0.0,0.0,False,578,0,0,0.98,3,False,2014,0.30000000000000004,0.9815982096006379,,29.546019100031117,2,2080,368.52684299999964
a10-scale,waxman-n500-load0.7-critical_link-centralised-deg4.0,waxman,500,0.7,critical_link,CENTRALISED,ecmp,24,2862214862146492233,0.5302599964422867,0.9636512388202471,0.6941834034332784,0.394850288977813,0.3085399131922773,12447.466818863328,62.95126684212608,200.8173686055797,0.0,0.0,False,0,0,0,0.98,3,False,2014,0.0,0.9923854174295427,,38.86775740000303,2,2080,134.7024852000177
a10-scale,waxman-n500-load0.7-critical_link-centralised-deg4.0,waxman,500,0.7,critical_link,CENTRALISED,orbit,24,2862214862146492233,0.8973220438444498,0.9840517816538856,0.9865921234546218,0.9587182544593387,0.6759296807443406,21063.980767035075,27.42663749835669,102.2509705017753,0.0,0.0,False,878,0,0,0.98,3,False,2014,0.30000000000000004,0.9815982096006379,,17.640896699973382,2,2080,373.3079143000068
a10-scale,waxman-n500-load0.7-critical_link-centralised-deg4.0,waxman,500,0.7,critical_link,CENTRALISED,spf-reconverge,24,2862214862146492233,0.5302599964422867,0.9636512388202471,0.6941834034332784,0.394850288977813,0.3085399131922773,12447.466818863328,62.95126684212608,200.8173686055797,0.0,0.0,False,0,0,0,0.98,3,False,2014,0.0,0.9923854174295427,,8.896703100035666,2,2080,139.80425139999716
a10-scale,waxman-n500-load0.7-critical_link-centralised-deg4.0,waxman,500,0.7,critical_link,CENTRALISED,spf-static,24,2862214862146492233,0.5302599964422867,0.9636512388202471,0.6941834034332784,0.394850288977813,0.3085399131922773,12447.466818863328,62.95126684212608,200.8173686055797,0.0,0.0,False,0,0,0,0.98,3,False,2014,0.0,0.9923854174295427,,4.763645800005179,2,2080,135.4838216000062
a10-scale,waxman-n500-load0.7-critical_link-centralised-deg4.0,waxman,500,0.7,critical_link,CENTRALISED,cspf,25,8621354874617162568,0.7998426994048914,0.9413740933221767,0.8646468043050899,0.7937576462446153,0.6493945419196746,20703.755332844798,49.10096943001318,151.77950612364296,0.0,0.0,False,513,0,0,0.98,3,False,1972,0.30000000000000004,0.9793703769736333,,17.578219100018032,2,4810,294.00821619998896
a10-scale,waxman-n500-load0.7-critical_link-centralised-deg4.0,waxman,500,0.7,critical_link,CENTRALISED,ecmp,25,8621354874617162568,0.46083235050037863,0.9185627851374887,0.5556308944835563,0.34578303336788185,0.22970649177877844,11928.545751956475,71.30670874936489,201.310154157652,0.0,0.0,False,0,0,0,0.98,3,False,1972,0.0,0.9738792388998063,,36.82981680001831,2,4810,89.91877690001274
a10-scale,waxman-n500-load0.7-critical_link-centralised-deg4.0,waxman,500,0.7,critical_link,CENTRALISED,orbit,25,8621354874617162568,0.7856514937419752,0.9420743154373378,0.8737063892094379,0.860672938514727,0.48577907248546304,20336.41904266961,41.82227096825707,104.7221039547986,0.0,0.0,False,903,0,0,0.98,3,False,1972,0.30000000000000004,0.9745167422198442,,14.992093399981968,2,4810,306.4872201999824
a10-scale,waxman-n500-load0.7-critical_link-centralised-deg4.0,waxman,500,0.7,critical_link,CENTRALISED,spf-reconverge,25,8621354874617162568,0.46083235050037863,0.9185627851374887,0.5556308944835563,0.34578303336788185,0.22970649177877844,11928.545751956475,71.30670874936489,201.310154157652,0.0,0.0,False,0,0,0,0.98,3,False,1972,0.0,0.9738792388998063,,8.651644699973986,2,4810,88.73633210000116
a10-scale,waxman-n500-load0.7-critical_link-centralised-deg4.0,waxman,500,0.7,critical_link,CENTRALISED,spf-static,25,8621354874617162568,0.46083235050037863,0.9185627851374887,0.5556308944835563,0.34578303336788185,0.22970649177877844,11928.545751956475,71.30670874936489,201.310154157652,0.0,0.0,False,0,0,0,0.98,3,False,1972,0.0,0.9738792388998063,,4.596508500020718,2,4810,98.65467170000193
a10-scale,waxman-n500-load0.7-critical_link-centralised-deg4.0,waxman,500,0.7,critical_link,CENTRALISED,cspf,26,3716604690272490436,0.7777217231365281,0.9587958428560527,0.875440848387954,0.750593309407278,0.6177634476885544,20002.547220836852,57.605732285729154,152.8861289015887,0.0,0.0,False,518,0,0,0.98,3,False,1960,0.30000000000000004,1.0,,10.465590600011637,2,6,297.93394439999247
a10-scale,waxman-n500-load0.7-critical_link-centralised-deg4.0,waxman,500,0.7,critical_link,CENTRALISED,ecmp,26,3716604690272490436,0.4280447156511284,0.8448321869852831,0.5285074769900253,0.31241501224578766,0.25184291286563804,11009.059388120413,59.41544193594458,152.20149505735182,0.0,0.0,False,36,0,0,0.98,3,False,1960,0.30000000000000004,1.0038088371276412,,11.481612100003986,2,72,69.76348829999915
a10-scale,waxman-n500-load0.7-critical_link-centralised-deg4.0,waxman,500,0.7,critical_link,CENTRALISED,orbit,26,3716604690272490436,0.8011813310123109,0.9586354623882384,0.921588750921223,0.8936799409575122,0.47212480076229135,20605.91459551321,39.337097080772054,104.40693140987563,0.0,0.0,False,902,0,0,0.98,3,False,1960,0.30000000000000004,1.0,,6.306349799997406,2,4,328.3880780999898
a10-scale,waxman-n500-load0.7-critical_link-centralised-deg4.0,waxman,500,0.7,critical_link,CENTRALISED,spf-reconverge,26,3716604690272490436,0.4280447156511284,0.8448321869852831,0.5285074769900253,0.31241501224578766,0.25184291286563804,11009.059388120413,59.41544193594458,152.20149505735182,0.0,0.0,False,36,0,0,0.98,3,False,1960,0.30000000000000004,1.0038088371276412,,5.598661299998639,2,72,43.26238679999369
a10-scale,waxman-n500-load0.7-critical_link-centralised-deg4.0,waxman,500,0.7,critical_link,CENTRALISED,spf-static,26,3716604690272490436,0.424119463891132,0.8326344347450989,0.522020466586727,0.3187695517955571,0.24126293385319802,10908.104211805738,59.64520953421964,152.69995414727072,0.0,0.0,False,0,0,0,0.98,3,False,1960,0.0,0.9868371927217057,,4.805107599997427,2,4680,35.049952200002735
a10-scale,waxman-n500-load0.7-critical_link-centralised-deg4.0,waxman,500,0.7,critical_link,CENTRALISED,cspf,27,18290346644121323056,0.7264129095213402,0.9562489795421056,0.8515972452567044,0.6817127148054034,0.5166932474206886,21570.93304696602,65.48247780110788,153.9867606314852,0.0,0.0,False,457,0,0,0.98,3,False,2018,0.30000000000000004,1.0,,19.459766599989962,2,30,308.76991900001303
a10-scale,waxman-n500-load0.7-critical_link-centralised-deg4.0,waxman,500,0.7,critical_link,CENTRALISED,ecmp,27,18290346644121323056,0.45012943303637665,0.881434094591391,0.5586714223634791,0.32897537887737377,0.2393154518609984,13366.656532707459,68.24463272787474,201.19478503611336,0.0,0.0,False,22,0,0,0.98,3,False,2018,0.30000000000000004,1.0017529050127965,,16.90944479999598,2,44,117.4531012000225
a10-scale,waxman-n500-load0.7-critical_link-centralised-deg4.0,waxman,500,0.7,critical_link,CENTRALISED,orbit,27,18290346644121323056,0.709876444090372,0.9703201333974161,0.9306463180512329,0.7777255542952016,0.22055537163926037,21079.880390867256,55.72082728549468,153.75046317110707,0.0,0.0,False,975,2,0,0.98,3,False,2018,0.30000000000000004,1.0,,20.64569550001761,2,26,349.3658431000076
a10-scale,waxman-n500-load0.7-critical_link-centralised-deg4.0,waxman,500,0.7,critical_link,CENTRALISED,spf-reconverge,27,18290346644121323056,0.45012943303637665,0.881434094591391,0.5586714223634791,0.32897537887737377,0.2393154518609984,13366.656532707459,68.24463272787474,201.19478503611336,0.0,0.0,False,22,0,0,0.98,3,False,2018,0.30000000000000004,1.0017529050127965,,2.2497184999810997,2,44,71.28693659999408
a10-scale,waxman-n500-load0.7-critical_link-centralised-deg4.0,waxman,500,0.7,critical_link,CENTRALISED,spf-static,27,18290346644121323056,0.4505477650479392,0.8687605976230395,0.559140989853075,0.3334759287776996,0.24213542810430191,13379.078960357821,68.1403185373447,201.31111427581595,0.0,0.0,False,0,0,0,0.98,3,False,2018,0.0,0.9848815632037032,,1.6008743999991566,2,2860,76.89449939999031
a10-scale,waxman-n500-load0.7-critical_link-centralised-deg4.0,waxman,500,0.7,critical_link,CENTRALISED,cspf,28,2593399414128670005,0.7299512390891849,0.9798384888452373,0.8911227628049029,0.6716138934004294,0.5069217991379666,21500.22519371698,66.69361878561837,152.90371050328278,0.0,0.0,False,316,0,0,0.98,3,False,2018,0.30000000000000004,0.995910416163109,,29.582242499978747,2,6,317.72605450000265
a10-scale,waxman-n500-load0.7-critical_link-centralised-deg4.0,waxman,500,0.7,critical_link,CENTRALISED,ecmp,28,2593399414128670005,0.44466580361208713,0.8665007822359353,0.5856107432903822,0.33102445292564386,0.22123468634005186,13097.333632222133,65.40679863239082,152.10780349459688,0.0,0.0,False,22,0,0,0.98,3,False,2018,0.30000000000000004,1.0000070772299485,,40.89965210002265,2,44,147.7409217999957
a10-scale,waxman-n500-load0.7-critical_link-centralised-deg4.0,waxman,500,0.7,critical_link,CENTRALISED,orbit,28,2593399414128670005,0.716475446404871,0.9920771222821297,0.9711119155038033,0.7375046496517684,0.26917595484270423,21103.304739498537,58.14962748496226,153.40552580454477,0.0,0.0,False,966,0,0,0.98,3,False,2018,0.30000000000000004,1.0,,21.974718000012217,2,4,344.36378149999655
a10-scale,waxman-n500-load0.7-critical_link-centralised-deg4.0,waxman,500,0.7,critical_link,CENTRALISED,spf-reconverge,28,2593399414128670005,0.44466580361208713,0.8665007822359353,0.5856107432903822,0.33102445292564386,0.22123468634005186,13097.333632222133,65.40679863239082,152.10780349459688,0.0,0.0,False,22,0,0,0.98,3,False,2018,0.30000000000000004,1.0000070772299485,,9.724174900038633,2,44,116.0530194999883
a10-scale,waxman-n500-load0.7-critical_link-centralised-deg4.0,waxman,500,0.7,critical_link,CENTRALISED,spf-static,28,2593399414128670005,0.4402117161864277,0.8584836921510481,0.569918078726055,0.3314423380305083,0.22299435047766153,12966.141468203516,64.76716640839103,152.1114732051021,0.0,0.0,False,0,0,0,0.98,3,False,2018,0.0,0.9891660863821607,,4.64480489998823,2,2860,110.37209040002199
a10-scale,waxman-n500-load0.7-critical_link-centralised-deg4.0,waxman,500,0.7,critical_link,CENTRALISED,cspf,29,7073589915753375296,0.67947179572027,0.9561297263498463,0.8497794423051231,0.6103093279333711,0.4412649879143621,23291.336803627895,73.48421740430143,157.52971911799457,0.0,0.0,True,448,0,0,0.98,3,False,2160,0.30000000000000004,1.0097591301644555,,30.069799899996724,2,2,299.79007110002567
a10-scale,waxman-n500-load0.7-critical_link-centralised-deg4.0,waxman,500,0.7,critical_link,CENTRALISED,ecmp,29,7073589915753375296,0.4333570707585924,0.8684234373887112,0.49107890991236974,0.34683362395665424,0.24474683727633675,14854.870437370346,70.19089580170981,155.75742117937614,0.0,0.0,False,12,0,0,0.98,3,False,2160,0.30000000000000004,1.0,,41.00545790002798,2,24,148.53289490001043
a10-scale,waxman-n500-load0.7-critical_link-centralised-deg4.0,waxman,500,0.7,critical_link,CENTRALISED,orbit,29,7073589915753375296,0.6817945442713612,1.0,0.975959285815534,0.6426935220024362,0.24965055575597778,23370.957354700593,64.33762315343934,153.0403489539699,0.0,0.0,False,993,0,0,0.98,3,False,2160,0.30000000000000004,1.0,,22.87531350000063,2,4,317.8561868999968
a10-scale,waxman-n500-load0.7-critical_link-centralised-deg4.0,waxman,500,0.7,critical_link,CENTRALISED,spf-reconverge,29,7073589915753375296,0.4333570707585924,0.8684234373887112,0.49107890991236974,0.34683362395665424,0.24474683727633675,14854.870437370346,70.19089580170981,155.75742117937614,0.0,0.0,False,12,0,0,0.98,3,False,2160,0.30000000000000004,1.0,,9.380069899983937,2,24,115.54576840001391
a10-scale,waxman-n500-load0.7-critical_link-centralised-deg4.0,waxman,500,0.7,critical_link,CENTRALISED,spf-static,29,7073589915753375296,0.42801320909748813,0.8684234373887112,0.4860658611147163,0.3417482752674901,0.23562809792730485,14671.690381090253,70.17617538543841,155.32773962076647,0.0,0.0,False,0,0,0,0.98,3,False,2160,0.0,1.0,,4.873582600004738,2,1560,107.03877730001113
a10-scale,waxman-n500-load0.7-random_node_30-centralised-deg4.0,waxman,500,0.7,random_node_30,CENTRALISED,cspf,0,11719114167866931857,0.43346802005787693,0.48151953143717663,0.40788034308840854,0.4260554931424309,0.43937950177635077,8531.04311703046,12.922462807826587,54.49828884989119,,,True,280,0,0,0.98,3,False,1980,0.30000000000000004,0.42857906321282757,,22.301975000009406,2,68734,130.35409759997856
a10-scale,waxman-n500-load0.7-random_node_30-centralised-deg4.0,waxman,500,0.7,random_node_30,CENTRALISED,ecmp,0,11719114167866931857,0.2946629953582466,0.47643463768763605,0.3477164018112484,0.2573160528859236,0.1792755509077327,5799.234550357155,54.93833387323845,152.05749796752534,,,True,252,0,0,0.98,3,False,1980,0.30000000000000004,0.4430824114730277,,26.328581499983557,2,68754,79.04608619998908
a10-scale,waxman-n500-load0.7-random_node_30-centralised-deg4.0,waxman,500,0.7,random_node_30,CENTRALISED,orbit,0,11719114167866931857,0.4354328231420875,0.48153617329869985,0.4082313290110574,0.43487784410458885,0.4347367385828992,8569.71222075266,10.212417017021533,53.98749097545591,,,True,1104,0,0,0.98,3,False,1980,0.30000000000000004,0.42857906321282757,,23.24353410000913,2,68754,129.70001079997746
a10-scale,waxman-n500-load0.7-random_node_30-centralised-deg4.0,waxman,500,0.7,random_node_30,CENTRALISED,spf-reconverge,0,11719114167866931857,0.2946629953582466,0.47643463768763605,0.3477164018112484,0.2573160528859236,0.1792755509077327,5799.234550357155,54.93833387323845,152.05749796752534,,,True,252,0,0,0.98,3,False,1980,0.30000000000000004,0.4430824114730277,,5.874704199988628,2,68754,58.42717380000977
a10-scale,waxman-n500-load0.7-random_node_30-centralised-deg4.0,waxman,500,0.7,random_node_30,CENTRALISED,spf-static,0,11719114167866931857,0.1514553078352863,0.23960250841100272,0.13814709728607863,0.14429016716491597,0.11964653209033078,2980.777592943144,28.667502640724223,151.47891890876656,,,True,0,0,0,0.98,3,False,1980,0.0,0.14403994063916437,,4.16064339998411,2,101010,31.32619760002126
a10-scale,waxman-n500-load0.7-random_node_30-centralised-deg4.0,waxman,500,0.7,random_node_30,CENTRALISED,cspf,1,13474192416196154805,0.438460235131952,0.5017537434401228,0.5007143031169486,0.4016140480498516,0.38688435599728044,9640.782728688402,17.43121062873038,57.66646547811376,,,True,292,0,0,0.98,3,False,2012,0.30000000000000004,0.4296876483727165,,21.11535009997897,2,67314,126.91653340001358
a10-scale,waxman-n500-load0.7-random_node_30-centralised-deg4.0,waxman,500,0.7,random_node_30,CENTRALISED,ecmp,1,13474192416196154805,0.27824564910832245,0.4937739111714953,0.3868587921523894,0.18283975472560393,0.16664230862028465,6118.013980102265,54.04974668020713,152.25419131528773,,,True,235,0,0,0.98,3,False,2012,0.30000000000000004,0.4365424647514384,,25.233894900011364,2,67290,70.76313810001011
a10-scale,waxman-n500-load0.7-random_node_30-centralised-deg4.0,waxman,500,0.7,random_node_30,CENTRALISED,orbit,1,13474192416196154805,0.4367027776984006,0.5013568883191786,0.510508630879013,0.4044771125031575,0.36595753339363435,9602.1400789925,17.243579389944117,55.34313949265055,,,True,1102,1,0,0.98,3,False,2012,0.30000000000000004,0.4296876483727165,,22.348820100014564,2,67320,128.93278740000096
a10-scale,waxman-n500-load0.7-random_node_30-centralised-deg4.0,waxman,500,0.7,random_node_30,CENTRALISED,spf-reconverge,1,13474192416196154805,0.27824564910832245,0.4937739111714953,0.3868587921523894,0.18283975472560393,0.16664230862028465,6118.013980102265,54.04974668020713,152.25419131528773,,,True,235,0,0,0.98,3,False,2012,0.30000000000000004,0.4365424647514384,,6.363819500023965,2,67290,51.33722200000193
a10-scale,waxman-n500-load0.7-random_node_30-centralised-deg4.0,waxman,500,0.7,random_node_30,CENTRALISED,spf-static,1,13474192416196154805,0.17074930416115414,0.25719083194231185,0.19814642993942472,0.13904286589615927,0.13340012304869758,3754.4041867263436,29.875826429996778,150.9741081097955,,,True,0,0,0,0.98,3,False,2012,0.0,0.15138306745869537,,4.773447900020983,2,97370,31.146905500005232
a10-scale,waxman-n500-load0.7-random_node_30-centralised-deg4.0,waxman,500,0.7,random_node_30,CENTRALISED,cspf,2,13766168356539212796,0.36223159886456097,0.44283501667677894,0.4653230993601085,0.33869695493847596,0.24415482896586702,9878.862311979456,66.1102739263208,153.41498497374158,,,True,295,0,0,0.98,3,False,1910,0.30000000000000004,0.36767593853024916,,19.967437799990876,2,64862,110.79159520001849
a10-scale,waxman-n500-load0.7-random_node_30-centralised-deg4.0,waxman,500,0.7,random_node_30,CENTRALISED,ecmp,2,13766168356539212796,0.23825088482843218,0.41028436975946536,0.31321359376103514,0.19529304768514197,0.11913183669754426,6497.632162144389,66.78328361503206,152.64184225941204,,,True,241,0,0,0.98,3,False,1910,0.30000000000000004,0.3668122865300423,,24.76312760001747,2,64832,62.913326600013534
a10-scale,waxman-n500-load0.7-random_node_30-centralised-deg4.0,waxman,500,0.7,random_node_30,CENTRALISED,orbit,2,13766168356539212796,0.3615226169242223,0.44671823323263415,0.48230659657099995,0.37819406711547354,0.1668833729340253,9859.526795717924,59.570427851586416,154.1053519099497,,,True,1120,3,0,0.98,3,False,1910,0.30000000000000004,0.3649511999436071,,20.302724100038176,2,64884,124.13035710001714
a10-scale,waxman-n500-load0.7-random_node_30-centralised-deg4.0,waxman,500,0.7,random_node_30,CENTRALISED,spf-reconverge,2,13766168356539212796,0.23825088482843218,0.41028436975946536,0.31321359376103514,0.19529304768514197,0.11913183669754426,6497.632162144389,66.78328361503206,152.64184225941204,,,True,241,0,0,0.98,3,False,1910,0.30000000000000004,0.3668122865300423,,5.952995199972065,2,64832,43.28532219998306
a10-scale,waxman-n500-load0.7-random_node_30-centralised-deg4.0,waxman,500,0.7,random_node_30,CENTRALISED,spf-static,2,13766168356539212796,0.15342605597213027,0.27661285458202545,0.21744821358756147,0.09399825911623386,0.09806990694872514,4184.270192798507,43.665000967460735,151.23626523170037,,,True,0,0,0,0.98,3,False,1910,0.0,0.19540275898426526,,4.391985800000839,2,95680,27.313003899995238
a10-scale,waxman-n500-load0.7-random_node_30-centralised-deg4.0,waxman,500,0.7,random_node_30,CENTRALISED,cspf,3,4886887640058352718,0.30418213236183195,0.46003922850195056,0.3833559106568241,0.2602512874696712,0.20006646643044626,9373.402107478509,74.21063574860791,202.72264476338165,,,True,264,0,0,0.98,3,False,1988,0.30000000000000004,0.4102934415569295,,19.931275599985383,2,69366,94.99768590001622
a10-scale,waxman-n500-load0.7-random_node_30-centralised-deg4.0,waxman,500,0.7,random_node_30,CENTRALISED,ecmp,3,4886887640058352718,0.20069608963409402,0.39377794277662087,0.27231414126106723,0.15253369278932077,0.08773790184674152,6184.469596988603,66.32313792801425,201.66645393286274,,,True,225,0,0,0.98,3,False,1988,0.30000000000000004,0.38562042317751033,,24.92306999998982,2,69350,57.954974799999036
a10-scale,waxman-n500-load0.7-random_node_30-centralised-deg4.0,waxman,500,0.7,random_node_30,CENTRALISED,orbit,3,4886887640058352718,0.3094851206271938,0.46138459022559425,0.44043502020440695,0.2857429177209955,0.13041876317954967,9536.814208631607,66.03593909162264,155.819713406432,,,True,1097,4,0,0.98,3,False,1988,0.30000000000000004,0.40514975426493066,,21.74444169999333,2,69384,109.67398710001726
a10-scale,waxman-n500-load0.7-random_node_30-centralised-deg4.0,waxman,500,0.7,random_node_30,CENTRALISED,spf-reconverge,3,4886887640058352718,0.20069608963409402,0.39377794277662087,0.27231414126106723,0.15253369278932077,0.08773790184674152,6184.469596988603,66.32313792801425,201.66645393286274,,,True,225,0,0,0.98,3,False,1988,0.30000000000000004,0.38562042317751033,,5.997494499984896,2,69350,38.39181830000598
a10-scale,waxman-n500-load0.7-random_node_30-centralised-deg4.0,waxman,500,0.7,random_node_30,CENTRALISED,spf-static,3,4886887640058352718,0.13120195096617998,0.20827095372864488,0.16669653641885224,0.10307886288397099,0.09221929169347647,4043.0009288934716,43.31576729188945,151.86194433048945,,,True,0,0,0,0.98,3,False,1988,0.0,0.1293952821375869,,4.215377199987415,2,98150,25.57629550001002
a10-scale,waxman-n500-load0.7-random_node_30-centralised-deg4.0,waxman,500,0.7,random_node_30,CENTRALISED,cspf,4,12544995848106081007,0.32280533195105393,0.491559786066753,0.40005383520484666,0.28732179253331047,0.1936706974272878,8740.262881215087,75.91028189605942,202.44871221266595,,,True,299,0,0,0.98,3,False,1962,0.30000000000000004,0.4276767597856845,,19.368484200007515,2,66718,98.8359969999874
a10-scale,waxman-n500-load0.7-random_node_30-centralised-deg4.0,waxman,500,0.7,random_node_30,CENTRALISED,ecmp,4,12544995848106081007,0.22112724568201997,0.4374837938713883,0.274235469476066,0.16844706249062372,0.11054301632046915,5987.231517455046,71.148398875498,201.92186946581725,,,True,275,0,0,0.98,3,False,1962,0.30000000000000004,0.41409794618883927,,24.87657630004105,2,66720,62.1458905999898
a10-scale,waxman-n500-load0.7-random_node_30-centralised-deg4.0,waxman,500,0.7,random_node_30,CENTRALISED,orbit,4,12544995848106081007,0.32368416878895356,0.4952306021211048,0.45732493457603923,0.29551034825597466,0.12746898931487433,8764.05822854257,69.75368792745043,202.6101609100508,,,True,1141,3,0,0.98,3,False,1962,0.30000000000000004,0.43060860430425135,,20.972868500015466,2,66748,101.94580090002273
a10-scale,waxman-n500-load0.7-random_node_30-centralised-deg4.0,waxman,500,0.7,random_node_30,CENTRALISED,spf-reconverge,4,12544995848106081007,0.22112724568201997,0.4374837938713883,0.274235469476066,0.16844706249062372,0.11054301632046915,5987.231517455046,71.148398875498,201.92186946581725,,,True,275,0,0,0.98,3,False,1962,0.30000000000000004,0.41409794618883927,,5.965264600032242,2,66720,41.53926049999427
a10-scale,waxman-n500-load0.7-random_node_30-centralised-deg4.0,waxman,500,0.7,random_node_30,CENTRALISED,spf-static,4,12544995848106081007,0.12507119311328388,0.1949781768051553,0.15294505868144884,0.1073715939551874,0.0798323102054746,3386.422089344767,35.7018868967986,151.5342623863661,,,True,0,0,0,0.98,3,False,1962,0.0,0.0971021687807246,,4.271877799968934,2,101920,25.414630199986277
a10-scale,waxman-n500-load0.7-random_node_30-centralised-deg4.0,waxman,500,0.7,random_node_30,CENTRALISED,cspf,5,2639244546980739457,0.3244828668781257,0.46010358863486556,0.36432107669675884,0.3169135488285473,0.20799463849617872,9537.025829959166,81.17523363148597,157.55803596813143,,,True,307,0,0,0.98,3,False,1962,0.30000000000000004,0.3886468072884253,,20.1885939000058,2,65556,76.83277879998786
a10-scale,waxman-n500-load0.7-random_node_30-centralised-deg4.0,waxman,500,0.7,random_node_30,CENTRALISED,ecmp,5,2639244546980739457,0.2178800436375293,0.4463957072818622,0.2456493522630122,0.17638940128729835,0.10188265899247162,6403.813008667133,73.55640593599803,202.0554673121372,,,True,279,0,0,0.98,3,False,1962,0.30000000000000004,0.41430107573241576,,25.504639599996153,2,65558,64.63003229998867
a10-scale,waxman-n500-load0.7-random_node_30-centralised-deg4.0,waxman,500,0.7,random_node_30,CENTRALISED,orbit,5,2639244546980739457,0.32529686205732217,0.4761428773554375,0.42905456631923206,0.32081445272439274,0.12864739228458671,9560.950338282664,71.20999854003918,204.22785227610999,,,True,1126,1,0,0.98,3,False,1962,0.30000000000000004,0.40176516047838234,,20.46356009997544,2,65546,89.25427710000076
a10-scale,waxman-n500-load0.7-random_node_30-centralised-deg4.0,waxman,500,0.7,random_node_30,CENTRALISED,spf-reconverge,5,2639244546980739457,0.2178800436375293,0.4463957072818622,0.2456493522630122,0.17638940128729835,0.10188265899247162,6403.813008667133,73.55640593599803,202.0554673121372,,,True,279,0,0,0.98,3,False,1962,0.30000000000000004,0.41430107573241576,,5.850078899995424,2,65558,42.73796040000161
a10-scale,waxman-n500-load0.7-random_node_30-centralised-deg4.0,waxman,500,0.7,random_node_30,CENTRALISED,spf-static,5,2639244546980739457,0.12795281728163227,0.190370783538434,0.13193763418568072,0.13611778982457848,0.07323991789997644,3760.7203584320755,39.61796316142315,151.61910440185085,,,True,0,0,0,0.98,3,False,1962,0.0,0.08629498869225558,,4.232625200034818,2,101270,24.082314500003122
a10-scale,waxman-n500-load0.7-random_node_30-centralised-deg4.0,waxman,500,0.7,random_node_30,CENTRALISED,cspf,6,179831443894987847,0.32213669031005726,0.5106007470696744,0.4095996832873757,0.25022766041377964,0.2257652555027988,10232.274243319813,73.386009818692,201.5094074401674,,,True,307,0,0,0.98,3,False,2102,0.30000000000000004,0.45470208442635635,,16.606919199984986,2,65300,70.23892430000706
a10-scale,waxman-n500-load0.7-random_node_30-centralised-deg4.0,waxman,500,0.7,random_node_30,CENTRALISED,ecmp,6,179831443894987847,0.22443869541420816,0.4875031495262166,0.2640374384528094,0.16683078427264,0.11323226756392521,7129.018057771373,70.39899548645877,201.67793784881474,,,True,263,0,0,0.98,3,False,2102,0.30000000000000004,0.4848082435409094,,27.47676859999774,2,65266,57.311601700028405
a10-scale,waxman-n500-load0.7-random_node_30-centralised-deg4.0,waxman,500,0.7,random_node_30,CENTRALISED,orbit,6,179831443894987847,0.3106741020911909,0.5124314206468188,0.47163959566220587,0.2185846731884987,0.1608302507104639,9868.179280772089,76.33583277517818,204.34421415068255,,,True,1139,9,0,0.98,3,False,2102,0.30000000000000004,0.45087640213417457,,17.3884517000115,2,65308,86.90053610000177
a10-scale,waxman-n500-load0.7-random_node_30-centralised-deg4.0,waxman,500,0.7,random_node_30,CENTRALISED,spf-reconverge,6,179831443894987847,0.22443869541420816,0.4875031495262166,0.2640374384528094,0.16683078427264,0.11323226756392521,7129.018057771373,70.39899548645877,201.67793784881474,,,True,263,0,0,0.98,3,False,2102,0.30000000000000004,0.4848082435409094,,6.629483500000788,2,65266,45.921206700004404
a10-scale,waxman-n500-load0.7-random_node_30-centralised-deg4.0,waxman,500,0.7,random_node_30,CENTRALISED,spf-static,6,179831443894987847,0.14967016854701354,0.21796020544795747,0.17570501528005592,0.13082967225468492,0.11036974530483759,4754.0881144054165,35.9075773202086,150.95434008380315,,,True,0,0,0,0.98,3,False,2102,0.0,0.12924732950412482,,4.826540500012925,2,98930,28.363328699982958
a10-scale,waxman-n500-load0.7-random_node_30-centralised-deg4.0,waxman,500,0.7,random_node_30,CENTRALISED,cspf,7,8896776578887281217,0.33214584688493115,0.4461647141835855,0.43247844240834205,0.3011108624222479,0.20361683645193443,9364.59620892529,78.90506958149055,202.81752436231028,,,True,302,0,0,0.98,3,False,2028,0.30000000000000004,0.37882637382390544,,16.689437999972142,2,66194,71.57621320002363
a10-scale,waxman-n500-load0.7-random_node_30-centralised-deg4.0,waxman,500,0.7,random_node_30,CENTRALISED,ecmp,7,8896776578887281217,0.2222053975165084,0.436504240549749,0.3133604996710298,0.1639637160236534,0.08064554329994326,6264.909956579187,69.6742068590787,201.40972966628524,,,True,249,0,0,0.98,3,False,2028,0.30000000000000004,0.4174174584100031,,22.047957599977963,2,66148,39.513939700002084
a10-scale,waxman-n500-load0.7-random_node_30-centralised-deg4.0,waxman,500,0.7,random_node_30,CENTRALISED,orbit,7,8896776578887281217,0.34121670963495376,0.455187945690365,0.48331303885471205,0.30728135637229814,0.17384966443180125,9620.34219436274,58.6958270142409,154.51835802994836,,,True,1124,1,0,0.98,3,False,2028,0.30000000000000004,0.3866352472891662,,18.04130620000069,2,66194,86.03607030000421
a10-scale,waxman-n500-load0.7-random_node_30-centralised-deg4.0,waxman,500,0.7,random_node_30,CENTRALISED,spf-reconverge,7,8896776578887281217,0.2222053975165084,0.436504240549749,0.3133604996710298,0.1639637160236534,0.08064554329994326,6264.909956579187,69.6742068590787,201.40972966628524,,,True,249,0,0,0.98,3,False,2028,0.30000000000000004,0.4174174584100031,,5.938380599953234,2,66148,36.7085178999987
a10-scale,waxman-n500-load0.7-random_node_30-centralised-deg4.0,waxman,500,0.7,random_node_30,CENTRALISED,spf-static,7,8896776578887281217,0.15468117778047605,0.2159466646116773,0.16653102328869174,0.139519522707397,0.12673256894753449,4361.116613741593,38.18001301311004,150.9419219632066,,,True,0,0,0,0.98,3,False,2028,0.0,0.126554675226767,,4.324535799998557,2,98020,28.070746200013673
a10-scale,waxman-n500-load0.7-random_node_30-centralised-deg4.0,waxman,500,0.7,random_node_30,CENTRALISED,cspf,8,15784128088972485342,0.3492282379476182,0.4450773276534813,0.38418308290945263,0.34761545170412556,0.25794740010429024,10730.941908130211,67.48874209503775,153.51378056785288,,,True,278,0,0,0.98,3,False,2062,0.30000000000000004,0.3733920213083622,,11.947249200020451,2,66530,79.59815859998344
a10-scale,waxman-n500-load0.7-random_node_30-centralised-deg4.0,waxman,500,0.7,random_node_30,CENTRALISED,ecmp,8,15784128088972485342,0.22438604871000087,0.41634258347662584,0.2698842309482375,0.1720650580637494,0.13682189990500834,6894.842375441184,69.55140473125834,201.488974237597,,,True,251,0,0,0.98,3,False,2062,0.30000000000000004,0.4069907849963993,,8.41743219998898,2,66542,31.96681909999461
a10-scale,waxman-n500-load0.7-random_node_30-centralised-deg4.0,waxman,500,0.7,random_node_30,CENTRALISED,orbit,8,15784128088972485342,0.3416298804480997,0.44652229514660025,0.42919959864137386,0.35252725141770136,0.1733040704418094,10497.462698648966,61.81995953485882,155.07095617487818,,,True,1104,2,0,0.98,3,False,2062,0.30000000000000004,0.36988280936115636,,12.795825799985323,2,66544,91.61219670000719
a10-scale,waxman-n500-load0.7-random_node_30-centralised-deg4.0,waxman,500,0.7,random_node_30,CENTRALISED,spf-reconverge,8,15784128088972485342,0.22438604871000087,0.41634258347662584,0.2698842309482375,0.1720650580637494,0.13682189990500834,6894.842375441184,69.55140473125834,201.488974237597,,,True,251,0,0,0.98,3,False,2062,0.30000000000000004,0.4069907849963993,,5.030203000002075,2,66542,18.52652240000316
a10-scale,waxman-n500-load0.7-random_node_30-centralised-deg4.0,waxman,500,0.7,random_node_30,CENTRALISED,spf-static,8,15784128088972485342,0.1367825671342377,0.20326467427393427,0.14012653436023612,0.1288822878042384,0.10449661025959434,4202.998562168349,43.68667889835953,151.71783603808055,,,True,0,0,0,0.98,3,False,2062,0.0,0.11779064309984795,,4.7302965999697335,2,98670,13.95636939999531
a10-scale,waxman-n500-load0.7-random_node_30-centralised-deg4.0,waxman,500,0.7,random_node_30,CENTRALISED,cspf,9,14223441829090530201,0.3159277588600504,0.4735554359697013,0.4105963805682234,0.2576058257745675,0.2027084569786033,10167.39545001971,73.0926681078177,159.01584498902915,,,True,301,0,0,0.98,3,False,2162,0.30000000000000004,0.39810181903697206,,10.801306099980138,2,65164,86.28224850000697
a10-scale,waxman-n500-load0.7-random_node_30-centralised-deg4.0,waxman,500,0.7,random_node_30,CENTRALISED,ecmp,9,14223441829090530201,0.22767995312265654,0.43462064604344,0.28871232137914343,0.1759440674877949,0.10921229958316425,7327.346377516191,63.615288427154496,152.9839517499545,,,True,288,0,0,0.98,3,False,2162,0.30000000000000004,0.4164788994590859,,13.986313400004292,2,65186,45.638791400007904
a10-scale,waxman-n500-load0.7-random_node_30-centralised-deg4.0,waxman,500,0.7,random_node_30,CENTRALISED,orbit,9,14223441829090530201,0.31502643835349475,0.48404778584188757,0.47893807880138295,0.26990580843823087,0.10557921199905068,10138.388559170899,65.97180299959078,155.76585816491058,,,True,1144,3,0,0.98,3,False,2162,0.30000000000000004,0.4097565417741595,,11.633383600012166,2,65190,104.84388470000704
a10-scale,waxman-n500-load0.7-random_node_30-centralised-deg4.0,waxman,500,0.7,random_node_30,CENTRALISED,spf-reconverge,9,14223441829090530201,0.22767995312265654,0.43462064604344,0.28871232137914343,0.1759440674877949,0.10921229958316425,7327.346377516191,63.615288427154496,152.9839517499545,,,True,288,0,0,0.98,3,False,2162,0.30000000000000004,0.4164788994590859,,1.9759959999937564,2,65186,21.16873370000394
a10-scale,waxman-n500-load0.7-random_node_30-centralised-deg4.0,waxman,500,0.7,random_node_30,CENTRALISED,spf-static,9,14223441829090530201,0.12494097028354995,0.18383045795070144,0.1311490610810198,0.11792945961272015,0.091921735420263,4020.9326884274874,36.72438290542165,151.30588462506358,,,True,0,0,0,0.98,3,False,2162,0.0,0.08522735546310313,,1.5015591999690514,2,102050,8.571797799988417
a10-scale,waxman-n500-load0.7-random_node_30-centralised-deg4.0,waxman,500,0.7,random_node_30,CENTRALISED,cspf,10,8320648822031058757,0.3008200682765898,0.46046410443573854,0.3707560614525551,0.26510853009490554,0.18029651599472638,9883.137889025324,84.2722914897947,201.37036555382733,,,True,304,0,0,0.98,3,False,2062,0.30000000000000004,0.39082794316710073,,14.798160800011829,2,64232,97.72248440000112
a10-scale,waxman-n500-load0.7-random_node_30-centralised-deg4.0,waxman,500,0.7,random_node_30,CENTRALISED,ecmp,10,8320648822031058757,0.20934065993218182,0.402305465867415,0.28548177399458036,0.15823544026928155,0.08312941109053236,6877.674816518614,80.91649581172408,202.8921626639856,,,True,260,0,0,0.98,3,False,2062,0.30000000000000004,0.37662008045109946,,21.367945900012273,2,64220,59.14574119998724
a10-scale,waxman-n500-load0.7-random_node_30-centralised-deg4.0,waxman,500,0.7,random_node_30,CENTRALISED,orbit,10,8320648822031058757,0.3050616505168797,0.4754275930516836,0.47695216181179423,0.23833530874199266,0.11691177032429396,10022.490766606226,78.97854716939247,202.85812794052873,,,True,1138,16,0,0.98,3,False,2062,0.30000000000000004,0.40339374519976345,,17.007106900011422,2,64256,112.22237360000145
a10-scale,waxman-n500-load0.7-random_node_30-centralised-deg4.0,waxman,500,0.7,random_node_30,CENTRALISED,spf-reconverge,10,8320648822031058757,0.20934065993218182,0.402305465867415,0.28548177399458036,0.15823544026928155,0.08312941109053236,6877.674816518614,80.91649581172408,202.8921626639856,,,True,260,0,0,0.98,3,False,2062,0.30000000000000004,0.37662008045109946,,3.468290100019658,2,64220,36.74897939999937
a10-scale,waxman-n500-load0.7-random_node_30-centralised-deg4.0,waxman,500,0.7,random_node_30,CENTRALISED,spf-static,10,8320648822031058757,0.1395161972526862,0.20490832735136313,0.15679218511026985,0.13527671313154072,0.08741192545630994,4583.662995292453,42.12555540260962,151.2057333858747,,,True,0,0,0,0.98,3,False,2062,0.0,0.11428331023192706,,1.290366199973505,2,97500,11.397824200015748
a10-scale,waxman-n500-load0.7-random_node_30-centralised-deg4.0,waxman,500,0.7,random_node_30,CENTRALISED,cspf,11,11150176027204743976,0.3504382946134704,0.4572895525090461,0.40175955530788093,0.34593596098186497,0.24194273969726282,9797.266278012488,71.73072490461439,156.48303782033616,,,True,277,0,0,0.98,3,False,1980,0.30000000000000004,0.39608893118624067,,21.234506799984956,2,67560,109.77149199999985
a10-scale,waxman-n500-load0.7-random_node_30-centralised-deg4.0,waxman,500,0.7,random_node_30,CENTRALISED,ecmp,11,11150176027204743976,0.23005121525656863,0.4149022926938558,0.27340345098559193,0.19116002890022707,0.13079735762639239,6431.583100628227,71.6397413334929,201.12814353832417,,,True,240,0,0,0.98,3,False,1980,0.30000000000000004,0.4038436016550832,,26.9171415999881,2,67560,63.68534659998841
a10-scale,waxman-n500-load0.7-random_node_30-centralised-deg4.0,waxman,500,0.7,random_node_30,CENTRALISED,orbit,11,11150176027204743976,0.35883006305726245,0.4673244145311452,0.4365218615178239,0.3706804949792862,0.2003777498131327,10031.87645404344,63.6969403064532,155.20423388745522,,,True,1102,1,0,0.98,3,False,1980,0.30000000000000004,0.40677601280421466,,21.95819299996947,2,67576,122.9772004999977
a10-scale,waxman-n500-load0.7-random_node_30-centralised-deg4.0,waxman,500,0.7,random_node_30,CENTRALISED,spf-reconverge,11,11150176027204743976,0.23005121525656863,0.4149022926938558,0.27340345098559193,0.19116002890022707,0.13079735762639239,6431.583100628227,71.6397413334929,201.12814353832417,,,True,240,0,0,0.98,3,False,1980,0.30000000000000004,0.4038436016550832,,6.3700182999891695,2,67560,43.123421300027985
a10-scale,waxman-n500-load0.7-random_node_30-centralised-deg4.0,waxman,500,0.7,random_node_30,CENTRALISED,spf-static,11,11150176027204743976,0.13729749025899218,0.20691755554106425,0.14447176797717293,0.11694105749660069,0.11696266205956378,3838.4505690334067,45.17334155629398,151.71356906666827,,,True,0,0,0,0.98,3,False,1980,0.0,0.12211996851597172,,4.85153509999509,2,98280,27.45632180001121
a10-scale,waxman-n500-load0.7-random_node_30-centralised-deg4.0,waxman,500,0.7,random_node_30,CENTRALISED,cspf,12,12354312713002866285,0.3461875708929754,0.5173571992208411,0.3642995237203518,0.320344204723462,0.262782258379745,9803.244200655025,68.55256676426748,156.9247391660739,,,True,301,0,0,0.98,3,False,2010,0.30000000000000004,0.45338802536660094,,20.64846180001041,2,64128,109.4972275000182
a10-scale,waxman-n500-load0.7-random_node_30-centralised-deg4.0,waxman,500,0.7,random_node_30,CENTRALISED,ecmp,12,12354312713002866285,0.23189756451556565,0.4393493125216112,0.272234758780657,0.18242347362035732,0.13820156619301532,6566.811305845679,67.6203800636334,200.98077513752926,,,True,277,0,0,0.98,3,False,2010,0.30000000000000004,0.4557712131055122,,26.72627110002213,2,64124,63.817569500009995
a10-scale,waxman-n500-load0.7-random_node_30-centralised-deg4.0,waxman,500,0.7,random_node_30,CENTRALISED,orbit,12,12354312713002866285,0.34700117917000783,0.5205835051335009,0.4342885233253687,0.34144684337079517,0.1639885770855954,9826.283735560479,61.02508406923011,154.41491507821647,,,True,1151,1,0,0.98,3,False,2010,0.30000000000000004,0.4528260954322956,,22.19844269999885,2,64166,124.01974059999338
a10-scale,waxman-n500-load0.7-random_node_30-centralised-deg4.0,waxman,500,0.7,random_node_30,CENTRALISED,spf-reconverge,12,12354312713002866285,0.23189756451556565,0.4393493125216112,0.272234758780657,0.18242347362035732,0.13820156619301532,6566.811305845679,67.6203800636334,200.98077513752926,,,True,277,0,0,0.98,3,False,2010,0.30000000000000004,0.4557712131055122,,6.283237299998291,2,64124,42.65339190000668
a10-scale,waxman-n500-load0.7-random_node_30-centralised-deg4.0,waxman,500,0.7,random_node_30,CENTRALISED,spf-static,12,12354312713002866285,0.14300276883552723,0.17515532039509113,0.1486146928397434,0.14055888148636325,0.12169382074141506,4049.512986986731,35.614171642238844,151.1290180149103,,,True,0,0,0,0.98,3,False,2010,0.0,0.08692764611472721,,5.17846099997405,2,99580,27.705905299982987
a10-scale,waxman-n500-load0.7-random_node_30-centralised-deg4.0,waxman,500,0.7,random_node_30,CENTRALISED,cspf,13,7726712900522927814,0.3301545567623815,0.48112453193423305,0.43067961744079,0.2915292873736072,0.1872716623336454,10197.077842080047,77.77792509533292,201.23702517811353,,,True,302,0,0,0.98,3,False,2034,0.30000000000000004,0.426900805814492,,20.82647719999659,2,63454,106.21813230001135
a10-scale,waxman-n500-load0.7-random_node_30-centralised-deg4.0,waxman,500,0.7,random_node_30,CENTRALISED,ecmp,13,7726712900522927814,0.22503319560703033,0.43487869544083685,0.2831541673367171,0.17713933954024066,0.10361229701784257,6950.323615579959,71.98522030734998,152.2156933339783,,,True,275,0,0,0.98,3,False,2034,0.30000000000000004,0.43848581956870836,,26.646717699972214,2,63470,63.697777499997756
a10-scale,waxman-n500-load0.7-random_node_30-centralised-deg4.0,waxman,500,0.7,random_node_30,CENTRALISED,orbit,13,7726712900522927814,0.33558369791070425,0.4906038069573642,0.48326136718781476,0.2965971194260442,0.14133290350424454,10364.76104914519,68.6249303225425,154.84657289057742,,,True,1133,1,0,0.98,3,False,2034,0.30000000000000004,0.4348328701049935,,21.39994159998605,2,63478,119.25221830001101
a10-scale,waxman-n500-load0.7-random_node_30-centralised-deg4.0,waxman,500,0.7,random_node_30,CENTRALISED,spf-reconverge,13,7726712900522927814,0.22503319560703033,0.43487869544083685,0.2831541673367171,0.17713933954024066,0.10361229701784257,6950.323615579959,71.98522030734998,152.2156933339783,,,True,275,0,0,0.98,3,False,2034,0.30000000000000004,0.43848581956870836,,6.302365900017321,2,63470,42.56658539999626
a10-scale,waxman-n500-load0.7-random_node_30-centralised-deg4.0,waxman,500,0.7,random_node_30,CENTRALISED,spf-static,13,7726712900522927814,0.14316858919412626,0.2167101257748808,0.16050234132799424,0.12392475530002857,0.10731791299913816,4421.872176684827,35.77175083797033,151.15648389217205,,,True,0,0,0,0.98,3,False,2034,0.0,0.13903081212209753,,4.574678099976154,2,98670,26.387952499993844
a10-scale,waxman-n500-load0.7-random_node_30-centralised-deg4.0,waxman,500,0.7,random_node_30,CENTRALISED,cspf,14,9285138622732913447,0.3406151428686934,0.4514189721606656,0.4170442570014064,0.32954362479924,0.2186583635369347,10399.771155717171,68.98563606896249,153.99899240674088,,,True,289,0,0,0.98,3,False,2060,0.30000000000000004,0.38634931582619897,,20.896183000004385,2,67594,108.67799729999388
a10-scale,waxman-n500-load0.7-random_node_30-centralised-deg4.0,waxman,500,0.7,random_node_30,CENTRALISED,ecmp,14,9285138622732913447,0.22990260848094357,0.4166637035418734,0.28571098813715023,0.1795333045158605,0.1398821535469645,7019.460427295085,64.90621122795562,201.71510988090216,,,True,246,0,0,0.98,3,False,2060,0.30000000000000004,0.40540857702205174,,26.741170799999963,2,67572,65.23830870000529
a10-scale,waxman-n500-load0.7-random_node_30-centralised-deg4.0,waxman,500,0.7,random_node_30,CENTRALISED,orbit,14,9285138622732913447,0.33838778083907595,0.4534612771504201,0.45610434507335207,0.340857715034406,0.15480291154386241,10331.764621439614,66.15834780398106,154.3166091663308,,,True,1116,1,0,0.98,3,False,2060,0.30000000000000004,0.3826348144883832,,22.322148800012656,2,67608,119.19504500000039
a10-scale,waxman-n500-load0.7-random_node_30-centralised-deg4.0,waxman,500,0.7,random_node_30,CENTRALISED,spf-reconverge,14,9285138622732913447,0.22990260848094357,0.4166637035418734,0.28571098813715023,0.1795333045158605,0.1398821535469645,7019.460427295085,64.90621122795562,201.71510988090216,,,True,246,0,0,0.98,3,False,2060,0.30000000000000004,0.40540857702205174,,6.65191329998197,2,67572,43.476388899987796
a10-scale,waxman-n500-load0.7-random_node_30-centralised-deg4.0,waxman,500,0.7,random_node_30,CENTRALISED,spf-static,14,9285138622732913447,0.1365483771709536,0.1661585090986313,0.1679520214803501,0.12079788530071962,0.11109598070418897,4169.138994533511,48.34785652279253,151.26204930630425,,,True,0,0,0,0.98,3,False,2060,0.0,0.06709970173075737,,4.602273800002877,2,99060,26.60400339998887
a10-scale,waxman-n500-load0.7-random_node_30-centralised-deg4.0,waxman,500,0.7,random_node_30,CENTRALISED,cspf,15,7472721564493655900,0.35422549429271116,0.44351376163817663,0.45209238442598343,0.3299251846188691,0.23709337189891325,10839.976592307186,72.47149716109266,154.63714441882559,,,True,301,0,0,0.98,3,False,2036,0.30000000000000004,0.37275218466668775,,21.261359099997208,2,62654,110.21054699999513
a10-scale,waxman-n500-load0.7-random_node_30-centralised-deg4.0,waxman,500,0.7,random_node_30,CENTRALISED,ecmp,15,7472721564493655900,0.23057139050724662,0.406682295626887,0.3060013571631072,0.17734568130651063,0.12351451198950948,7055.924873348966,61.11786092482776,152.56209643920752,,,True,240,0,0,0.98,3,False,2036,0.30000000000000004,0.4070324886506659,,26.9349768999964,2,62620,64.75159120000899
a10-scale,waxman-n500-load0.7-random_node_30-centralised-deg4.0,waxman,500,0.7,random_node_30,CENTRALISED,orbit,15,7472721564493655900,0.35190593920655006,0.4466564649077025,0.4919968406064103,0.353646309027249,0.15422911154427446,10768.993776999783,64.8085687596711,154.35590608175409,,,True,1125,2,0,0.98,3,False,2036,0.30000000000000004,0.37358171657750666,,22.033751300012227,2,62680,114.81539319999865
a10-scale,waxman-n500-load0.7-random_node_30-centralised-deg4.0,waxman,500,0.7,random_node_30,CENTRALISED,spf-reconverge,15,7472721564493655900,0.23057139050724662,0.406682295626887,0.3060013571631072,0.17734568130651063,0.12351451198950948,7055.924873348966,61.11786092482776,152.56209643920752,,,True,240,0,0,0.98,3,False,2036,0.30000000000000004,0.4070324886506659,,6.44585809999262,2,62620,43.60026039998047
a10-scale,waxman-n500-load0.7-random_node_30-centralised-deg4.0,waxman,500,0.7,random_node_30,CENTRALISED,spf-static,15,7472721564493655900,0.1643892279085935,0.21372028858572084,0.197450695871628,0.16013927134744035,0.10807151375621812,5030.6243092827335,40.680479854368116,151.0975376107828,,,True,0,0,0,0.98,3,False,2036,0.0,0.13873848715594975,,4.614102499996079,2,93340,29.573836099996697
a10-scale,waxman-n500-load0.7-random_node_30-centralised-deg4.0,waxman,500,0.7,random_node_30,CENTRALISED,cspf,16,9453796533598230493,0.3075909911746908,0.5326914826725762,0.416241739439919,0.24501345370434072,0.1555653520043928,9927.779951126884,82.04419520301171,204.75813669518953,,,True,297,0,0,0.98,3,False,2020,0.30000000000000004,0.47464471681494697,,20.63951419998193,2,62424,96.28649070000392
a10-scale,waxman-n500-load0.7-random_node_30-centralised-deg4.0,waxman,500,0.7,random_node_30,CENTRALISED,ecmp,16,9453796533598230493,0.22625491996305921,0.47707985693526417,0.3108703252213033,0.15649421813076067,0.0920811242651778,7302.584024567165,74.17778472120104,201.78861318533347,,,True,277,0,0,0.98,3,False,2020,0.30000000000000004,0.4609067687370062,,26.822214699961478,2,62434,68.48955050000222
a10-scale,waxman-n500-load0.7-random_node_30-centralised-deg4.0,waxman,500,0.7,random_node_30,CENTRALISED,orbit,16,9453796533598230493,0.31299462552557955,0.5514042805720767,0.5030188934634051,0.22207983544227594,0.11302114618329556,10102.187181218698,77.82762005298635,202.3675948371532,,,True,1130,6,0,0.98,3,False,2020,0.30000000000000004,0.4880128785141906,,21.680322500003967,2,62432,97.4842759000021
a10-scale,waxman-n500-load0.7-random_node_30-centralised-deg4.0,waxman,500,0.7,random_node_30,CENTRALISED,spf-reconverge,16,9453796533598230493,0.22625491996305921,0.47707985693526417,0.3108703252213033,0.15649421813076067,0.0920811242651778,7302.584024567165,74.17778472120104,201.78861318533347,,,True,277,0,0,0.98,3,False,2020,0.30000000000000004,0.4609067687370062,,6.376133500016294,2,62434,47.33171290002065
a10-scale,waxman-n500-load0.7-random_node_30-centralised-deg4.0,waxman,500,0.7,random_node_30,CENTRALISED,spf-static,16,9453796533598230493,0.1481686668856162,0.20264864140376276,0.18633904235398208,0.1268692630003316,0.10825183934614376,4782.278944108601,38.877323095567725,151.33349534983913,,,True,0,0,0,0.98,3,False,2020,0.0,0.10495560438889727,,4.400526100042043,2,97890,29.403521200001705
a10-scale,waxman-n500-load0.7-random_node_30-centralised-deg4.0,waxman,500,0.7,random_node_30,CENTRALISED,cspf,17,2221112136637394751,0.3233989681193367,0.5436288743775459,0.3742459345575494,0.28617731575085453,0.1924103944780392,9962.957467148623,79.6117580519822,203.2616827162854,,,True,308,0,0,0.98,3,False,1984,0.30000000000000004,0.49148380540403996,,20.241735899995547,2,62172,78.62395219999598
a10-scale,waxman-n500-load0.7-random_node_30-centralised-deg4.0,waxman,500,0.7,random_node_30,CENTRALISED,ecmp,17,2221112136637394751,0.23044255053280369,0.512543394032075,0.2737363677762676,0.15978459366662864,0.11674597682346916,7099.247542225828,65.72017267526071,201.1519998758108,,,True,286,0,0,0.98,3,False,1984,0.30000000000000004,0.5260886994350544,,25.819871800020337,2,62192,66.57661089999601
a10-scale,waxman-n500-load0.7-random_node_30-centralised-deg4.0,waxman,500,0.7,random_node_30,CENTRALISED,orbit,17,2221112136637394751,0.3198619496077082,0.5688686910956122,0.4313408539084127,0.2519595228849688,0.15678217395196392,9853.992478185302,72.9370582596648,154.7465947446959,,,True,1140,6,0,0.98,3,False,1984,0.30000000000000004,0.5155631292316327,,21.5637762999977,2,62192,80.16098990000319
a10-scale,waxman-n500-load0.7-random_node_30-centralised-deg4.0,waxman,500,0.7,random_node_30,CENTRALISED,spf-reconverge,17,2221112136637394751,0.23044255053280369,0.512543394032075,0.2737363677762676,0.15978459366662864,0.11674597682346916,7099.247542225828,65.72017267526071,201.1519998758108,,,True,286,0,0,0.98,3,False,1984,0.30000000000000004,0.5260886994350544,,6.2444337000197265,2,62192,45.69298930000514
a10-scale,waxman-n500-load0.7-random_node_30-centralised-deg4.0,waxman,500,0.7,random_node_30,CENTRALISED,spf-static,17,2221112136637394751,0.1381677641315043,0.21559366378338363,0.15788810004634662,0.10760974152273903,0.11544802356613239,4256.536640726817,36.84513744470081,151.12342168190946,,,True,0,0,0,0.98,3,False,1984,0.0,0.1295923581524354,,4.456192500016186,2,98800,26.22646309999982
a10-scale,waxman-n500-load0.7-random_node_30-centralised-deg4.0,waxman,500,0.7,random_node_30,CENTRALISED,cspf,18,4557340550660053553,0.3161141775051331,0.42984476321049364,0.3804586944329487,0.30658398057797837,0.19771652833724235,9746.962648970966,73.45554367089652,156.94602838145752,,,True,290,0,0,0.98,3,False,2014,0.30000000000000004,0.3692823792111771,,16.161493599967798,2,66300,65.87488489999669
a10-scale,waxman-n500-load0.7-random_node_30-centralised-deg4.0,waxman,500,0.7,random_node_30,CENTRALISED,ecmp,18,4557340550660053553,0.21471798679906368,0.3991008084526283,0.2864189007007088,0.1628283714729627,0.1050665178176711,6620.545190064216,70.83377572348523,201.72675759878967,,,True,249,0,0,0.98,3,False,2014,0.30000000000000004,0.3841511652654322,,26.68358270000317,2,66278,53.18098230002215
a10-scale,waxman-n500-load0.7-random_node_30-centralised-deg4.0,waxman,500,0.7,random_node_30,CENTRALISED,orbit,18,4557340550660053553,0.3201268410860004,0.4388421140837962,0.43296722651433267,0.32000046774083446,0.13869456796852261,9870.687824330951,67.06804497356346,155.36586679353027,,,True,1106,2,0,0.98,3,False,2014,0.30000000000000004,0.37306596070043424,,17.083046400017338,2,66286,68.0294877999986
a10-scale,waxman-n500-load0.7-random_node_30-centralised-deg4.0,waxman,500,0.7,random_node_30,CENTRALISED,spf-reconverge,18,4557340550660053553,0.21471798679906368,0.3991008084526283,0.2864189007007088,0.1628283714729627,0.1050665178176711,6620.545190064216,70.83377572348523,201.72675759878967,,,True,249,0,0,0.98,3,False,2014,0.30000000000000004,0.3841511652654322,,6.205080399988219,2,66278,43.51853040000424
a10-scale,waxman-n500-load0.7-random_node_30-centralised-deg4.0,waxman,500,0.7,random_node_30,CENTRALISED,spf-static,18,4557340550660053553,0.1437076955278465,0.25119438479422346,0.14025907410898752,0.13304705580282528,0.09624680414611432,4431.036759358466,42.128912466337304,151.28211122999738,,,True,0,0,0,0.98,3,False,2014,0.0,0.18282030688075468,,4.522902400000021,2,98150,28.28758679999737
a10-scale,waxman-n500-load0.7-random_node_30-centralised-deg4.0,waxman,500,0.7,random_node_30,CENTRALISED,cspf,19,14733351052661382029,0.3799586792151789,0.5150703122505941,0.4630286962109054,0.3516137568846493,0.2614998755686172,9819.140046482577,60.56659437527849,153.67857138896844,,,True,295,0,0,0.98,3,False,1920,0.30000000000000004,0.47874522892630605,,15.321508000022732,2,66536,57.908777100004954
a10-scale,waxman-n500-load0.7-random_node_30-centralised-deg4.0,waxman,500,0.7,random_node_30,CENTRALISED,ecmp,19,14733351052661382029,0.2562356200663946,0.4802208019396638,0.34799780598221347,0.2005867664538754,0.11712662095359519,6621.808043775087,59.63672877733402,152.63820672429057,,,True,240,0,0,0.98,3,False,1920,0.30000000000000004,0.4641208878755798,,20.508316699997522,2,66520,41.60445129999425
a10-scale,waxman-n500-load0.7-random_node_30-centralised-deg4.0,waxman,500,0.7,random_node_30,CENTRALISED,orbit,19,14733351052661382029,0.3904378688169047,0.5094840468590526,0.47974485087667634,0.4112212731429089,0.20587052241143206,10089.950100053473,39.99330909413918,104.48428889041043,,,True,1107,0,0,0.98,3,False,1920,0.30000000000000004,0.4713950236886351,,16.514893999992637,2,66550,61.3700353000022
a10-scale,waxman-n500-load0.7-random_node_30-centralised-deg4.0,waxman,500,0.7,random_node_30,CENTRALISED,spf-reconverge,19,14733351052661382029,0.2562356200663946,0.4802208019396638,0.34799780598221347,0.2005867664538754,0.11712662095359519,6621.808043775087,59.63672877733402,152.63820672429057,,,True,240,0,0,0.98,3,False,1920,0.30000000000000004,0.4641208878755798,,6.399539100006223,2,66520,36.42632849997608
a10-scale,waxman-n500-load0.7-random_node_30-centralised-deg4.0,waxman,500,0.7,random_node_30,CENTRALISED,spf-static,19,14733351052661382029,0.15209206153329002,0.20884504896176298,0.19922382580168965,0.15109683111823777,0.07497358996738769,3930.462268261196,39.165308089354454,151.149802814444,,,True,0,0,0,0.98,3,False,1920,0.0,0.1125516455159016,,4.474966299982043,2,97240,29.45511670000269
a10-scale,waxman-n500-load0.7-random_node_30-centralised-deg4.0,waxman,500,0.7,random_node_30,CENTRALISED,cspf,20,5475103806827836318,0.28448066292054,0.46021399601024654,0.3523898509142197,0.25665769760956125,0.1511102586557399,9096.971837553452,83.34368864833232,202.04138604275005,,,True,295,0,0,0.98,3,False,2022,0.30000000000000004,0.400753281606557,,10.287589699990349,2,66182,35.691153899999335
a10-scale,waxman-n500-load0.7-random_node_30-centralised-deg4.0,waxman,500,0.7,random_node_30,CENTRALISED,ecmp,20,5475103806827836318,0.21430677430740194,0.4417137232497133,0.27094810913890494,0.15678032851258897,0.10328668360987354,6852.988426197171,71.37076172988168,201.72883073350502,,,True,260,0,0,0.98,3,False,2022,0.30000000000000004,0.4376336900983059,,15.260731899994425,2,66170,27.320322799991118
a10-scale,waxman-n500-load0.7-random_node_30-centralised-deg4.0,waxman,500,0.7,random_node_30,CENTRALISED,orbit,20,5475103806827836318,0.30113507450766963,0.47823267554228416,0.437371968787446,0.23563475178535231,0.150116420808274,9629.537782893154,75.40238650175147,203.15535666463353,,,True,1129,5,0,0.98,3,False,2022,0.30000000000000004,0.41904838873201533,,9.375678500015056,2,66196,39.25355270001455
a10-scale,waxman-n500-load0.7-random_node_30-centralised-deg4.0,waxman,500,0.7,random_node_30,CENTRALISED,spf-reconverge,20,5475103806827836318,0.21430677430740194,0.4417137232497133,0.27094810913890494,0.15678032851258897,0.10328668360987354,6852.988426197171,71.37076172988168,201.72883073350502,,,True,260,0,0,0.98,3,False,2022,0.30000000000000004,0.4376336900983059,,5.423476600000868,2,66170,23.778848999994807
a10-scale,waxman-n500-load0.7-random_node_30-centralised-deg4.0,waxman,500,0.7,random_node_30,CENTRALISED,spf-static,20,5475103806827836318,0.14158060145816584,0.22526254105188492,0.14730492896348182,0.1276348812516647,0.10600304523674403,4527.389422487953,35.188647914403326,151.24640969431053,,,True,0,0,0,0.98,3,False,2022,0.0,0.14550122422120426,,4.47470500000054,2,99450,20.366649700008566
a10-scale,waxman-n500-load0.7-random_node_30-centralised-deg4.0,waxman,500,0.7,random_node_30,CENTRALISED,cspf,21,237471566697061614,0.3228626091199261,0.46475485497225627,0.4157719454881005,0.2902315244058026,0.19003167613049304,9974.637915743077,73.54594753171327,201.0653218030196,,,True,297,0,0,0.98,3,False,2042,0.30000000000000004,0.41188207361821605,,6.796910000004573,2,64362,35.60191699999268
a10-scale,waxman-n500-load0.7-random_node_30-centralised-deg4.0,waxman,500,0.7,random_node_30,CENTRALISED,ecmp,21,237471566697061614,0.23268040376863033,0.45426310311286866,0.29716485623645233,0.1520216814070558,0.14668639571570882,7188.515213971085,66.65372948951683,200.75697856754704,,,True,253,0,0,0.98,3,False,2042,0.30000000000000004,0.4385759934570001,,8.306864899990615,2,64336,21.65618070002529
a10-scale,waxman-n500-load0.7-random_node_30-centralised-deg4.0,waxman,500,0.7,random_node_30,CENTRALISED,orbit,21,237471566697061614,0.3337142129560843,0.4727900947073222,0.4953351157629104,0.28335165311986693,0.1599097714888241,10309.891413711808,72.61408192164582,201.63874244253395,,,True,1128,2,0,0.98,3,False,2042,0.30000000000000004,0.40435416981924505,,6.6991553000116255,2,64380,40.714835199993104
a10-scale,waxman-n500-load0.7-random_node_30-centralised-deg4.0,waxman,500,0.7,random_node_30,CENTRALISED,spf-reconverge,21,237471566697061614,0.23268040376863033,0.45426310311286866,0.29716485623645233,0.1520216814070558,0.14668639571570882,7188.515213971085,66.65372948951683,200.75697856754704,,,True,253,0,0,0.98,3,False,2042,0.30000000000000004,0.4385759934570001,,2.0419481999997515,2,64336,15.715833399997791
a10-scale,waxman-n500-load0.7-random_node_30-centralised-deg4.0,waxman,500,0.7,random_node_30,CENTRALISED,spf-static,21,237471566697061614,0.14512938920907736,0.20672382576163853,0.1479799482983559,0.13751530474607673,0.11517312127142687,4483.68150229433,49.404866065251156,151.84765744046564,,,True,0,0,0,0.98,3,False,2042,0.0,0.11347432508509822,,1.4564342999947257,2,96720,9.432644599990454
a10-scale,waxman-n500-load0.7-random_node_30-centralised-deg4.0,waxman,500,0.7,random_node_30,CENTRALISED,cspf,22,1523198940001346117,0.3252403357980692,0.5017547918721648,0.38337801559518364,0.2945570607375057,0.20452866403184358,8710.86246975855,69.54165815384096,154.26454462370012,,,True,274,0,0,0.98,3,False,1910,0.30000000000000004,0.4451817581439656,,6.593215600005351,2,69526,34.273657999990974
a10-scale,waxman-n500-load0.7-random_node_30-centralised-deg4.0,waxman,500,0.7,random_node_30,CENTRALISED,ecmp,22,1523198940001346117,0.22959967232132053,0.48458853571316146,0.28607459703288457,0.18140674053887718,0.08777121002666233,6149.33311941478,71.87677043134919,201.81102517170436,,,True,259,0,0,0.98,3,False,1910,0.30000000000000004,0.4646331691833241,,7.6323170000105165,2,69548,21.64220740000019
a10-scale,waxman-n500-load0.7-random_node_30-centralised-deg4.0,waxman,500,0.7,random_node_30,CENTRALISED,orbit,22,1523198940001346117,0.34145361410314207,0.5027346184630438,0.4241803387603912,0.3524746608195007,0.14756755044641545,9145.100237816614,56.12633340420129,153.32242964896352,,,True,1102,3,0,0.98,3,False,1910,0.30000000000000004,0.4412119012983795,,6.262157700024545,2,69526,41.84332110002288
a10-scale,waxman-n500-load0.7-random_node_30-centralised-deg4.0,waxman,500,0.7,random_node_30,CENTRALISED,spf-reconverge,22,1523198940001346117,0.22959967232132053,0.48458853571316146,0.28607459703288457,0.18140674053887718,0.08777121002666233,6149.33311941478,71.87677043134919,201.81102517170436,,,True,259,0,0,0.98,3,False,1910,0.30000000000000004,0.4646331691833241,,1.7742469999939203,2,69548,15.47577089999686
a10-scale,waxman-n500-load0.7-random_node_30-centralised-deg4.0,waxman,500,0.7,random_node_30,CENTRALISED,spf-static,22,1523198940001346117,0.1255814160534898,0.18632361324250077,0.12873077046990636,0.11825561081948964,0.09618852254478612,3363.4279749319207,39.504730299585965,151.4791753883056,,,True,0,0,0,0.98,3,False,1910,0.0,0.08169304974589646,,1.4220776000292972,2,102700,9.417968299996573
a10-scale,waxman-n500-load0.7-random_node_30-centralised-deg4.0,waxman,500,0.7,random_node_30,CENTRALISED,cspf,23,15846763421548380160,0.37095791460942257,0.46094384552979323,0.4647840987030478,0.3349237827455229,0.28065217313836893,10133.954598337878,69.42592470447902,154.27445235815068,,,True,306,0,0,0.98,3,False,2120,0.30000000000000004,0.38384332008556016,,6.537146999995457,2,65818,45.55927070000325
a10-scale,waxman-n500-load0.7-random_node_30-centralised-deg4.0,waxman,500,0.7,random_node_30,CENTRALISED,ecmp,23,15846763421548380160,0.2454972444870845,0.42655214248340795,0.3273782073578841,0.1916951375520331,0.13945747387609558,6706.577300739373,65.42051918699423,201.03831392108214,,,True,259,0,0,0.98,3,False,2120,0.30000000000000004,0.38938978914395583,,8.187044499994954,2,65778,24.080556500004604
a10-scale,waxman-n500-load0.7-random_node_30-centralised-deg4.0,waxman,500,0.7,random_node_30,CENTRALISED,orbit,23,15846763421548380160,0.3742574359499732,0.4620468253547888,0.5009870051527716,0.38570119400549335,0.18914273498818207,10224.09204559141,52.465703541362274,152.9603906438138,,,True,1123,2,0,0.98,3,False,2120,0.30000000000000004,0.3839979922155896,,6.924068299966166,2,65802,49.20624189998489
a10-scale,waxman-n500-load0.7-random_node_30-centralised-deg4.0,waxman,500,0.7,random_node_30,CENTRALISED,spf-reconverge,23,15846763421548380160,0.2454972444870845,0.42655214248340795,0.3273782073578841,0.1916951375520331,0.13945747387609558,6706.577300739373,65.42051918699423,201.03831392108214,,,True,259,0,0,0.98,3,False,2120,0.30000000000000004,0.38938978914395583,,2.1396805999975186,2,65778,17.439885800005868
a10-scale,waxman-n500-load0.7-random_node_30-centralised-deg4.0,waxman,500,0.7,random_node_30,CENTRALISED,spf-static,23,15846763421548380160,0.15040355627509192,0.19667025984683076,0.19739051950851813,0.13533639742318387,0.10043088364099302,4108.775552949537,37.850412853743165,151.27621305551028,,,True,0,0,0,0.98,3,False,2120,0.0,0.09453192981227689,,1.5171434999792837,2,98930,10.443001600011485
a10-scale,waxman-n500-load0.7-random_node_30-centralised-deg4.0,waxman,500,0.7,random_node_30,CENTRALISED,cspf,24,9143021428982950563,0.28843908361188086,0.4980778931060681,0.35325062265141594,0.22457928231554428,0.1935674573917945,9135.569674229884,78.59937103498298,202.3165761883287,,,True,306,0,0,0.98,3,False,2052,0.30000000000000004,0.43659777675510736,,6.278756300016539,2,64404,37.11121179998736
a10-scale,waxman-n500-load0.7-random_node_30-centralised-deg4.0,waxman,500,0.7,random_node_30,CENTRALISED,ecmp,24,9143021428982950563,0.20577028374877274,0.43816316529801647,0.26594303578589557,0.12888070430544082,0.12045850258813746,6517.247040634877,80.9767660232385,202.46339081151277,,,True,303,0,0,0.98,3,False,2052,0.30000000000000004,0.4238200521308619,,8.102994799963199,2,64436,20.597128800000064
a10-scale,waxman-n500-load0.7-random_node_30-centralised-deg4.0,waxman,500,0.7,random_node_30,CENTRALISED,orbit,24,9143021428982950563,0.2887202611255782,0.5154226940979197,0.40528707753885324,0.22111045388707176,0.13931922038246145,9144.47525226405,79.94554083215652,203.49973324216108,,,True,1141,8,0,0.98,3,False,2052,0.30000000000000004,0.4478014877534111,,6.780736600019736,2,64404,40.79053999998723
a10-scale,waxman-n500-load0.7-random_node_30-centralised-deg4.0,waxman,500,0.7,random_node_30,CENTRALISED,spf-reconverge,24,9143021428982950563,0.20577028374877274,0.43816316529801647,0.26594303578589557,0.12888070430544082,0.12045850258813746,6517.247040634877,80.9767660232385,202.46339081151277,,,True,303,0,0,0.98,3,False,2052,0.30000000000000004,0.4238200521308619,,2.1236696999985725,2,64436,14.584906900010537
a10-scale,waxman-n500-load0.7-random_node_30-centralised-deg4.0,waxman,500,0.7,random_node_30,CENTRALISED,spf-static,24,9143021428982950563,0.11483873947260467,0.1786511934254572,0.13167754439976204,0.09591096486525744,0.08802167003814976,3637.223127377528,44.64294834467813,151.5541806713863,,,True,0,0,0,0.98,3,False,2052,0.0,0.07952459948712746,,1.3660005000128876,2,103220,8.607364399998914
a10-scale,waxman-n500-load0.7-random_node_30-centralised-deg4.0,waxman,500,0.7,random_node_30,CENTRALISED,cspf,25,16286048712132584207,0.3284206814914777,0.4804243361708701,0.4327936644101829,0.2838784962705646,0.1970093674196998,9941.976312468734,75.95063638391873,201.9624633776139,,,True,311,0,0,0.98,3,False,2058,0.30000000000000004,0.4136270536199646,,10.384353399975225,2,63996,41.03190270002233
a10-scale,waxman-n500-load0.7-random_node_30-centralised-deg4.0,waxman,500,0.7,random_node_30,CENTRALISED,ecmp,25,16286048712132584207,0.21020862448287583,0.44173702870670833,0.27780942776716455,0.1387015912810948,0.10498262605985399,6363.451764957191,71.36019531995184,201.6215045376782,,,True,275,0,0,0.98,3,False,2058,0.30000000000000004,0.40237687904704067,,8.570469700003741,2,63990,24.49921650000033
a10-scale,waxman-n500-load0.7-random_node_30-centralised-deg4.0,waxman,500,0.7,random_node_30,CENTRALISED,orbit,25,16286048712132584207,0.3343286904473726,0.48092128884222046,0.480781865551537,0.3001912549150021,0.15060862737379652,10120.824017267998,67.44224482748841,154.29065520414193,,,True,1133,3,0,0.98,3,False,2058,0.30000000000000004,0.41092115699100223,,6.880042400007369,2,63998,46.12055990000954
a10-scale,waxman-n500-load0.7-random_node_30-centralised-deg4.0,waxman,500,0.7,random_node_30,CENTRALISED,spf-reconverge,25,16286048712132584207,0.21020862448287583,0.44173702870670833,0.27780942776716455,0.1387015912810948,0.10498262605985399,6363.451764957191,71.36019531995184,201.6215045376782,,,True,275,0,0,0.98,3,False,2058,0.30000000000000004,0.40237687904704067,,1.9952956000051927,2,63990,14.391786599997431
a10-scale,waxman-n500-load0.7-random_node_30-centralised-deg4.0,waxman,500,0.7,random_node_30,CENTRALISED,spf-static,25,16286048712132584207,0.1368044010651443,0.21145476251661058,0.15966455678647595,0.10729935001214942,0.11051618658446521,4141.35342711793,39.53006176656996,151.315611003787,,,True,0,0,0,0.98,3,False,2058,0.0,0.11026055094892283,,1.2902756000112277,2,99190,8.797587899985956
a10-scale,waxman-n500-load0.7-random_node_30-centralised-deg4.0,waxman,500,0.7,random_node_30,CENTRALISED,cspf,26,1247965846869649170,0.2971921929940275,0.4537960512727646,0.40440171861059293,0.2302193187020317,0.1917468924793724,8868.421114349003,77.79772530192115,160.32146163368338,,,True,317,0,0,0.98,3,False,2036,0.30000000000000004,0.38896791209658704,,6.015123799967114,2,63922,36.85246220001136
a10-scale,waxman-n500-load0.7-random_node_30-centralised-deg4.0,waxman,500,0.7,random_node_30,CENTRALISED,ecmp,26,1247965846869649170,0.2075460077668713,0.44381817827605413,0.26900883140926907,0.12346061476223964,0.1225120954017194,6193.316785799797,79.40090023367874,203.46490212177505,,,True,310,0,0,0.98,3,False,2036,0.30000000000000004,0.4178715068595447,,7.94811570001184,2,63930,25.342882900004042
a10-scale,waxman-n500-load0.7-random_node_30-centralised-deg4.0,waxman,500,0.7,random_node_30,CENTRALISED,orbit,26,1247965846869649170,0.31297635623708847,0.4717885078894712,0.4623572130317297,0.2528070201443747,0.15505778608812973,9339.431490385045,71.0959973167227,201.63036935541527,,,True,1162,3,0,0.98,3,False,2036,0.30000000000000004,0.40351160808775255,,6.493639900028938,2,63928,39.95925139999599
a10-scale,waxman-n500-load0.7-random_node_30-centralised-deg4.0,waxman,500,0.7,random_node_30,CENTRALISED,spf-reconverge,26,1247965846869649170,0.2075460077668713,0.44381817827605413,0.26900883140926907,0.12346061476223964,0.1225120954017194,6193.316785799797,79.40090023367874,203.46490212177505,,,True,310,0,0,0.98,3,False,2036,0.30000000000000004,0.4178715068595447,,2.106714900000952,2,63930,15.20746639999561
a10-scale,waxman-n500-load0.7-random_node_30-centralised-deg4.0,waxman,500,0.7,random_node_30,CENTRALISED,spf-static,26,1247965846869649170,0.11220247190862236,0.16930241830865556,0.13050939244563436,0.09483346681935341,0.08403378291775898,3348.199563830987,40.214776541468794,151.3162564527922,,,True,0,0,0,0.98,3,False,2036,0.0,0.06215823204289285,,1.2594809999864083,2,103610,8.088155400007963
a10-scale,waxman-n500-load0.7-random_node_30-centralised-deg4.0,waxman,500,0.7,random_node_30,CENTRALISED,cspf,27,413802985119539521,0.3194963389769946,0.48344288285520104,0.39166720582900755,0.2871088320346729,0.1976632022601362,10064.478307288595,77.14366437155915,201.16704307638233,,,True,295,0,0,0.98,3,False,2014,0.30000000000000004,0.41132381634398363,,6.265653899987228,2,63432,38.27312890000758
a10-scale,waxman-n500-load0.7-random_node_30-centralised-deg4.0,waxman,500,0.7,random_node_30,CENTRALISED,ecmp,27,413802985119539521,0.21381418315326034,0.4537337054410303,0.2601586996100933,0.16283722591203095,0.1002764168755457,6735.37673397744,70.13069333991109,152.743639461611,,,True,275,0,0,0.98,3,False,2014,0.30000000000000004,0.4672194164945355,,8.18735520003247,2,63470,24.987909699993907
a10-scale,waxman-n500-load0.7-random_node_30-centralised-deg4.0,waxman,500,0.7,random_node_30,CENTRALISED,orbit,27,413802985119539521,0.3278607345700388,0.4975336098298934,0.4474312625990892,0.2909981138417343,0.16131084826493203,10327.96576467018,75.38676045373842,202.8308150339062,,,True,1130,6,0,0.98,3,False,2014,0.30000000000000004,0.4256849359679879,,7.289706399984425,2,63470,41.62542959998245
a10-scale,waxman-n500-load0.7-random_node_30-centralised-deg4.0,waxman,500,0.7,random_node_30,CENTRALISED,spf-reconverge,27,413802985119539521,0.21381418315326034,0.4537337054410303,0.2601586996100933,0.16283722591203095,0.1002764168755457,6735.37673397744,70.13069333991109,152.743639461611,,,True,275,0,0,0.98,3,False,2014,0.30000000000000004,0.4672194164945355,,2.0726969999959692,2,63470,18.63847489998443
a10-scale,waxman-n500-load0.7-random_node_30-centralised-deg4.0,waxman,500,0.7,random_node_30,CENTRALISED,spf-static,27,413802985119539521,0.13337702716039557,0.19620124655054888,0.14791689356021986,0.13219424707478492,0.08400989589515934,4201.519807221017,41.30945441894482,151.14316208262068,,,True,0,0,0,0.98,3,False,2014,0.0,0.11235112119857225,,1.3525100000260863,2,98670,8.933349599974463
a10-scale,waxman-n500-load0.7-random_node_30-centralised-deg4.0,waxman,500,0.7,random_node_30,CENTRALISED,cspf,28,14323194567629808126,0.35370299605572336,0.44312953793425347,0.39278854930478735,0.3573743914237501,0.25576247047043993,8937.16203072065,57.847083516155685,153.7839573193426,,,True,288,0,0,0.98,3,False,1930,0.30000000000000004,0.36475017098802914,,7.269221800001105,2,69910,34.50876190001145
a10-scale,waxman-n500-load0.7-random_node_30-centralised-deg4.0,waxman,500,0.7,random_node_30,CENTRALISED,ecmp,28,14323194567629808126,0.2365317050605575,0.4285767236645088,0.29118964902918365,0.1881508210124639,0.13289707233763814,5976.545850903103,69.09262518754595,201.29690604513513,,,True,229,0,0,0.98,3,False,1930,0.30000000000000004,0.39269848508587396,,11.638538500003051,2,69878,24.76359170000069
a10-scale,waxman-n500-load0.7-random_node_30-centralised-deg4.0,waxman,500,0.7,random_node_30,CENTRALISED,orbit,28,14323194567629808126,0.3636656750049189,0.44496357220957616,0.41982569264637754,0.4069263247034821,0.19906669116939749,9188.893220509564,45.844456026986116,107.74774643179043,,,True,1096,3,0,0.98,3,False,1930,0.30000000000000004,0.36342986333621397,,6.78299939999124,2,69908,36.10597370000323
a10-scale,waxman-n500-load0.7-random_node_30-centralised-deg4.0,waxman,500,0.7,random_node_30,CENTRALISED,spf-reconverge,28,14323194567629808126,0.2365317050605575,0.4285767236645088,0.29118964902918365,0.1881508210124639,0.13289707233763814,5976.545850903103,69.09262518754595,201.29690604513513,,,True,229,0,0,0.98,3,False,1930,0.30000000000000004,0.39269848508587396,,4.982339399983175,2,69878,18.557479299983243
a10-scale,waxman-n500-load0.7-random_node_30-centralised-deg4.0,waxman,500,0.7,random_node_30,CENTRALISED,spf-static,28,14323194567629808126,0.15307730979491618,0.20103137394917023,0.15796665278492789,0.14585204158583712,0.1289907594474694,3867.868624580314,39.61930802138063,151.2082551482208,,,True,0,0,0,0.98,3,False,1930,0.0,0.10041085382929393,,1.4223696000117343,2,99190,13.703185899998061
a10-scale,waxman-n500-load0.7-random_node_30-centralised-deg4.0,waxman,500,0.7,random_node_30,CENTRALISED,cspf,29,6733472525400347360,0.3751301675503898,0.4180557921119177,0.49513369500140386,0.3645974501560227,0.23813596261449707,10942.537194126335,73.16063421636439,155.86816895156898,,,True,316,0,0,0.98,3,False,2058,0.30000000000000004,0.3341722418306796,,6.1647231000242755,2,63190,37.380581000004895
a10-scale,waxman-n500-load0.7-random_node_30-centralised-deg4.0,waxman,500,0.7,random_node_30,CENTRALISED,ecmp,29,6733472525400347360,0.24837374751820687,0.39483967933110903,0.3664786060354412,0.20095851250877436,0.09944406250072288,7245.055730948231,66.09017136874999,152.56703710693307,,,True,269,0,0,0.98,3,False,2058,0.30000000000000004,0.363996919930724,,7.9853257999930065,2,63198,21.415090299997246
a10-scale,waxman-n500-load0.7-random_node_30-centralised-deg4.0,waxman,500,0.7,random_node_30,CENTRALISED,orbit,29,6733472525400347360,0.3777791792984961,0.42050834807665716,0.5158273068532401,0.3979225680824302,0.18040760088761287,11019.80879766229,56.733848220917146,153.14444371397133,,,True,1115,3,0,0.98,3,False,2058,0.30000000000000004,0.3349375113125665,,6.442475699994247,2,63182,41.78978469999856
a10-scale,waxman-n500-load0.7-random_node_30-centralised-deg4.0,waxman,500,0.7,random_node_30,CENTRALISED,spf-reconverge,29,6733472525400347360,0.24837374751820687,0.39483967933110903,0.3664786060354412,0.20095851250877436,0.09944406250072288,7245.055730948231,66.09017136874999,152.56703710693307,,,True,269,0,0,0.98,3,False,2058,0.30000000000000004,0.363996919930724,,1.9541091999853961,2,63198,15.52732660001493
a10-scale,waxman-n500-load0.7-random_node_30-centralised-deg4.0,waxman,500,0.7,random_node_30,CENTRALISED,spf-static,29,6733472525400347360,0.1490373634906606,0.21513827647191425,0.16092152926492964,0.14916978971408887,0.09558430009729679,4347.416002185466,40.828284596419756,151.38558441063842,,,True,0,0,0,0.98,3,False,2058,0.0,0.12632123692772745,,1.2923652000317816,2,97630,8.490132399980212
