experiment,scenario,family,nodes,offered_load,failure,control_mode,algorithm,trial,seed,pdr,pdr_critical,pdr_high,pdr_normal,pdr_low,throughput_mbps,mean_latency_ms,p95_latency_ms,time_to_restore_critical_s,time_to_restore_overall_s,censored,reroutes,preemptions,cascade_depth,time_to_converge_s,peak_restore_critical,optimality_gap,control_seconds,control_calls,blackholed_flow_ticks,wall_clock_s
a8-ablation,scale_free-n60-load0.9-congestion_surge-centralised,scale_free,60,0.9,congestion_surge,CENTRALISED,cspf,0,5972282557738229184,0.27868504011111767,0.6579341689300022,0.3681650406317796,0.1662937784532264,0.13520060943031514,4687.76302403305,108.0296546638543,204.0,0.0,0.0,True,0,0,0,0.0,1.630990606918353,,0.06377199999406002,1,0,0.9631608000054257
a8-ablation,scale_free-n60-load0.9-congestion_surge-centralised,scale_free,60,0.9,congestion_surge,CENTRALISED,orbit,0,5972282557738229184,0.28726829597764175,0.8269734369260916,0.43981644268959824,0.11040572074198814,0.07894414756704903,4832.142031463314,117.331572297753,205.02,0.0,0.0,True,150,0,0,0.0,2.0408141210730535,,0.037350500002503395,1,0,0.898976099997526
a8-ablation,scale_free-n60-load0.9-congestion_surge-centralised,scale_free,60,0.9,congestion_surge,CENTRALISED,orbit-no-damping,0,5972282557738229184,0.28726829597764175,0.8269734369260916,0.43981644268959824,0.11040572074198814,0.07894414756704903,4832.142031463314,117.331572297753,205.02,0.0,0.0,True,150,0,0,0.0,2.0408141210730535,,0.07702180001069792,1,0,0.9977779999899212
a8-ablation,scale_free-n60-load0.9-congestion_surge-centralised,scale_free,60,0.9,congestion_surge,CENTRALISED,orbit-no-fallback,0,5972282557738229184,0.26633811019925796,0.8269734369260916,0.47629968695208563,0.052495614221458216,0.035673023433422026,4480.075228957771,114.0132163505516,255.0,0.0,0.0,True,86,0,0,0.0,2.0408141210730535,,0.01789170000120066,1,9600,0.6546261999901617
a8-ablation,scale_free-n60-load0.9-congestion_surge-centralised,scale_free,60,0.9,congestion_surge,CENTRALISED,orbit-no-preemption,0,5972282557738229184,0.28726829597764175,0.8269734369260916,0.43981644268959824,0.11040572074198814,0.07894414756704903,4832.142031463314,117.331572297753,205.02,0.0,0.0,True,150,0,0,0.0,2.0408141210730535,,0.07344269999885,1,0,0.8499101999914274
a8-ablation,scale_free-n60-load0.9-congestion_surge-centralised,scale_free,60,0.9,congestion_surge,CENTRALISED,orbit-no-protection,0,5972282557738229184,0.28726829597764175,0.8269734369260916,0.43981644268959824,0.11040572074198814,0.07894414756704903,4832.142031463314,117.331572297753,205.02,0.0,0.0,True,150,0,0,0.0,2.0408141210730535,,0.050379200009047054,1,0,0.8144862000044668
a8-ablation,scale_free-n60-load0.9-congestion_surge-centralised,scale_free,60,0.9,congestion_surge,CENTRALISED,orbit-restoration-only,0,5972282557738229184,0.28726829597764175,0.8269734369260916,0.43981644268959824,0.11040572074198814,0.07894414756704903,4832.142031463314,117.331572297753,205.02,0.0,0.0,True,150,0,0,0.0,2.0408141210730535,,0.03307390000554733,1,0,0.8192369000025792
a8-ablation,scale_free-n60-load0.9-congestion_surge-centralised,scale_free,60,0.9,congestion_surge,CENTRALISED,cspf,1,9654478515782580873,0.2680993131666024,0.5739620905865346,0.3084128479216602,0.17950521647048362,0.17489686638937668,4854.673716381827,99.60473352123358,204.0,0.0,0.0,True,0,0,0,0.0,1.494092057777245,,0.03549540000676643,1,0,0.8663184000033652
a8-ablation,scale_free-n60-load0.9-congestion_surge-centralised,scale_free,60,0.9,congestion_surge,CENTRALISED,orbit,1,9654478515782580873,0.26750093281921056,0.7451835484859551,0.3563527220772049,0.12522362559291988,0.10217597586193723,4843.838398265672,119.7621734314983,255.0,0.0,0.0,True,150,0,0,0.0,1.8237563402127166,,0.037604500001179986,1,0,0.9060122000082629
a8-ablation,scale_free-n60-load0.9-congestion_surge-centralised,scale_free,60,0.9,congestion_surge,CENTRALISED,orbit-no-damping,1,9654478515782580873,0.26750093281921056,0.7451835484859551,0.3563527220772049,0.12522362559291988,0.10217597586193723,4843.838398265672,119.7621734314983,255.0,0.0,0.0,True,150,0,0,0.0,1.8237563402127166,,0.07604299999366049,1,0,0.6916818000026979
a8-ablation,scale_free-n60-load0.9-congestion_surge-centralised,scale_free,60,0.9,congestion_surge,CENTRALISED,orbit-no-fallback,1,9654478515782580873,0.2428123875266578,0.7451835484859551,0.3753264662431365,0.10031543190315856,0.022093355417113977,4396.784541574223,117.81717300006927,255.0,0.0,0.0,True,77,0,0,0.0,1.8237563402127166,,0.021301500004483387,1,10950,0.6474441000027582
a8-ablation,scale_free-n60-load0.9-congestion_surge-centralised,scale_free,60,0.9,congestion_surge,CENTRALISED,orbit-no-preemption,1,9654478515782580873,0.26750093281921056,0.7451835484859551,0.3563527220772049,0.12522362559291988,0.10217597586193723,4843.838398265672,119.7621734314983,255.0,0.0,0.0,True,150,0,0,0.0,1.8237563402127166,,0.04383399999642279,1,0,0.9329724999988684
a8-ablation,scale_free-n60-load0.9-congestion_surge-centralised,scale_free,60,0.9,congestion_surge,CENTRALISED,orbit-no-protection,1,9654478515782580873,0.26750093281921056,0.7451835484859551,0.3563527220772049,0.12522362559291988,0.10217597586193723,4843.838398265672,119.7621734314983,255.0,0.0,0.0,True,150,0,0,0.0,1.8237563402127166,,0.059699000004911795,1,0,0.8332383999950252
a8-ablation,scale_free-n60-load0.9-congestion_surge-centralised,scale_free,60,0.9,congestion_surge,CENTRALISED,orbit-restoration-only,1,9654478515782580873,0.26750093281921056,0.7451835484859551,0.3563527220772049,0.12522362559291988,0.10217597586193723,4843.838398265672,119.7621734314983,255.0,0.0,0.0,True,150,0,0,0.0,1.8237563402127166,,0.04689769999822602,1,0,0.8927371000027051
a8-ablation,scale_free-n60-load0.9-congestion_surge-centralised,scale_free,60,0.9,congestion_surge,CENTRALISED,cspf,2,17757390179992861849,0.273466736372099,0.557108975155071,0.2644602221667284,0.24311182663800146,0.15486492780603303,4756.718712055715,106.23733695932953,204.0,0.0,0.0,True,0,0,0,0.0,1.3838557534432057,,0.03345259999332484,1,0,0.6553267999988748
a8-ablation,scale_free-n60-load0.9-congestion_surge-centralised,scale_free,60,0.9,congestion_surge,CENTRALISED,orbit,2,17757390179992861849,0.2695475765085798,0.7528447604406246,0.30856070247066314,0.13443350793861192,0.1208353836909956,4688.548296502967,115.46887940293043,205.09687006556945,0.0,0.0,True,150,0,0,0.0,1.8440880180924,,0.0932526999968104,1,0,0.9653662000055192
a8-ablation,scale_free-n60-load0.9-congestion_surge-centralised,scale_free,60,0.9,congestion_surge,CENTRALISED,orbit-no-damping,2,17757390179992861849,0.2695475765085798,0.7528447604406246,0.30856070247066314,0.13443350793861192,0.1208353836909956,4688.548296502967,115.46887940293043,205.09687006556945,0.0,0.0,True,150,0,0,0.0,1.8440880180924,,0.038153400004375726,1,0,0.9241192999907071
a8-ablation,scale_free-n60-load0.9-congestion_surge-centralised,scale_free,60,0.9,congestion_surge,CENTRALISED,orbit-no-fallback,2,17757390179992861849,0.2595438609147505,0.7528447604406246,0.35965707982289863,0.1075780609670011,0.06281099077945887,4514.542266422204,125.57969072830417,306.0,0.0,0.0,True,80,0,0,0.0,1.8440880180924,,0.04171340000175405,1,10500,0.858946799999103
a8-ablation,scale_free-n60-load0.9-congestion_surge-centralised,scale_free,60,0.9,congestion_surge,CENTRALISED,orbit-no-preemption,2,17757390179992861849,0.2695475765085798,0.7528447604406246,0.30856070247066314,0.13443350793861192,0.1208353836909956,4688.548296502967,115.46887940293043,205.09687006556945,0.0,0.0,True,150,0,0,0.0,1.8440880180924,,0.036628800007747486,1,0,1.0068825000053039
a8-ablation,scale_free-n60-load0.9-congestion_surge-centralised,scale_free,60,0.9,congestion_surge,CENTRALISED,orbit-no-protection,2,17757390179992861849,0.2695475765085798,0.7528447604406246,0.30856070247066314,0.13443350793861192,0.1208353836909956,4688.548296502967,115.46887940293043,205.09687006556945,0.0,0.0,True,150,0,0,0.0,1.8440880180924,,0.036595500001567416,1,0,0.9068555999983801
a8-ablation,scale_free-n60-load0.9-congestion_surge-centralised,scale_free,60,0.9,congestion_surge,CENTRALISED,orbit-restoration-only,2,17757390179992861849,0.2695475765085798,0.7528447604406246,0.30856070247066314,0.13443350793861192,0.1208353836909956,4688.548296502967,115.46887940293043,205.09687006556945,0.0,0.0,True,150,0,0,0.0,1.8440880180924,,0.04150669999944512,1,0,0.8773063999979058
a8-ablation,scale_free-n60-load0.9-congestion_surge-centralised,scale_free,60,0.9,congestion_surge,CENTRALISED,cspf,3,11489147848044058566,0.27965549229407605,0.650033212940529,0.3037729582251794,0.21784077564229218,0.1340701048747264,4803.5999081571,101.41599339479328,255.0,0.0,0.0,True,0,0,0,0.0,1.5946926110655748,,0.0477338999917265,1,0,0.9366468999942299
a8-ablation,scale_free-n60-load0.9-congestion_surge-centralised,scale_free,60,0.9,congestion_surge,CENTRALISED,orbit,3,11489147848044058566,0.271411369119949,0.7972539435572912,0.3494199774180272,0.10369331449960667,0.12795451413629347,4661.9918567749755,115.06583965826614,204.0,0.0,0.0,True,150,0,0,0.0,1.9619431579020257,,0.039901299998746254,1,0,0.6301505000010366
a8-ablation,scale_free-n60-load0.9-congestion_surge-centralised,scale_free,60,0.9,congestion_surge,CENTRALISED,orbit-no-damping,3,11489147848044058566,0.271411369119949,0.7972539435572912,0.3494199774180272,0.10369331449960667,0.12795451413629347,4661.9918567749755,115.06583965826614,204.0,0.0,0.0,True,150,0,0,0.0,1.9619431579020257,,0.09678880000137724,1,0,0.90193530000397
a8-ablation,scale_free-n60-load0.9-congestion_surge-centralised,scale_free,60,0.9,congestion_surge,CENTRALISED,orbit-no-fallback,3,11489147848044058566,0.24727919857727895,0.7972539435572912,0.37912495479636765,0.07529696723738333,0.043587150652177865,4247.4772293257765,108.17846061179849,204.0,0.0,0.0,True,82,0,0,0.0,1.9619431579020257,,0.02267520000168588,1,10200,0.8003201000101399
a8-ablation,scale_free-n60-load0.9-congestion_surge-centralised,scale_free,60,0.9,congestion_surge,CENTRALISED,orbit-no-preemption,3,11489147848044058566,0.271411369119949,0.7972539435572912,0.3494199774180272,0.10369331449960667,0.12795451413629347,4661.9918567749755,115.06583965826614,204.0,0.0,0.0,True,150,0,0,0.0,1.9619431579020257,,0.07674639999459032,1,0,0.8635185999883106
a8-ablation,scale_free-n60-load0.9-congestion_surge-centralised,scale_free,60,0.9,congestion_surge,CENTRALISED,orbit-no-protection,3,11489147848044058566,0.271411369119949,0.7972539435572912,0.3494199774180272,0.10369331449960667,0.12795451413629347,4661.9918567749755,115.06583965826614,204.0,0.0,0.0,True,150,0,0,0.0,1.9619431579020257,,0.03889319999143481,1,0,0.6277477999974508
a8-ablation,scale_free-n60-load0.9-congestion_surge-centralised,scale_free,60,0.9,congestion_surge,CENTRALISED,orbit-restoration-only,3,11489147848044058566,0.271411369119949,0.7972539435572912,0.3494199774180272,0.10369331449960667,0.12795451413629347,4661.9918567749755,115.06583965826614,204.0,0.0,0.0,True,150,0,0,0.0,1.9619431579020257,,0.06563890000688843,1,0,0.9341666999971494
a8-ablation,scale_free-n60-load0.9-congestion_surge-centralised,scale_free,60,0.9,congestion_surge,CENTRALISED,cspf,4,12811354849537844529,0.27628057028052166,0.6018279716974384,0.2902362106007452,0.24830485410329442,0.1236060952290343,4952.203608341141,98.53841332904426,204.0,0.0,0.0,True,0,0,0,0.0,1.6077668428325649,,0.03658799998811446,1,0,0.8827074000000721
a8-ablation,scale_free-n60-load0.9-congestion_surge-centralised,scale_free,60,0.9,congestion_surge,CENTRALISED,orbit,4,12811354849537844529,0.2476623095776088,0.7448579543163412,0.3250694172425247,0.11440753127337298,0.08360053013242981,4439.234296841915,129.4440647572132,306.0,0.0,0.0,True,150,0,0,0.0,1.8357703483460972,,0.08184169999731239,1,0,0.8656328000070062
a8-ablation,scale_free-n60-load0.9-congestion_surge-centralised,scale_free,60,0.9,congestion_surge,CENTRALISED,orbit-no-damping,4,12811354849537844529,0.2476623095776088,0.7448579543163412,0.3250694172425247,0.11440753127337298,0.08360053013242981,4439.234296841915,129.4440647572132,306.0,0.0,0.0,True,150,0,0,0.0,1.8357703483460972,,0.09120330000587273,1,0,1.066249900002731
a8-ablation,scale_free-n60-load0.9-congestion_surge-centralised,scale_free,60,0.9,congestion_surge,CENTRALISED,orbit-no-fallback,4,12811354849537844529,0.25438227411010256,0.74316363243609,0.40384398494722323,0.07784513238171853,0.0833091164338713,4559.686605782608,135.79722409415982,306.0,0.0,0.0,True,81,0,0,0.0,1.8914108538900631,,0.02223420000518672,1,10350,0.5548904000024777
a8-ablation,scale_free-n60-load0.9-congestion_surge-centralised,scale_free,60,0.9,congestion_surge,CENTRALISED,orbit-no-preemption,4,12811354849537844529,0.2476623095776088,0.7448579543163412,0.3250694172425247,0.11440753127337298,0.08360053013242981,4439.234296841915,129.4440647572132,306.0,0.0,0.0,True,150,0,0,0.0,1.8357703483460972,,0.038816700005554594,1,0,0.857985099995858
a8-ablation,scale_free-n60-load0.9-congestion_surge-centralised,scale_free,60,0.9,congestion_surge,CENTRALISED,orbit-no-protection,4,12811354849537844529,0.2476623095776088,0.7448579543163412,0.3250694172425247,0.11440753127337298,0.08360053013242981,4439.234296841915,129.4440647572132,306.0,0.0,0.0,True,150,0,0,0.0,1.8357703483460972,,0.03790070000104606,1,0,0.6883981999999378
a8-ablation,scale_free-n60-load0.9-congestion_surge-centralised,scale_free,60,0.9,congestion_surge,CENTRALISED,orbit-restoration-only,4,12811354849537844529,0.2476623095776088,0.7448579543163412,0.3250694172425247,0.11440753127337298,0.08360053013242981,4439.234296841915,129.4440647572132,306.0,0.0,0.0,True,150,0,0,0.0,1.8357703483460972,,0.04411679999611806,1,0,0.6774051999964286
a8-ablation,scale_free-n60-load0.9-congestion_surge-centralised,scale_free,60,0.9,congestion_surge,CENTRALISED,cspf,5,11378385887084671681,0.2884596321406138,0.6289113437102499,0.3687163546951203,0.17638582694252042,0.18182596017002917,4856.354977158655,103.30042932096403,204.0,0.0,0.0,True,0,0,0,0.0,1.5657334566179486,,0.037440100000821985,1,0,0.8689664999983506
a8-ablation,scale_free-n60-load0.9-congestion_surge-centralised,scale_free,60,0.9,congestion_surge,CENTRALISED,orbit,5,11378385887084671681,0.26639286363466996,0.7897384977642101,0.44194115567976106,0.10875121263083769,0.02817941845009543,4484.85044368754,126.04866814159905,255.0,0.0,0.0,True,150,0,0,0.0,1.9419983209896428,,0.07681980000052135,1,0,1.0430479000060586
a8-ablation,scale_free-n60-load0.9-congestion_surge-centralised,scale_free,60,0.9,congestion_surge,CENTRALISED,orbit-no-damping,5,11378385887084671681,0.26639286363466996,0.7897384977642101,0.44194115567976106,0.10875121263083769,0.02817941845009543,4484.85044368754,126.04866814159905,255.0,0.0,0.0,True,150,0,0,0.0,1.9419983209896428,,0.04109910000988748,1,0,1.0538252999976976
a8-ablation,scale_free-n60-load0.9-congestion_surge-centralised,scale_free,60,0.9,congestion_surge,CENTRALISED,orbit-no-fallback,5,11378385887084671681,0.26252741977595606,0.7897384977642101,0.466910448339312,0.07310597774721575,0.039175134109031,4419.7738595468445,120.36920510911034,255.0,0.0,0.0,True,87,0,0,0.0,1.9419983209896428,,0.05264599999645725,1,9450,0.7211892999912379
a8-ablation,scale_free-n60-load0.9-congestion_surge-centralised,scale_free,60,0.9,congestion_surge,CENTRALISED,orbit-no-preemption,5,11378385887084671681,0.26639286363466996,0.7897384977642101,0.44194115567976106,0.10875121263083769,0.02817941845009543,4484.85044368754,126.04866814159905,255.0,0.0,0.0,True,150,0,0,0.0,1.9419983209896428,,0.05657000000064727,1,0,0.8827560999925481
a8-ablation,scale_free-n60-load0.9-congestion_surge-centralised,scale_free,60,0.9,congestion_surge,CENTRALISED,orbit-no-protection,5,11378385887084671681,0.26639286363466996,0.7897384977642101,0.44194115567976106,0.10875121263083769,0.02817941845009543,4484.85044368754,126.04866814159905,255.0,0.0,0.0,True,150,0,0,0.0,1.9419983209896428,,0.03507349999563303,1,0,0.9411693000001833
a8-ablation,scale_free-n60-load0.9-congestion_surge-centralised,scale_free,60,0.9,congestion_surge,CENTRALISED,orbit-restoration-only,5,11378385887084671681,0.26639286363466996,0.7897384977642101,0.44194115567976106,0.10875121263083769,0.02817941845009543,4484.85044368754,126.04866814159905,255.0,0.0,0.0,True,150,0,0,0.0,1.9419983209896428,,0.03372700000181794,1,0,0.6875503000046592
a8-ablation,scale_free-n60-load0.9-congestion_surge-centralised,scale_free,60,0.9,congestion_surge,CENTRALISED,cspf,6,10020155590169911016,0.2735617230095004,0.6087612860460527,0.3083037132392919,0.22473606930345896,0.10283056016995021,5154.837688937435,107.18969445064452,204.0,0.0,0.0,True,0,0,0,0.0,1.6030603837511122,,0.05874670000048354,1,0,0.862333299999591
a8-ablation,scale_free-n60-load0.9-congestion_surge-centralised,scale_free,60,0.9,congestion_surge,CENTRALISED,orbit,6,10020155590169911016,0.250174624805843,0.732678869923088,0.36338444887508,0.09779364488799984,0.04246380723856988,4714.144839335419,134.97456749087024,255.0,0.0,0.0,True,150,0,0,0.0,1.790570847103588,,0.04356610000832006,1,0,0.7958436000044458
a8-ablation,scale_free-n60-load0.9-congestion_surge-centralised,scale_free,60,0.9,congestion_surge,CENTRALISED,orbit-no-damping,6,10020155590169911016,0.250174624805843,0.732678869923088,0.36338444887508,0.09779364488799984,0.04246380723856988,4714.144839335419,134.97456749087024,255.0,0.0,0.0,True,150,0,0,0.0,1.790570847103588,,0.03773729999375064,1,0,0.6950822000071639
a8-ablation,scale_free-n60-load0.9-congestion_surge-centralised,scale_free,60,0.9,congestion_surge,CENTRALISED,orbit-no-fallback,6,10020155590169911016,0.2554530568217123,0.732678869923088,0.38537898471988574,0.09399318290889763,0.044230491790533635,4813.608536209971,142.04353113447277,306.0,0.0,0.0,True,81,0,0,0.0,1.790570847103588,,0.0358700999931898,1,10350,0.5392786000011256
a8-ablation,scale_free-n60-load0.9-congestion_surge-centralised,scale_free,60,0.9,congestion_surge,CENTRALISED,orbit-no-preemption,6,10020155590169911016,0.250174624805843,0.732678869923088,0.36338444887508,0.09779364488799984,0.04246380723856988,4714.144839335419,134.97456749087024,255.0,0.0,0.0,True,150,0,0,0.0,1.790570847103588,,0.035337900000740774,1,0,0.8074760000017704
a8-ablation,scale_free-n60-load0.9-congestion_surge-centralised,scale_free,60,0.9,congestion_surge,CENTRALISED,orbit-no-protection,6,10020155590169911016,0.250174624805843,0.732678869923088,0.36338444887508,0.09779364488799984,0.04246380723856988,4714.144839335419,134.97456749087024,255.0,0.0,0.0,True,150,0,0,0.0,1.790570847103588,,0.04901889999746345,1,0,0.9452893999987282
a8-ablation,scale_free-n60-load0.9-congestion_surge-centralised,scale_free,60,0.9,congestion_surge,CENTRALISED,orbit-restoration-only,6,10020155590169911016,0.250174624805843,0.732678869923088,0.36338444887508,0.09779364488799984,0.04246380723856988,4714.144839335419,134.97456749087024,255.0,0.0,0.0,True,150,0,0,0.0,1.790570847103588,,0.04537239999626763,1,0,0.8148505999997724
a8-ablation,scale_free-n60-load0.9-congestion_surge-centralised,scale_free,60,0.9,congestion_surge,CENTRALISED,cspf,7,16537452120742963690,0.2699992829422676,0.640624632084205,0.3227687975533565,0.21043061511583053,0.12510122168440846,4745.0227058417195,93.97966863406708,204.0,0.0,0.0,True,0,0,0,0.0,1.6420848015712153,,0.047198599990224466,1,0,0.8444251000037184
a8-ablation,scale_free-n60-load0.9-congestion_surge-centralised,scale_free,60,0.9,congestion_surge,CENTRALISED,orbit,7,16537452120742963690,0.26674256330455454,0.8131406663209476,0.3824265704913938,0.11736417594213017,0.09643166574938586,4687.788447812917,113.23740636293553,204.0,0.0,0.0,True,150,0,0,0.0,2.0041040760055706,,0.03901910000422504,1,0,0.9519020000007004
a8-ablation,scale_free-n60-load0.9-congestion_surge-centralised,scale_free,60,0.9,congestion_surge,CENTRALISED,orbit-no-damping,7,16537452120742963690,0.26674256330455454,0.8131406663209476,0.3824265704913938,0.11736417594213017,0.09643166574938586,4687.788447812917,113.23740636293553,204.0,0.0,0.0,True,150,0,0,0.0,2.0041040760055706,,0.039114999992307276,1,0,0.8791517999925418
a8-ablation,scale_free-n60-load0.9-congestion_surge-centralised,scale_free,60,0.9,congestion_surge,CENTRALISED,orbit-no-fallback,7,16537452120742963690,0.2238673738435829,0.8131406663209476,0.38763630921839926,0.06428272388381648,0.002508670889875862,3934.2910855511177,111.79191553446927,255.0,0.0,0.0,True,78,0,0,0.0,2.0041040760055706,,0.03669590000936296,1,10800,0.6866519000031985
a8-ablation,scale_free-n60-load0.9-congestion_surge-centralised,scale_free,60,0.9,congestion_surge,CENTRALISED,orbit-no-preemption,7,16537452120742963690,0.26674256330455454,0.8131406663209476,0.3824265704913938,0.11736417594213017,0.09643166574938586,4687.788447812917,113.23740636293553,204.0,0.0,0.0,True,150,0,0,0.0,2.0041040760055706,,0.037582999997539446,1,0,0.9156037000066135
a8-ablation,scale_free-n60-load0.9-congestion_surge-centralised,scale_free,60,0.9,congestion_surge,CENTRALISED,orbit-no-protection,7,16537452120742963690,0.26674256330455454,0.8131406663209476,0.3824265704913938,0.11736417594213017,0.09643166574938586,4687.788447812917,113.23740636293553,204.0,0.0,0.0,True,150,0,0,0.0,2.0041040760055706,,0.03843030000280123,1,0,1.0118527000013273
a8-ablation,scale_free-n60-load0.9-congestion_surge-centralised,scale_free,60,0.9,congestion_surge,CENTRALISED,orbit-restoration-only,7,16537452120742963690,0.26674256330455454,0.8131406663209476,0.3824265704913938,0.11736417594213017,0.09643166574938586,4687.788447812917,113.23740636293553,204.0,0.0,0.0,True,150,0,0,0.0,2.0041040760055706,,0.053860900006839074,1,0,0.7443009999988135
a8-ablation,scale_free-n60-load0.9-congestion_surge-centralised,scale_free,60,0.9,congestion_surge,CENTRALISED,cspf,8,13402484480912810144,0.3064897153821708,0.6350400107733268,0.36651007939942454,0.22857809137454632,0.16499862852955174,5205.324433104351,102.37509598850447,204.0,0.0,0.0,True,0,0,0,0.0,1.5591347625357561,,0.03559349999704864,1,0,0.8728209999972023
a8-ablation,scale_free-n60-load0.9-congestion_surge-centralised,scale_free,60,0.9,congestion_surge,CENTRALISED,orbit,8,13402484480912810144,0.3019093917844122,0.8024445541267707,0.3483494137130953,0.20794850540370585,0.09751999071317428,5127.533665132877,112.08890217240669,204.0,0.0,0.0,True,150,0,0,0.0,1.9757182397979436,,0.039648500009207055,1,0,0.9204275999945821
a8-ablation,scale_free-n60-load0.9-congestion_surge-centralised,scale_free,60,0.9,congestion_surge,CENTRALISED,orbit-no-damping,8,13402484480912810144,0.3019093917844122,0.8024445541267707,0.3483494137130953,0.20794850540370585,0.09751999071317428,5127.533665132877,112.08890217240669,204.0,0.0,0.0,True,150,0,0,0.0,1.9757182397979436,,0.04414779999933671,1,0,0.8044537999958266
a8-ablation,scale_free-n60-load0.9-congestion_surge-centralised,scale_free,60,0.9,congestion_surge,CENTRALISED,orbit-no-fallback,8,13402484480912810144,0.27086166192951683,0.8024445541267707,0.41261079315625004,0.11001950427015125,0.04631488687007741,4600.228836634506,111.8310433832225,204.0,0.0,0.0,True,87,0,0,0.0,1.9757182397979436,,0.052356300002429634,1,9450,0.5905805999937002
a8-ablation,scale_free-n60-load0.9-congestion_surge-centralised,scale_free,60,0.9,congestion_surge,CENTRALISED,orbit-no-preemption,8,13402484480912810144,0.3019093917844122,0.8024445541267707,0.3483494137130953,0.20794850540370585,0.09751999071317428,5127.533665132877,112.08890217240669,204.0,0.0,0.0,True,150,0,0,0.0,1.9757182397979436,,0.041180500003974885,1,0,0.9247839000017848
a8-ablation,scale_free-n60-load0.9-congestion_surge-centralised,scale_free,60,0.9,congestion_surge,CENTRALISED,orbit-no-protection,8,13402484480912810144,0.3019093917844122,0.8024445541267707,0.3483494137130953,0.20794850540370585,0.09751999071317428,5127.533665132877,112.08890217240669,204.0,0.0,0.0,True,150,0,0,0.0,1.9757182397979436,,0.0378744000045117,1,0,0.7758313000085764
a8-ablation,scale_free-n60-load0.9-congestion_surge-centralised,scale_free,60,0.9,congestion_surge,CENTRALISED,orbit-restoration-only,8,13402484480912810144,0.3019093917844122,0.8024445541267707,0.3483494137130953,0.20794850540370585,0.09751999071317428,5127.533665132877,112.08890217240669,204.0,0.0,0.0,True,150,0,0,0.0,1.9757182397979436,,0.036351899994770065,1,0,0.809980899997754
a8-ablation,scale_free-n60-load0.9-congestion_surge-centralised,scale_free,60,0.9,congestion_surge,CENTRALISED,cspf,9,5087055666456164935,0.2610644618104367,0.5045185871796731,0.40025300029916666,0.17820407127945365,0.09757724581866407,5067.44251959819,102.99347012258309,204.0,0.0,0.0,True,0,0,0,0.0,1.4524339787974099,,0.04739530000369996,1,0,0.877291900003911
a8-ablation,scale_free-n60-load0.9-congestion_surge-centralised,scale_free,60,0.9,congestion_surge,CENTRALISED,orbit,9,5087055666456164935,0.26386669331511364,0.6595847593158176,0.41962466200026405,0.11728029900227323,0.08407002942555301,5121.835779324475,113.89970795488648,205.02,0.0,0.0,True,150,0,0,0.0,1.5965903227996827,,0.06394089999957941,1,0,0.9898830000020098
a8-ablation,scale_free-n60-load0.9-congestion_surge-centralised,scale_free,60,0.9,congestion_surge,CENTRALISED,orbit-no-damping,9,5087055666456164935,0.26386669331511364,0.6595847593158176,0.41962466200026405,0.11728029900227323,0.08407002942555301,5121.835779324475,113.89970795488648,205.02,0.0,0.0,True,150,0,0,0.0,1.5965903227996827,,0.037888399994699284,1,0,0.7206432000093628
a8-ablation,scale_free-n60-load0.9-congestion_surge-centralised,scale_free,60,0.9,congestion_surge,CENTRALISED,orbit-no-fallback,9,5087055666456164935,0.25671977222077896,0.6595847593158176,0.44720851042196225,0.10027209837857873,0.05206630749670874,4983.10907716636,108.34201835167627,204.0,0.0,0.0,True,81,0,0,0.0,1.5965903227996827,,0.049914600007468835,1,10350,0.6373095000017202
a8-ablation,scale_free-n60-load0.9-congestion_surge-centralised,scale_free,60,0.9,congestion_surge,CENTRALISED,orbit-no-preemption,9,5087055666456164935,0.26386669331511364,0.6595847593158176,0.41962466200026405,0.11728029900227323,0.08407002942555301,5121.835779324475,113.89970795488648,205.02,0.0,0.0,True,150,0,0,0.0,1.5965903227996827,,0.05078010000579525,1,0,0.8340681999980006
a8-ablation,scale_free-n60-load0.9-congestion_surge-centralised,scale_free,60,0.9,congestion_surge,CENTRALISED,orbit-no-protection,9,5087055666456164935,0.26386669331511364,0.6595847593158176,0.41962466200026405,0.11728029900227323,0.08407002942555301,5121.835779324475,113.89970795488648,205.02,0.0,0.0,True,150,0,0,0.0,1.5965903227996827,,0.03608340000209864,1,0,0.8871529000025475
a8-ablation,scale_free-n60-load0.9-congestion_surge-centralised,scale_free,60,0.9,congestion_surge,CENTRALISED,orbit-restoration-only,9,5087055666456164935,0.26386669331511364,0.6595847593158176,0.41962466200026405,0.11728029900227323,0.08407002942555301,5121.835779324475,113.89970795488648,205.02,0.0,0.0,True,150,0,0,0.0,1.5965903227996827,,0.03380489999835845,1,0,0.8355202000093414
a8-ablation,scale_free-n60-load0.9-congestion_surge-centralised,scale_free,60,0.9,congestion_surge,CENTRALISED,cspf,10,16155774171973927160,0.2611289960614292,0.48434868814124893,0.34117793838201466,0.1987318269280017,0.1285652875137642,4770.732370017619,109.22463505283267,255.0,0.0,0.0,True,0,0,0,0.0,1.3113979963214717,,0.03418259999307338,1,0,0.6744479000044521
a8-ablation,scale_free-n60-load0.9-congestion_surge-centralised,scale_free,60,0.9,congestion_surge,CENTRALISED,orbit,10,16155774171973927160,0.2458494689682544,0.6765621660863176,0.3422247293947994,0.12686501737514344,0.046359886782098694,4491.580932982944,130.37933772287602,255.0,0.0,0.0,True,150,0,0,0.0,1.6660109416329505,,0.03890470000624191,1,0,0.8201121000020066
a8-ablation,scale_free-n60-load0.9-congestion_surge-centralised,scale_free,60,0.9,congestion_surge,CENTRALISED,orbit-no-damping,10,16155774171973927160,0.2458494689682544,0.6765621660863176,0.3422247293947994,0.12686501737514344,0.046359886782098694,4491.580932982944,130.37933772287602,255.0,0.0,0.0,True,150,0,0,0.0,1.6660109416329505,,0.06396709999535233,1,0,0.8570544000103837
a8-ablation,scale_free-n60-load0.9-congestion_surge-centralised,scale_free,60,0.9,congestion_surge,CENTRALISED,orbit-no-fallback,10,16155774171973927160,0.24612064249021778,0.6749197945277338,0.42512558650312393,0.06919274657874395,0.03884635914256654,4496.5351752104825,139.65255030872117,306.0,0.0,0.0,True,80,0,0,0.0,1.7152654151885875,,0.019863399997120723,1,10500,0.4937883999955375
a8-ablation,scale_free-n60-load0.9-congestion_surge-centralised,scale_free,60,0.9,congestion_surge,CENTRALISED,orbit-no-preemption,10,16155774171973927160,0.2458494689682544,0.6765621660863176,0.3422247293947994,0.12686501737514344,0.046359886782098694,4491.580932982944,130.37933772287602,255.0,0.0,0.0,True,150,0,0,0.0,1.6660109416329505,,0.07030819999636151,1,0,0.88399699999718
a8-ablation,scale_free-n60-load0.9-congestion_surge-centralised,scale_free,60,0.9,congestion_surge,CENTRALISED,orbit-no-protection,10,16155774171973927160,0.2458494689682544,0.6765621660863176,0.3422247293947994,0.12686501737514344,0.046359886782098694,4491.580932982944,130.37933772287602,255.0,0.0,0.0,True,150,0,0,0.0,1.6660109416329505,,0.05700000000069849,1,0,1.0135327000025427
a8-ablation,scale_free-n60-load0.9-congestion_surge-centralised,scale_free,60,0.9,congestion_surge,CENTRALISED,orbit-restoration-only,10,16155774171973927160,0.2458494689682544,0.6765621660863176,0.3422247293947994,0.12686501737514344,0.046359886782098694,4491.580932982944,130.37933772287602,255.0,0.0,0.0,True,150,0,0,0.0,1.6660109416329505,,0.03315600000496488,1,0,0.7133266000018921
a8-ablation,scale_free-n60-load0.9-congestion_surge-centralised,scale_free,60,0.9,congestion_surge,CENTRALISED,cspf,11,13987105607697853483,0.29202197220077397,0.5865360408489967,0.3364845348509551,0.2077576231041641,0.20277911157554268,4912.788365640591,100.25230241953214,204.0,0.0,0.0,True,0,0,0,0.0,1.459051818811757,,0.08609240000077989,1,0,1.1203401000093436
a8-ablation,scale_free-n60-load0.9-congestion_surge-centralised,scale_free,60,0.9,congestion_surge,CENTRALISED,orbit,11,13987105607697853483,0.28110070291405403,0.781282309958686,0.4251661814539635,0.10424731761303503,0.10774404786024301,4729.056010552814,115.81834078692202,306.0,0.0,0.0,True,150,0,0,0.0,1.9195568995057406,,0.03689039999153465,1,0,1.0302200000005541
a8-ablation,scale_free-n60-load0.9-congestion_surge-centralised,scale_free,60,0.9,congestion_surge,CENTRALISED,orbit-no-damping,11,13987105607697853483,0.28110070291405403,0.781282309958686,0.4251661814539635,0.10424731761303503,0.10774404786024301,4729.056010552814,115.81834078692202,306.0,0.0,0.0,True,150,0,0,0.0,1.9195568995057406,,0.043924400000832975,1,0,0.8312704999989364
a8-ablation,scale_free-n60-load0.9-congestion_surge-centralised,scale_free,60,0.9,congestion_surge,CENTRALISED,orbit-no-fallback,11,13987105607697853483,0.25648069378070354,0.781282309958686,0.4219778247965834,0.0695061575568299,0.0613961798086091,4314.864936091024,116.12250859464193,255.0,0.0,0.0,True,86,0,0,0.0,1.9195568995057406,,0.02183579999837093,1,9600,0.6957671999989543
a8-ablation,scale_free-n60-load0.9-congestion_surge-centralised,scale_free,60,0.9,congestion_surge,CENTRALISED,orbit-no-preemption,11,13987105607697853483,0.28110070291405403,0.781282309958686,0.4251661814539635,0.10424731761303503,0.10774404786024301,4729.056010552814,115.81834078692202,306.0,0.0,0.0,True,150,0,0,0.0,1.9195568995057406,,0.05809360000421293,1,0,0.8743689999973867
a8-ablation,scale_free-n60-load0.9-congestion_surge-centralised,scale_free,60,0.9,congestion_surge,CENTRALISED,orbit-no-protection,11,13987105607697853483,0.28110070291405403,0.781282309958686,0.4251661814539635,0.10424731761303503,0.10774404786024301,4729.056010552814,115.81834078692202,306.0,0.0,0.0,True,150,0,0,0.0,1.9195568995057406,,0.08194340000045486,1,0,1.0425218999880599
a8-ablation,scale_free-n60-load0.9-congestion_surge-centralised,scale_free,60,0.9,congestion_surge,CENTRALISED,orbit-restoration-only,11,13987105607697853483,0.28110070291405403,0.781282309958686,0.4251661814539635,0.10424731761303503,0.10774404786024301,4729.056010552814,115.81834078692202,306.0,0.0,0.0,True,150,0,0,0.0,1.9195568995057406,,0.04838890000246465,1,0,1.0099708999914583
a8-ablation,scale_free-n60-load0.9-congestion_surge-centralised,scale_free,60,0.9,congestion_surge,CENTRALISED,cspf,12,975507070105870359,0.28678149617475157,0.5687155694869026,0.3683656706424936,0.1709079427554198,0.20876697439815853,4944.5950763541905,102.42881990313396,204.0,0.0,0.0,True,0,0,0,0.0,1.431243315721192,,0.06083970000327099,1,0,1.005848100001458
a8-ablation,scale_free-n60-load0.9-congestion_surge-centralised,scale_free,60,0.9,congestion_surge,CENTRALISED,orbit,12,975507070105870359,0.2641992874206674,0.7805397444869874,0.4422041164254611,0.06933495127856092,0.06470963315670432,4555.239836535626,127.12207126388795,255.0,0.0,0.0,True,150,0,0,0.0,1.917586244984689,,0.03974039999593515,1,0,0.7706666000012774
a8-ablation,scale_free-n60-load0.9-congestion_surge-centralised,scale_free,60,0.9,congestion_surge,CENTRALISED,orbit-no-damping,12,975507070105870359,0.2641992874206674,0.7805397444869874,0.4422041164254611,0.06933495127856092,0.06470963315670432,4555.239836535626,127.12207126388795,255.0,0.0,0.0,True,150,0,0,0.0,1.917586244984689,,0.03607239999109879,1,0,0.7774314999987837
a8-ablation,scale_free-n60-load0.9-congestion_surge-centralised,scale_free,60,0.9,congestion_surge,CENTRALISED,orbit-no-fallback,12,975507070105870359,0.25131418560749164,0.7805397444869874,0.44562315200948205,0.03132350584348443,0.0662182357494553,4333.079021303221,129.70739103540643,255.0,0.0,0.0,True,80,0,0,0.0,1.917586244984689,,0.053647300010197796,1,10500,0.7986469000024954
a8-ablation,scale_free-n60-load0.9-congestion_surge-centralised,scale_free,60,0.9,congestion_surge,CENTRALISED,orbit-no-preemption,12,975507070105870359,0.2641992874206674,0.7805397444869874,0.4422041164254611,0.06933495127856092,0.06470963315670432,4555.239836535626,127.12207126388795,255.0,0.0,0.0,True,150,0,0,0.0,1.917586244984689,,0.050902899994980544,1,0,0.9424089000094682
a8-ablation,scale_free-n60-load0.9-congestion_surge-centralised,scale_free,60,0.9,congestion_surge,CENTRALISED,orbit-no-protection,12,975507070105870359,0.2641992874206674,0.7805397444869874,0.4422041164254611,0.06933495127856092,0.06470963315670432,4555.239836535626,127.12207126388795,255.0,0.0,0.0,True,150,0,0,0.0,1.917586244984689,,0.07757929999206681,1,0,0.8621279000071809
a8-ablation,scale_free-n60-load0.9-congestion_surge-centralised,scale_free,60,0.9,congestion_surge,CENTRALISED,orbit-restoration-only,12,975507070105870359,0.2641992874206674,0.7805397444869874,0.4422041164254611,0.06933495127856092,0.06470963315670432,4555.239836535626,127.12207126388795,255.0,0.0,0.0,True,150,0,0,0.0,1.917586244984689,,0.0700109000026714,1,0,0.8943644000100903
a8-ablation,scale_free-n60-load0.9-congestion_surge-centralised,scale_free,60,0.9,congestion_surge,CENTRALISED,cspf,13,10635830040945804438,0.2817110550878472,0.5195506450134415,0.35628934276728397,0.21005071973879422,0.15783676890523643,5195.868274504436,106.76970703360297,204.0,0.0,0.0,False,0,0,0,0.0,1.3315796278992702,,0.06707960000494495,1,0,0.8514940000022762
a8-ablation,scale_free-n60-load0.9-congestion_surge-centralised,scale_free,60,0.9,congestion_surge,CENTRALISED,orbit,13,10635830040945804438,0.25036086137471497,0.6822701564972369,0.35507580945715744,0.10053825334262285,0.08170628062788989,4617.6464618643995,114.3387786782377,204.0,0.0,0.0,True,150,0,0,0.0,1.6567938768580417,,0.08223140001064166,1,0,0.8950956000044243
a8-ablation,scale_free-n60-load0.9-congestion_surge-centralised,scale_free,60,0.9,congestion_surge,CENTRALISED,orbit-no-damping,13,10635830040945804438,0.25036086137471497,0.6822701564972369,0.35507580945715744,0.10053825334262285,0.08170628062788989,4617.6464618643995,114.3387786782377,204.0,0.0,0.0,True,150,0,0,0.0,1.6567938768580417,,0.07559429999673739,1,0,0.9014410999952815
a8-ablation,scale_free-n60-load0.9-congestion_surge-centralised,scale_free,60,0.9,congestion_surge,CENTRALISED,orbit-no-fallback,13,10635830040945804438,0.24098721954157057,0.6822701564972369,0.39901151789299105,0.0768196363152996,0.033261321162442195,4444.759358792726,116.91231638170265,255.0,0.0,0.0,True,77,0,0,0.0,1.6567938768580417,,0.0452586000028532,1,10950,0.7455621999979485
a8-ablation,scale_free-n60-load0.9-congestion_surge-centralised,scale_free,60,0.9,congestion_surge,CENTRALISED,orbit-no-preemption,13,10635830040945804438,0.25036086137471497,0.6822701564972369,0.35507580945715744,0.10053825334262285,0.08170628062788989,4617.6464618643995,114.3387786782377,204.0,0.0,0.0,True,150,0,0,0.0,1.6567938768580417,,0.061821299997973256,1,0,1.0492918000090867
a8-ablation,scale_free-n60-load0.9-congestion_surge-centralised,scale_free,60,0.9,congestion_surge,CENTRALISED,orbit-no-protection,13,10635830040945804438,0.25036086137471497,0.6822701564972369,0.35507580945715744,0.10053825334262285,0.08170628062788989,4617.6464618643995,114.3387786782377,204.0,0.0,0.0,True,150,0,0,0.0,1.6567938768580417,,0.037679400003980845,1,0,0.7201480000076117
a8-ablation,scale_free-n60-load0.9-congestion_surge-centralised,scale_free,60,0.9,congestion_surge,CENTRALISED,orbit-restoration-only,13,10635830040945804438,0.25036086137471497,0.6822701564972369,0.35507580945715744,0.10053825334262285,0.08170628062788989,4617.6464618643995,114.3387786782377,204.0,0.0,0.0,True,150,0,0,0.0,1.6567938768580417,,0.0677228999993531,1,0,1.0481500000023516
a8-ablation,scale_free-n60-load0.9-congestion_surge-centralised,scale_free,60,0.9,congestion_surge,CENTRALISED,cspf,14,9299830590412347371,0.266549851534664,0.5585173737703225,0.3602024902482155,0.18674093586106408,0.12042134316491804,4963.808416134987,95.37694774509886,155.0436036622832,0.0,0.0,True,0,0,0,0.0,1.4569525008014745,,0.08630119998997543,1,0,0.9425139999948442
a8-ablation,scale_free-n60-load0.9-congestion_surge-centralised,scale_free,60,0.9,congestion_surge,CENTRALISED,orbit,14,9299830590412347371,0.24924995679919723,0.7256517457642976,0.3937253935666945,0.09341656176376231,0.05079855185576938,4641.642177468027,108.78726847738425,204.0,0.0,0.0,True,150,0,0,0.0,1.7719219406821454,,0.08512709999922663,1,0,0.918245199994999
a8-ablation,scale_free-n60-load0.9-congestion_surge-centralised,scale_free,60,0.9,congestion_surge,CENTRALISED,orbit-no-damping,14,9299830590412347371,0.24924995679919723,0.7256517457642976,0.3937253935666945,0.09341656176376231,0.05079855185576938,4641.642177468027,108.78726847738425,204.0,0.0,0.0,True,150,0,0,0.0,1.7719219406821454,,0.07095269999990705,1,0,0.9060023999918485
a8-ablation,scale_free-n60-load0.9-congestion_surge-centralised,scale_free,60,0.9,congestion_surge,CENTRALISED,orbit-no-fallback,14,9299830590412347371,0.2497619569604461,0.7256517457642976,0.45271067347468236,0.07493557723682331,0.021600985658040403,4651.1768693646345,130.20934385914995,306.0,0.0,0.0,True,78,0,0,0.0,1.7719219406821454,,0.022323600001982413,1,10800,0.5995878000103403
a8-ablation,scale_free-n60-load0.9-congestion_surge-centralised,scale_free,60,0.9,congestion_surge,CENTRALISED,orbit-no-preemption,14,9299830590412347371,0.24924995679919723,0.7256517457642976,0.3937253935666945,0.09341656176376231,0.05079855185576938,4641.642177468027,108.78726847738425,204.0,0.0,0.0,True,150,0,0,0.0,1.7719219406821454,,0.04042730000219308,1,0,1.197159899995313
a8-ablation,scale_free-n60-load0.9-congestion_surge-centralised,scale_free,60,0.9,congestion_surge,CENTRALISED,orbit-no-protection,14,9299830590412347371,0.24924995679919723,0.7256517457642976,0.3937253935666945,0.09341656176376231,0.05079855185576938,4641.642177468027,108.78726847738425,204.0,0.0,0.0,True,150,0,0,0.0,1.7719219406821454,,0.05969589999585878,1,0,1.193984099998488
a8-ablation,scale_free-n60-load0.9-congestion_surge-centralised,scale_free,60,0.9,congestion_surge,CENTRALISED,orbit-restoration-only,14,9299830590412347371,0.24924995679919723,0.7256517457642976,0.3937253935666945,0.09341656176376231,0.05079855185576938,4641.642177468027,108.78726847738425,204.0,0.0,0.0,True,150,0,0,0.0,1.7719219406821454,,0.0360447999992175,1,0,0.9433006000035675
a8-ablation,scale_free-n60-load0.9-congestion_surge-centralised,scale_free,60,0.9,congestion_surge,CENTRALISED,cspf,15,16321982480190881462,0.2824223688195693,0.5200788183092745,0.3369373025646355,0.2110932124130517,0.18409438173179618,5004.4349471438345,84.09930827580973,154.015,0.0,0.0,True,0,0,0,0.0,1.3572145232472106,,0.06415050000941847,1,0,0.8632777000020724
a8-ablation,scale_free-n60-load0.9-congestion_surge-centralised,scale_free,60,0.9,congestion_surge,CENTRALISED,orbit,15,16321982480190881462,0.2537141449969891,0.6957880925673355,0.36874820386947954,0.1158634886844591,0.06452901430031233,4495.73431139521,109.03969379304007,207.12427416523207,0.0,0.0,True,150,0,0,0.0,1.6926683995056029,,0.08271000000240747,1,0,0.9194481000013184
a8-ablation,scale_free-n60-load0.9-congestion_surge-centralised,scale_free,60,0.9,congestion_surge,CENTRALISED,orbit-no-damping,15,16321982480190881462,0.2537141449969891,0.6957880925673355,0.36874820386947954,0.1158634886844591,0.06452901430031233,4495.73431139521,109.03969379304007,207.12427416523207,0.0,0.0,True,150,0,0,0.0,1.6926683995056029,,0.04094999999506399,1,0,1.013166500008083
a8-ablation,scale_free-n60-load0.9-congestion_surge-centralised,scale_free,60,0.9,congestion_surge,CENTRALISED,orbit-no-fallback,15,16321982480190881462,0.2377457719002278,0.6957880925673355,0.355493804723669,0.07161599533414657,0.07470318954533021,4212.779796466128,115.69042666361086,255.0,0.0,0.0,True,82,0,0,0.0,1.6926683995056029,,0.040875200007576495,1,10200,0.8446991000091657
a8-ablation,scale_free-n60-load0.9-congestion_surge-centralised,scale_free,60,0.9,congestion_surge,CENTRALISED,orbit-no-preemption,15,16321982480190881462,0.2537141449969891,0.6957880925673355,0.36874820386947954,0.1158634886844591,0.06452901430031233,4495.73431139521,109.03969379304007,207.12427416523207,0.0,0.0,True,150,0,0,0.0,1.6926683995056029,,0.0403638999996474,1,0,0.7268318999995245
a8-ablation,scale_free-n60-load0.9-congestion_surge-centralised,scale_free,60,0.9,congestion_surge,CENTRALISED,orbit-no-protection,15,16321982480190881462,0.2537141449969891,0.6957880925673355,0.36874820386947954,0.1158634886844591,0.06452901430031233,4495.73431139521,109.03969379304007,207.12427416523207,0.0,0.0,True,150,0,0,0.0,1.6926683995056029,,0.05797249999886844,1,0,0.9270569999935105
a8-ablation,scale_free-n60-load0.9-congestion_surge-centralised,scale_free,60,0.9,congestion_surge,CENTRALISED,orbit-restoration-only,15,16321982480190881462,0.2537141449969891,0.6957880925673355,0.36874820386947954,0.1158634886844591,0.06452901430031233,4495.73431139521,109.03969379304007,207.12427416523207,0.0,0.0,True,150,0,0,0.0,1.6926683995056029,,0.03716269999858923,1,0,0.9545529000024544
a8-ablation,scale_free-n60-load0.9-congestion_surge-centralised,scale_free,60,0.9,congestion_surge,CENTRALISED,cspf,16,9152985575150799300,0.2956135381564333,0.567505718259109,0.423394884124305,0.1817816905946576,0.14728291158164983,5331.163635459367,114.72707801655662,255.0,0.0,0.0,True,0,0,0,0.0,1.4610769450664958,,0.06134679999377113,1,0,0.7339615999953821
a8-ablation,scale_free-n60-load0.9-congestion_surge-centralised,scale_free,60,0.9,congestion_surge,CENTRALISED,orbit,16,9152985575150799300,0.2898597570629337,0.6873471099309132,0.47462204091166266,0.12774967955219857,0.06962697615122151,5227.398602493162,125.26919854619254,306.0,0.0,0.0,True,150,0,0,0.0,1.670267330201302,,0.057815199994365685,1,0,0.9178274000005331
a8-ablation,scale_free-n60-load0.9-congestion_surge-centralised,scale_free,60,0.9,congestion_surge,CENTRALISED,orbit-no-damping,16,9152985575150799300,0.2898597570629337,0.6873471099309132,0.47462204091166266,0.12774967955219857,0.06962697615122151,5227.398602493162,125.26919854619254,306.0,0.0,0.0,True,150,0,0,0.0,1.670267330201302,,0.08524050000414718,1,0,0.9532294999953592
a8-ablation,scale_free-n60-load0.9-congestion_surge-centralised,scale_free,60,0.9,congestion_surge,CENTRALISED,orbit-no-fallback,16,9152985575150799300,0.2619844018773295,0.6873471099309132,0.43584184125521663,0.08511706946727417,0.053523611916344464,4724.687932278978,119.93080626196979,255.0,0.0,0.0,True,80,0,0,0.0,1.670267330201302,,0.021176399997784756,1,10500,0.48208690001047216
a8-ablation,scale_free-n60-load0.9-congestion_surge-centralised,scale_free,60,0.9,congestion_surge,CENTRALISED,orbit-no-preemption,16,9152985575150799300,0.2898597570629337,0.6873471099309132,0.47462204091166266,0.12774967955219857,0.06962697615122151,5227.398602493162,125.26919854619254,306.0,0.0,0.0,True,150,0,0,0.0,1.670267330201302,,0.05472569999983534,1,0,0.8655830000061542
a8-ablation,scale_free-n60-load0.9-congestion_surge-centralised,scale_free,60,0.9,congestion_surge,CENTRALISED,orbit-no-protection,16,9152985575150799300,0.2898597570629337,0.6873471099309132,0.47462204091166266,0.12774967955219857,0.06962697615122151,5227.398602493162,125.26919854619254,306.0,0.0,0.0,True,150,0,0,0.0,1.670267330201302,,0.07227299999794923,1,0,0.8305547000054503
a8-ablation,scale_free-n60-load0.9-congestion_surge-centralised,scale_free,60,0.9,congestion_surge,CENTRALISED,orbit-restoration-only,16,9152985575150799300,0.2898597570629337,0.6873471099309132,0.47462204091166266,0.12774967955219857,0.06962697615122151,5227.398602493162,125.26919854619254,306.0,0.0,0.0,True,150,0,0,0.0,1.670267330201302,,0.04599310000776313,1,0,0.8993675999954576
a8-ablation,scale_free-n60-load0.9-congestion_surge-centralised,scale_free,60,0.9,congestion_surge,CENTRALISED,cspf,17,3989785480243801414,0.2967463936204843,0.6011018053925803,0.3913731210876884,0.22959038827087083,0.12217716161562955,4885.812352594319,107.1690285339156,206.28196521921163,0.0,0.0,True,0,0,0,0.0,1.464179631974307,,0.07771690000663511,1,0,0.9066779999993742
a8-ablation,scale_free-n60-load0.9-congestion_surge-centralised,scale_free,60,0.9,congestion_surge,CENTRALISED,orbit,17,3989785480243801414,0.31133466744364685,0.8006103076576712,0.4331206075369186,0.14632398184901957,0.1385441670634815,5126.002528382578,111.47771367154604,255.0,0.0,0.0,True,150,0,0,0.0,1.9708504318607443,,0.03898879999178462,1,0,0.9051844999921741
a8-ablation,scale_free-n60-load0.9-congestion_surge-centralised,scale_free,60,0.9,congestion_surge,CENTRALISED,orbit-no-damping,17,3989785480243801414,0.31133466744364685,0.8006103076576712,0.4331206075369186,0.14632398184901957,0.1385441670634815,5126.002528382578,111.47771367154604,255.0,0.0,0.0,True,150,0,0,0.0,1.9708504318607443,,0.0390006999950856,1,0,0.7561346000002231
a8-ablation,scale_free-n60-load0.9-congestion_surge-centralised,scale_free,60,0.9,congestion_surge,CENTRALISED,orbit-no-fallback,17,3989785480243801414,0.2820682463617502,0.8006103076576712,0.42382675416393545,0.13759815227623634,0.04498934741519357,4644.142446129882,114.49601995128671,255.0,0.0,0.0,True,89,0,0,0.0,1.9708504318607443,,0.03294089999690186,1,9150,0.8465851999935694
a8-ablation,scale_free-n60-load0.9-congestion_surge-centralised,scale_free,60,0.9,congestion_surge,CENTRALISED,orbit-no-preemption,17,3989785480243801414,0.31133466744364685,0.8006103076576712,0.4331206075369186,0.14632398184901957,0.1385441670634815,5126.002528382578,111.47771367154604,255.0,0.0,0.0,True,150,0,0,0.0,1.9708504318607443,,0.05286860000342131,1,0,0.7896302000008291
a8-ablation,scale_free-n60-load0.9-congestion_surge-centralised,scale_free,60,0.9,congestion_surge,CENTRALISED,orbit-no-protection,17,3989785480243801414,0.31133466744364685,0.8006103076576712,0.4331206075369186,0.14632398184901957,0.1385441670634815,5126.002528382578,111.47771367154604,255.0,0.0,0.0,True,150,0,0,0.0,1.9708504318607443,,0.03755539999110624,1,0,0.8986589999985881
a8-ablation,scale_free-n60-load0.9-congestion_surge-centralised,scale_free,60,0.9,congestion_surge,CENTRALISED,orbit-restoration-only,17,3989785480243801414,0.31133466744364685,0.8006103076576712,0.4331206075369186,0.14632398184901957,0.1385441670634815,5126.002528382578,111.47771367154604,255.0,0.0,0.0,True,150,0,0,0.0,1.9708504318607443,,0.03512250000494532,1,0,0.8853950000047917
a8-ablation,scale_free-n60-load0.9-congestion_surge-centralised,scale_free,60,0.9,congestion_surge,CENTRALISED,cspf,18,15936645516260813355,0.30382444014604276,0.6092583629784369,0.3727194515941255,0.2096270285582756,0.1845704820648771,5013.443178375944,104.70150192425241,204.0,0.0,0.0,True,0,0,0,0.0,1.570456790799303,,0.034133599998313,1,0,0.8872490999929141
a8-ablation,scale_free-n60-load0.9-congestion_surge-centralised,scale_free,60,0.9,congestion_surge,CENTRALISED,orbit,18,15936645516260813355,0.27626962570297503,0.7372494649656941,0.4120971448753587,0.13174349501215896,0.06675018929387395,4558.757911994446,136.26722970507433,306.0,0.0,0.0,True,150,0,0,0.0,1.8027005031781869,,0.07052339999063406,1,0,0.9993939999985741
a8-ablation,scale_free-n60-load0.9-congestion_surge-centralised,scale_free,60,0.9,congestion_surge,CENTRALISED,orbit-no-damping,18,15936645516260813355,0.27626962570297503,0.7372494649656941,0.4120971448753587,0.13174349501215896,0.06675018929387395,4558.757911994446,136.26722970507433,306.0,0.0,0.0,True,150,0,0,0.0,1.8027005031781869,,0.0649276999902213,1,0,0.8363969000056386
a8-ablation,scale_free-n60-load0.9-congestion_surge-centralised,scale_free,60,0.9,congestion_surge,CENTRALISED,orbit-no-fallback,18,15936645516260813355,0.25771256474313387,0.7372494649656941,0.3884435496059642,0.1110148226749562,0.045592908946092095,4252.545644689347,131.15362459156893,306.0,0.0,0.0,True,90,0,0,0.0,1.8027005031781869,,0.022732600002200343,1,9000,0.4998411999986274
a8-ablation,scale_free-n60-load0.9-congestion_surge-centralised,scale_free,60,0.9,congestion_surge,CENTRALISED,orbit-no-preemption,18,15936645516260813355,0.27626962570297503,0.7372494649656941,0.4120971448753587,0.13174349501215896,0.06675018929387395,4558.757911994446,136.26722970507433,306.0,0.0,0.0,True,150,0,0,0.0,1.8027005031781869,,0.039167800001450814,1,0,0.7998420000076294
a8-ablation,scale_free-n60-load0.9-congestion_surge-centralised,scale_free,60,0.9,congestion_surge,CENTRALISED,orbit-no-protection,18,15936645516260813355,0.27626962570297503,0.7372494649656941,0.4120971448753587,0.13174349501215896,0.06675018929387395,4558.757911994446,136.26722970507433,306.0,0.0,0.0,True,150,0,0,0.0,1.8027005031781869,,0.0727366999926744,1,0,0.8938534000044456
a8-ablation,scale_free-n60-load0.9-congestion_surge-centralised,scale_free,60,0.9,congestion_surge,CENTRALISED,orbit-restoration-only,18,15936645516260813355,0.27626962570297503,0.7372494649656941,0.4120971448753587,0.13174349501215896,0.06675018929387395,4558.757911994446,136.26722970507433,306.0,0.0,0.0,True,150,0,0,0.0,1.8027005031781869,,0.05600970001250971,1,0,0.89597880000656
a8-ablation,scale_free-n60-load0.9-congestion_surge-centralised,scale_free,60,0.9,congestion_surge,CENTRALISED,cspf,19,15698362386632375509,0.2848069721946327,0.616451982767316,0.3644622718372345,0.1982348063615046,0.13393090832973956,4891.953449609183,100.28057888325858,204.0,0.0,0.0,True,0,0,0,0.0,1.5107956826286857,,0.03315300001122523,1,0,1.0452511000039522
a8-ablation,scale_free-n60-load0.9-congestion_surge-centralised,scale_free,60,0.9,congestion_surge,CENTRALISED,orbit,19,15698362386632375509,0.27933138631342735,0.7245930560576017,0.497936676248405,0.08823661398466419,0.07497480754635577,4797.90269293779,116.44827454828761,255.0,0.0,0.0,True,150,0,0,0.0,1.7691123410759437,,0.08969189999334048,1,0,0.8776743000053102
a8-ablation,scale_free-n60-load0.9-congestion_surge-centralised,scale_free,60,0.9,congestion_surge,CENTRALISED,orbit-no-damping,19,15698362386632375509,0.27933138631342735,0.7245930560576017,0.497936676248405,0.08823661398466419,0.07497480754635577,4797.90269293779,116.44827454828761,255.0,0.0,0.0,True,150,0,0,0.0,1.7691123410759437,,0.03874089999590069,1,0,0.9396995999995852
a8-ablation,scale_free-n60-load0.9-congestion_surge-centralised,scale_free,60,0.9,congestion_surge,CENTRALISED,orbit-no-fallback,19,15698362386632375509,0.2683826680453953,0.7245930560576017,0.4745600381602067,0.07725085597555756,0.06940879398856901,4609.843321752536,111.49166423811471,255.0,0.0,0.0,True,90,0,0,0.0,1.7691123410759437,,0.023710299996309914,1,9000,0.6170962999894982
a8-ablation,scale_free-n60-load0.9-congestion_surge-centralised,scale_free,60,0.9,congestion_surge,CENTRALISED,orbit-no-preemption,19,15698362386632375509,0.27933138631342735,0.7245930560576017,0.497936676248405,0.08823661398466419,0.07497480754635577,4797.90269293779,116.44827454828761,255.0,0.0,0.0,True,150,0,0,0.0,1.7691123410759437,,0.06656220000877511,1,0,0.9389221000019461
a8-ablation,scale_free-n60-load0.9-congestion_surge-centralised,scale_free,60,0.9,congestion_surge,CENTRALISED,orbit-no-protection,19,15698362386632375509,0.27933138631342735,0.7245930560576017,0.497936676248405,0.08823661398466419,0.07497480754635577,4797.90269293779,116.44827454828761,255.0,0.0,0.0,True,150,0,0,0.0,1.7691123410759437,,0.03696929999568965,1,0,1.0899651999934576
a8-ablation,scale_free-n60-load0.9-congestion_surge-centralised,scale_free,60,0.9,congestion_surge,CENTRALISED,orbit-restoration-only,19,15698362386632375509,0.27933138631342735,0.7245930560576017,0.497936676248405,0.08823661398466419,0.07497480754635577,4797.90269293779,116.44827454828761,255.0,0.0,0.0,True,150,0,0,0.0,1.7691123410759437,,0.03502329999173526,1,0,0.8104408999934094
a8-ablation,scale_free-n60-load0.9-congestion_surge-centralised,scale_free,60,0.9,congestion_surge,CENTRALISED,cspf,20,12682397023982805494,0.29556565587979455,0.6543011649922077,0.3396553086539253,0.22154102800375952,0.14436251020733146,5387.010455673678,105.5745219831372,204.0,0.0,0.0,True,0,0,0,0.0,1.599240475998067,,0.03231690000393428,1,0,0.8531681999884313
a8-ablation,scale_free-n60-load0.9-congestion_surge-centralised,scale_free,60,0.9,congestion_surge,CENTRALISED,orbit,20,12682397023982805494,0.3082654490030973,0.7258833284450916,0.47384069427512254,0.17092682068273424,0.09314392637500592,5618.478209044686,112.21953034670061,204.0,0.0,0.0,True,150,0,0,0.0,1.7725365254889063,,0.038328499998897314,1,0,0.979188700002851
a8-ablation,scale_free-n60-load0.9-congestion_surge-centralised,scale_free,60,0.9,congestion_surge,CENTRALISED,orbit-no-damping,20,12682397023982805494,0.3082654490030973,0.7258833284450916,0.47384069427512254,0.17092682068273424,0.09314392637500592,5618.478209044686,112.21953034670061,204.0,0.0,0.0,True,150,0,0,0.0,1.7725365254889063,,0.03639969999494497,1,0,1.0462673000001814
a8-ablation,scale_free-n60-load0.9-congestion_surge-centralised,scale_free,60,0.9,congestion_surge,CENTRALISED,orbit-no-fallback,20,12682397023982805494,0.2818051551010111,0.7258833284450916,0.5136036580701127,0.1310853370260671,0.008508507566279954,5136.210133999092,112.19403969291552,255.0,0.0,0.0,True,87,0,0,0.0,1.7725365254889063,,0.020358599998871796,1,9450,0.7468263000046136
a8-ablation,scale_free-n60-load0.9-congestion_surge-centralised,scale_free,60,0.9,congestion_surge,CENTRALISED,orbit-no-preemption,20,12682397023982805494,0.3082654490030973,0.7258833284450916,0.47384069427512254,0.17092682068273424,0.09314392637500592,5618.478209044686,112.21953034670061,204.0,0.0,0.0,True,150,0,0,0.0,1.7725365254889063,,0.044069499999750406,1,0,0.8828097999939928
a8-ablation,scale_free-n60-load0.9-congestion_surge-centralised,scale_free,60,0.9,congestion_surge,CENTRALISED,orbit-no-protection,20,12682397023982805494,0.3082654490030973,0.7258833284450916,0.47384069427512254,0.17092682068273424,0.09314392637500592,5618.478209044686,112.21953034670061,204.0,0.0,0.0,True,150,0,0,0.0,1.7725365254889063,,0.04594429999997374,1,0,0.9326005000039004
a8-ablation,scale_free-n60-load0.9-congestion_surge-centralised,scale_free,60,0.9,congestion_surge,CENTRALISED,orbit-restoration-only,20,12682397023982805494,0.3082654490030973,0.7258833284450916,0.47384069427512254,0.17092682068273424,0.09314392637500592,5618.478209044686,112.21953034670061,204.0,0.0,0.0,True,150,0,0,0.0,1.7725365254889063,,0.0347269000048982,1,0,0.8471426999894902
a8-ablation,scale_free-n60-load0.9-congestion_surge-centralised,scale_free,60,0.9,congestion_surge,CENTRALISED,cspf,21,12726183656019536452,0.3193592997085201,0.6296042476522572,0.4176444783164319,0.22165852561520316,0.16264260103679265,5285.572778652403,110.72628553150182,204.0,0.0,0.0,True,0,0,0,0.0,1.520628556839623,,0.07590100000379607,1,0,0.9853813999943668
a8-ablation,scale_free-n60-load0.9-congestion_surge-centralised,scale_free,60,0.9,congestion_surge,CENTRALISED,orbit,21,12726183656019536452,0.30572405900603206,0.7657084064917657,0.47810911730404987,0.12054827886726938,0.10133333357993428,5059.902014866213,121.33170083864411,255.0,0.0,0.0,True,150,0,0,0.0,1.8782261556897097,,0.03531370000564493,1,0,0.7202343999961158
a8-ablation,scale_free-n60-load0.9-congestion_surge-centralised,scale_free,60,0.9,congestion_surge,CENTRALISED,orbit-no-damping,21,12726183656019536452,0.30572405900603206,0.7657084064917657,0.47810911730404987,0.12054827886726938,0.10133333357993428,5059.902014866213,121.33170083864411,255.0,0.0,0.0,True,150,0,0,0.0,1.8782261556897097,,0.07008700000005774,1,0,0.9999922999995761
a8-ablation,scale_free-n60-load0.9-congestion_surge-centralised,scale_free,60,0.9,congestion_surge,CENTRALISED,orbit-no-fallback,21,12726183656019536452,0.2863016747038441,0.7657084064917657,0.4687208077142942,0.08052797575718179,0.08796882083256087,4738.450828513203,121.38132431461469,256.0737631638019,0.0,0.0,True,89,0,0,0.0,1.8782261556897097,,0.029129400005331263,1,9150,0.5828791999956593
a8-ablation,scale_free-n60-load0.9-congestion_surge-centralised,scale_free,60,0.9,congestion_surge,CENTRALISED,orbit-no-preemption,21,12726183656019536452,0.30572405900603206,0.7657084064917657,0.47810911730404987,0.12054827886726938,0.10133333357993428,5059.902014866213,121.33170083864411,255.0,0.0,0.0,True,150,0,0,0.0,1.8782261556897097,,0.06933749999734573,1,0,0.8405050000001211
a8-ablation,scale_free-n60-load0.9-congestion_surge-centralised,scale_free,60,0.9,congestion_surge,CENTRALISED,orbit-no-protection,21,12726183656019536452,0.30572405900603206,0.7657084064917657,0.47810911730404987,0.12054827886726938,0.10133333357993428,5059.902014866213,121.33170083864411,255.0,0.0,0.0,True,150,0,0,0.0,1.8782261556897097,,0.08214810000208672,1,0,0.8242124999960652
a8-ablation,scale_free-n60-load0.9-congestion_surge-centralised,scale_free,60,0.9,congestion_surge,CENTRALISED,orbit-restoration-only,21,12726183656019536452,0.30572405900603206,0.7657084064917657,0.47810911730404987,0.12054827886726938,0.10133333357993428,5059.902014866213,121.33170083864411,255.0,0.0,0.0,True,150,0,0,0.0,1.8782261556897097,,0.040265600007842295,1,0,1.026172999991104
a8-ablation,scale_free-n60-load0.9-congestion_surge-centralised,scale_free,60,0.9,congestion_surge,CENTRALISED,cspf,22,14821080155234566911,0.3261451989672166,0.6175879121986897,0.3810662605967313,0.27078504538083165,0.1661204955719957,5466.0754882168,103.73880910456779,204.0,0.0,0.0,True,0,0,0,0.0,1.5529557812640575,,0.05184470000676811,1,0,1.0468227999954252
a8-ablation,scale_free-n60-load0.9-congestion_surge-centralised,scale_free,60,0.9,congestion_surge,CENTRALISED,orbit,22,14821080155234566911,0.3099201005983858,0.7615484411228741,0.4627335102158575,0.1394024044365981,0.12051134537935754,5194.148712140948,110.0175054661377,204.0,0.0,0.0,True,150,0,0,0.0,1.8671862475953003,,0.03612540000176523,1,0,0.8894143000070471
a8-ablation,scale_free-n60-load0.9-congestion_surge-centralised,scale_free,60,0.9,congestion_surge,CENTRALISED,orbit-no-damping,22,14821080155234566911,0.3099201005983858,0.7615484411228741,0.4627335102158575,0.1394024044365981,0.12051134537935754,5194.148712140948,110.0175054661377,204.0,0.0,0.0,True,150,0,0,0.0,1.8671862475953003,,0.03668130000005476,1,0,0.9118805000034627
a8-ablation,scale_free-n60-load0.9-congestion_surge-centralised,scale_free,60,0.9,congestion_surge,CENTRALISED,orbit-no-fallback,22,14821080155234566911,0.27698190927620725,0.7615484411228741,0.4568202245687625,0.11692956105025454,0.021895317788438975,4642.1165473797155,108.11944333976106,204.0,0.0,0.0,True,89,0,0,0.0,1.8671862475953003,,0.03175569999439176,1,9150,0.5494498000043677
a8-ablation,scale_free-n60-load0.9-congestion_surge-centralised,scale_free,60,0.9,congestion_surge,CENTRALISED,orbit-no-preemption,22,14821080155234566911,0.3099201005983858,0.7615484411228741,0.4627335102158575,0.1394024044365981,0.12051134537935754,5194.148712140948,110.0175054661377,204.0,0.0,0.0,True,150,0,0,0.0,1.8671862475953003,,0.07951009999669623,1,0,0.9301659000047948
a8-ablation,scale_free-n60-load0.9-congestion_surge-centralised,scale_free,60,0.9,congestion_surge,CENTRALISED,orbit-no-protection,22,14821080155234566911,0.3099201005983858,0.7615484411228741,0.4627335102158575,0.1394024044365981,0.12051134537935754,5194.148712140948,110.0175054661377,204.0,0.0,0.0,True,150,0,0,0.0,1.8671862475953003,,0.03502560000924859,1,0,0.6504440999997314
a8-ablation,scale_free-n60-load0.9-congestion_surge-centralised,scale_free,60,0.9,congestion_surge,CENTRALISED,orbit-restoration-only,22,14821080155234566911,0.3099201005983858,0.7615484411228741,0.4627335102158575,0.1394024044365981,0.12051134537935754,5194.148712140948,110.0175054661377,204.0,0.0,0.0,True,150,0,0,0.0,1.8671862475953003,,0.033736699988367036,1,0,0.8651759000058519
a8-ablation,scale_free-n60-load0.9-congestion_surge-centralised,scale_free,60,0.9,congestion_surge,CENTRALISED,cspf,23,3604147465885494044,0.27942895786056143,0.5640748920413394,0.35031626138992406,0.2281100944501214,0.10814961035285678,5187.758253747507,99.99379454308243,204.00000000000003,0.0,0.0,True,0,0,0,0.0,1.542568564205603,,0.03483950000372715,1,0,0.7353780000121333
a8-ablation,scale_free-n60-load0.9-congestion_surge-centralised,scale_free,60,0.9,congestion_surge,CENTRALISED,orbit,23,3604147465885494044,0.25485922586531856,0.7027841056500379,0.40115468609701316,0.11379834268504377,0.02960507868897173,4731.607141398263,126.0682768578579,255.0,0.0,0.0,True,150,0,0,0.0,1.711234741917403,,0.04520190000766888,1,0,0.88132630000473
a8-ablation,scale_free-n60-load0.9-congestion_surge-centralised,scale_free,60,0.9,congestion_surge,CENTRALISED,orbit-no-damping,23,3604147465885494044,0.25485922586531856,0.7027841056500379,0.40115468609701316,0.11379834268504377,0.02960507868897173,4731.607141398263,126.0682768578579,255.0,0.0,0.0,True,150,0,0,0.0,1.711234741917403,,0.050701999993179925,1,0,0.8203641000000061
a8-ablation,scale_free-n60-load0.9-congestion_surge-centralised,scale_free,60,0.9,congestion_surge,CENTRALISED,orbit-no-fallback,23,3604147465885494044,0.23315642401940273,0.7027841056500379,0.4117808553455373,0.05996292347639984,0.005814663627839981,4328.6822252849515,134.7173974500295,357.0,0.0,0.0,True,78,0,0,0.0,1.711234741917403,,0.042555499996524304,1,10800,0.6048490999964997
a8-ablation,scale_free-n60-load0.9-congestion_surge-centralised,scale_free,60,0.9,congestion_surge,CENTRALISED,orbit-no-preemption,23,3604147465885494044,0.25485922586531856,0.7027841056500379,0.40115468609701316,0.11379834268504377,0.02960507868897173,4731.607141398263,126.0682768578579,255.0,0.0,0.0,True,150,0,0,0.0,1.711234741917403,,0.04213829999207519,1,0,0.6265546999929938
a8-ablation,scale_free-n60-load0.9-congestion_surge-centralised,scale_free,60,0.9,congestion_surge,CENTRALISED,orbit-no-protection,23,3604147465885494044,0.25485922586531856,0.7027841056500379,0.40115468609701316,0.11379834268504377,0.02960507868897173,4731.607141398263,126.0682768578579,255.0,0.0,0.0,True,150,0,0,0.0,1.711234741917403,,0.05012840000563301,1,0,0.7175669999996899
a8-ablation,scale_free-n60-load0.9-congestion_surge-centralised,scale_free,60,0.9,congestion_surge,CENTRALISED,orbit-restoration-only,23,3604147465885494044,0.25485922586531856,0.7027841056500379,0.40115468609701316,0.11379834268504377,0.02960507868897173,4731.607141398263,126.0682768578579,255.0,0.0,0.0,True,150,0,0,0.0,1.711234741917403,,0.03586109999741893,1,0,0.7241692000097828
a8-ablation,scale_free-n60-load0.9-congestion_surge-centralised,scale_free,60,0.9,congestion_surge,CENTRALISED,cspf,24,12450539160648567931,0.26113088130042916,0.4499553927322299,0.33880055986136803,0.20679191352949294,0.13181495682323136,4855.685648445576,114.41008006677664,206.04,0.0,0.0,True,0,0,0,0.0,1.2744930807646762,,0.03784220000670757,1,0,0.8980054999992717
a8-ablation,scale_free-n60-load0.9-congestion_surge-centralised,scale_free,60,0.9,congestion_surge,CENTRALISED,orbit,24,12450539160648567931,0.23568248129658165,0.6230151165880623,0.34515713302987877,0.09377093350925059,0.061598317371615086,4382.4768496271045,132.59653301788745,211.16000000000003,0.0,0.0,True,150,0,0,0.0,1.5259899536756363,,0.0379871000041021,1,0,0.7416446999995969
a8-ablation,scale_free-n60-load0.9-congestion_surge-centralised,scale_free,60,0.9,congestion_surge,CENTRALISED,orbit-no-damping,24,12450539160648567931,0.23568248129658165,0.6230151165880623,0.34515713302987877,0.09377093350925059,0.061598317371615086,4382.4768496271045,132.59653301788745,211.16000000000003,0.0,0.0,True,150,0,0,0.0,1.5259899536756363,,0.06437590000859927,1,0,0.6100230000010924
a8-ablation,scale_free-n60-load0.9-congestion_surge-centralised,scale_free,60,0.9,congestion_surge,CENTRALISED,orbit-no-fallback,24,12450539160648567931,0.23295154449155103,0.6364965214169483,0.39242762870412884,0.05360271929190516,0.04613312193108521,4331.695530370794,154.91894820593996,357.0,0.0,0.0,True,69,0,0,0.0,1.5938992083875083,,0.03331540001090616,1,12150,0.6393307000107598
a8-ablation,scale_free-n60-load0.9-congestion_surge-centralised,scale_free,60,0.9,congestion_surge,CENTRALISED,orbit-no-preemption,24,12450539160648567931,0.23568248129658165,0.6230151165880623,0.34515713302987877,0.09377093350925059,0.061598317371615086,4382.4768496271045,132.59653301788745,211.16000000000003,0.0,0.0,True,150,0,0,0.0,1.5259899536756363,,0.059455299997352995,1,0,0.6800175999960629
a8-ablation,scale_free-n60-load0.9-congestion_surge-centralised,scale_free,60,0.9,congestion_surge,CENTRALISED,orbit-no-protection,24,12450539160648567931,0.23568248129658165,0.6230151165880623,0.34515713302987877,0.09377093350925059,0.061598317371615086,4382.4768496271045,132.59653301788745,211.16000000000003,0.0,0.0,True,150,0,0,0.0,1.5259899536756363,,0.0405624999984866,1,0,0.7951277999964077
a8-ablation,scale_free-n60-load0.9-congestion_surge-centralised,scale_free,60,0.9,congestion_surge,CENTRALISED,orbit-restoration-only,24,12450539160648567931,0.23568248129658165,0.6230151165880623,0.34515713302987877,0.09377093350925059,0.061598317371615086,4382.4768496271045,132.59653301788745,211.16000000000003,0.0,0.0,True,150,0,0,0.0,1.5259899536756363,,0.03271300000778865,1,0,0.7314783000038005
a8-ablation,scale_free-n60-load0.9-congestion_surge-centralised,scale_free,60,0.9,congestion_surge,CENTRALISED,cspf,25,10322955953474688285,0.25989149681777735,0.6125625050294934,0.2549527785955027,0.19504483869972544,0.138282489914961,4866.893246460268,110.67956254760168,255.0,0.0,0.0,True,0,0,0,0.0,1.5340711171922574,,0.07401450000179466,1,0,0.8546445999963908
a8-ablation,scale_free-n60-load0.9-congestion_surge-centralised,scale_free,60,0.9,congestion_surge,CENTRALISED,orbit,25,10322955953474688285,0.2598096027407138,0.6736920107041809,0.37173675888733726,0.1366970042443617,0.05316401699669602,4865.359645955958,125.10418054975914,204.0,0.0,0.0,True,150,0,0,0.0,1.6672653141229068,,0.09421589999692515,1,0,0.6847808999882545
a8-ablation,scale_free-n60-load0.9-congestion_surge-centralised,scale_free,60,0.9,congestion_surge,CENTRALISED,orbit-no-damping,25,10322955953474688285,0.2598096027407138,0.6736920107041809,0.37173675888733726,0.1366970042443617,0.05316401699669602,4865.359645955958,125.10418054975914,204.0,0.0,0.0,True,150,0,0,0.0,1.6672653141229068,,0.04142670000146609,1,0,0.815070900003775
a8-ablation,scale_free-n60-load0.9-congestion_surge-centralised,scale_free,60,0.9,congestion_surge,CENTRALISED,orbit-no-fallback,25,10322955953474688285,0.25885519129047935,0.6723928718768198,0.4501585499591206,0.09233840474162211,0.024856773272980342,4847.486730918852,129.72822522041614,255.0,0.0,0.0,True,76,0,0,0.0,1.7062125998127093,,0.03483590000541881,1,11100,0.6162683000002289
a8-ablation,scale_free-n60-load0.9-congestion_surge-centralised,scale_free,60,0.9,congestion_surge,CENTRALISED,orbit-no-preemption,25,10322955953474688285,0.2598096027407138,0.6736920107041809,0.37173675888733726,0.1366970042443617,0.05316401699669602,4865.359645955958,125.10418054975914,204.0,0.0,0.0,True,150,0,0,0.0,1.6672653141229068,,0.09073989999887999,1,0,0.9451459999982035
a8-ablation,scale_free-n60-load0.9-congestion_surge-centralised,scale_free,60,0.9,congestion_surge,CENTRALISED,orbit-no-protection,25,10322955953474688285,0.2598096027407138,0.6736920107041809,0.37173675888733726,0.1366970042443617,0.05316401699669602,4865.359645955958,125.10418054975914,204.0,0.0,0.0,True,150,0,0,0.0,1.6672653141229068,,0.045647699997061864,1,0,0.8826196000009077
a8-ablation,scale_free-n60-load0.9-congestion_surge-centralised,scale_free,60,0.9,congestion_surge,CENTRALISED,orbit-restoration-only,25,10322955953474688285,0.2598096027407138,0.6736920107041809,0.37173675888733726,0.1366970042443617,0.05316401699669602,4865.359645955958,125.10418054975914,204.0,0.0,0.0,True,150,0,0,0.0,1.6672653141229068,,0.035489800007781014,1,0,0.8862416999909328
a8-ablation,scale_free-n60-load0.9-congestion_surge-centralised,scale_free,60,0.9,congestion_surge,CENTRALISED,cspf,26,17230573084910768465,0.24143993009372253,0.4951073547227822,0.2755359697955739,0.1580610797708875,0.15754136832862572,4504.485551041476,115.97690212219369,255.0,0.0,0.0,True,0,0,0,0.0,1.3277520872321424,,0.0536359999969136,1,0,0.7979147000005469
a8-ablation,scale_free-n60-load0.9-congestion_surge-centralised,scale_free,60,0.9,congestion_surge,CENTRALISED,orbit,26,17230573084910768465,0.22421872000071502,0.672108325769263,0.29276021859475954,0.08585324880596358,0.05639470884698716,4183.193658663568,141.34359404202664,255.0,0.0,0.0,True,150,0,0,0.0,1.6298259414645906,,0.04111669999838341,1,0,0.6721989999932703
a8-ablation,scale_free-n60-load0.9-congestion_surge-centralised,scale_free,60,0.9,congestion_surge,CENTRALISED,orbit-no-damping,26,17230573084910768465,0.22421872000071502,0.672108325769263,0.29276021859475954,0.08585324880596358,0.05639470884698716,4183.193658663568,141.34359404202664,255.0,0.0,0.0,True,150,0,0,0.0,1.6298259414645906,,0.04155209999589715,1,0,0.6095844999945257
a8-ablation,scale_free-n60-load0.9-congestion_surge-centralised,scale_free,60,0.9,congestion_surge,CENTRALISED,orbit-no-fallback,26,17230573084910768465,0.22884812015239833,0.672108325769263,0.31380493960595846,0.08802584811572774,0.051709633929156104,4269.56324171121,147.14799100716883,306.0,0.0,0.0,True,74,0,0,0.0,1.6298259414645906,,0.02276789999450557,1,11400,0.5889219000091543
a8-ablation,scale_free-n60-load0.9-congestion_surge-centralised,scale_free,60,0.9,congestion_surge,CENTRALISED,orbit-no-preemption,26,17230573084910768465,0.22421872000071502,0.672108325769263,0.29276021859475954,0.08585324880596358,0.05639470884698716,4183.193658663568,141.34359404202664,255.0,0.0,0.0,True,150,0,0,0.0,1.6298259414645906,,0.07871339999837801,1,0,0.7265991000022041
a8-ablation,scale_free-n60-load0.9-congestion_surge-centralised,scale_free,60,0.9,congestion_surge,CENTRALISED,orbit-no-protection,26,17230573084910768465,0.22421872000071502,0.672108325769263,0.29276021859475954,0.08585324880596358,0.05639470884698716,4183.193658663568,141.34359404202664,255.0,0.0,0.0,True,150,0,0,0.0,1.6298259414645906,,0.09013389999745414,1,0,0.7876813000038965
a8-ablation,scale_free-n60-load0.9-congestion_surge-centralised,scale_free,60,0.9,congestion_surge,CENTRALISED,orbit-restoration-only,26,17230573084910768465,0.22421872000071502,0.672108325769263,0.29276021859475954,0.08585324880596358,0.05639470884698716,4183.193658663568,141.34359404202664,255.0,0.0,0.0,True,150,0,0,0.0,1.6298259414645906,,0.05128339999646414,1,0,0.8380093000014313
a8-ablation,scale_free-n60-load0.9-congestion_surge-centralised,scale_free,60,0.9,congestion_surge,CENTRALISED,cspf,27,5286157353942757075,0.2986692231545534,0.5750075265749545,0.4063511487485352,0.2127100489545561,0.11558387477669989,5051.8225554282835,109.05180756145091,306.0,0.0,0.0,True,0,0,0,0.0,1.4803982490422123,,0.035051900005782954,1,0,0.765136000001803
a8-ablation,scale_free-n60-load0.9-congestion_surge-centralised,scale_free,60,0.9,congestion_surge,CENTRALISED,orbit,27,5286157353942757075,0.27435724275967416,0.7146907078281856,0.34739063701766965,0.09874921380338844,0.1525162876304224,4640.599029854558,118.43308995462229,255.0,0.0,0.0,True,150,0,0,0.0,1.7428330323132875,,0.061666800000239164,1,0,0.8231914000061806
a8-ablation,scale_free-n60-load0.9-congestion_surge-centralised,scale_free,60,0.9,congestion_surge,CENTRALISED,orbit-no-damping,27,5286157353942757075,0.27435724275967416,0.7146907078281856,0.34739063701766965,0.09874921380338844,0.1525162876304224,4640.599029854558,118.43308995462229,255.0,0.0,0.0,True,150,0,0,0.0,1.7428330323132875,,0.054727299997466616,1,0,0.8270776999997906
a8-ablation,scale_free-n60-load0.9-congestion_surge-centralised,scale_free,60,0.9,congestion_surge,CENTRALISED,orbit-no-fallback,27,5286157353942757075,0.27643148982303695,0.7146907078281856,0.36585274026901615,0.11306041457583599,0.1193580021712424,4675.683756662196,116.4783185988453,255.0,0.0,0.0,True,85,0,0,0.0,1.7428330323132875,,0.02272540000558365,1,9750,0.6279693999968003
a8-ablation,scale_free-n60-load0.9-congestion_surge-centralised,scale_free,60,0.9,congestion_surge,CENTRALISED,orbit-no-preemption,27,5286157353942757075,0.27435724275967416,0.7146907078281856,0.34739063701766965,0.09874921380338844,0.1525162876304224,4640.599029854558,118.43308995462229,255.0,0.0,0.0,True,150,0,0,0.0,1.7428330323132875,,0.07836820000375155,1,0,0.9726663999899756
a8-ablation,scale_free-n60-load0.9-congestion_surge-centralised,scale_free,60,0.9,congestion_surge,CENTRALISED,orbit-no-protection,27,5286157353942757075,0.27435724275967416,0.7146907078281856,0.34739063701766965,0.09874921380338844,0.1525162876304224,4640.599029854558,118.43308995462229,255.0,0.0,0.0,True,150,0,0,0.0,1.7428330323132875,,0.06225750000157859,1,0,0.6845967999979621
a8-ablation,scale_free-n60-load0.9-congestion_surge-centralised,scale_free,60,0.9,congestion_surge,CENTRALISED,orbit-restoration-only,27,5286157353942757075,0.27435724275967416,0.7146907078281856,0.34739063701766965,0.09874921380338844,0.1525162876304224,4640.599029854558,118.43308995462229,255.0,0.0,0.0,True,150,0,0,0.0,1.7428330323132875,,0.05901960001210682,1,0,0.9931700000015553
a8-ablation,scale_free-n60-load0.9-congestion_surge-centralised,scale_free,60,0.9,congestion_surge,CENTRALISED,cspf,28,11585750251259183644,0.28837566703725404,0.6735645921112753,0.3168590679664308,0.2203526170557704,0.1342258406220476,5018.731787791959,96.84520500277529,156.08,0.0,0.0,True,0,0,0,0.0,1.6573674928992537,,0.03450110000267159,1,0,0.8801997999980813
a8-ablation,scale_free-n60-load0.9-congestion_surge-centralised,scale_free,60,0.9,congestion_surge,CENTRALISED,orbit,28,11585750251259183644,0.29154186336418464,0.7929910833374156,0.41510422556812376,0.14992801749118373,0.07085289315726702,5073.834530390223,105.01841723409923,204.0,0.0,0.0,True,150,0,0,0.0,1.9506301827031576,,0.048324900009902194,1,0,0.846671499995864
a8-ablation,scale_free-n60-load0.9-congestion_surge-centralised,scale_free,60,0.9,congestion_surge,CENTRALISED,orbit-no-damping,28,11585750251259183644,0.29154186336418464,0.7929910833374156,0.41510422556812376,0.14992801749118373,0.07085289315726702,5073.834530390223,105.01841723409923,204.0,0.0,0.0,True,150,0,0,0.0,1.9506301827031576,,0.03811370000767056,1,0,0.778220499996678
a8-ablation,scale_free-n60-load0.9-congestion_surge-centralised,scale_free,60,0.9,congestion_surge,CENTRALISED,orbit-no-fallback,28,11585750251259183644,0.29093322538204064,0.7929910833374156,0.458262435987834,0.1484023002915675,0.027130778208091705,5063.242129097749,115.38480091299033,255.0,0.0,0.0,True,89,0,0,0.0,1.9506301827031576,,0.03744629998982418,1,9150,0.5968721999961417
a8-ablation,scale_free-n60-load0.9-congestion_surge-centralised,scale_free,60,0.9,congestion_surge,CENTRALISED,orbit-no-preemption,28,11585750251259183644,0.29154186336418464,0.7929910833374156,0.41510422556812376,0.14992801749118373,0.07085289315726702,5073.834530390223,105.01841723409923,204.0,0.0,0.0,True,150,0,0,0.0,1.9506301827031576,,0.0639587999903597,1,0,0.8321735999925295
a8-ablation,scale_free-n60-load0.9-congestion_surge-centralised,scale_free,60,0.9,congestion_surge,CENTRALISED,orbit-no-protection,28,11585750251259183644,0.29154186336418464,0.7929910833374156,0.41510422556812376,0.14992801749118373,0.07085289315726702,5073.834530390223,105.01841723409923,204.0,0.0,0.0,True,150,0,0,0.0,1.9506301827031576,,0.04386499999964144,1,0,0.7142259000102058
a8-ablation,scale_free-n60-load0.9-congestion_surge-centralised,scale_free,60,0.9,congestion_surge,CENTRALISED,orbit-restoration-only,28,11585750251259183644,0.29154186336418464,0.7929910833374156,0.41510422556812376,0.14992801749118373,0.07085289315726702,5073.834530390223,105.01841723409923,204.0,0.0,0.0,True,150,0,0,0.0,1.9506301827031576,,0.03479940000397619,1,0,0.8327544000057969
a8-ablation,scale_free-n60-load0.9-congestion_surge-centralised,scale_free,60,0.9,congestion_surge,CENTRALISED,cspf,29,4803896098337286784,0.2867679883687506,0.5757733862607508,0.36026640882328415,0.17178312718204644,0.20003157718374143,4912.287899451188,101.19464027503062,205.015,0.0,0.0,True,0,0,0,0.0,1.4933636592983428,,0.05355660000350326,1,0,0.9700182999949902
a8-ablation,scale_free-n60-load0.9-congestion_surge-centralised,scale_free,60,0.9,congestion_surge,CENTRALISED,orbit,29,4803896098337286784,0.2497222233349414,0.7178618763064128,0.354390197476649,0.11488068274683061,0.054101296492342056,4277.700111823065,120.41522203213539,255.00000000000003,0.0,0.0,True,150,0,0,0.0,1.786000924506679,,0.04475370000000112,1,0,0.8157000000064727
a8-ablation,scale_free-n60-load0.9-congestion_surge-centralised,scale_free,60,0.9,congestion_surge,CENTRALISED,orbit-no-damping,29,4803896098337286784,0.2497222233349414,0.7178618763064128,0.354390197476649,0.11488068274683061,0.054101296492342056,4277.700111823065,120.41522203213539,255.00000000000003,0.0,0.0,True,150,0,0,0.0,1.786000924506679,,0.040686899999855086,1,0,0.914968900004169
a8-ablation,scale_free-n60-load0.9-congestion_surge-centralised,scale_free,60,0.9,congestion_surge,CENTRALISED,orbit-no-fallback,29,4803896098337286784,0.26098963243950435,0.7162735161864779,0.44170733984697547,0.0925342362176067,0.041732219952913444,4470.70895397925,113.07873773339286,255.0,0.0,0.0,True,83,0,0,0.0,1.8372586386101457,,0.02376709999225568,1,10050,0.7473992000013823
a8-ablation,scale_free-n60-load0.9-congestion_surge-centralised,scale_free,60,0.9,congestion_surge,CENTRALISED,orbit-no-preemption,29,4803896098337286784,0.2497222233349414,0.7178618763064128,0.354390197476649,0.11488068274683061,0.054101296492342056,4277.700111823065,120.41522203213539,255.00000000000003,0.0,0.0,True,150,0,0,0.0,1.786000924506679,,0.06854329998895992,1,0,0.9454389999882551
a8-ablation,scale_free-n60-load0.9-congestion_surge-centralised,scale_free,60,0.9,congestion_surge,CENTRALISED,orbit-no-protection,29,4803896098337286784,0.2497222233349414,0.7178618763064128,0.354390197476649,0.11488068274683061,0.054101296492342056,4277.700111823065,120.41522203213539,255.00000000000003,0.0,0.0,True,150,0,0,0.0,1.786000924506679,,0.08951449999585748,1,0,0.9317608999990625
a8-ablation,scale_free-n60-load0.9-congestion_surge-centralised,scale_free,60,0.9,congestion_surge,CENTRALISED,orbit-restoration-only,29,4803896098337286784,0.2497222233349414,0.7178618763064128,0.354390197476649,0.11488068274683061,0.054101296492342056,4277.700111823065,120.41522203213539,255.00000000000003,0.0,0.0,True,150,0,0,0.0,1.786000924506679,,0.07991120000951923,1,0,0.8388818999956129
a8-ablation,scale_free-n60-load0.9-critical_link-centralised,scale_free,60,0.9,critical_link,CENTRALISED,cspf,0,1434984066010137452,0.6208677070248578,0.9565013277338208,0.7536010298680826,0.6034188249478613,0.33237258722946983,4750.569889827617,60.96740794068329,107.2145988723052,0.0,0.0,True,27,0,0,0.30000000000000004,1.0,,0.07041339999705087,2,4,1.1813306999974884
a8-ablation,scale_free-n60-load0.9-critical_link-centralised,scale_free,60,0.9,critical_link,CENTRALISED,orbit,0,1434984066010137452,0.6102137623955698,0.9941128673757333,0.8988728233765739,0.4922532687539418,0.27224532200147883,4669.051221694085,50.81585605774006,153.0,0.2,0.2,False,170,0,0,0.30000000000000004,0.9939549530489661,,0.05882549998932518,2,6,1.4358746999932919
a8-ablation,scale_free-n60-load0.9-critical_link-centralised,scale_free,60,0.9,critical_link,CENTRALISED,orbit-no-damping,0,1434984066010137452,0.6102137623955698,0.9941128673757333,0.8988728233765739,0.4922532687539418,0.27224532200147883,4669.051221694085,50.81585605774006,153.0,0.2,0.2,False,170,0,0,0.30000000000000004,0.9939549530489661,,0.07149720001325477,2,6,1.3188577000109944
a8-ablation,scale_free-n60-load0.9-critical_link-centralised,scale_free,60,0.9,critical_link,CENTRALISED,orbit-no-fallback,0,1434984066010137452,0.5501477390477116,0.999271307440613,0.7326172081846787,0.49874231236016126,0.19595851372017414,4209.4559831441875,5.659555343808065,11.321335445496176,0.2,0.2,True,91,1,0,0.30000000000000004,1.0,,0.07349039998371154,2,9282,1.1251283000019612
a8-ablation,scale_free-n60-load0.9-critical_link-centralised,scale_free,60,0.9,critical_link,CENTRALISED,orbit-no-preemption,0,1434984066010137452,0.6102137623955698,0.9941128673757333,0.8988728233765739,0.4922532687539418,0.27224532200147883,4669.051221694085,50.81585605774006,153.0,0.2,0.2,False,170,0,0,0.30000000000000004,0.9939549530489661,,0.09517839999170974,2,6,1.2928738000045996
a8-ablation,scale_free-n60-load0.9-critical_link-centralised,scale_free,60,0.9,critical_link,CENTRALISED,orbit-no-protection,0,1434984066010137452,0.6102137623955698,0.9941128673757333,0.8988728233765739,0.4922532687539418,0.27224532200147883,4669.051221694085,50.81585605774006,153.0,0.2,0.2,False,170,0,0,0.30000000000000004,0.9939549530489661,,0.05758290000085253,2,6,1.456453299993882
a8-ablation,scale_free-n60-load0.9-critical_link-centralised,scale_free,60,0.9,critical_link,CENTRALISED,orbit-restoration-only,0,1434984066010137452,0.6102137623955698,0.9941128673757333,0.8988728233765739,0.4922532687539418,0.27224532200147883,4669.051221694085,50.81585605774006,153.0,0.2,0.2,False,170,0,0,0.30000000000000004,0.9939549530489661,,0.08108150000043679,2,6,1.453376899997238
a8-ablation,scale_free-n60-load0.9-critical_link-centralised,scale_free,60,0.9,critical_link,CENTRALISED,cspf,1,16522877782088121525,0.6259379444704328,0.9683621150890984,0.7578854816031754,0.5179640094479007,0.45590629454155507,4842.244116188257,60.78011636481201,154.03345959855338,0.0,0.0,True,16,0,0,0.30000000000000004,1.0000000000000002,,0.06807429999753367,2,4,1.2434005000104662
a8-ablation,scale_free-n60-load0.9-critical_link-centralised,scale_free,60,0.9,critical_link,CENTRALISED,orbit,1,16522877782088121525,0.6396872266541446,0.9991864563123097,0.9213883062683047,0.5189718403905783,0.3248551957008606,4948.608303475572,57.56117236064723,155.0997848567508,0.2,0.2,True,181,0,0,0.30000000000000004,1.0,,0.060118499997770414,2,6,1.5894783999974607
a8-ablation,scale_free-n60-load0.9-critical_link-centralised,scale_free,60,0.9,critical_link,CENTRALISED,orbit-no-damping,1,16522877782088121525,0.6403516335598565,0.9991864563123097,0.9213883062683047,0.5189718403905783,0.3274144136707724,4953.748142749351,56.61450065640756,154.0182063344632,0.2,0.2,True,183,0,0,0.30000000000000004,1.0,,0.10884590000205208,2,6,1.5225525999994716
a8-ablation,scale_free-n60-load0.9-critical_link-centralised,scale_free,60,0.9,critical_link,CENTRALISED,orbit-no-fallback,1,16522877782088121525,0.519072076405059,0.9471196603001256,0.8131805061683105,0.4548434263014385,0.08184472814649127,4015.5317792349397,3.9743406233290197,8.140695808737567,,0.0,True,85,0,0,0.0,0.9389842234232236,,0.027593799997703172,2,10010,0.9133198999916203
a8-ablation,scale_free-n60-load0.9-critical_link-centralised,scale_free,60,0.9,critical_link,CENTRALISED,orbit-no-preemption,1,16522877782088121525,0.6396872266541446,0.9991864563123097,0.9213883062683047,0.5189718403905783,0.3248551957008606,4948.608303475572,57.56117236064723,155.0997848567508,0.2,0.2,True,181,0,0,0.30000000000000004,1.0,,0.05916760000400245,2,6,1.453566199998022
a8-ablation,scale_free-n60-load0.9-critical_link-centralised,scale_free,60,0.9,critical_link,CENTRALISED,orbit-no-protection,1,16522877782088121525,0.6396872266541446,0.9991864563123097,0.9213883062683047,0.5189718403905783,0.3248551957008606,4948.608303475572,57.56117236064723,155.0997848567508,0.2,0.2,True,181,0,0,0.30000000000000004,1.0,,0.06173810001928359,2,6,1.3972365999943577
a8-ablation,scale_free-n60-load0.9-critical_link-centralised,scale_free,60,0.9,critical_link,CENTRALISED,orbit-restoration-only,1,16522877782088121525,0.6403516335598565,0.9991864563123097,0.9213883062683047,0.5189718403905783,0.3274144136707724,4953.748142749351,56.61450065640756,154.0182063344632,0.2,0.2,True,183,0,0,0.30000000000000004,1.0,,0.063521000003675,2,6,1.5446231000096304
a8-ablation,scale_free-n60-load0.9-critical_link-centralised,scale_free,60,0.9,critical_link,CENTRALISED,cspf,2,12185171921692137718,0.6528732978307751,0.9735143228108577,0.8642988001373576,0.6293175394757384,0.30478118581677566,4578.628668168545,61.47230706447395,154.37403053026617,0.0,0.0,True,47,0,0,0.30000000000000004,1.0,,0.08486400000401773,2,6,1.579724499999429
a8-ablation,scale_free-n60-load0.9-critical_link-centralised,scale_free,60,0.9,critical_link,CENTRALISED,orbit,2,12185171921692137718,0.6341600283855489,0.9995203828841008,0.9341006107558472,0.5821395423588936,0.20993101818964194,4447.391700380526,65.4814892840561,155.71562647725017,0.0,0.0,False,178,0,0,0.30000000000000004,1.0,,0.08944329999212641,2,6,1.6427698000043165
a8-ablation,scale_free-n60-load0.9-critical_link-centralised,scale_free,60,0.9,critical_link,CENTRALISED,orbit-no-damping,2,12185171921692137718,0.6341600283855489,0.9995203828841008,0.9341006107558472,0.5821395423588936,0.20993101818964194,4447.391700380526,65.4814892840561,155.71562647725017,0.0,0.0,False,178,0,0,0.30000000000000004,1.0,,0.0790807000012137,2,6,1.599234900000738
a8-ablation,scale_free-n60-load0.9-critical_link-centralised,scale_free,60,0.9,critical_link,CENTRALISED,orbit-no-fallback,2,12185171921692137718,0.5111422914040052,0.9995203828841008,0.8624133961588253,0.3896178349299113,0.05667504311710567,3584.6629915968065,6.939548341068103,15.035053827337055,0.0,0.0,False,87,2,0,0.30000000000000004,1.0,,0.02531549999548588,2,9860,1.040404799990938
a8-ablation,scale_free-n60-load0.9-critical_link-centralised,scale_free,60,0.9,critical_link,CENTRALISED,orbit-no-preemption,2,12185171921692137718,0.6341600283855489,0.9995203828841008,0.9341006107558472,0.5821395423588936,0.20993101818964194,4447.391700380526,65.4814892840561,155.71562647725017,0.0,0.0,False,178,0,0,0.30000000000000004,1.0,,0.09513040000456385,2,6,1.659299999999348
a8-ablation,scale_free-n60-load0.9-critical_link-centralised,scale_free,60,0.9,critical_link,CENTRALISED,orbit-no-protection,2,12185171921692137718,0.6341600283855489,0.9995203828841008,0.9341006107558472,0.5821395423588936,0.20993101818964194,4447.391700380526,65.4814892840561,155.71562647725017,0.0,0.0,False,178,0,0,0.30000000000000004,1.0,,0.08567600000242237,2,6,1.7443117999937385
a8-ablation,scale_free-n60-load0.9-critical_link-centralised,scale_free,60,0.9,critical_link,CENTRALISED,orbit-restoration-only,2,12185171921692137718,0.6341600283855489,0.9995203828841008,0.9341006107558472,0.5821395423588936,0.20993101818964194,4447.391700380526,65.4814892840561,155.71562647725017,0.0,0.0,False,178,0,0,0.30000000000000004,1.0,,0.07296459999633953,2,6,1.4379942000086885
a8-ablation,scale_free-n60-load0.9-critical_link-centralised,scale_free,60,0.9,critical_link,CENTRALISED,cspf,3,9497508947973704058,0.7107639670861691,0.947649505000558,0.8692351318661222,0.5977461284980177,0.552050876627183,4884.846852798148,53.65145906184661,107.61475622121202,0.0,0.0,True,32,0,0,0.30000000000000004,1.0,,0.1142522000009194,2,6,1.5508085000037681
a8-ablation,scale_free-n60-load0.9-critical_link-centralised,scale_free,60,0.9,critical_link,CENTRALISED,orbit,3,9497508947973704058,0.6795852106451333,0.9935643299704244,0.916051241196958,0.6723505899112584,0.25066937482973184,4670.565519855042,61.5059119919968,156.11151446375666,0.2,0.2,False,173,0,0,0.30000000000000004,0.9934417824708509,,0.0803273000055924,2,8,1.4741402999934508
a8-ablation,scale_free-n60-load0.9-critical_link-centralised,scale_free,60,0.9,critical_link,CENTRALISED,orbit-no-damping,3,9497508947973704058,0.6795852106451333,0.9935643299704244,0.916051241196958,0.6723505899112584,0.25066937482973184,4670.565519855042,61.5059119919968,156.11151446375666,0.2,0.2,False,173,0,0,0.30000000000000004,0.9934417824708509,,0.07822019999730401,2,8,1.504093900002772
a8-ablation,scale_free-n60-load0.9-critical_link-centralised,scale_free,60,0.9,critical_link,CENTRALISED,orbit-no-fallback,3,9497508947973704058,0.5666997916530585,0.9991606755952999,0.7710444055132171,0.565205245582668,0.09880179074316754,3894.7411826269504,5.154793321501658,12.815595498668497,0.2,0.2,False,92,1,0,0.30000000000000004,1.0,,0.05589069999405183,2,9132,1.1380370000115363
a8-ablation,scale_free-n60-load0.9-critical_link-centralised,scale_free,60,0.9,critical_link,CENTRALISED,orbit-no-preemption,3,9497508947973704058,0.6795852106451333,0.9935643299704244,0.916051241196958,0.6723505899112584,0.25066937482973184,4670.565519855042,61.5059119919968,156.11151446375666,0.2,0.2,False,173,0,0,0.30000000000000004,0.9934417824708509,,0.09381179999036249,2,8,1.7175350999896182
a8-ablation,scale_free-n60-load0.9-critical_link-centralised,scale_free,60,0.9,critical_link,CENTRALISED,orbit-no-protection,3,9497508947973704058,0.6795852106451333,0.9935643299704244,0.916051241196958,0.6723505899112584,0.25066937482973184,4670.565519855042,61.5059119919968,156.11151446375666,0.2,0.2,False,173,0,0,0.30000000000000004,0.9934417824708509,,0.06436079999548383,2,8,1.5535520999983419
a8-ablation,scale_free-n60-load0.9-critical_link-centralised,scale_free,60,0.9,critical_link,CENTRALISED,orbit-restoration-only,3,9497508947973704058,0.6795852106451333,0.9935643299704244,0.916051241196958,0.6723505899112584,0.25066937482973184,4670.565519855042,61.5059119919968,156.11151446375666,0.2,0.2,False,173,0,0,0.30000000000000004,0.9934417824708509,,0.07652780000353232,2,8,1.6491562999872258
a8-ablation,scale_free-n60-load0.9-critical_link-centralised,scale_free,60,0.9,critical_link,CENTRALISED,cspf,4,11564728017750213270,0.6275580575374318,0.8940370097374807,0.7923689085286112,0.5331550842944667,0.44084521967875345,5033.911489481569,70.83250903308841,154.02039755744602,0.0,0.0,True,35,0,0,0.30000000000000004,1.0112798194326602,,0.11464259999047499,2,2,1.3809862000052817
a8-ablation,scale_free-n60-load0.9-critical_link-centralised,scale_free,60,0.9,critical_link,CENTRALISED,orbit,4,11564728017750213270,0.6241294596391501,1.0,0.9356121078457215,0.45428645215062663,0.3331774638663063,5006.409239855934,62.463495046872545,155.3002110546076,0.0,0.0,False,186,0,0,0.30000000000000004,1.0,,0.06183810000948142,2,4,1.5682330999989063
a8-ablation,scale_free-n60-load0.9-critical_link-centralised,scale_free,60,0.9,critical_link,CENTRALISED,orbit-no-damping,4,11564728017750213270,0.6241294596391501,1.0,0.9356121078457215,0.45428645215062663,0.3331774638663063,5006.409239855934,62.463495046872545,155.3002110546076,0.0,0.0,False,186,0,0,0.30000000000000004,1.0,,0.10296590000507422,2,4,1.5565982999978587
a8-ablation,scale_free-n60-load0.9-critical_link-centralised,scale_free,60,0.9,critical_link,CENTRALISED,orbit-no-fallback,4,11564728017750213270,0.502645145684336,1.0,0.8583999336082585,0.34505096133767527,0.07665100982349478,4031.9316174847995,5.571795653176754,11.649066176448251,0.0,0.0,False,83,0,0,0.30000000000000004,1.0,,0.026313499998650514,2,10332,0.8712061999976868
a8-ablation,scale_free-n60-load0.9-critical_link-centralised,scale_free,60,0.9,critical_link,CENTRALISED,orbit-no-preemption,4,11564728017750213270,0.6241294596391501,1.0,0.9356121078457215,0.45428645215062663,0.3331774638663063,5006.409239855934,62.463495046872545,155.3002110546076,0.0,0.0,False,186,0,0,0.30000000000000004,1.0,,0.0675381000037305,2,4,1.4687112999963574
a8-ablation,scale_free-n60-load0.9-critical_link-centralised,scale_free,60,0.9,critical_link,CENTRALISED,orbit-no-protection,4,11564728017750213270,0.6241294596391501,1.0,0.9356121078457215,0.45428645215062663,0.3331774638663063,5006.409239855934,62.463495046872545,155.3002110546076,0.0,0.0,False,186,0,0,0.30000000000000004,1.0,,0.1123173000087263,2,4,1.4596061000047484
a8-ablation,scale_free-n60-load0.9-critical_link-centralised,scale_free,60,0.9,critical_link,CENTRALISED,orbit-restoration-only,4,11564728017750213270,0.6241294596391501,1.0,0.9356121078457215,0.45428645215062663,0.3331774638663063,5006.409239855934,62.463495046872545,155.3002110546076,0.0,0.0,False,186,0,0,0.30000000000000004,1.0,,0.08353479999641422,2,4,1.4063158000062685
a8-ablation,scale_free-n60-load0.9-critical_link-centralised,scale_free,60,0.9,critical_link,CENTRALISED,cspf,5,8822565377480532364,0.6299383451627438,0.9433314323694002,0.7170689539556294,0.5825793164357062,0.40586862006184404,4603.230914088794,67.0968591116657,155.1022376883746,0.0,0.0,False,24,0,0,0.30000000000000004,1.0,,0.07219979999354109,2,12,1.3860904000030132
a8-ablation,scale_free-n60-load0.9-critical_link-centralised,scale_free,60,0.9,critical_link,CENTRALISED,orbit,5,8822565377480532364,0.6041337477242552,0.9832371754099795,0.8547261267067077,0.47573503819220675,0.2900651852030091,4414.665601996577,62.380653769256874,154.09281420231468,0.2,0.2,False,175,0,0,0.30000000000000004,0.981171852524399,,0.06510740001976956,2,10,1.6641358000051696
a8-ablation,scale_free-n60-load0.9-critical_link-centralised,scale_free,60,0.9,critical_link,CENTRALISED,orbit-no-damping,5,8822565377480532364,0.6093616735740647,0.9832371754099795,0.8547261267067077,0.4824924023067293,0.30165579923377983,4452.868308774476,60.91961796760218,154.09281420231468,0.2,0.2,False,178,0,0,0.30000000000000004,0.981171852524399,,0.08132119999208953,2,10,1.3115640000032727
a8-ablation,scale_free-n60-load0.9-critical_link-centralised,scale_free,60,0.9,critical_link,CENTRALISED,orbit-no-fallback,5,8822565377480532364,0.5016981541996874,0.9993038612558299,0.7410355396192164,0.38093539701070994,0.11070749370908839,3666.12458296478,4.87507436733462,10.55651595942907,0.2,0.2,True,85,2,0,0.30000000000000004,1.0,,0.03884569999354426,2,10332,1.081118800007971
a8-ablation,scale_free-n60-load0.9-critical_link-centralised,scale_free,60,0.9,critical_link,CENTRALISED,orbit-no-preemption,5,8822565377480532364,0.6041337477242552,0.9832371754099795,0.8547261267067077,0.47573503819220675,0.2900651852030091,4414.665601996577,62.380653769256874,154.09281420231468,0.2,0.2,False,175,0,0,0.30000000000000004,0.981171852524399,,0.10152499999094289,2,10,1.867083699995419
a8-ablation,scale_free-n60-load0.9-critical_link-centralised,scale_free,60,0.9,critical_link,CENTRALISED,orbit-no-protection,5,8822565377480532364,0.6041337477242552,0.9832371754099795,0.8547261267067077,0.47573503819220675,0.2900651852030091,4414.665601996577,62.380653769256874,154.09281420231468,0.2,0.2,False,175,0,0,0.30000000000000004,0.981171852524399,,0.12900139999692328,2,10,1.7130819000012707
a8-ablation,scale_free-n60-load0.9-critical_link-centralised,scale_free,60,0.9,critical_link,CENTRALISED,orbit-restoration-only,5,8822565377480532364,0.6093616735740647,0.9832371754099795,0.8547261267067077,0.4824924023067293,0.30165579923377983,4452.868308774476,60.91961796760218,154.09281420231468,0.2,0.2,False,178,0,0,0.30000000000000004,0.981171852524399,,0.07316479997825809,2,10,1.5682192000094801
a8-ablation,scale_free-n60-load0.9-critical_link-centralised,scale_free,60,0.9,critical_link,CENTRALISED,cspf,6,1545461447955633021,0.6029929471959,0.9189353972933567,0.7394658713361292,0.5000602016961119,0.41864303905379063,4687.755378206528,72.8574434840254,154.03915731529378,0.0,0.0,True,45,0,0,0.30000000000000004,1.0593652777284108,,0.1030528000119375,2,4,1.2945723999873735
a8-ablation,scale_free-n60-load0.9-critical_link-centralised,scale_free,60,0.9,critical_link,CENTRALISED,orbit,6,1545461447955633021,0.6014852995330485,0.9992545489999395,0.876932625209274,0.5005486234883514,0.22818800444917786,4676.034704734577,63.60426090200202,154.07946321255355,0.2,0.2,False,189,1,0,0.30000000000000004,1.0,,0.08306729998730589,2,4,1.5817552000080468
a8-ablation,scale_free-n60-load0.9-critical_link-centralised,scale_free,60,0.9,critical_link,CENTRALISED,orbit-no-damping,6,1545461447955633021,0.6014852995330485,0.9992545489999395,0.876932625209274,0.5005486234883514,0.22818800444917786,4676.034704734577,63.60426090200202,154.07946321255355,0.2,0.2,False,189,1,0,0.30000000000000004,1.0,,0.12742889998480678,2,4,1.6313300000037998
a8-ablation,scale_free-n60-load0.9-critical_link-centralised,scale_free,60,0.9,critical_link,CENTRALISED,orbit-no-fallback,6,1545461447955633021,0.4704878723995773,0.9515456849960529,0.7935746978606948,0.32886093361975216,0.056358732491643276,3657.6415437003993,4.965248335039132,12.994628303891714,,0.0,True,76,0,0,0.30000000000000004,0.9440911749954424,,0.05119509999349248,2,11448,0.8365425000083633
a8-ablation,scale_free-n60-load0.9-critical_link-centralised,scale_free,60,0.9,critical_link,CENTRALISED,orbit-no-preemption,6,1545461447955633021,0.5995118093808537,0.9992545489999395,0.8622508194081059,0.5004969186570846,0.2346380263215728,4660.6925036063385,65.56300501494295,154.07285850502643,0.2,0.2,True,187,0,0,0.30000000000000004,1.0,,0.05943700000352692,2,4,1.741508299994166
a8-ablation,scale_free-n60-load0.9-critical_link-centralised,scale_free,60,0.9,critical_link,CENTRALISED,orbit-no-protection,6,1545461447955633021,0.6014852995330485,0.9992545489999395,0.876932625209274,0.5005486234883514,0.22818800444917786,4676.034704734577,63.60426090200202,154.07946321255355,0.2,0.2,False,189,1,0,0.30000000000000004,1.0,,0.06100709999736864,2,4,1.4015791000128957
a8-ablation,scale_free-n60-load0.9-critical_link-centralised,scale_free,60,0.9,critical_link,CENTRALISED,orbit-restoration-only,6,1545461447955633021,0.6008323328576213,0.9992545489999395,0.8931010213027588,0.5131280419467511,0.1921100748897457,4670.958446282869,65.47407907578732,154.08781796663777,0.2,0.2,False,190,0,0,0.30000000000000004,1.0,,0.11382830000366084,2,4,1.7495954999903915
a8-ablation,scale_free-n60-load0.9-critical_link-centralised,scale_free,60,0.9,critical_link,CENTRALISED,cspf,7,15348025566014959357,0.5916697258881806,0.9251680118604667,0.6588276651307853,0.558389451906686,0.3807907260890162,4802.21451290956,64.53051297758245,154.02722814279264,0.0,0.0,True,35,0,0,0.30000000000000004,1.0,,0.0722059999970952,2,10,0.9655211000062991
a8-ablation,scale_free-n60-load0.9-critical_link-centralised,scale_free,60,0.9,critical_link,CENTRALISED,orbit,7,15348025566014959357,0.567202714874651,0.9994157032476952,0.867480561853961,0.4146767444486471,0.22563679164558753,4603.631029192675,65.96061158353558,154.1017142357986,0.0,0.2,False,171,1,0,0.30000000000000004,1.0,,0.12489940000523347,2,10,1.7130258999968646
a8-ablation,scale_free-n60-load0.9-critical_link-centralised,scale_free,60,0.9,critical_link,CENTRALISED,orbit-no-damping,7,15348025566014959357,0.5738472352131637,0.9994157032476952,0.8780093631050324,0.4140886791521259,0.24220185546270426,4657.560460773831,67.19487632337749,154.1017142357986,0.0,0.2,False,173,1,0,0.30000000000000004,1.0,,0.07973090000450611,2,10,1.3067963000066811
a8-ablation,scale_free-n60-load0.9-critical_link-centralised,scale_free,60,0.9,critical_link,CENTRALISED,orbit-no-fallback,7,15348025566014959357,0.45865647881587884,0.9994157032476952,0.7004679190366431,0.31359638710300725,0.106628125397999,3722.6288630929066,7.911091939850893,13.698783265721518,0.0,0.0,True,80,2,0,0.30000000000000004,1.0,,0.025080700012040325,2,11082,0.8570861000043806
a8-ablation,scale_free-n60-load0.9-critical_link-centralised,scale_free,60,0.9,critical_link,CENTRALISED,orbit-no-preemption,7,15348025566014959357,0.5626691640953624,0.9994157032476952,0.867480561853961,0.4142861555126942,0.20793502293673896,4566.835022240264,65.5161579920278,154.04849479780162,0.0,0.2,False,170,0,0,0.30000000000000004,1.0,,0.0942030000151135,2,10,1.4159284999914235
a8-ablation,scale_free-n60-load0.9-critical_link-centralised,scale_free,60,0.9,critical_link,CENTRALISED,orbit-no-protection,7,15348025566014959357,0.567202714874651,0.9994157032476952,0.867480561853961,0.4146767444486471,0.22563679164558753,4603.631029192675,65.96061158353558,154.1017142357986,0.0,0.2,False,171,1,0,0.30000000000000004,1.0,,0.093585599999642,2,10,1.4491943000030005
a8-ablation,scale_free-n60-load0.9-critical_link-centralised,scale_free,60,0.9,critical_link,CENTRALISED,orbit-restoration-only,7,15348025566014959357,0.5693136844338759,0.9994157032476952,0.8780093631050324,0.41369809021617276,0.22450008675385566,4620.764453821426,66.76540855596413,154.04849479780162,0.0,0.2,False,172,0,0,0.30000000000000004,1.0,,0.05472080000618007,2,10,1.29238090000581
a8-ablation,scale_free-n60-load0.9-critical_link-centralised,scale_free,60,0.9,critical_link,CENTRALISED,cspf,8,5838301422132543692,0.5746679577933191,0.9346921010694907,0.7085390209153669,0.541516492441884,0.26754346160398335,4591.345435993119,73.12662545956995,154.0641061782482,0.0,0.0,True,16,0,0,0.30000000000000004,1.0063400072595756,,0.07059050000680145,2,6,1.4063839000009466
a8-ablation,scale_free-n60-load0.9-critical_link-centralised,scale_free,60,0.9,critical_link,CENTRALISED,orbit,8,5838301422132543692,0.5477302754315421,1.0,0.8767839013397429,0.41571199918856233,0.12162448002666326,4376.125145230954,65.05158121045051,156.5653560095581,0.0,0.0,False,171,0,0,0.30000000000000004,1.0,,0.07407539999985602,2,4,1.4495304000010947
a8-ablation,scale_free-n60-load0.9-critical_link-centralised,scale_free,60,0.9,critical_link,CENTRALISED,orbit-no-damping,8,5838301422132543692,0.5477302754315421,1.0,0.8767839013397429,0.41571199918856233,0.12162448002666326,4376.125145230954,65.05158121045051,156.5653560095581,0.0,0.0,False,171,0,0,0.30000000000000004,1.0,,0.0824982999911299,2,4,1.2253186000016285
a8-ablation,scale_free-n60-load0.9-critical_link-centralised,scale_free,60,0.9,critical_link,CENTRALISED,orbit-no-fallback,8,5838301422132543692,0.4776550194386139,1.0,0.7754225300342836,0.2545561181859804,0.1600844338095982,3816.2545235686016,6.008926710865276,14.695880640858071,0.0,0.0,False,79,0,0,0.30000000000000004,1.0,,0.033276200003456324,2,10846,0.8664804000000004
a8-ablation,scale_free-n60-load0.9-critical_link-centralised,scale_free,60,0.9,critical_link,CENTRALISED,orbit-no-preemption,8,5838301422132543692,0.5477302754315421,1.0,0.8767839013397429,0.41571199918856233,0.12162448002666326,4376.125145230954,65.05158121045051,156.5653560095581,0.0,0.0,False,171,0,0,0.30000000000000004,1.0,,0.056505400003516115,2,4,1.190326099997037
a8-ablation,scale_free-n60-load0.9-critical_link-centralised,scale_free,60,0.9,critical_link,CENTRALISED,orbit-no-protection,8,5838301422132543692,0.5477302754315421,1.0,0.8767839013397429,0.41571199918856233,0.12162448002666326,4376.125145230954,65.05158121045051,156.5653560095581,0.0,0.0,False,171,0,0,0.30000000000000004,1.0,,0.0734433000034187,2,4,1.2402418999990914
a8-ablation,scale_free-n60-load0.9-critical_link-centralised,scale_free,60,0.9,critical_link,CENTRALISED,orbit-restoration-only,8,5838301422132543692,0.5477302754315421,1.0,0.8767839013397429,0.41571199918856233,0.12162448002666326,4376.125145230954,65.05158121045051,156.5653560095581,0.0,0.0,False,171,0,0,0.30000000000000004,1.0,,0.054091699988930486,2,4,1.4075288999883924
a8-ablation,scale_free-n60-load0.9-critical_link-centralised,scale_free,60,0.9,critical_link,CENTRALISED,cspf,9,5778168808143118887,0.5757514784194112,0.933250210627542,0.6185349602199368,0.49171139372070916,0.4205638253898484,4863.721555715088,58.5259400198951,154.01979620336317,0.0,0.0,False,41,0,0,0.30000000000000004,1.0,,0.08941390001564287,2,4,1.4506349000002956
a8-ablation,scale_free-n60-load0.9-critical_link-centralised,scale_free,60,0.9,critical_link,CENTRALISED,orbit,9,5778168808143118887,0.5800129135807842,0.9996769663972594,0.8472493747806312,0.4010968910845087,0.2710284811518452,4899.720480302396,67.29594843010086,153.0,0.0,0.0,False,174,0,0,0.30000000000000004,1.0,,0.1144983999984106,2,6,1.3283266000071308
a8-ablation,scale_free-n60-load0.9-critical_link-centralised,scale_free,60,0.9,critical_link,CENTRALISED,orbit-no-damping,9,5778168808143118887,0.5800129135807842,0.9996769663972594,0.8472493747806312,0.4010968910845087,0.2710284811518452,4899.720480302396,67.29594843010086,153.0,0.0,0.0,False,174,0,0,0.30000000000000004,1.0,,0.08962730001076125,2,6,1.2353967000090051
a8-ablation,scale_free-n60-load0.9-critical_link-centralised,scale_free,60,0.9,critical_link,CENTRALISED,orbit-no-fallback,9,5778168808143118887,0.49619139798876466,0.9996769663972594,0.6835575001809315,0.3798392934329994,0.1370257810966566,4191.629355053678,4.055370249277932,8.941049110988002,0.0,0.2,False,76,0,0,0.30000000000000004,1.0,,0.027356199992937036,2,11426,0.6235329000046477
a8-ablation,scale_free-n60-load0.9-critical_link-centralised,scale_free,60,0.9,critical_link,CENTRALISED,orbit-no-preemption,9,5778168808143118887,0.5800129135807842,0.9996769663972594,0.8472493747806312,0.4010968910845087,0.2710284811518452,4899.720480302396,67.29594843010086,153.0,0.0,0.0,False,174,0,0,0.30000000000000004,1.0,,0.10017679999873508,2,6,1.2990016999974614
a8-ablation,scale_free-n60-load0.9-critical_link-centralised,scale_free,60,0.9,critical_link,CENTRALISED,orbit-no-protection,9,5778168808143118887,0.5800129135807842,0.9996769663972594,0.8472493747806312,0.4010968910845087,0.2710284811518452,4899.720480302396,67.29594843010086,153.0,0.0,0.0,False,174,0,0,0.30000000000000004,1.0,,0.06920299999183044,2,6,1.4979032999981428
a8-ablation,scale_free-n60-load0.9-critical_link-centralised,scale_free,60,0.9,critical_link,CENTRALISED,orbit-restoration-only,9,5778168808143118887,0.5800129135807842,0.9996769663972594,0.8472493747806312,0.4010968910845087,0.2710284811518452,4899.720480302396,67.29594843010086,153.0,0.0,0.0,False,174,0,0,0.30000000000000004,1.0,,0.114104899999802,2,6,1.3475294000090798
a8-ablation,scale_free-n60-load0.9-critical_link-centralised,scale_free,60,0.9,critical_link,CENTRALISED,cspf,10,2800962508334037949,0.6126432586161817,0.966192264725866,0.7855470606308591,0.5578410104329019,0.27641933835504967,4854.676594176051,71.62284883788693,155.05374498674473,0.0,0.0,True,35,0,0,0.30000000000000004,1.0,,0.06985900001018308,2,6,1.369904699997278
a8-ablation,scale_free-n60-load0.9-critical_link-centralised,scale_free,60,0.9,critical_link,CENTRALISED,orbit,10,2800962508334037949,0.6173376046628543,0.9957475584317201,0.8718314031826427,0.5105021820525751,0.24920370208384873,4891.87529269633,63.46670345343084,154.03963858755415,0.2,0.2,False,167,2,0,0.30000000000000004,1.0,,0.06289000001561362,2,4,1.2551076000090688
a8-ablation,scale_free-n60-load0.9-critical_link-centralised,scale_free,60,0.9,critical_link,CENTRALISED,orbit-no-damping,10,2800962508334037949,0.6235559503381101,0.9957475584317201,0.8788469778081561,0.5059254223851792,0.27451517331090886,4941.150391670482,61.199543649118944,154.05965333821317,0.2,0.2,False,179,2,0,0.30000000000000004,1.0,,0.11757519999810029,2,4,1.5647611000022152
a8-ablation,scale_free-n60-load0.9-critical_link-centralised,scale_free,60,0.9,critical_link,CENTRALISED,orbit-no-fallback,10,2800962508334037949,0.5256755203566897,0.9592767221651595,0.7520393075760274,0.3672149839189073,0.23353730374574538,4165.531259694714,4.867027671506296,13.827906046735633,0.2,0.2,False,85,1,0,0.30000000000000004,1.0,,0.0281875999935437,2,10030,0.863647399994079
a8-ablation,scale_free-n60-load0.9-critical_link-centralised,scale_free,60,0.9,critical_link,CENTRALISED,orbit-no-preemption,10,2800962508334037949,0.6148699489046683,0.9957475584317201,0.8809301869773634,0.4964293987438159,0.24920370208384873,4872.321220267933,62.819416990898006,154.03070086562153,0.2,0.2,False,166,0,0,0.30000000000000004,1.0,,0.0903044000006048,2,4,1.499108999996679
a8-ablation,scale_free-n60-load0.9-critical_link-centralised,scale_free,60,0.9,critical_link,CENTRALISED,orbit-no-protection,10,2800962508334037949,0.6173376046628543,0.9957475584317201,0.8718314031826427,0.5105021820525751,0.24920370208384873,4891.87529269633,63.46670345343084,154.03963858755415,0.2,0.2,False,167,2,0,0.30000000000000004,1.0,,0.11362619999272283,2,4,1.7280251999909524
a8-ablation,scale_free-n60-load0.9-critical_link-centralised,scale_free,60,0.9,critical_link,CENTRALISED,orbit-restoration-only,10,2800962508334037949,0.6210882945799243,0.9957475584317201,0.8879457616028769,0.4918526390764198,0.27451517331090886,4921.596319242089,60.55182273249265,153.0,0.2,0.2,False,178,0,0,0.30000000000000004,1.0,,0.09868260000075679,2,4,1.4536292999982834
a8-ablation,scale_free-n60-load0.9-critical_link-centralised,scale_free,60,0.9,critical_link,CENTRALISED,cspf,11,11859205026411684044,0.5968217370727602,0.967370141556969,0.7788605318194093,0.4658657673758556,0.39895099661595634,4595.232477474979,68.47414197153181,153.0,0.0,0.2,False,46,0,0,0.30000000000000004,1.0,,0.08747330000915099,2,6,1.3741418000136036
a8-ablation,scale_free-n60-load0.9-critical_link-centralised,scale_free,60,0.9,critical_link,CENTRALISED,orbit,11,11859205026411684044,0.6143879619458646,1.0,0.9364812950683773,0.48352511359963823,0.28419423133263916,4730.4837292799675,55.26435459601107,107.70889269533733,0.0,0.0,True,179,0,0,0.30000000000000004,1.0,,0.05635329999495298,2,8,1.2570640000049025
a8-ablation,scale_free-n60-load0.9-critical_link-centralised,scale_free,60,0.9,critical_link,CENTRALISED,orbit-no-damping,11,11859205026411684044,0.6168035191960348,1.0,0.9364812950683773,0.48886869059949306,0.2863991489560466,4749.082326545585,55.96533827871769,107.70889269533733,0.0,0.0,False,181,0,0,0.30000000000000004,1.0,,0.08388429999467917,2,8,1.6643261999997776
a8-ablation,scale_free-n60-load0.9-critical_link-centralised,scale_free,60,0.9,critical_link,CENTRALISED,orbit-no-fallback,11,11859205026411684044,0.49391400766997984,1.0,0.852050054455157,0.2859098750536984,0.1630329179733074,3802.8938092250114,4.368817224263972,7.936884419101622,0.0,0.0,False,85,1,0,0.30000000000000004,1.0,,0.03606509999372065,2,10182,0.9481505000003381
a8-ablation,scale_free-n60-load0.9-critical_link-centralised,scale_free,60,0.9,critical_link,CENTRALISED,orbit-no-preemption,11,11859205026411684044,0.6143879619458646,1.0,0.9364812950683773,0.48352511359963823,0.28419423133263916,4730.4837292799675,55.26435459601107,107.70889269533733,0.0,0.0,True,179,0,0,0.30000000000000004,1.0,,0.08459949999814853,2,8,1.667325799993705
a8-ablation,scale_free-n60-load0.9-critical_link-centralised,scale_free,60,0.9,critical_link,CENTRALISED,orbit-no-protection,11,11859205026411684044,0.6143879619458646,1.0,0.9364812950683773,0.48352511359963823,0.28419423133263916,4730.4837292799675,55.26435459601107,107.70889269533733,0.0,0.0,True,179,0,0,0.30000000000000004,1.0,,0.05681009999534581,2,8,1.3248555000027409
a8-ablation,scale_free-n60-load0.9-critical_link-centralised,scale_free,60,0.9,critical_link,CENTRALISED,orbit-restoration-only,11,11859205026411684044,0.6168035191960348,1.0,0.9364812950683773,0.48886869059949306,0.2863991489560466,4749.082326545585,55.96533827871769,107.70889269533733,0.0,0.0,False,181,0,0,0.30000000000000004,1.0,,0.07770179999351967,2,8,1.5596761000051629
a8-ablation,scale_free-n60-load0.9-critical_link-centralised,scale_free,60,0.9,critical_link,CENTRALISED,cspf,12,3628080686071253653,0.6311446866543036,0.9775289169988667,0.8253554552586776,0.5738620756390468,0.33490000420100385,4699.695861067683,64.84290347205028,154.03667360122043,0.0,0.0,True,47,0,0,0.30000000000000004,1.018806406981544,,0.08388440000999253,2,8,1.38226399999985
a8-ablation,scale_free-n60-load0.9-critical_link-centralised,scale_free,60,0.9,critical_link,CENTRALISED,orbit,12,3628080686071253653,0.6313765668942894,1.0,0.8989231375940605,0.5661772279166898,0.2665093886041469,4701.422512067317,68.86137706479386,155.65970161073912,0.0,0.0,False,171,0,0,0.30000000000000004,1.0,,0.07479090000560973,2,6,1.3732862000033492
a8-ablation,scale_free-n60-load0.9-critical_link-centralised,scale_free,60,0.9,critical_link,CENTRALISED,orbit-no-damping,12,3628080686071253653,0.6313765668942894,1.0,0.8989231375940605,0.5661772279166898,0.2665093886041469,4701.422512067317,68.86137706479386,155.65970161073912,0.0,0.0,False,171,0,0,0.30000000000000004,1.0,,0.06832140000187792,2,6,1.391537800009246
a8-ablation,scale_free-n60-load0.9-critical_link-centralised,scale_free,60,0.9,critical_link,CENTRALISED,orbit-no-fallback,12,3628080686071253653,0.49978191567023106,1.0,0.8957812686944355,0.33201933550777757,0.08121640173109168,3721.528597448816,5.3298867516237785,15.104309562466952,0.0,0.0,False,80,0,0,0.30000000000000004,1.0,,0.023817100009182468,2,10652,0.8716777000081493
a8-ablation,scale_free-n60-load0.9-critical_link-centralised,scale_free,60,0.9,critical_link,CENTRALISED,orbit-no-preemption,12,3628080686071253653,0.6313765668942894,1.0,0.8989231375940605,0.5661772279166898,0.2665093886041469,4701.422512067317,68.86137706479386,155.65970161073912,0.0,0.0,False,171,0,0,0.30000000000000004,1.0,,0.08814110000093933,2,6,1.537353499996243
a8-ablation,scale_free-n60-load0.9-critical_link-centralised,scale_free,60,0.9,critical_link,CENTRALISED,orbit-no-protection,12,3628080686071253653,0.6313765668942894,1.0,0.8989231375940605,0.5661772279166898,0.2665093886041469,4701.422512067317,68.86137706479386,155.65970161073912,0.0,0.0,False,171,0,0,0.30000000000000004,1.0,,0.05651409999700263,2,6,1.3897368000034476
a8-ablation,scale_free-n60-load0.9-critical_link-centralised,scale_free,60,0.9,critical_link,CENTRALISED,orbit-restoration-only,12,3628080686071253653,0.6313765668942894,1.0,0.8989231375940605,0.5661772279166898,0.2665093886041469,4701.422512067317,68.86137706479386,155.65970161073912,0.0,0.0,False,171,0,0,0.30000000000000004,1.0,,0.07271289998607244,2,6,1.4471148000011453
a8-ablation,scale_free-n60-load0.9-critical_link-centralised,scale_free,60,0.9,critical_link,CENTRALISED,cspf,13,16040999039657750776,0.6176380685794728,0.9177502779096642,0.7974785305205386,0.5914954171171766,0.30153370426978854,4787.836215672871,66.8323212860692,154.02507092121033,0.2,0.2,True,19,0,0,0.30000000000000004,1.0033537634300098,,0.10087650000059512,2,6,1.4261053999944124
a8-ablation,scale_free-n60-load0.9-critical_link-centralised,scale_free,60,0.9,critical_link,CENTRALISED,orbit,13,16040999039657750776,0.6039093829032637,0.9991930023871922,0.9006910456951787,0.5179079009754669,0.20513263125632583,4681.413535760475,68.40837722729582,155.04317520982008,0.2,0.2,False,185,1,0,0.30000000000000004,1.0,,0.06772509998700116,2,6,1.645745399990119
a8-ablation,scale_free-n60-load0.9-critical_link-centralised,scale_free,60,0.9,critical_link,CENTRALISED,orbit-no-damping,13,16040999039657750776,0.6039781647391089,0.9991930023871922,0.9024842081938871,0.4939729288381653,0.23776765659558058,4681.946722073614,67.49962145879351,155.04533977459002,0.2,0.2,False,185,7,0,0.30000000000000004,1.0,,0.06856669999251608,2,774,1.5276363999873865
a8-ablation,scale_free-n60-load0.9-critical_link-centralised,scale_free,60,0.9,critical_link,CENTRALISED,orbit-no-fallback,13,16040999039657750776,0.4766054140767189,0.9475451551674877,0.8231157617301607,0.28423443134807297,0.1359186313775893,3694.57256310402,4.919267720033769,10.408962806405563,,0.0,True,79,0,0,0.0,0.9394751790394069,,0.026547700006631203,2,10780,0.8670449999917764
a8-ablation,scale_free-n60-load0.9-critical_link-centralised,scale_free,60,0.9,critical_link,CENTRALISED,orbit-no-preemption,13,16040999039657750776,0.6132101866884223,0.9991930023871922,0.8921251850215138,0.5380748554315713,0.2213717509828207,4753.511949803942,67.44155439844228,154.14614029872527,0.2,0.2,False,183,0,0,0.30000000000000004,1.0,,0.12209280001115985,2,6,1.6019541999994544
a8-ablation,scale_free-n60-load0.9-critical_link-centralised,scale_free,60,0.9,critical_link,CENTRALISED,orbit-no-protection,13,16040999039657750776,0.6039093829032637,0.9991930023871922,0.9006910456951787,0.5179079009754669,0.20513263125632583,4681.413535760475,68.40837722729582,155.04317520982008,0.2,0.2,False,185,1,0,0.30000000000000004,1.0,,0.0591537000000244,2,6,1.61575109999103
a8-ablation,scale_free-n60-load0.9-critical_link-centralised,scale_free,60,0.9,critical_link,CENTRALISED,orbit-restoration-only,13,16040999039657750776,0.615468068153519,0.9991930023871922,0.8921251850215138,0.5443823781867659,0.2213717509828207,4771.014702952156,66.32450708153684,154.14614029872527,0.2,0.2,False,184,0,0,0.30000000000000004,1.0,,0.05418080001254566,2,6,1.3730813000001945
a8-ablation,scale_free-n60-load0.9-critical_link-centralised,scale_free,60,0.9,critical_link,CENTRALISED,cspf,14,18036928157903564446,0.5914494143949274,0.9783910296176935,0.7858047134384649,0.48105443865902064,0.3385047403920713,4328.692679774439,68.52624199573079,153.0,0.0,0.0,True,60,0,0,0.30000000000000004,1.0093107228552702,,0.08979279999039136,2,10,1.3234012000029907
a8-ablation,scale_free-n60-load0.9-critical_link-centralised,scale_free,60,0.9,critical_link,CENTRALISED,orbit,14,18036928157903564446,0.5940132259957576,0.9812276769802255,0.9417655557453718,0.4947432677278306,0.182259576715547,4347.456672499307,66.18259380450017,153.0,0.2,0.2,True,162,0,0,0.30000000000000004,0.9789637496625672,,0.09501299999828916,2,8,1.551999799994519
a8-ablation,scale_free-n60-load0.9-critical_link-centralised,scale_free,60,0.9,critical_link,CENTRALISED,orbit-no-damping,14,18036928157903564446,0.5940132259957576,0.9812276769802255,0.9417655557453718,0.4947432677278306,0.182259576715547,4347.456672499307,66.18259380450017,153.0,0.2,0.2,True,162,0,0,0.30000000000000004,0.9789637496625672,,0.058743300003698096,2,8,1.380381099996157
a8-ablation,scale_free-n60-load0.9-critical_link-centralised,scale_free,60,0.9,critical_link,CENTRALISED,orbit-no-fallback,14,18036928157903564446,0.5098056037712911,0.9466096890975269,0.8408646978819085,0.40274341247977874,0.09632075694298708,3731.158965488871,4.8471965373475365,9.568320345528871,,0.0,True,87,0,0,0.30000000000000004,0.9383957951125345,,0.05672000000777189,2,9754,1.2189726999931736
a8-ablation,scale_free-n60-load0.9-critical_link-centralised,scale_free,60,0.9,critical_link,CENTRALISED,orbit-no-preemption,14,18036928157903564446,0.5940132259957576,0.9812276769802255,0.9417655557453718,0.4947432677278306,0.182259576715547,4347.456672499307,66.18259380450017,153.0,0.2,0.2,True,162,0,0,0.30000000000000004,0.9789637496625672,,0.09550690000469331,2,8,1.6567006999976002
a8-ablation,scale_free-n60-load0.9-critical_link-centralised,scale_free,60,0.9,critical_link,CENTRALISED,orbit-no-protection,14,18036928157903564446,0.5940132259957576,0.9812276769802255,0.9417655557453718,0.4947432677278306,0.182259576715547,4347.456672499307,66.18259380450017,153.0,0.2,0.2,True,162,0,0,0.30000000000000004,0.9789637496625672,,0.05660200001148041,2,8,1.5851667999959318
a8-ablation,scale_free-n60-load0.9-critical_link-centralised,scale_free,60,0.9,critical_link,CENTRALISED,orbit-restoration-only,14,18036928157903564446,0.5940132259957576,0.9812276769802255,0.9417655557453718,0.4947432677278306,0.182259576715547,4347.456672499307,66.18259380450017,153.0,0.2,0.2,True,162,0,0,0.30000000000000004,0.9789637496625672,,0.09446639999805484,2,8,1.7917497000016738
a8-ablation,scale_free-n60-load0.9-critical_link-centralised,scale_free,60,0.9,critical_link,CENTRALISED,cspf,15,12952637986422334250,0.608993562047995,0.8877542603226005,0.6821580647855067,0.5511527213944896,0.4597509950983929,4953.089011149833,66.97957855411103,154.02560110855677,0.0,0.0,False,5,0,0,0.30000000000000004,0.9938547304728206,,0.0986103000032017,2,4,1.228369999997085
a8-ablation,scale_free-n60-load0.9-critical_link-centralised,scale_free,60,0.9,critical_link,CENTRALISED,orbit,15,12952637986422334250,0.5788337866185341,1.0,0.9226546765657792,0.43740178390696566,0.20933889552868923,4707.792407757109,63.41106286252884,153.0,0.0,0.0,False,176,0,0,0.30000000000000004,1.0,,0.08739909999712836,2,4,1.6890734000044176
a8-ablation,scale_free-n60-load0.9-critical_link-centralised,scale_free,60,0.9,critical_link,CENTRALISED,orbit-no-damping,15,12952637986422334250,0.5816095883120688,1.0,0.9226546765657792,0.44676420469397615,0.2073792715323653,4730.368660975848,63.129641723021074,153.0,0.0,0.0,False,177,0,0,0.30000000000000004,1.0,,0.07310859998688102,2,4,1.369489300006535
a8-ablation,scale_free-n60-load0.9-critical_link-centralised,scale_free,60,0.9,critical_link,CENTRALISED,orbit-no-fallback,15,12952637986422334250,0.4952451587582661,1.0,0.8401347719754013,0.30863472841386713,0.13805254273215675,4027.9462814377025,6.727934294800227,11.336916712711314,0.0,0.0,False,81,0,0,0.0,1.0,,0.02789179999672342,2,10480,1.0030928999913158
a8-ablation,scale_free-n60-load0.9-critical_link-centralised,scale_free,60,0.9,critical_link,CENTRALISED,orbit-no-preemption,15,12952637986422334250,0.5788337866185341,1.0,0.9226546765657792,0.43740178390696566,0.20933889552868923,4707.792407757109,63.41106286252884,153.0,0.0,0.0,False,176,0,0,0.30000000000000004,1.0,,0.07601380000414792,2,4,1.7110128000058467
a8-ablation,scale_free-n60-load0.9-critical_link-centralised,scale_free,60,0.9,critical_link,CENTRALISED,orbit-no-protection,15,12952637986422334250,0.5788337866185341,1.0,0.9226546765657792,0.43740178390696566,0.20933889552868923,4707.792407757109,63.41106286252884,153.0,0.0,0.0,False,176,0,0,0.30000000000000004,1.0,,0.0850471000012476,2,4,1.4755555000010645
a8-ablation,scale_free-n60-load0.9-critical_link-centralised,scale_free,60,0.9,critical_link,CENTRALISED,orbit-restoration-only,15,12952637986422334250,0.5816095883120688,1.0,0.9226546765657792,0.44676420469397615,0.2073792715323653,4730.368660975848,63.129641723021074,153.0,0.0,0.0,False,177,0,0,0.30000000000000004,1.0,,0.08871470000303816,2,4,1.4719221999985166
a8-ablation,scale_free-n60-load0.9-critical_link-centralised,scale_free,60,0.9,critical_link,CENTRALISED,cspf,16,14759235411631802496,0.6652880409398836,0.959376260722165,0.7724689117080545,0.611076274210091,0.48666930214478576,4750.001679896854,64.87294154337957,153.0,0.0,0.0,True,23,0,0,0.30000000000000004,0.9942700584100973,,0.08406600001035258,2,6,1.2389911000063876
a8-ablation,scale_free-n60-load0.9-critical_link-centralised,scale_free,60,0.9,critical_link,CENTRALISED,orbit,16,14759235411631802496,0.6639602939017843,0.9994990194683586,0.9701942740310094,0.6104585091940585,0.28551880119692186,4740.521875250824,53.768305275805545,110.46780827332951,0.0,0.0,True,169,0,0,0.30000000000000004,1.0,,0.0902842000068631,2,8,1.631713499999023
a8-ablation,scale_free-n60-load0.9-critical_link-centralised,scale_free,60,0.9,critical_link,CENTRALISED,orbit-no-damping,16,14759235411631802496,0.6639602939017843,0.9994990194683586,0.9701942740310094,0.6104585091940585,0.28551880119692186,4740.521875250824,53.773626381480696,110.46780827332951,0.0,0.0,True,170,0,0,0.30000000000000004,1.0,,0.128840700010187,2,8,1.7899502999935066
a8-ablation,scale_free-n60-load0.9-critical_link-centralised,scale_free,60,0.9,critical_link,CENTRALISED,orbit-no-fallback,16,14759235411631802496,0.5731182325218879,0.9994990194683586,0.9028531899527829,0.49129451941358493,0.16406140663283372,4091.930712316044,6.013396101272355,10.42114452053429,0.0,0.0,True,98,2,0,0.30000000000000004,1.0,,0.027579699992202222,2,8382,1.1898432000016328
a8-ablation,scale_free-n60-load0.9-critical_link-centralised,scale_free,60,0.9,critical_link,CENTRALISED,orbit-no-preemption,16,14759235411631802496,0.6639602939017843,0.9994990194683586,0.9701942740310094,0.6104585091940585,0.28551880119692186,4740.521875250824,53.768305275805545,110.46780827332951,0.0,0.0,True,169,0,0,0.30000000000000004,1.0,,0.07243069999094587,2,8,1.9071180000028107
a8-ablation,scale_free-n60-load0.9-critical_link-centralised,scale_free,60,0.9,critical_link,CENTRALISED,orbit-no-protection,16,14759235411631802496,0.6639602939017843,0.9994990194683586,0.9701942740310094,0.6104585091940585,0.28551880119692186,4740.521875250824,53.768305275805545,110.46780827332951,0.0,0.0,True,169,0,0,0.30000000000000004,1.0,,0.09668029999011196,2,8,1.9200290000007953
a8-ablation,scale_free-n60-load0.9-critical_link-centralised,scale_free,60,0.9,critical_link,CENTRALISED,orbit-restoration-only,16,14759235411631802496,0.6639602939017843,0.9994990194683586,0.9701942740310094,0.6104585091940585,0.28551880119692186,4740.521875250824,53.773626381480696,110.46780827332951,0.0,0.0,True,170,0,0,0.30000000000000004,1.0,,0.0901914999994915,2,8,1.5917270999925677
a8-ablation,scale_free-n60-load0.9-critical_link-centralised,scale_free,60,0.9,critical_link,CENTRALISED,cspf,17,17449289171060019158,0.6646379368811334,0.94931516530298,0.7467478864830764,0.654606102173046,0.4350947299727449,5082.633126163773,65.09605491788675,154.01999999999998,0.0,0.0,False,24,0,0,0.30000000000000004,1.0,,0.11587469998630695,2,8,1.5690543999953661
a8-ablation,scale_free-n60-load0.9-critical_link-centralised,scale_free,60,0.9,critical_link,CENTRALISED,orbit,17,17449289171060019158,0.613010675911657,1.0,0.8888729175338111,0.5212479229174058,0.23414675781819672,4687.82805673318,60.39560067033628,153.0,0.0,0.2,False,181,0,0,0.30000000000000004,1.0,,0.06324439999298193,2,8,1.2484233000141103
a8-ablation,scale_free-n60-load0.9-critical_link-centralised,scale_free,60,0.9,critical_link,CENTRALISED,orbit-no-damping,17,17449289171060019158,0.613010675911657,1.0,0.8888729175338111,0.5212479229174058,0.23414675781819672,4687.82805673318,60.39560067033628,153.0,0.0,0.2,False,181,0,0,0.30000000000000004,1.0,,0.08168739998654928,2,8,1.3087360999925295
a8-ablation,scale_free-n60-load0.9-critical_link-centralised,scale_free,60,0.9,critical_link,CENTRALISED,orbit-no-fallback,17,17449289171060019158,0.4919824722877495,1.0,0.7964666510692225,0.38317290829983064,0.0376469986266394,3762.2986477055074,5.227199326097432,9.524485470356304,0.0,0.0,False,81,0,0,0.30000000000000004,1.0,,0.03215539999655448,2,10632,1.1233792999992147
a8-ablation,scale_free-n60-load0.9-critical_link-centralised,scale_free,60,0.9,critical_link,CENTRALISED,orbit-no-preemption,17,17449289171060019158,0.613010675911657,1.0,0.8888729175338111,0.5212479229174058,0.23414675781819672,4687.82805673318,60.39560067033628,153.0,0.0,0.2,False,181,0,0,0.30000000000000004,1.0,,0.09831519998260774,2,8,1.7283877000008943
a8-ablation,scale_free-n60-load0.9-critical_link-centralised,scale_free,60,0.9,critical_link,CENTRALISED,orbit-no-protection,17,17449289171060019158,0.613010675911657,1.0,0.8888729175338111,0.5212479229174058,0.23414675781819672,4687.82805673318,60.39560067033628,153.0,0.0,0.2,False,181,0,0,0.30000000000000004,1.0,,0.06573709999793209,2,8,1.278398799986462
a8-ablation,scale_free-n60-load0.9-critical_link-centralised,scale_free,60,0.9,critical_link,CENTRALISED,orbit-restoration-only,17,17449289171060019158,0.613010675911657,1.0,0.8888729175338111,0.5212479229174058,0.23414675781819672,4687.82805673318,60.39560067033628,153.0,0.0,0.2,False,181,0,0,0.30000000000000004,1.0,,0.0832358000043314,2,8,1.3438181999954395
a8-ablation,scale_free-n60-load0.9-critical_link-centralised,scale_free,60,0.9,critical_link,CENTRALISED,cspf,18,13577198556162690831,0.6378568150481908,0.9623341462809449,0.8303021260888193,0.5394223250985862,0.42015851130846216,4574.280909571155,57.77503139107545,107.5202061301965,0.0,0.0,True,51,0,0,0.30000000000000004,1.0,,0.11352910001005512,2,4,1.4426584000029834
a8-ablation,scale_free-n60-load0.9-critical_link-centralised,scale_free,60,0.9,critical_link,CENTRALISED,orbit,18,13577198556162690831,0.6458308339341922,0.9709603170483255,1.0,0.5796363217704081,0.2403480154539842,4631.465220379278,54.68080546845569,108.95548308044026,0.2,0.2,False,167,0,0,0.30000000000000004,0.9668571173115988,,0.06767010000476148,2,6,1.6215531000052579
a8-ablation,scale_free-n60-load0.9-critical_link-centralised,scale_free,60,0.9,critical_link,CENTRALISED,orbit-no-damping,18,13577198556162690831,0.652181191325454,0.9709603170483255,1.0,0.59271399557008,0.24692565721031728,4677.005720846627,56.034032986222435,153.0,0.2,0.2,False,168,0,0,0.30000000000000004,0.9668571173115988,,0.058939000009559095,2,6,1.464079400000628
a8-ablation,scale_free-n60-load0.9-critical_link-centralised,scale_free,60,0.9,critical_link,CENTRALISED,orbit-no-fallback,18,13577198556162690831,0.5527961210742678,0.9507458345910605,1.0,0.4064053941166442,0.13064357256461687,3964.282710256792,5.444823812873912,13.1557618561153,,0.0,True,92,0,0,0.30000000000000004,0.9431682706819944,,0.048408299990114756,2,8982,1.1736470000032568
a8-ablation,scale_free-n60-load0.9-critical_link-centralised,scale_free,60,0.9,critical_link,CENTRALISED,orbit-no-preemption,18,13577198556162690831,0.6458308339341922,0.9709603170483255,1.0,0.5796363217704081,0.2403480154539842,4631.465220379278,54.68080546845569,108.95548308044026,0.2,0.2,False,167,0,0,0.30000000000000004,0.9668571173115988,,0.09828279998328071,2,6,1.6624626999982866
a8-ablation,scale_free-n60-load0.9-critical_link-centralised,scale_free,60,0.9,critical_link,CENTRALISED,orbit-no-protection,18,13577198556162690831,0.6458308339341922,0.9709603170483255,1.0,0.5796363217704081,0.2403480154539842,4631.465220379278,54.68080546845569,108.95548308044026,0.2,0.2,False,167,0,0,0.30000000000000004,0.9668571173115988,,0.05135199998039752,2,6,1.39767700000084
a8-ablation,scale_free-n60-load0.9-critical_link-centralised,scale_free,60,0.9,critical_link,CENTRALISED,orbit-restoration-only,18,13577198556162690831,0.652181191325454,0.9709603170483255,1.0,0.59271399557008,0.24692565721031728,4677.005720846627,56.034032986222435,153.0,0.2,0.2,False,168,0,0,0.30000000000000004,0.9668571173115988,,0.05629739999130834,2,6,1.3750750000035623
a8-ablation,scale_free-n60-load0.9-critical_link-centralised,scale_free,60,0.9,critical_link,CENTRALISED,cspf,19,16583101043322961430,0.5838949133361634,0.9614065983691472,0.7412487289383554,0.4862136627959196,0.3792370310110225,4522.131429707482,71.51909473667084,153.0,0.0,0.0,True,56,0,0,0.30000000000000004,1.011648666747696,,0.1418023999867728,2,10,1.5268538999953307
a8-ablation,scale_free-n60-load0.9-critical_link-centralised,scale_free,60,0.9,critical_link,CENTRALISED,orbit,19,16583101043322961430,0.5732149516747461,1.0,0.8996910730363143,0.3849338411795266,0.30447745261631515,4439.417589949538,66.30386142090651,153.0,0.0,0.0,True,181,0,0,0.30000000000000004,0.9999999999999999,,0.08695640000223648,2,12,1.5983916999975918
a8-ablation,scale_free-n60-load0.9-critical_link-centralised,scale_free,60,0.9,critical_link,CENTRALISED,orbit-no-damping,19,16583101043322961430,0.5732149516747461,1.0,0.8996910730363143,0.3849338411795266,0.30447745261631515,4439.417589949538,66.30386142090651,153.0,0.0,0.0,True,181,0,0,0.30000000000000004,0.9999999999999999,,0.06483559998741839,2,12,1.4929233000002569
a8-ablation,scale_free-n60-load0.9-critical_link-centralised,scale_free,60,0.9,critical_link,CENTRALISED,orbit-no-fallback,19,16583101043322961430,0.46596477291270083,1.0,0.8275802393148131,0.2958274177951218,0.08607522917234552,3608.789692455997,5.167981447507939,10.306586506193616,0.0,0.0,False,79,0,0,0.0,0.9999999999999999,,0.056208199996035546,2,10780,1.0191094000037992
a8-ablation,scale_free-n60-load0.9-critical_link-centralised,scale_free,60,0.9,critical_link,CENTRALISED,orbit-no-preemption,19,16583101043322961430,0.5732149516747461,1.0,0.8996910730363143,0.3849338411795266,0.30447745261631515,4439.417589949538,66.30386142090651,153.0,0.0,0.0,True,181,0,0,0.30000000000000004,0.9999999999999999,,0.11550100000749808,2,12,1.517957899995963
a8-ablation,scale_free-n60-load0.9-critical_link-centralised,scale_free,60,0.9,critical_link,CENTRALISED,orbit-no-protection,19,16583101043322961430,0.5732149516747461,1.0,0.8996910730363143,0.3849338411795266,0.30447745261631515,4439.417589949538,66.30386142090651,153.0,0.0,0.0,True,181,0,0,0.30000000000000004,0.9999999999999999,,0.07691299999714829,2,12,1.3920708999939961
a8-ablation,scale_free-n60-load0.9-critical_link-centralised,scale_free,60,0.9,critical_link,CENTRALISED,orbit-restoration-only,19,16583101043322961430,0.5732149516747461,1.0,0.8996910730363143,0.3849338411795266,0.30447745261631515,4439.417589949538,66.30386142090651,153.0,0.0,0.0,True,181,0,0,0.30000000000000004,0.9999999999999999,,0.08884249998664018,2,12,1.4856982999917818
a8-ablation,scale_free-n60-load0.9-critical_link-centralised,scale_free,60,0.9,critical_link,CENTRALISED,cspf,20,17156684685410288440,0.6447031215406601,0.9666722974143024,0.8463263159129788,0.5458256525366864,0.4026067807525592,4661.368238537205,65.7551608724745,153.0,0.0,0.0,True,43,0,0,0.30000000000000004,1.0,,0.124671199999284,2,4,1.6388995000015711
a8-ablation,scale_free-n60-load0.9-critical_link-centralised,scale_free,60,0.9,critical_link,CENTRALISED,orbit,20,17156684685410288440,0.6034531252266961,0.9715827408422323,0.966758582141185,0.4631187928321331,0.23753851915271043,4363.120229130658,61.48219705721139,154.02,0.0,0.0,True,178,0,0,0.30000000000000004,1.0,,0.06730340000649448,2,4,1.3202621999953408
a8-ablation,scale_free-n60-load0.9-critical_link-centralised,scale_free,60,0.9,critical_link,CENTRALISED,orbit-no-damping,20,17156684685410288440,0.6088482454674092,0.9715827408422323,0.966758582141185,0.4782938128841673,0.23753851915271043,4402.128326490341,60.985958501123,154.02,0.0,0.0,False,178,0,0,0.30000000000000004,1.0,,0.09685819999140222,2,4,1.8659474000014598
a8-ablation,scale_free-n60-load0.9-critical_link-centralised,scale_free,60,0.9,critical_link,CENTRALISED,orbit-no-fallback,20,17156684685410288440,0.5430274795428557,0.8996775556741297,0.935238113818351,0.37934201601641726,0.1887986684752907,3926.2273769436656,5.623017864433037,9.142241166730393,0.0,0.0,False,91,0,0,0.0,1.0000000000000002,,0.025837400011369027,2,8980,1.1561128000030294
a8-ablation,scale_free-n60-load0.9-critical_link-centralised,scale_free,60,0.9,critical_link,CENTRALISED,orbit-no-preemption,20,17156684685410288440,0.6034531252266961,0.9715827408422323,0.966758582141185,0.4631187928321331,0.23753851915271043,4363.120229130658,61.48219705721139,154.02,0.0,0.0,True,178,0,0,0.30000000000000004,1.0,,0.05978119999053888,2,4,1.705312899997807
a8-ablation,scale_free-n60-load0.9-critical_link-centralised,scale_free,60,0.9,critical_link,CENTRALISED,orbit-no-protection,20,17156684685410288440,0.6034531252266961,0.9715827408422323,0.966758582141185,0.4631187928321331,0.23753851915271043,4363.120229130658,61.48219705721139,154.02,0.0,0.0,True,178,0,0,0.30000000000000004,1.0,,0.08686419999867212,2,4,1.5173586000018986
a8-ablation,scale_free-n60-load0.9-critical_link-centralised,scale_free,60,0.9,critical_link,CENTRALISED,orbit-restoration-only,20,17156684685410288440,0.6088482454674092,0.9715827408422323,0.966758582141185,0.4782938128841673,0.23753851915271043,4402.128326490341,60.985958501123,154.02,0.0,0.0,False,178,0,0,0.30000000000000004,1.0,,0.05460639999364503,2,4,1.3532051000074716
a8-ablation,scale_free-n60-load0.9-critical_link-centralised,scale_free,60,0.9,critical_link,CENTRALISED,cspf,21,7928222344033369793,0.6315931977603452,0.9851392542388104,0.8397275482008416,0.47063193134805587,0.42805889358928995,5067.529994463147,65.66108102326515,153.0,0.0,0.0,True,17,0,0,0.30000000000000004,1.0,,0.10936380000202917,2,2,1.3554838999989443
a8-ablation,scale_free-n60-load0.9-critical_link-centralised,scale_free,60,0.9,critical_link,CENTRALISED,orbit,21,7928222344033369793,0.6447364998386482,0.9992942898386654,0.9412414543852647,0.5496139609915756,0.27708238310048894,5172.98407114458,58.849688604856034,107.9035323483946,0.2,0.2,True,169,1,0,0.30000000000000004,1.0,,0.09316320001380518,2,2,1.5572441999975126
a8-ablation,scale_free-n60-load0.9-critical_link-centralised,scale_free,60,0.9,critical_link,CENTRALISED,orbit-no-damping,21,7928222344033369793,0.6447364998386482,0.9992942898386654,0.9412414543852647,0.5496139609915756,0.27708238310048894,5172.98407114458,58.849688604856034,107.9035323483946,0.2,0.2,True,169,1,0,0.30000000000000004,1.0,,0.05994680001458619,2,2,1.5071824999904493
a8-ablation,scale_free-n60-load0.9-critical_link-centralised,scale_free,60,0.9,critical_link,CENTRALISED,orbit-no-fallback,21,7928222344033369793,0.5077450710765328,0.9992942898386654,0.8646425575241222,0.305679434662353,0.1355317202813233,4073.845928590051,4.28202605627932,8.604905140322039,0.2,0.2,False,83,2,0,0.30000000000000004,1.0,,0.03341190000355709,2,10480,1.127195599998231
a8-ablation,scale_free-n60-load0.9-critical_link-centralised,scale_free,60,0.9,critical_link,CENTRALISED,orbit-no-preemption,21,7928222344033369793,0.636820432327822,0.9992942898386654,0.9448875268428065,0.5388527573537734,0.25731390924462305,5109.470230761947,58.69720073353971,105.22349433242405,0.2,0.2,True,169,0,0,0.30000000000000004,1.0,,0.08977190000587143,2,2,1.530968800012488
a8-ablation,scale_free-n60-load0.9-critical_link-centralised,scale_free,60,0.9,critical_link,CENTRALISED,orbit-no-protection,21,7928222344033369793,0.6447364998386482,0.9992942898386654,0.9412414543852647,0.5496139609915756,0.27708238310048894,5172.98407114458,58.849688604856034,107.9035323483946,0.2,0.2,True,169,1,0,0.30000000000000004,1.0,,0.06091139999625739,2,2,1.4131609000032768
a8-ablation,scale_free-n60-load0.9-critical_link-centralised,scale_free,60,0.9,critical_link,CENTRALISED,orbit-restoration-only,21,7928222344033369793,0.636820432327822,0.9992942898386654,0.9448875268428065,0.5388527573537734,0.25731390924462305,5109.470230761947,58.69720073353971,105.22349433242405,0.2,0.2,True,169,0,0,0.30000000000000004,1.0,,0.11547810000774916,2,2,1.4687621000048239
a8-ablation,scale_free-n60-load0.9-critical_link-centralised,scale_free,60,0.9,critical_link,CENTRALISED,cspf,22,3887979398240314560,0.6076690831293132,0.949173618155958,0.7316301097633288,0.5583574706806724,0.35088536045631746,4762.4194950550445,70.7381821502575,155.04000000000002,0.0,0.0,False,48,0,0,0.30000000000000004,0.9917098192866332,,0.11679810000350699,2,8,1.3979797999927541
a8-ablation,scale_free-n60-load0.9-critical_link-centralised,scale_free,60,0.9,critical_link,CENTRALISED,orbit,22,3887979398240314560,0.6115291883884822,0.9651450809521467,0.9054756179827239,0.5473550115404212,0.20189487580010518,4792.671882496844,61.62300389070605,153.0,0.2,0.2,False,187,0,0,0.30000000000000004,0.9638183585127473,,0.061945799985551275,2,6,1.4355802000063704
a8-ablation,scale_free-n60-load0.9-critical_link-centralised,scale_free,60,0.9,critical_link,CENTRALISED,orbit-no-damping,22,3887979398240314560,0.6164425909150933,0.9651450809521467,0.9202008474768267,0.5368321336640797,0.21997586933503813,4831.179163234715,59.48300773037796,153.0,0.2,0.2,False,186,0,0,0.30000000000000004,0.9638183585127473,,0.11350059999676887,2,6,1.6092081999959191
a8-ablation,scale_free-n60-load0.9-critical_link-centralised,scale_free,60,0.9,critical_link,CENTRALISED,orbit-no-fallback,22,3887979398240314560,0.49481570454319945,0.9167513817037195,0.8615410667749167,0.28565566739111825,0.16066144538424912,3877.965858721263,4.714697146108985,9.34758050927623,,0.0,True,79,0,0,0.0,0.9355211289982375,,0.0547867999994196,2,10780,0.9167214999906719
a8-ablation,scale_free-n60-load0.9-critical_link-centralised,scale_free,60,0.9,critical_link,CENTRALISED,orbit-no-preemption,22,3887979398240314560,0.6115291883884822,0.9651450809521467,0.9054756179827239,0.5473550115404212,0.20189487580010518,4792.671882496844,61.62300389070605,153.0,0.2,0.2,False,187,0,0,0.30000000000000004,0.9638183585127473,,0.056671499987714924,2,6,1.191761399997631
a8-ablation,scale_free-n60-load0.9-critical_link-centralised,scale_free,60,0.9,critical_link,CENTRALISED,orbit-no-protection,22,3887979398240314560,0.6115291883884822,0.9651450809521467,0.9054756179827239,0.5473550115404212,0.20189487580010518,4792.671882496844,61.62300389070605,153.0,0.2,0.2,False,187,0,0,0.30000000000000004,0.9638183585127473,,0.08972479999647476,2,6,1.373265199988964
a8-ablation,scale_free-n60-load0.9-critical_link-centralised,scale_free,60,0.9,critical_link,CENTRALISED,orbit-restoration-only,22,3887979398240314560,0.6164425909150933,0.9651450809521467,0.9202008474768267,0.5368321336640797,0.21997586933503813,4831.179163234715,59.48300773037796,153.0,0.2,0.2,False,186,0,0,0.30000000000000004,0.9638183585127473,,0.05286679998971522,2,6,1.548916999992798
a8-ablation,scale_free-n60-load0.9-critical_link-centralised,scale_free,60,0.9,critical_link,CENTRALISED,cspf,23,7939388716180914889,0.5516518642550257,0.8786681979667516,0.6638829964426547,0.5104559579750986,0.3034676060666011,4638.874285245032,71.2473012409647,154.06356454699545,0.0,0.0,False,35,0,0,0.30000000000000004,1.0126042172141039,,0.07037109999509994,2,6,1.0174875000084285
a8-ablation,scale_free-n60-load0.9-critical_link-centralised,scale_free,60,0.9,critical_link,CENTRALISED,orbit,23,7939388716180914889,0.5402415312432732,1.0,0.8526204644686196,0.36521475630179867,0.21798706210420876,4542.924096685838,71.09601152272157,155.09608719680162,0.0,0.0,False,174,0,0,0.30000000000000004,1.0,,0.10414419999870006,2,6,1.2828443000034895
a8-ablation,scale_free-n60-load0.9-critical_link-centralised,scale_free,60,0.9,critical_link,CENTRALISED,orbit-no-damping,23,7939388716180914889,0.5402415312432732,1.0,0.8526204644686196,0.36521475630179867,0.21798706210420876,4542.924096685838,71.09601152272157,155.09608719680162,0.0,0.0,False,174,0,0,0.30000000000000004,1.0,,0.10170000001380686,2,6,1.5556844999955501
a8-ablation,scale_free-n60-load0.9-critical_link-centralised,scale_free,60,0.9,critical_link,CENTRALISED,orbit-no-fallback,23,7939388716180914889,0.44043237505323507,1.0,0.7606916625950897,0.22201515706153696,0.11652011593903037,3703.6227943921695,4.691452256438296,9.329143020247617,0.0,0.0,False,76,0,0,0.30000000000000004,1.0,,0.04407970000465866,2,11252,0.9133335999940755
a8-ablation,scale_free-n60-load0.9-critical_link-centralised,scale_free,60,0.9,critical_link,CENTRALISED,orbit-no-preemption,23,7939388716180914889,0.5402415312432732,1.0,0.8526204644686196,0.36521475630179867,0.21798706210420876,4542.924096685838,71.09601152272157,155.09608719680162,0.0,0.0,False,174,0,0,0.30000000000000004,1.0,,0.10822429999825545,2,6,1.652972999989288
a8-ablation,scale_free-n60-load0.9-critical_link-centralised,scale_free,60,0.9,critical_link,CENTRALISED,orbit-no-protection,23,7939388716180914889,0.5402415312432732,1.0,0.8526204644686196,0.36521475630179867,0.21798706210420876,4542.924096685838,71.09601152272157,155.09608719680162,0.0,0.0,False,174,0,0,0.30000000000000004,1.0,,0.061748300009639934,2,6,1.3587875999946846
a8-ablation,scale_free-n60-load0.9-critical_link-centralised,scale_free,60,0.9,critical_link,CENTRALISED,orbit-restoration-only,23,7939388716180914889,0.5402415312432732,1.0,0.8526204644686196,0.36521475630179867,0.21798706210420876,4542.924096685838,71.09601152272157,155.09608719680162,0.0,0.0,False,174,0,0,0.30000000000000004,1.0,,0.05613630000152625,2,6,1.17585980000149
a8-ablation,scale_free-n60-load0.9-critical_link-centralised,scale_free,60,0.9,critical_link,CENTRALISED,cspf,24,11651398673027367974,0.5932335838976661,0.9941721924342402,0.683372075839927,0.45347827354333403,0.45068188952452404,5095.616840622643,68.58429326313542,154.0280386868148,0.0,0.0,True,57,0,0,0.30000000000000004,1.0081910580639732,,0.0894996999995783,2,4,1.3251182999956654
a8-ablation,scale_free-n60-load0.9-critical_link-centralised,scale_free,60,0.9,critical_link,CENTRALISED,orbit,24,11651398673027367974,0.601618234131235,0.9952624378509239,0.8782312453271596,0.4219845685376004,0.3303131277010468,5167.637316355309,71.12446547253116,155.14401063384688,0.2,0.2,False,173,3,0,0.30000000000000004,1.0,,0.06439090000640135,2,130,1.2956317000061972
a8-ablation,scale_free-n60-load0.9-critical_link-centralised,scale_free,60,0.9,critical_link,CENTRALISED,orbit-no-damping,24,11651398673027367974,0.5974315980012249,0.9952624378509239,0.8782312453271596,0.4309454914875165,0.30244577073298473,5131.675944395425,71.7289493032525,154.06302643292415,0.2,0.2,False,172,3,0,0.30000000000000004,1.0,,0.09298590001708362,2,130,1.4098972999927355
a8-ablation,scale_free-n60-load0.9-critical_link-centralised,scale_free,60,0.9,critical_link,CENTRALISED,orbit-no-fallback,24,11651398673027367974,0.46727271585970404,0.9709241289613919,0.7749699831259756,0.2840395891167382,0.105421275983567,4013.6681144284667,5.686069121807373,10.011649992956235,0.2,0.2,False,74,1,0,0.30000000000000004,1.0,,0.04260749999957625,2,11702,0.6946553000016138
a8-ablation,scale_free-n60-load0.9-critical_link-centralised,scale_free,60,0.9,critical_link,CENTRALISED,orbit-no-preemption,24,11651398673027367974,0.587669720826954,0.9952624378509239,0.8743132508949805,0.41318869960580107,0.29156168996575904,5047.825692023528,69.49070601688635,154.06302643292415,0.2,0.2,False,162,0,0,0.30000000000000004,1.0,,0.058748800001922064,2,2,1.4227195999992546
a8-ablation,scale_free-n60-load0.9-critical_link-centralised,scale_free,60,0.9,critical_link,CENTRALISED,orbit-no-protection,24,11651398673027367974,0.601618234131235,0.9952624378509239,0.8782312453271596,0.4219845685376004,0.3303131277010468,5167.637316355309,71.12446547253116,155.14401063384688,0.2,0.2,False,173,3,0,0.30000000000000004,1.0,,0.08885139999620151,2,130,1.1936229999992065
a8-ablation,scale_free-n60-load0.9-critical_link-centralised,scale_free,60,0.9,critical_link,CENTRALISED,orbit-restoration-only,24,11651398673027367974,0.587669720826954,0.9952624378509239,0.8743132508949805,0.41318869960580107,0.29156168996575904,5047.825692023528,69.49070601688635,154.06302643292415,0.2,0.2,False,162,0,0,0.30000000000000004,1.0,,0.0833855999953812,2,2,1.4178744999953778
a8-ablation,scale_free-n60-load0.9-critical_link-centralised,scale_free,60,0.9,critical_link,CENTRALISED,cspf,25,7216658853089475267,0.6038565490438381,0.9291598990887437,0.7400373000565296,0.5807155100083967,0.3422697507092899,4725.186479666631,67.4421015853873,154.0163901466528,0.0,0.0,True,47,0,0,0.30000000000000004,1.0,,0.09473189999698661,2,4,1.195113699999638
a8-ablation,scale_free-n60-load0.9-critical_link-centralised,scale_free,60,0.9,critical_link,CENTRALISED,orbit,25,7216658853089475267,0.6199639719687245,0.9996085377978414,0.9311611700291821,0.5226931603664411,0.266298564046551,4851.227303679323,63.623053039693524,153.0,0.0,0.0,True,175,0,0,0.30000000000000004,1.0,,0.05871589999878779,2,4,1.4335094999987632
a8-ablation,scale_free-n60-load0.9-critical_link-centralised,scale_free,60,0.9,critical_link,CENTRALISED,orbit-no-damping,25,7216658853089475267,0.6199639719687245,0.9996085377978414,0.9311611700291821,0.5226931603664411,0.266298564046551,4851.227303679323,63.623053039693524,153.0,0.0,0.0,True,175,0,0,0.30000000000000004,1.0,,0.08815399999730289,2,4,1.4999986000038916
a8-ablation,scale_free-n60-load0.9-critical_link-centralised,scale_free,60,0.9,critical_link,CENTRALISED,orbit-no-fallback,25,7216658853089475267,0.49778651192909235,0.9996085377978414,0.8989953087091336,0.33677145474337816,0.0794913193018272,3895.1868612705925,4.7435925950202975,10.283855739308823,0.0,0.0,True,84,0,0,0.30000000000000004,1.0,,0.06185060000279918,2,10182,1.0242749000026379
a8-ablation,scale_free-n60-load0.9-critical_link-centralised,scale_free,60,0.9,critical_link,CENTRALISED,orbit-no-preemption,25,7216658853089475267,0.6199639719687245,0.9996085377978414,0.9311611700291821,0.5226931603664411,0.266298564046551,4851.227303679323,63.623053039693524,153.0,0.0,0.0,True,175,0,0,0.30000000000000004,1.0,,0.11078790000465233,2,4,1.67871500000183
a8-ablation,scale_free-n60-load0.9-critical_link-centralised,scale_free,60,0.9,critical_link,CENTRALISED,orbit-no-protection,25,7216658853089475267,0.6199639719687245,0.9996085377978414,0.9311611700291821,0.5226931603664411,0.266298564046551,4851.227303679323,63.61073922227889,153.0,0.0,0.0,True,174,0,0,0.30000000000000004,1.0,,0.10465079999994487,2,4,1.5337789000041084
a8-ablation,scale_free-n60-load0.9-critical_link-centralised,scale_free,60,0.9,critical_link,CENTRALISED,orbit-restoration-only,25,7216658853089475267,0.605855827413633,0.9996085377978414,0.9510798690452839,0.4753376615260738,0.25577026156103716,4740.830862652961,63.29381079714667,154.09176505072338,0.0,0.0,True,175,0,0,0.30000000000000004,1.0,,0.053994100002455525,2,4,1.5167575999948895
a8-ablation,scale_free-n60-load0.9-critical_link-centralised,scale_free,60,0.9,critical_link,CENTRALISED,cspf,26,4262064262820644272,0.6441575943870756,0.9795460788296821,0.8385585753811349,0.5239407192715323,0.4053079016378818,4694.513789422072,63.99912766489498,153.0,0.0,0.0,False,26,0,0,0.30000000000000004,1.0059699012101848,,0.06715430000622291,2,8,1.309561300004134
a8-ablation,scale_free-n60-load0.9-critical_link-centralised,scale_free,60,0.9,critical_link,CENTRALISED,orbit,26,4262064262820644272,0.5985484510929685,1.0,0.8907907934838099,0.49596602324158945,0.1959791488466582,4362.121912056031,68.66964260726026,155.0719606669801,0.0,0.0,False,182,2,0,0.30000000000000004,1.0,,0.06112000001303386,2,10,1.3754789999948116
a8-ablation,scale_free-n60-load0.9-critical_link-centralised,scale_free,60,0.9,critical_link,CENTRALISED,orbit-no-damping,26,4262064262820644272,0.6000592109747837,1.0,0.8907907934838099,0.5053513293736502,0.18970925803252203,4373.132079691228,68.54582766084776,155.0719606669801,0.0,0.0,False,184,2,0,0.30000000000000004,1.0,,0.06097220000810921,2,10,1.5212414999987232
a8-ablation,scale_free-n60-load0.9-critical_link-centralised,scale_free,60,0.9,critical_link,CENTRALISED,orbit-no-fallback,26,4262064262820644272,0.5166706868574276,1.0,0.7887588224837355,0.40066959599389235,0.10661236425922137,3765.4103361930843,6.240168705567289,10.890035824338671,0.0,0.0,True,85,0,0,0.30000000000000004,1.0,,0.04617979998874944,2,10032,1.0393196999939391
a8-ablation,scale_free-n60-load0.9-critical_link-centralised,scale_free,60,0.9,critical_link,CENTRALISED,orbit-no-preemption,26,4262064262820644272,0.5979762987663318,1.0,0.8907907934838099,0.46978025302720106,0.2277602303784501,4357.9521607242905,67.76996807191098,154.0250102373941,0.0,0.0,False,182,0,0,0.30000000000000004,1.0,,0.06700230001297314,2,10,1.3730512000038289
a8-ablation,scale_free-n60-load0.9-critical_link-centralised,scale_free,60,0.9,critical_link,CENTRALISED,orbit-no-protection,26,4262064262820644272,0.5985484510929685,1.0,0.8907907934838099,0.49596602324158945,0.1959791488466582,4362.121912056031,68.66964260726026,155.0719606669801,0.0,0.0,False,182,2,0,0.30000000000000004,1.0,,0.10864489999949001,2,10,1.7754203000076814
a8-ablation,scale_free-n60-load0.9-critical_link-centralised,scale_free,60,0.9,critical_link,CENTRALISED,orbit-restoration-only,26,4262064262820644272,0.5928634560153755,1.0,0.8907907934838099,0.4897853053161628,0.1817140119024841,4320.690610124472,66.37381642551821,109.4269513381172,0.0,0.0,False,181,0,0,0.30000000000000004,1.0,,0.09730469998612534,2,10,1.4332311999896774
a8-ablation,scale_free-n60-load0.9-critical_link-centralised,scale_free,60,0.9,critical_link,CENTRALISED,cspf,27,2352038643682083210,0.5121249518805691,0.852644517272188,0.5900321752899577,0.4908380903929702,0.2773205865201371,4383.767777167289,75.33447424629733,157.1758399469062,0.0,0.0,True,38,0,0,0.30000000000000004,1.0,,0.12173669999174308,2,6,1.1831834000040544
a8-ablation,scale_free-n60-load0.9-critical_link-centralised,scale_free,60,0.9,critical_link,CENTRALISED,orbit,27,2352038643682083210,0.5401443883405429,0.9914638713197829,0.8005106912348333,0.4339806774825785,0.18031747034427342,4623.612959942653,76.06825912241919,155.09885999634417,0.0,0.0,True,181,0,0,0.30000000000000004,0.9907525903614143,,0.09371420001843944,2,6,1.230162299994845
a8-ablation,scale_free-n60-load0.9-critical_link-centralised,scale_free,60,0.9,critical_link,CENTRALISED,orbit-no-damping,27,2352038643682083210,0.5401443883405429,0.9914638713197829,0.8005106912348333,0.4339806774825785,0.18031747034427342,4623.612959942653,76.06825912241919,155.09885999634417,0.0,0.0,True,181,0,0,0.30000000000000004,0.9907525903614143,,0.06802150000294205,2,6,1.389825699996436
a8-ablation,scale_free-n60-load0.9-critical_link-centralised,scale_free,60,0.9,critical_link,CENTRALISED,orbit-no-fallback,27,2352038643682083210,0.4190942188322439,0.9993549942113742,0.6432983248627677,0.26800360098250336,0.08318605781380538,3587.428664366928,5.0256835641922155,9.726664703965866,0.0,0.0,False,71,1,0,0.30000000000000004,1.0,,0.028178400010801852,2,12174,0.8243385999958264
a8-ablation,scale_free-n60-load0.9-critical_link-centralised,scale_free,60,0.9,critical_link,CENTRALISED,orbit-no-preemption,27,2352038643682083210,0.5401443883405429,0.9914638713197829,0.8005106912348333,0.4339806774825785,0.18031747034427342,4623.612959942653,76.06825912241919,155.09885999634417,0.0,0.0,True,181,0,0,0.30000000000000004,0.9907525903614143,,0.13015830000222195,2,6,1.5061940999876242
a8-ablation,scale_free-n60-load0.9-critical_link-centralised,scale_free,60,0.9,critical_link,CENTRALISED,orbit-no-protection,27,2352038643682083210,0.5401443883405429,0.9914638713197829,0.8005106912348333,0.4339806774825785,0.18031747034427342,4623.612959942653,76.06825912241919,155.09885999634417,0.0,0.0,True,181,0,0,0.30000000000000004,0.9907525903614143,,0.12845189998915885,2,6,1.41337010001007
a8-ablation,scale_free-n60-load0.9-critical_link-centralised,scale_free,60,0.9,critical_link,CENTRALISED,orbit-restoration-only,27,2352038643682083210,0.5401443883405429,0.9914638713197829,0.8005106912348333,0.4339806774825785,0.18031747034427342,4623.612959942653,76.06825912241919,155.09885999634417,0.0,0.0,True,181,0,0,0.30000000000000004,0.9907525903614143,,0.10868180000397842,2,6,1.3289528000022983
a8-ablation,scale_free-n60-load0.9-critical_link-centralised,scale_free,60,0.9,critical_link,CENTRALISED,cspf,28,10434987492611105115,0.6108923084676562,0.9365761464269522,0.7681952206571057,0.5146627658224824,0.38387254642732893,4602.7147368510605,74.68886473072466,154.04103243962743,0.0,0.0,True,45,0,0,0.30000000000000004,1.0,,0.10552430000097957,2,10,1.3309590000135358
a8-ablation,scale_free-n60-load0.9-critical_link-centralised,scale_free,60,0.9,critical_link,CENTRALISED,orbit,28,10434987492611105115,0.5604099489999123,0.9992203193905491,0.8975787150540658,0.4256772672679335,0.13846211157972518,4222.35980906349,72.28125518227424,162.24156093278293,0.2,0.2,False,174,1,0,0.30000000000000004,1.0,,0.10803990000567865,2,8,1.4636530999996467
a8-ablation,scale_free-n60-load0.9-critical_link-centralised,scale_free,60,0.9,critical_link,CENTRALISED,orbit-no-damping,28,10434987492611105115,0.5604099489999123,0.9992203193905491,0.8975787150540658,0.4256772672679335,0.13846211157972518,4222.35980906349,72.28125518227424,162.24156093278293,0.2,0.2,False,174,1,0,0.30000000000000004,1.0,,0.06261150000500493,2,8,1.2982115000049816
a8-ablation,scale_free-n60-load0.9-critical_link-centralised,scale_free,60,0.9,critical_link,CENTRALISED,orbit-no-fallback,28,10434987492611105115,0.4572138698870518,0.9992203193905491,0.7880327887950709,0.2702186224417349,0.04417362272319764,3444.837965140718,4.918937438541477,9.440515535265542,0.2,0.2,False,74,1,0,0.30000000000000004,1.0,,0.02406989998416975,2,11832,0.9242751999991015
a8-ablation,scale_free-n60-load0.9-critical_link-centralised,scale_free,60,0.9,critical_link,CENTRALISED,orbit-no-preemption,28,10434987492611105115,0.5492132773682074,0.9992203193905491,0.9107343548658458,0.39061768014747256,0.1255594231036857,4137.9994646810255,73.38303312804025,155.05824292362865,0.2,0.2,True,171,0,0,0.30000000000000004,1.0,,0.08638210000935942,2,8,1.3298690000083297
a8-ablation,scale_free-n60-load0.9-critical_link-centralised,scale_free,60,0.9,critical_link,CENTRALISED,orbit-no-protection,28,10434987492611105115,0.5604099489999123,0.9992203193905491,0.8975787150540658,0.4256772672679335,0.13846211157972518,4222.35980906349,72.28125518227424,162.24156093278293,0.2,0.2,False,174,1,0,0.30000000000000004,1.0,,0.10232409999298397,2,8,1.5058926999918185
a8-ablation,scale_free-n60-load0.9-critical_link-centralised,scale_free,60,0.9,critical_link,CENTRALISED,orbit-restoration-only,28,10434987492611105115,0.5492132773682074,0.9992203193905491,0.9107343548658458,0.39061768014747256,0.1255594231036857,4137.9994646810255,73.38303312804025,155.05824292362865,0.2,0.2,True,171,0,0,0.30000000000000004,1.0,,0.054986799994367175,2,8,1.4220041999942623
a8-ablation,scale_free-n60-load0.9-critical_link-centralised,scale_free,60,0.9,critical_link,CENTRALISED,cspf,29,8362790710792237990,0.5845260019849793,0.9272189127673844,0.8231660085265434,0.4607444362560492,0.33003527033690583,4717.462243402465,69.37805661897092,155.06,0.0,0.0,True,48,0,0,0.30000000000000004,1.0038004816708068,,0.09668459999375045,2,6,1.3914645000040764
a8-ablation,scale_free-n60-load0.9-critical_link-centralised,scale_free,60,0.9,critical_link,CENTRALISED,orbit,29,8362790710792237990,0.5492590578245037,0.9995984141113708,0.9630773174280637,0.3062046659567218,0.22053058897025227,4432.837646802394,68.97188471804779,166.38363017452525,0.0,0.0,False,171,0,0,0.30000000000000004,1.0,,0.10168409999459982,2,10,1.3661346000008052
a8-ablation,scale_free-n60-load0.9-critical_link-centralised,scale_free,60,0.9,critical_link,CENTRALISED,orbit-no-damping,29,8362790710792237990,0.5492590578245037,0.9995984141113708,0.9630773174280637,0.3062046659567218,0.22053058897025227,4432.837646802394,68.97188471804779,166.38363017452525,0.0,0.0,False,171,0,0,0.30000000000000004,1.0,,0.11350729998957831,2,10,1.2918330999964382
a8-ablation,scale_free-n60-load0.9-critical_link-centralised,scale_free,60,0.9,critical_link,CENTRALISED,orbit-no-fallback,29,8362790710792237990,0.4731378785252194,0.9738969172391014,0.9075064743975324,0.2105535386727557,0.12389470854754904,3818.4957902413735,4.7970427368220445,11.434794825086362,0.0,0.2,False,80,0,0,0.30000000000000004,0.9698810583528122,,0.027784299993072636,2,10934,0.7877737999951933
a8-ablation,scale_free-n60-load0.9-critical_link-centralised,scale_free,60,0.9,critical_link,CENTRALISED,orbit-no-preemption,29,8362790710792237990,0.5492590578245037,0.9995984141113708,0.9630773174280637,0.3062046659567218,0.22053058897025227,4432.837646802394,68.97188471804779,166.38363017452525,0.0,0.0,False,171,0,0,0.30000000000000004,1.0,,0.07071559999894816,2,10,1.184972100003506
a8-ablation,scale_free-n60-load0.9-critical_link-centralised,scale_free,60,0.9,critical_link,CENTRALISED,orbit-no-protection,29,8362790710792237990,0.5492590578245037,0.9995984141113708,0.9630773174280637,0.3062046659567218,0.22053058897025227,4432.837646802394,68.97188471804779,166.38363017452525,0.0,0.0,False,171,0,0,0.30000000000000004,1.0,,0.0887868999998318,2,10,1.2969614999892656
a8-ablation,scale_free-n60-load0.9-critical_link-centralised,scale_free,60,0.9,critical_link,CENTRALISED,orbit-restoration-only,29,8362790710792237990,0.5492590578245037,0.9995984141113708,0.9630773174280637,0.3062046659567218,0.22053058897025227,4432.837646802394,68.97188471804779,166.38363017452525,0.0,0.0,False,171,0,0,0.30000000000000004,1.0,,0.055810400008340366,2,10,1.1276967000012519
a8-ablation,waxman-n60-load0.9-congestion_surge-centralised,waxman,60,0.9,congestion_surge,CENTRALISED,cspf,0,337599955630196631,0.27491744715978844,0.6989966639312113,0.24503701489093171,0.19224033294898638,0.16491010793450314,4073.542012880646,112.28634074791665,251.21025670484465,0.0,0.0,True,0,0,0,0.0,1.7011834542789768,,0.0390625,1,0,0.7502506000018911
a8-ablation,waxman-n60-load0.9-congestion_surge-centralised,waxman,60,0.9,congestion_surge,CENTRALISED,orbit,0,337599955630196631,0.2766984207659968,0.8456533902543691,0.3261266129602365,0.06661961912561896,0.16780104251049172,4099.931283127669,124.34014089909012,301.54683585618886,0.0,0.0,True,150,0,0,0.0,2.0903878433673744,,0.05823130000499077,1,0,1.036160600007861
a8-ablation,waxman-n60-load0.9-congestion_surge-centralised,waxman,60,0.9,congestion_surge,CENTRALISED,orbit-no-damping,0,337599955630196631,0.2766984207659968,0.8456533902543691,0.3261266129602365,0.06661961912561896,0.16780104251049172,4099.931283127669,124.34014089909012,301.54683585618886,0.0,0.0,True,150,0,0,0.0,2.0903878433673744,,0.05887930000608321,1,0,0.7757374000066193
a8-ablation,waxman-n60-load0.9-congestion_surge-centralised,waxman,60,0.9,congestion_surge,CENTRALISED,orbit-no-fallback,0,337599955630196631,0.25865583455773017,0.8456533902543691,0.3686441728149737,0.07168957477629535,0.050806539653782824,3832.5883636450917,130.72975533577676,301.54683585618886,0.0,0.0,True,87,0,0,0.0,2.0903878433673744,,0.06541750000906177,1,9450,0.868665099987993
a8-ablation,waxman-n60-load0.9-congestion_surge-centralised,waxman,60,0.9,congestion_surge,CENTRALISED,orbit-no-preemption,0,337599955630196631,0.2766984207659968,0.8456533902543691,0.3261266129602365,0.06661961912561896,0.16780104251049172,4099.931283127669,124.34014089909012,301.54683585618886,0.0,0.0,True,150,0,0,0.0,2.0903878433673744,,0.03812729999481235,1,0,0.7532235000107903
a8-ablation,waxman-n60-load0.9-congestion_surge-centralised,waxman,60,0.9,congestion_surge,CENTRALISED,orbit-no-protection,0,337599955630196631,0.2766984207659968,0.8456533902543691,0.3261266129602365,0.06661961912561896,0.16780104251049172,4099.931283127669,124.34014089909012,301.54683585618886,0.0,0.0,True,150,0,0,0.0,2.0903878433673744,,0.03841680000186898,1,0,1.069119399995543
a8-ablation,waxman-n60-load0.9-congestion_surge-centralised,waxman,60,0.9,congestion_surge,CENTRALISED,orbit-restoration-only,0,337599955630196631,0.2766984207659968,0.8456533902543691,0.3261266129602365,0.06661961912561896,0.16780104251049172,4099.931283127669,124.34014089909012,301.54683585618886,0.0,0.0,True,150,0,0,0.0,2.0903878433673744,,0.05254099999729078,1,0,0.9593028999952367
a8-ablation,waxman-n60-load0.9-congestion_surge-centralised,waxman,60,0.9,congestion_surge,CENTRALISED,cspf,1,14275766145744686190,0.2715204314967433,0.5463699178709056,0.30205538395757925,0.24907773805648506,0.1008837288212734,5081.4295289575175,100.2217973068635,201.51390490908835,0.0,0.0,True,0,0,0,0.0,1.4054306258955322,,0.055262399997445755,1,0,0.886709600003087
a8-ablation,waxman-n60-load0.9-congestion_surge-centralised,waxman,60,0.9,congestion_surge,CENTRALISED,orbit,1,14275766145744686190,0.23403288586786342,0.688636823581155,0.40924151077778265,0.04878078644097563,0.04713379039079214,4379.860515249547,144.84061931083417,301.75558677836034,0.0,0.0,True,150,0,0,0.0,1.6736900318115377,,0.04315220001444686,1,0,1.0279268000012962
a8-ablation,waxman-n60-load0.9-congestion_surge-centralised,waxman,60,0.9,congestion_surge,CENTRALISED,orbit-no-damping,1,14275766145744686190,0.23403288586786342,0.688636823581155,0.40924151077778265,0.04878078644097563,0.04713379039079214,4379.860515249547,144.84061931083417,301.75558677836034,0.0,0.0,True,150,0,0,0.0,1.6736900318115377,,0.046560199989471585,1,0,0.6997492000082275
a8-ablation,waxman-n60-load0.9-congestion_surge-centralised,waxman,60,0.9,congestion_surge,CENTRALISED,orbit-no-fallback,1,14275766145744686190,0.21623410577282778,0.688636823581155,0.40737353015874694,0.022960356609724182,0.013955610829702397,4046.7612849051807,151.57221833498522,302.74514701833704,0.0,0.0,True,72,0,0,0.0,1.6736900318115377,,0.01932180000585504,1,11700,0.648168200001237
a8-ablation,waxman-n60-load0.9-congestion_surge-centralised,waxman,60,0.9,congestion_surge,CENTRALISED,orbit-no-preemption,1,14275766145744686190,0.23403288586786342,0.688636823581155,0.40924151077778265,0.04878078644097563,0.04713379039079214,4379.860515249547,144.84061931083417,301.75558677836034,0.0,0.0,True,150,0,0,0.0,1.6736900318115377,,0.04007619999174494,1,0,0.9151348000013968
a8-ablation,waxman-n60-load0.9-congestion_surge-centralised,waxman,60,0.9,congestion_surge,CENTRALISED,orbit-no-protection,1,14275766145744686190,0.23403288586786342,0.688636823581155,0.40924151077778265,0.04878078644097563,0.04713379039079214,4379.860515249547,144.84061931083417,301.75558677836034,0.0,0.0,True,150,0,0,0.0,1.6736900318115377,,0.0841740000032587,1,0,1.0701074999960838
a8-ablation,waxman-n60-load0.9-congestion_surge-centralised,waxman,60,0.9,congestion_surge,CENTRALISED,orbit-restoration-only,1,14275766145744686190,0.23403288586786342,0.688636823581155,0.40924151077778265,0.04878078644097563,0.04713379039079214,4379.860515249547,144.84061931083417,301.75558677836034,0.0,0.0,True,150,0,0,0.0,1.6736900318115377,,0.0684490999992704,1,0,0.9613386999990325
a8-ablation,waxman-n60-load0.9-congestion_surge-centralised,waxman,60,0.9,congestion_surge,CENTRALISED,cspf,2,17708681106482528996,0.2999776013280463,0.6233726998896398,0.32979321255237276,0.2535441543896366,0.17035341103709553,5248.712977070193,87.43140413203844,201.47151468942778,0.0,0.0,True,0,0,0,0.0,1.526601036700374,,0.03504610000527464,1,0,0.7327045999991242
a8-ablation,waxman-n60-load0.9-congestion_surge-centralised,waxman,60,0.9,congestion_surge,CENTRALISED,orbit,2,17708681106482528996,0.2675840370512699,0.7812739769786246,0.37294688197405507,0.13434055082866286,0.0923923242190699,4681.922255228465,107.09079823736788,251.50058299329538,0.0,0.0,True,150,0,0,0.0,1.9195347850586797,,0.0574068999994779,1,0,1.0525625000009313
a8-ablation,waxman-n60-load0.9-congestion_surge-centralised,waxman,60,0.9,congestion_surge,CENTRALISED,orbit-no-damping,2,17708681106482528996,0.2675840370512699,0.7812739769786246,0.37294688197405507,0.13434055082866286,0.0923923242190699,4681.922255228465,107.09079823736788,251.50058299329538,0.0,0.0,True,150,0,0,0.0,1.9195347850586797,,0.08220430000801571,1,0,1.142826299997978
a8-ablation,waxman-n60-load0.9-congestion_surge-centralised,waxman,60,0.9,congestion_surge,CENTRALISED,orbit-no-fallback,2,17708681106482528996,0.24907014094481694,0.7812739769786246,0.3682258018963666,0.11116012349712304,0.058172377453907055,4357.984313462598,127.67049351657475,301.1446257241033,0.0,0.0,True,83,0,0,0.0,1.9195347850586797,,0.036349100002553314,1,10050,0.7714101000019582
a8-ablation,waxman-n60-load0.9-congestion_surge-centralised,waxman,60,0.9,congestion_surge,CENTRALISED,orbit-no-preemption,2,17708681106482528996,0.2675840370512699,0.7812739769786246,0.37294688197405507,0.13434055082866286,0.0923923242190699,4681.922255228465,107.09079823736788,251.50058299329538,0.0,0.0,True,150,0,0,0.0,1.9195347850586797,,0.06703660001221579,1,0,0.9808506999979727
a8-ablation,waxman-n60-load0.9-congestion_surge-centralised,waxman,60,0.9,congestion_surge,CENTRALISED,orbit-no-protection,2,17708681106482528996,0.2675840370512699,0.7812739769786246,0.37294688197405507,0.13434055082866286,0.0923923242190699,4681.922255228465,107.09079823736788,251.50058299329538,0.0,0.0,True,150,0,0,0.0,1.9195347850586797,,0.038988300002529286,1,0,1.143142100001569
a8-ablation,waxman-n60-load0.9-congestion_surge-centralised,waxman,60,0.9,congestion_surge,CENTRALISED,orbit-restoration-only,2,17708681106482528996,0.2675840370512699,0.7812739769786246,0.37294688197405507,0.13434055082866286,0.0923923242190699,4681.922255228465,107.09079823736788,251.50058299329538,0.0,0.0,True,150,0,0,0.0,1.9195347850586797,,0.03756720000819769,1,0,0.9270128000061959
a8-ablation,waxman-n60-load0.9-congestion_surge-centralised,waxman,60,0.9,congestion_surge,CENTRALISED,cspf,3,4362383294370150744,0.31130618200229176,0.6431958239151359,0.4080166989397671,0.2316670853344255,0.15284171749460146,5146.3741119977,102.89186072361427,202.6633745970372,0.0,0.0,True,0,0,0,0.0,1.5562939602319357,,0.03846969999722205,1,0,0.8560296000068774
a8-ablation,waxman-n60-load0.9-congestion_surge-centralised,waxman,60,0.9,congestion_surge,CENTRALISED,orbit,3,4362383294370150744,0.26504206853281564,0.7785704593415937,0.4645084286212183,0.07899108625524243,0.05570934903146058,4381.556547687065,137.10948460590257,352.57748002523937,0.0,0.0,True,150,0,0,0.0,1.9123600651757882,,0.04219940000621136,1,0,0.9736943999887444
a8-ablation,waxman-n60-load0.9-congestion_surge-centralised,waxman,60,0.9,congestion_surge,CENTRALISED,orbit-no-damping,3,4362383294370150744,0.26504206853281564,0.7785704593415937,0.4645084286212183,0.07899108625524243,0.05570934903146058,4381.556547687065,137.10948460590257,352.57748002523937,0.0,0.0,True,150,0,0,0.0,1.9123600651757882,,0.041853200003970414,1,0,0.9636803000030341
a8-ablation,waxman-n60-load0.9-congestion_surge-centralised,waxman,60,0.9,congestion_surge,CENTRALISED,orbit-no-fallback,3,4362383294370150744,0.2784141581168366,0.7785704593415937,0.5016836022845769,0.0817156097240614,0.06787091663983903,4602.617932385211,132.09948371781235,251.79518887099022,0.0,0.0,True,90,0,0,0.0,1.9123600651757882,,0.0609888999897521,1,9000,0.6849335000006249
a8-ablation,waxman-n60-load0.9-congestion_surge-centralised,waxman,60,0.9,congestion_surge,CENTRALISED,orbit-no-preemption,3,4362383294370150744,0.26504206853281564,0.7785704593415937,0.4645084286212183,0.07899108625524243,0.05570934903146058,4381.556547687065,137.10948460590257,352.57748002523937,0.0,0.0,True,150,0,0,0.0,1.9123600651757882,,0.04055330000119284,1,0,0.8974554000014905
a8-ablation,waxman-n60-load0.9-congestion_surge-centralised,waxman,60,0.9,congestion_surge,CENTRALISED,orbit-no-protection,3,4362383294370150744,0.26504206853281564,0.7785704593415937,0.4645084286212183,0.07899108625524243,0.05570934903146058,4381.556547687065,137.10948460590257,352.57748002523937,0.0,0.0,True,150,0,0,0.0,1.9123600651757882,,0.05824460000440013,1,0,0.8012515000009444
a8-ablation,waxman-n60-load0.9-congestion_surge-centralised,waxman,60,0.9,congestion_surge,CENTRALISED,orbit-restoration-only,3,4362383294370150744,0.26504206853281564,0.7785704593415937,0.4645084286212183,0.07899108625524243,0.05570934903146058,4381.556547687065,137.10948460590257,352.57748002523937,0.0,0.0,True,150,0,0,0.0,1.9123600651757882,,0.08520310001040343,1,0,0.922363999998197
a8-ablation,waxman-n60-load0.9-congestion_surge-centralised,waxman,60,0.9,congestion_surge,CENTRALISED,cspf,4,11517213708602292053,0.2849017246808294,0.6353515386257288,0.3750652235613555,0.18970301131798528,0.10522900249957873,4132.829561955632,119.90279354811271,352.3777759752604,0.0,0.0,True,0,0,0,0.0,1.6173182486844369,,0.07202999999572057,1,0,1.0061063000030117
a8-ablation,waxman-n60-load0.9-congestion_surge-centralised,waxman,60,0.9,congestion_surge,CENTRALISED,orbit,4,11517213708602292053,0.27551819402529887,0.8289766674044563,0.3767076774528315,0.07144320533092689,0.1089626614973572,3996.7105794112517,124.90642384631454,301.5078159876763,0.0,0.0,True,150,0,0,0.0,2.0461303865733673,,0.03983429999789223,1,0,0.8734234000003198
a8-ablation,waxman-n60-load0.9-congestion_surge-centralised,waxman,60,0.9,congestion_surge,CENTRALISED,orbit-no-damping,4,11517213708602292053,0.27551819402529887,0.8289766674044563,0.3767076774528315,0.07144320533092689,0.1089626614973572,3996.7105794112517,124.90642384631454,301.5078159876763,0.0,0.0,True,150,0,0,0.0,2.0461303865733673,,0.03818150000006426,1,0,0.9381529999955092
a8-ablation,waxman-n60-load0.9-congestion_surge-centralised,waxman,60,0.9,congestion_surge,CENTRALISED,orbit-no-fallback,4,11517213708602292053,0.2656855549638095,0.8289766674044563,0.4005382693090032,0.0997337952658687,0.005268071089288515,3854.0767591671406,122.8754794459405,301.7305349195438,0.0,0.0,True,88,0,0,0.0,2.0461303865733673,,0.029349000004003756,1,9300,0.8225353000016185
a8-ablation,waxman-n60-load0.9-congestion_surge-centralised,waxman,60,0.9,congestion_surge,CENTRALISED,orbit-no-preemption,4,11517213708602292053,0.27551819402529887,0.8289766674044563,0.3767076774528315,0.07144320533092689,0.1089626614973572,3996.7105794112517,124.90642384631454,301.5078159876763,0.0,0.0,True,150,0,0,0.0,2.0461303865733673,,0.057964899999205954,1,0,0.8729743000003509
a8-ablation,waxman-n60-load0.9-congestion_surge-centralised,waxman,60,0.9,congestion_surge,CENTRALISED,orbit-no-protection,4,11517213708602292053,0.27551819402529887,0.8289766674044563,0.3767076774528315,0.07144320533092689,0.1089626614973572,3996.7105794112517,124.90642384631454,301.5078159876763,0.0,0.0,True,150,0,0,0.0,2.0461303865733673,,0.08230239999829791,1,0,1.1113978000066709
a8-ablation,waxman-n60-load0.9-congestion_surge-centralised,waxman,60,0.9,congestion_surge,CENTRALISED,orbit-restoration-only,4,11517213708602292053,0.27551819402529887,0.8289766674044563,0.3767076774528315,0.07144320533092689,0.1089626614973572,3996.7105794112517,124.90642384631454,301.5078159876763,0.0,0.0,True,150,0,0,0.0,2.0461303865733673,,0.03477820000262,1,0,0.7865640000090934
a8-ablation,waxman-n60-load0.9-congestion_surge-centralised,waxman,60,0.9,congestion_surge,CENTRALISED,cspf,5,7563368310809068109,0.2899430179315692,0.614011769147252,0.33931319005649696,0.1811256206544002,0.1948649423306952,5131.564854211725,109.57412014756241,251.4236194363445,0.0,0.0,True,0,0,0,0.0,1.532107543976567,,0.04092679999303073,1,0,0.9396880000131205
a8-ablation,waxman-n60-load0.9-congestion_surge-centralised,waxman,60,0.9,congestion_surge,CENTRALISED,orbit,5,7563368310809068109,0.2584730855572378,0.752006364779175,0.34635950882067923,0.08685748433146151,0.10870964739698917,4574.593349643014,137.6156272860978,301.71438867167365,0.0,0.0,True,150,0,0,0.0,1.8418630449908984,,0.04360219999216497,1,0,0.7434088999871165
a8-ablation,waxman-n60-load0.9-congestion_surge-centralised,waxman,60,0.9,congestion_surge,CENTRALISED,orbit-no-damping,5,7563368310809068109,0.2584730855572378,0.752006364779175,0.34635950882067923,0.08685748433146151,0.10870964739698917,4574.593349643014,137.6156272860978,301.71438867167365,0.0,0.0,True,150,0,0,0.0,1.8418630449908984,,0.058862599995336495,1,0,0.9572020000050543
a8-ablation,waxman-n60-load0.9-congestion_surge-centralised,waxman,60,0.9,congestion_surge,CENTRALISED,orbit-no-fallback,5,7563368310809068109,0.25094550099932733,0.752006364779175,0.42994510929245977,0.07881178656059874,0.007989236897600723,4441.366177524674,147.65901547605984,302.12459853631805,0.0,0.0,True,84,0,0,0.0,1.8418630449908984,,0.024539799997000955,1,9900,0.7429380000103265
a8-ablation,waxman-n60-load0.9-congestion_surge-centralised,waxman,60,0.9,congestion_surge,CENTRALISED,orbit-no-preemption,5,7563368310809068109,0.2584730855572378,0.752006364779175,0.34635950882067923,0.08685748433146151,0.10870964739698917,4574.593349643014,137.6156272860978,301.71438867167365,0.0,0.0,True,150,0,0,0.0,1.8418630449908984,,0.04941829999734182,1,0,0.8775749000051292
a8-ablation,waxman-n60-load0.9-congestion_surge-centralised,waxman,60,0.9,congestion_surge,CENTRALISED,orbit-no-protection,5,7563368310809068109,0.2584730855572378,0.752006364779175,0.34635950882067923,0.08685748433146151,0.10870964739698917,4574.593349643014,137.6156272860978,301.71438867167365,0.0,0.0,True,150,0,0,0.0,1.8418630449908984,,0.05316889999085106,1,0,0.7402212000015425
a8-ablation,waxman-n60-load0.9-congestion_surge-centralised,waxman,60,0.9,congestion_surge,CENTRALISED,orbit-restoration-only,5,7563368310809068109,0.2584730855572378,0.752006364779175,0.34635950882067923,0.08685748433146151,0.10870964739698917,4574.593349643014,137.6156272860978,301.71438867167365,0.0,0.0,True,150,0,0,0.0,1.8418630449908984,,0.037357200009864755,1,0,0.7151822000014363
a8-ablation,waxman-n60-load0.9-congestion_surge-centralised,waxman,60,0.9,congestion_surge,CENTRALISED,cspf,6,17887641122057609303,0.2805910300996788,0.6274008405214205,0.3225208322145455,0.20560742475061564,0.12742594963496254,4515.97923452335,97.96369458770948,251.1107705107943,0.0,0.0,True,0,0,0,0.0,1.6285534977135858,,0.08619159999943804,1,0,0.958338399999775
a8-ablation,waxman-n60-load0.9-congestion_surge-centralised,waxman,60,0.9,congestion_surge,CENTRALISED,orbit,6,17887641122057609303,0.27636268983287615,0.7294112636092245,0.45154682988120215,0.07575741967669004,0.08929907324327029,4447.926108111589,126.21665163802858,301.00826970082323,0.0,0.0,True,150,0,0,0.0,1.7843920519153722,,0.044650499999988824,1,0,1.142046200009645
a8-ablation,waxman-n60-load0.9-congestion_surge-centralised,waxman,60,0.9,congestion_surge,CENTRALISED,orbit-no-damping,6,17887641122057609303,0.27636268983287615,0.7294112636092245,0.45154682988120215,0.07575741967669004,0.08929907324327029,4447.926108111589,126.21665163802858,301.00826970082323,0.0,0.0,True,150,0,0,0.0,1.7843920519153722,,0.03778099999180995,1,0,1.0995662000059383
a8-ablation,waxman-n60-load0.9-congestion_surge-centralised,waxman,60,0.9,congestion_surge,CENTRALISED,orbit-no-fallback,6,17887641122057609303,0.2613517170143117,0.7268975592395457,0.43364564047274023,0.09958829891828755,0.01793116138790221,4206.331636917876,123.44105737662939,301.00826970082323,0.0,0.0,True,91,0,0,0.0,1.8653817860238295,,0.022999399996479042,1,8850,0.8382787000009557
a8-ablation,waxman-n60-load0.9-congestion_surge-centralised,waxman,60,0.9,congestion_surge,CENTRALISED,orbit-no-preemption,6,17887641122057609303,0.27636268983287615,0.7294112636092245,0.45154682988120215,0.07575741967669004,0.08929907324327029,4447.926108111589,126.21665163802858,301.00826970082323,0.0,0.0,True,150,0,0,0.0,1.7843920519153722,,0.037638900001184084,1,0,0.8796771000052104
a8-ablation,waxman-n60-load0.9-congestion_surge-centralised,waxman,60,0.9,congestion_surge,CENTRALISED,orbit-no-protection,6,17887641122057609303,0.27636268983287615,0.7294112636092245,0.45154682988120215,0.07575741967669004,0.08929907324327029,4447.926108111589,126.21665163802858,301.00826970082323,0.0,0.0,True,150,0,0,0.0,1.7843920519153722,,0.09009559999685735,1,0,0.9294527000020025
a8-ablation,waxman-n60-load0.9-congestion_surge-centralised,waxman,60,0.9,congestion_surge,CENTRALISED,orbit-restoration-only,6,17887641122057609303,0.27636268983287615,0.7294112636092245,0.45154682988120215,0.07575741967669004,0.08929907324327029,4447.926108111589,126.21665163802858,301.00826970082323,0.0,0.0,True,150,0,0,0.0,1.7843920519153722,,0.05545469999196939,1,0,1.2038069999980507
a8-ablation,waxman-n60-load0.9-congestion_surge-centralised,waxman,60,0.9,congestion_surge,CENTRALISED,cspf,7,4485251063746283267,0.2493213177207643,0.4866226394078066,0.3635716912136955,0.14255259486082228,0.13888300371254628,5512.893442851675,114.71857986063996,250.89593678737938,0.0,0.0,True,0,0,0,0.0,1.2501950723848685,,0.058431500001461245,1,0,0.9977851000003284
a8-ablation,waxman-n60-load0.9-congestion_surge-centralised,waxman,60,0.9,congestion_surge,CENTRALISED,orbit,7,4485251063746283267,0.24991200892434953,0.6678191213541917,0.4022231223788996,0.10569260347089338,0.046653366259366925,5525.954570928345,155.23109594399006,301.732824453453,0.0,0.0,True,150,0,0,0.0,1.6184430528245732,,0.08313430000271183,1,0,0.8088017999980366
a8-ablation,waxman-n60-load0.9-congestion_surge-centralised,waxman,60,0.9,congestion_surge,CENTRALISED,orbit-no-damping,7,4485251063746283267,0.24991200892434953,0.6678191213541917,0.4022231223788996,0.10569260347089338,0.046653366259366925,5525.954570928345,155.23109594399006,301.732824453453,0.0,0.0,True,150,0,0,0.0,1.6184430528245732,,0.04635100001178216,1,0,0.7928353000024799
a8-ablation,waxman-n60-load0.9-congestion_surge-centralised,waxman,60,0.9,congestion_surge,CENTRALISED,orbit-no-fallback,7,4485251063746283267,0.24177534261645417,0.6678191213541917,0.4228819783774578,0.08640562829974743,0.017909183251003494,5346.0398538654945,158.74713534188112,302.6309804997752,0.0,0.0,True,77,0,0,0.0,1.6184430528245732,,0.023793900007149205,1,10950,0.6450097999913851
a8-ablation,waxman-n60-load0.9-congestion_surge-centralised,waxman,60,0.9,congestion_surge,CENTRALISED,orbit-no-preemption,7,4485251063746283267,0.24991200892434953,0.6678191213541917,0.4022231223788996,0.10569260347089338,0.046653366259366925,5525.954570928345,155.23109594399006,301.732824453453,0.0,0.0,True,150,0,0,0.0,1.6184430528245732,,0.043234000011580065,1,0,0.7235917999933008
a8-ablation,waxman-n60-load0.9-congestion_surge-centralised,waxman,60,0.9,congestion_surge,CENTRALISED,orbit-no-protection,7,4485251063746283267,0.24991200892434953,0.6678191213541917,0.4022231223788996,0.10569260347089338,0.046653366259366925,5525.954570928345,155.23109594399006,301.732824453453,0.0,0.0,True,150,0,0,0.0,1.6184430528245732,,0.04399949999060482,1,0,0.7182905999943614
a8-ablation,waxman-n60-load0.9-congestion_surge-centralised,waxman,60,0.9,congestion_surge,CENTRALISED,orbit-restoration-only,7,4485251063746283267,0.24991200892434953,0.6678191213541917,0.4022231223788996,0.10569260347089338,0.046653366259366925,5525.954570928345,155.23109594399006,301.732824453453,0.0,0.0,True,150,0,0,0.0,1.6184430528245732,,0.06831329999840818,1,0,0.9781119999970542
a8-ablation,waxman-n60-load0.9-congestion_surge-centralised,waxman,60,0.9,congestion_surge,CENTRALISED,cspf,8,11009732606958597407,0.31267576506743644,0.6537083193895744,0.40226642562202375,0.20262877830998455,0.16965518052897402,5427.940765136491,104.4747262612753,201.5138709842301,0.0,0.0,True,0,0,0,0.0,1.6462811207026515,,0.03704730000754353,1,0,1.022237800003495
a8-ablation,waxman-n60-load0.9-congestion_surge-centralised,waxman,60,0.9,congestion_surge,CENTRALISED,orbit,8,11009732606958597407,0.28735806247211654,0.7608275606449,0.4681758204760583,0.07851736577133647,0.10344752628021205,4988.434396719674,128.37671807248128,352.27102572018225,0.0,0.0,True,150,0,0,0.0,1.8652731417114548,,0.04084030000376515,1,0,0.8909243000089191
a8-ablation,waxman-n60-load0.9-congestion_surge-centralised,waxman,60,0.9,congestion_surge,CENTRALISED,orbit-no-damping,8,11009732606958597407,0.28735806247211654,0.7608275606449,0.4681758204760583,0.07851736577133647,0.10344752628021205,4988.434396719674,128.37671807248128,352.27102572018225,0.0,0.0,True,150,0,0,0.0,1.8652731417114548,,0.04249110000091605,1,0,0.8752893000055337
a8-ablation,waxman-n60-load0.9-congestion_surge-centralised,waxman,60,0.9,congestion_surge,CENTRALISED,orbit-no-fallback,8,11009732606958597407,0.2665810484361468,0.7608275606449,0.43509969862344305,0.10069345608424739,0.025113646249910176,4627.752776769596,123.77366223468218,301.3826745503196,0.0,0.0,True,87,0,0,0.0,1.8652731417114548,,0.05809239999507554,1,9450,0.6846859000070253
a8-ablation,waxman-n60-load0.9-congestion_surge-centralised,waxman,60,0.9,congestion_surge,CENTRALISED,orbit-no-preemption,8,11009732606958597407,0.28735806247211654,0.7608275606449,0.4681758204760583,0.07851736577133647,0.10344752628021205,4988.434396719674,128.37671807248128,352.27102572018225,0.0,0.0,True,150,0,0,0.0,1.8652731417114548,,0.03762059999280609,1,0,0.7992717000015546
a8-ablation,waxman-n60-load0.9-congestion_surge-centralised,waxman,60,0.9,congestion_surge,CENTRALISED,orbit-no-protection,8,11009732606958597407,0.28735806247211654,0.7608275606449,0.4681758204760583,0.07851736577133647,0.10344752628021205,4988.434396719674,128.37671807248128,352.27102572018225,0.0,0.0,True,150,0,0,0.0,1.8652731417114548,,0.05382099999405909,1,0,0.8931542999926023
a8-ablation,waxman-n60-load0.9-congestion_surge-centralised,waxman,60,0.9,congestion_surge,CENTRALISED,orbit-restoration-only,8,11009732606958597407,0.28735806247211654,0.7608275606449,0.4681758204760583,0.07851736577133647,0.10344752628021205,4988.434396719674,128.37671807248128,352.27102572018225,0.0,0.0,True,150,0,0,0.0,1.8652731417114548,,0.03707150000263937,1,0,0.8929463999957079
a8-ablation,waxman-n60-load0.9-congestion_surge-centralised,waxman,60,0.9,congestion_surge,CENTRALISED,cspf,9,16304583207910640682,0.2746080574876706,0.5259761894805267,0.3805615747866234,0.21807192612176232,0.09769138326224201,4500.902370223305,116.38076727200024,251.61771709825322,0.0,0.0,True,0,0,0,0.0,1.3347052917497029,,0.03577670000959188,1,0,0.8867644999991171
a8-ablation,waxman-n60-load0.9-congestion_surge-centralised,waxman,60,0.9,congestion_surge,CENTRALISED,orbit,9,16304583207910640682,0.26091405883744856,0.7245161280326695,0.3616754818080683,0.15052300877359345,0.031123507808326168,4276.453927062141,144.55892364925404,301.79199438586613,0.0,0.0,True,150,0,0,0.0,1.7689081859328715,,0.07279449999623466,1,0,0.7083840999985114
a8-ablation,waxman-n60-load0.9-congestion_surge-centralised,waxman,60,0.9,congestion_surge,CENTRALISED,orbit-no-damping,9,16304583207910640682,0.26091405883744856,0.7245161280326695,0.3616754818080683,0.15052300877359345,0.031123507808326168,4276.453927062141,144.55892364925404,301.79199438586613,0.0,0.0,True,150,0,0,0.0,1.7689081859328715,,0.06869770000048447,1,0,0.9212547000061022
a8-ablation,waxman-n60-load0.9-congestion_surge-centralised,waxman,60,0.9,congestion_surge,CENTRALISED,orbit-no-fallback,9,16304583207910640682,0.23631404634631956,0.7245161280326695,0.3506677003618742,0.10231465183702457,0.008902144023470733,3873.252886488826,136.79141057590746,301.79199438586613,0.0,0.0,True,82,0,0,0.0,1.7689081859328715,,0.02088989999901969,1,10200,0.6514243999990867
a8-ablation,waxman-n60-load0.9-congestion_surge-centralised,waxman,60,0.9,congestion_surge,CENTRALISED,orbit-no-preemption,9,16304583207910640682,0.26091405883744856,0.7245161280326695,0.3616754818080683,0.15052300877359345,0.031123507808326168,4276.453927062141,144.55892364925404,301.79199438586613,0.0,0.0,True,150,0,0,0.0,1.7689081859328715,,0.07438029999320861,1,0,0.9028567000059411
a8-ablation,waxman-n60-load0.9-congestion_surge-centralised,waxman,60,0.9,congestion_surge,CENTRALISED,orbit-no-protection,9,16304583207910640682,0.26091405883744856,0.7245161280326695,0.3616754818080683,0.15052300877359345,0.031123507808326168,4276.453927062141,144.55892364925404,301.79199438586613,0.0,0.0,True,150,0,0,0.0,1.7689081859328715,,0.03979319999052677,1,0,1.0362008999945829
a8-ablation,waxman-n60-load0.9-congestion_surge-centralised,waxman,60,0.9,congestion_surge,CENTRALISED,orbit-restoration-only,9,16304583207910640682,0.26091405883744856,0.7245161280326695,0.3616754818080683,0.15052300877359345,0.031123507808326168,4276.453927062141,144.55892364925404,301.79199438586613,0.0,0.0,True,150,0,0,0.0,1.7689081859328715,,0.043581599995377474,1,0,0.8539622999960557
a8-ablation,waxman-n60-load0.9-congestion_surge-centralised,waxman,60,0.9,congestion_surge,CENTRALISED,cspf,10,7128022101026934731,0.2903093432250699,0.5923586631671337,0.3416237372239984,0.2107711722731664,0.1670337639897783,5098.994690136893,118.3730676050482,301.43199594308794,0.0,0.0,True,0,0,0,0.0,1.5001676636241916,,0.039283100006286986,1,0,0.8634301999991294
a8-ablation,waxman-n60-load0.9-congestion_surge-centralised,waxman,60,0.9,congestion_surge,CENTRALISED,orbit,10,7128022101026934731,0.28292488410257777,0.7551894577333139,0.4938847845699963,0.07745000948471785,0.07587254326120658,4969.294014861249,133.1648914588509,251.53570969876,0.0,0.0,True,150,0,0,0.0,1.8503104839845448,,0.04229729999497067,1,0,0.6366585999930976
a8-ablation,waxman-n60-load0.9-congestion_surge-centralised,waxman,60,0.9,congestion_surge,CENTRALISED,orbit-no-damping,10,7128022101026934731,0.28292488410257777,0.7551894577333139,0.4938847845699963,0.07745000948471785,0.07587254326120658,4969.294014861249,133.1648914588509,251.53570969876,0.0,0.0,True,150,0,0,0.0,1.8503104839845448,,0.07144149999658111,1,0,0.8862675999989733
a8-ablation,waxman-n60-load0.9-congestion_surge-centralised,waxman,60,0.9,congestion_surge,CENTRALISED,orbit-no-fallback,10,7128022101026934731,0.2911131951999542,0.7551894577333139,0.5165189658870758,0.12300208811562424,0.020131938807155778,5113.113550060782,124.45987954442307,251.263473993159,0.0,0.0,True,96,0,0,0.0,1.8503104839845448,,0.060429500008467585,1,8100,0.788650400005281
a8-ablation,waxman-n60-load0.9-congestion_surge-centralised,waxman,60,0.9,congestion_surge,CENTRALISED,orbit-no-preemption,10,7128022101026934731,0.28292488410257777,0.7551894577333139,0.4938847845699963,0.07745000948471785,0.07587254326120658,4969.294014861249,133.1648914588509,251.53570969876,0.0,0.0,True,150,0,0,0.0,1.8503104839845448,,0.04050289999577217,1,0,0.8130918999959249
a8-ablation,waxman-n60-load0.9-congestion_surge-centralised,waxman,60,0.9,congestion_surge,CENTRALISED,orbit-no-protection,10,7128022101026934731,0.28292488410257777,0.7551894577333139,0.4938847845699963,0.07745000948471785,0.07587254326120658,4969.294014861249,133.1648914588509,251.53570969876,0.0,0.0,True,150,0,0,0.0,1.8503104839845448,,0.10018690000288188,1,0,0.9823276999959489
a8-ablation,waxman-n60-load0.9-congestion_surge-centralised,waxman,60,0.9,congestion_surge,CENTRALISED,orbit-restoration-only,10,7128022101026934731,0.28292488410257777,0.7551894577333139,0.4938847845699963,0.07745000948471785,0.07587254326120658,4969.294014861249,133.1648914588509,251.53570969876,0.0,0.0,True,150,0,0,0.0,1.8503104839845448,,0.03901999999652617,1,0,0.8870683999994071
a8-ablation,waxman-n60-load0.9-congestion_surge-centralised,waxman,60,0.9,congestion_surge,CENTRALISED,cspf,11,8235668299365380475,0.27449738981258714,0.5845998318175031,0.33669141470558,0.14971475602108578,0.19258485522272167,4726.351135512482,101.37492208752671,251.0267156710891,0.0,0.0,True,0,0,0,0.0,1.4593518547147952,,0.07267850000062026,1,0,0.7328592999983812
a8-ablation,waxman-n60-load0.9-congestion_surge-centralised,waxman,60,0.9,congestion_surge,CENTRALISED,orbit,11,8235668299365380475,0.2577244273849142,0.7454525567216008,0.3648423666603936,0.10180048493512207,0.06431599050961792,4437.550902949014,133.96210257369196,301.3374512217462,0.0,0.0,True,150,0,0,0.0,1.8244702466842484,,0.0535193999967305,1,0,0.8328651000047103
a8-ablation,waxman-n60-load0.9-congestion_surge-centralised,waxman,60,0.9,congestion_surge,CENTRALISED,orbit-no-damping,11,8235668299365380475,0.2577244273849142,0.7454525567216008,0.3648423666603936,0.10180048493512207,0.06431599050961792,4437.550902949014,133.96210257369196,301.3374512217462,0.0,0.0,True,150,0,0,0.0,1.8244702466842484,,0.06941929999447893,1,0,0.9418835999967996
a8-ablation,waxman-n60-load0.9-congestion_surge-centralised,waxman,60,0.9,congestion_surge,CENTRALISED,orbit-no-fallback,11,8235668299365380475,0.25027922263696883,0.7454525567216008,0.39488329947916023,0.08910075360498568,0.02143669407537939,4309.357873723491,139.53689324789903,351.5390082330006,0.0,0.0,True,83,0,0,0.0,1.8244702466842484,,0.021616900005028583,1,10050,0.6894801000016741
a8-ablation,waxman-n60-load0.9-congestion_surge-centralised,waxman,60,0.9,congestion_surge,CENTRALISED,orbit-no-preemption,11,8235668299365380475,0.2577244273849142,0.7454525567216008,0.3648423666603936,0.10180048493512207,0.06431599050961792,4437.550902949014,133.96210257369196,301.3374512217462,0.0,0.0,True,150,0,0,0.0,1.8244702466842484,,0.05725030000030529,1,0,1.0101712000032421
a8-ablation,waxman-n60-load0.9-congestion_surge-centralised,waxman,60,0.9,congestion_surge,CENTRALISED,orbit-no-protection,11,8235668299365380475,0.2577244273849142,0.7454525567216008,0.3648423666603936,0.10180048493512207,0.06431599050961792,4437.550902949014,133.96210257369196,301.3374512217462,0.0,0.0,True,150,0,0,0.0,1.8244702466842484,,0.053629000001819804,1,0,0.8884836999932304
a8-ablation,waxman-n60-load0.9-congestion_surge-centralised,waxman,60,0.9,congestion_surge,CENTRALISED,orbit-restoration-only,11,8235668299365380475,0.2577244273849142,0.7454525567216008,0.3648423666603936,0.10180048493512207,0.06431599050961792,4437.550902949014,133.96210257369196,301.3374512217462,0.0,0.0,True,150,0,0,0.0,1.8244702466842484,,0.0508815999928629,1,0,0.9003252999973483
a8-ablation,waxman-n60-load0.9-congestion_surge-centralised,waxman,60,0.9,congestion_surge,CENTRALISED,cspf,12,1810046684185727354,0.24288091901800468,0.4817784860365491,0.3147977540756339,0.1589547747393345,0.15168520321926604,5180.086482053932,111.17369475765473,251.15565027131493,0.0,0.0,True,0,0,0,0.0,1.227986095249031,,0.03910080000059679,1,0,0.7403360999887809
a8-ablation,waxman-n60-load0.9-congestion_surge-centralised,waxman,60,0.9,congestion_surge,CENTRALISED,orbit,12,1810046684185727354,0.24246545585011198,0.6777710810680114,0.3518245121596309,0.07428643055990546,0.12287929471892764,5171.225616620396,137.84955853295645,301.72182655739516,0.0,0.0,True,150,0,0,0.0,1.6448540228343493,,0.047395700006745756,1,0,0.7361858999938704
a8-ablation,waxman-n60-load0.9-congestion_surge-centralised,waxman,60,0.9,congestion_surge,CENTRALISED,orbit-no-damping,12,1810046684185727354,0.24246545585011198,0.6777710810680114,0.3518245121596309,0.07428643055990546,0.12287929471892764,5171.225616620396,137.84955853295645,301.72182655739516,0.0,0.0,True,150,0,0,0.0,1.6448540228343493,,0.055632899995543994,1,0,0.9702276999887545
a8-ablation,waxman-n60-load0.9-congestion_surge-centralised,waxman,60,0.9,congestion_surge,CENTRALISED,orbit-no-fallback,12,1810046684185727354,0.21578660265196656,0.6777710810680114,0.39673924298000457,0.032975221233113076,0.024954248425073947,4602.227576893076,149.0462692014665,301.7226884733009,0.0,0.0,True,71,0,0,0.0,1.6448540228343493,,0.03677240000979509,1,11850,0.5954854000010528
a8-ablation,waxman-n60-load0.9-congestion_surge-centralised,waxman,60,0.9,congestion_surge,CENTRALISED,orbit-no-preemption,12,1810046684185727354,0.24246545585011198,0.6777710810680114,0.3518245121596309,0.07428643055990546,0.12287929471892764,5171.225616620396,137.84955853295645,301.72182655739516,0.0,0.0,True,150,0,0,0.0,1.6448540228343493,,0.07076519999827724,1,0,1.0091096000105608
a8-ablation,waxman-n60-load0.9-congestion_surge-centralised,waxman,60,0.9,congestion_surge,CENTRALISED,orbit-no-protection,12,1810046684185727354,0.24246545585011198,0.6777710810680114,0.3518245121596309,0.07428643055990546,0.12287929471892764,5171.225616620396,137.84955853295645,301.72182655739516,0.0,0.0,True,150,0,0,0.0,1.6448540228343493,,0.04342170000018086,1,0,0.812384100005147
a8-ablation,waxman-n60-load0.9-congestion_surge-centralised,waxman,60,0.9,congestion_surge,CENTRALISED,orbit-restoration-only,12,1810046684185727354,0.24246545585011198,0.6777710810680114,0.3518245121596309,0.07428643055990546,0.12287929471892764,5171.225616620396,137.84955853295645,301.72182655739516,0.0,0.0,True,150,0,0,0.0,1.6448540228343493,,0.03982150000229012,1,0,0.7084489999979269
a8-ablation,waxman-n60-load0.9-congestion_surge-centralised,waxman,60,0.9,congestion_surge,CENTRALISED,cspf,13,9289983775729964378,0.252567282518527,0.5348666479168741,0.3075045217589891,0.1978732742889263,0.12866302353332537,5152.542133499079,101.3936439932391,251.25795161720285,0.0,0.0,True,0,0,0,0.0,1.497553299727435,,0.06518579999101348,1,0,0.9131522999959998
a8-ablation,waxman-n60-load0.9-congestion_surge-centralised,waxman,60,0.9,congestion_surge,CENTRALISED,orbit,13,9289983775729964378,0.23970510493038655,0.7149688543000965,0.41063409228564113,0.08030633973113228,0.043283363881179135,4890.145075215887,155.35624797105953,351.60319100718317,0.0,0.0,True,150,0,0,0.0,1.7715984591483886,,0.09744919999502599,1,0,1.026852199996938
a8-ablation,waxman-n60-load0.9-congestion_surge-centralised,waxman,60,0.9,congestion_surge,CENTRALISED,orbit-no-damping,13,9289983775729964378,0.23970510493038655,0.7149688543000965,0.41063409228564113,0.08030633973113228,0.043283363881179135,4890.145075215887,155.35624797105953,351.60319100718317,0.0,0.0,True,150,0,0,0.0,1.7715984591483886,,0.05211959998996463,1,0,0.8977145000098972
a8-ablation,waxman-n60-load0.9-congestion_surge-centralised,waxman,60,0.9,congestion_surge,CENTRALISED,orbit-no-fallback,13,9289983775729964378,0.23775514670608108,0.7135474784040714,0.44666683578870625,0.03254291230443425,0.06541659980850573,4850.36461826553,167.74572840198073,353.5790237914232,0.0,0.0,True,73,0,0,0.0,1.8168021445515654,,0.05029149999609217,1,11550,0.757605999999214
a8-ablation,waxman-n60-load0.9-congestion_surge-centralised,waxman,60,0.9,congestion_surge,CENTRALISED,orbit-no-preemption,13,9289983775729964378,0.23970510493038655,0.7149688543000965,0.41063409228564113,0.08030633973113228,0.043283363881179135,4890.145075215887,155.35624797105953,351.60319100718317,0.0,0.0,True,150,0,0,0.0,1.7715984591483886,,0.05916900000011083,1,0,0.9611232000024756
a8-ablation,waxman-n60-load0.9-congestion_surge-centralised,waxman,60,0.9,congestion_surge,CENTRALISED,orbit-no-protection,13,9289983775729964378,0.23970510493038655,0.7149688543000965,0.41063409228564113,0.08030633973113228,0.043283363881179135,4890.145075215887,155.35624797105953,351.60319100718317,0.0,0.0,True,150,0,0,0.0,1.7715984591483886,,0.06584060000022873,1,0,1.0509251000039512
a8-ablation,waxman-n60-load0.9-congestion_surge-centralised,waxman,60,0.9,congestion_surge,CENTRALISED,orbit-restoration-only,13,9289983775729964378,0.23970510493038655,0.7149688543000965,0.41063409228564113,0.08030633973113228,0.043283363881179135,4890.145075215887,155.35624797105953,351.60319100718317,0.0,0.0,True,150,0,0,0.0,1.7715984591483886,,0.051495499996235594,1,0,0.8549972000037087
a8-ablation,waxman-n60-load0.9-congestion_surge-centralised,waxman,60,0.9,congestion_surge,CENTRALISED,cspf,14,1516568911966089480,0.2756457353326157,0.4875593263044197,0.33183675306728233,0.21055777045346846,0.18042413445318173,6130.082868919065,116.18417444016188,251.82182294472292,0.0,0.0,True,0,0,0,0.0,1.2806485583777065,,0.04161569999996573,1,0,0.6723491000011563
a8-ablation,waxman-n60-load0.9-congestion_surge-centralised,waxman,60,0.9,congestion_surge,CENTRALISED,orbit,14,1516568911966089480,0.24940437594827286,0.5982744705822104,0.43470494238007035,0.10937214285573155,0.05004221088948402,5546.5015288159775,139.7591471375072,251.89867908855405,0.0,0.0,True,150,0,0,0.0,1.4338822488527958,,0.05542520000017248,1,0,0.6893784999992931
a8-ablation,waxman-n60-load0.9-congestion_surge-centralised,waxman,60,0.9,congestion_surge,CENTRALISED,orbit-no-damping,14,1516568911966089480,0.24940437594827286,0.5982744705822104,0.43470494238007035,0.10937214285573155,0.05004221088948402,5546.5015288159775,139.7591471375072,251.89867908855405,0.0,0.0,True,150,0,0,0.0,1.4338822488527958,,0.06422639999072999,1,0,0.6526626999984728
a8-ablation,waxman-n60-load0.9-congestion_surge-centralised,waxman,60,0.9,congestion_surge,CENTRALISED,orbit-no-fallback,14,1516568911966089480,0.2643283560011996,0.5982744705822104,0.45734991363096267,0.1203463876891773,0.07282082411661024,5878.395778324835,135.43738674317422,301.9013373593455,0.0,0.0,True,83,0,0,0.0,1.4338822488527958,,0.06249949999619275,1,10050,0.8751241999998456
a8-ablation,waxman-n60-load0.9-congestion_surge-centralised,waxman,60,0.9,congestion_surge,CENTRALISED,orbit-no-preemption,14,1516568911966089480,0.24940437594827286,0.5982744705822104,0.43470494238007035,0.10937214285573155,0.05004221088948402,5546.5015288159775,139.7591471375072,251.89867908855405,0.0,0.0,True,150,0,0,0.0,1.4338822488527958,,0.057515199994668365,1,0,1.0011850000009872
a8-ablation,waxman-n60-load0.9-congestion_surge-centralised,waxman,60,0.9,congestion_surge,CENTRALISED,orbit-no-protection,14,1516568911966089480,0.24940437594827286,0.5982744705822104,0.43470494238007035,0.10937214285573155,0.05004221088948402,5546.5015288159775,139.7591471375072,251.89867908855405,0.0,0.0,True,150,0,0,0.0,1.4338822488527958,,0.04587670000910293,1,0,0.8718651999952272
a8-ablation,waxman-n60-load0.9-congestion_surge-centralised,waxman,60,0.9,congestion_surge,CENTRALISED,orbit-restoration-only,14,1516568911966089480,0.24940437594827286,0.5982744705822104,0.43470494238007035,0.10937214285573155,0.05004221088948402,5546.5015288159775,139.7591471375072,251.89867908855405,0.0,0.0,True,150,0,0,0.0,1.4338822488527958,,0.10431210001115687,1,0,0.9845500999945216
a8-ablation,waxman-n60-load0.9-congestion_surge-centralised,waxman,60,0.9,congestion_surge,CENTRALISED,cspf,15,5284095711697962183,0.27452030392499077,0.49176883518248143,0.3797226016843175,0.20278464690753736,0.12128596186676696,5778.021032198584,118.65672672183308,301.20936692438534,0.0,0.0,True,0,0,0,0.0,1.2785064623464306,,0.05980210000416264,1,0,0.7075401000038255
a8-ablation,waxman-n60-load0.9-congestion_surge-centralised,waxman,60,0.9,congestion_surge,CENTRALISED,orbit,15,5284095711697962183,0.2599448442395841,0.5425469464805687,0.4913479903354912,0.0933367890046155,0.07301996762878836,5471.241127717443,131.07767508376415,251.88157753052622,0.0,0.0,True,150,0,0,0.0,1.3818895767829218,,0.08112819999223575,1,0,0.7828351999924053
a8-ablation,waxman-n60-load0.9-congestion_surge-centralised,waxman,60,0.9,congestion_surge,CENTRALISED,orbit-no-damping,15,5284095711697962183,0.2599448442395841,0.5425469464805687,0.4913479903354912,0.0933367890046155,0.07301996762878836,5471.241127717443,131.07767508376415,251.88157753052622,0.0,0.0,True,150,0,0,0.0,1.3818895767829218,,0.04823890000989195,1,0,0.8779734999989159
a8-ablation,waxman-n60-load0.9-congestion_surge-centralised,waxman,60,0.9,congestion_surge,CENTRALISED,orbit-no-fallback,15,5284095711697962183,0.2708715651549455,0.5412224750066416,0.5345318555488564,0.12404948736240048,0.0304871663540804,5701.2234727725945,141.68805118134824,300.7923188849349,0.0,0.0,True,83,0,0,0.0,1.4164057640266705,,0.02730390000215266,1,10050,0.7472329000011086
a8-ablation,waxman-n60-load0.9-congestion_surge-centralised,waxman,60,0.9,congestion_surge,CENTRALISED,orbit-no-preemption,15,5284095711697962183,0.2599448442395841,0.5425469464805687,0.4913479903354912,0.0933367890046155,0.07301996762878836,5471.241127717443,131.07767508376415,251.88157753052622,0.0,0.0,True,150,0,0,0.0,1.3818895767829218,,0.045294299998204224,1,0,0.7804609000013443
a8-ablation,waxman-n60-load0.9-congestion_surge-centralised,waxman,60,0.9,congestion_surge,CENTRALISED,orbit-no-protection,15,5284095711697962183,0.2599448442395841,0.5425469464805687,0.4913479903354912,0.0933367890046155,0.07301996762878836,5471.241127717443,131.07767508376415,251.88157753052622,0.0,0.0,True,150,0,0,0.0,1.3818895767829218,,0.04521999999997206,1,0,0.8134667999984231
a8-ablation,waxman-n60-load0.9-congestion_surge-centralised,waxman,60,0.9,congestion_surge,CENTRALISED,orbit-restoration-only,15,5284095711697962183,0.2599448442395841,0.5425469464805687,0.4913479903354912,0.0933367890046155,0.07301996762878836,5471.241127717443,131.07767508376415,251.88157753052622,0.0,0.0,True,150,0,0,0.0,1.3818895767829218,,0.0426181000075303,1,0,0.6122114000027068
a8-ablation,waxman-n60-load0.9-congestion_surge-centralised,waxman,60,0.9,congestion_surge,CENTRALISED,cspf,16,7419120740272463583,0.283341404601711,0.5943233624783565,0.40800632137186116,0.2123388320846074,0.09704767196732202,5140.654715393618,101.7693155185924,251.0426977622668,0.0,0.0,True,0,0,0,0.0,1.4761266496282965,,0.03841470000043046,1,0,0.8448540999961551
a8-ablation,waxman-n60-load0.9-congestion_surge-centralised,waxman,60,0.9,congestion_surge,CENTRALISED,orbit,16,7419120740272463583,0.28319569781488907,0.7562904060870562,0.5573441021176971,0.09630759287284331,0.03183292725694558,5138.011161473944,138.99691716603115,351.9287027217296,0.0,0.0,True,150,0,0,0.0,1.853232231538744,,0.08584580000024289,1,0,0.982342699993751
a8-ablation,waxman-n60-load0.9-congestion_surge-centralised,waxman,60,0.9,congestion_surge,CENTRALISED,orbit-no-damping,16,7419120740272463583,0.28319569781488907,0.7562904060870562,0.5573441021176971,0.09630759287284331,0.03183292725694558,5138.011161473944,138.99691716603115,351.9287027217296,0.0,0.0,True,150,0,0,0.0,1.853232231538744,,0.06826810000347905,1,0,0.9375589000119362
a8-ablation,waxman-n60-load0.9-congestion_surge-centralised,waxman,60,0.9,congestion_surge,CENTRALISED,orbit-no-fallback,16,7419120740272463583,0.2764153813995961,0.7562904060870562,0.5861647356837322,0.07594078267516802,0.00660376435197506,5014.996081481904,127.80897997042237,301.4901372853919,0.0,0.0,True,87,0,0,0.0,1.853232231538744,,0.02530799999658484,1,9450,0.869123500000569
a8-ablation,waxman-n60-load0.9-congestion_surge-centralised,waxman,60,0.9,congestion_surge,CENTRALISED,orbit-no-preemption,16,7419120740272463583,0.28319569781488907,0.7562904060870562,0.5573441021176971,0.09630759287284331,0.03183292725694558,5138.011161473944,138.99691716603115,351.9287027217296,0.0,0.0,True,150,0,0,0.0,1.853232231538744,,0.04089269999531098,1,0,0.8428159999893978
a8-ablation,waxman-n60-load0.9-congestion_surge-centralised,waxman,60,0.9,congestion_surge,CENTRALISED,orbit-no-protection,16,7419120740272463583,0.28319569781488907,0.7562904060870562,0.5573441021176971,0.09630759287284331,0.03183292725694558,5138.011161473944,138.99691716603115,351.9287027217296,0.0,0.0,True,150,0,0,0.0,1.853232231538744,,0.08789309998974204,1,0,0.7836517999967327
a8-ablation,waxman-n60-load0.9-congestion_surge-centralised,waxman,60,0.9,congestion_surge,CENTRALISED,orbit-restoration-only,16,7419120740272463583,0.28319569781488907,0.7562904060870562,0.5573441021176971,0.09630759287284331,0.03183292725694558,5138.011161473944,138.99691716603115,351.9287027217296,0.0,0.0,True,150,0,0,0.0,1.853232231538744,,0.0732103000045754,1,0,1.0152890999888768
a8-ablation,waxman-n60-load0.9-congestion_surge-centralised,waxman,60,0.9,congestion_surge,CENTRALISED,cspf,17,15106617151734418495,0.26255351592527004,0.6373876514309371,0.34035690284332465,0.1968057844920631,0.06216051447381979,3770.789332645314,96.40634513656457,201.92656787517402,0.0,0.0,True,0,0,0,0.0,1.6309252481660568,,0.05062339999130927,1,0,0.8622126999980537
a8-ablation,waxman-n60-load0.9-congestion_surge-centralised,waxman,60,0.9,congestion_surge,CENTRALISED,orbit,17,15106617151734418495,0.25222990044703986,0.8587357578569063,0.3396665544295185,0.0859118630190347,0.05320780948494253,3622.5217347712014,121.66997759733331,301.4483094870887,0.0,0.0,True,150,0,0,0.0,2.1251064343125514,,0.03815279999980703,1,0,0.9232198999961838
a8-ablation,waxman-n60-load0.9-congestion_surge-centralised,waxman,60,0.9,congestion_surge,CENTRALISED,orbit-no-damping,17,15106617151734418495,0.25222990044703986,0.8587357578569063,0.3396665544295185,0.0859118630190347,0.05320780948494253,3622.5217347712014,121.66997759733331,301.4483094870887,0.0,0.0,True,150,0,0,0.0,2.1251064343125514,,0.03603810000640806,1,0,1.020492399999057
a8-ablation,waxman-n60-load0.9-congestion_surge-centralised,waxman,60,0.9,congestion_surge,CENTRALISED,orbit-no-fallback,17,15106617151734418495,0.22472268706486548,0.8587357578569063,0.34371209214425613,0.03651314904694571,0.009482145521659463,3227.463582810196,118.56802659915326,302.271273189151,0.0,0.0,True,76,0,0,0.0,2.1251064343125514,,0.019908799993572757,1,11100,0.5350235999940196
a8-ablation,waxman-n60-load0.9-congestion_surge-centralised,waxman,60,0.9,congestion_surge,CENTRALISED,orbit-no-preemption,17,15106617151734418495,0.25222990044703986,0.8587357578569063,0.3396665544295185,0.0859118630190347,0.05320780948494253,3622.5217347712014,121.66997759733331,301.4483094870887,0.0,0.0,True,150,0,0,0.0,2.1251064343125514,,0.08608199999434873,1,0,1.066743100003805
a8-ablation,waxman-n60-load0.9-congestion_surge-centralised,waxman,60,0.9,congestion_surge,CENTRALISED,orbit-no-protection,17,15106617151734418495,0.25222990044703986,0.8587357578569063,0.3396665544295185,0.0859118630190347,0.05320780948494253,3622.5217347712014,121.66997759733331,301.4483094870887,0.0,0.0,True,150,0,0,0.0,2.1251064343125514,,0.06030330000794493,1,0,0.957554299995536
a8-ablation,waxman-n60-load0.9-congestion_surge-centralised,waxman,60,0.9,congestion_surge,CENTRALISED,orbit-restoration-only,17,15106617151734418495,0.25222990044703986,0.8587357578569063,0.3396665544295185,0.0859118630190347,0.05320780948494253,3622.5217347712014,121.66997759733331,301.4483094870887,0.0,0.0,True,150,0,0,0.0,2.1251064343125514,,0.03433920000679791,1,0,1.013603300001705
a8-ablation,waxman-n60-load0.9-congestion_surge-centralised,waxman,60,0.9,congestion_surge,CENTRALISED,cspf,18,402493056654847640,0.2411323627407033,0.48406496476443867,0.28920029964519234,0.17044485566701884,0.1415199845914097,5657.814796807398,123.38262426674956,251.45447585398063,0.0,0.0,True,0,0,0,0.0,1.2385330858190946,,0.06473419998656027,1,0,0.8873115000023972
a8-ablation,waxman-n60-load0.9-congestion_surge-centralised,waxman,60,0.9,congestion_surge,CENTRALISED,orbit,18,402493056654847640,0.24982800762852617,0.5566053937354776,0.45411623846727317,0.09835230235174985,0.0674314185996986,5861.845262709693,143.54534883527853,301.70487462290777,0.0,0.0,True,150,0,0,0.0,1.3757995741972968,,0.05203869999968447,1,0,1.0116777999937767
a8-ablation,waxman-n60-load0.9-congestion_surge-centralised,waxman,60,0.9,congestion_surge,CENTRALISED,orbit-no-damping,18,402493056654847640,0.24982800762852617,0.5566053937354776,0.45411623846727317,0.09835230235174985,0.0674314185996986,5861.845262709693,143.54534883527853,301.70487462290777,0.0,0.0,True,150,0,0,0.0,1.3757995741972968,,0.08950709999771789,1,0,0.8004029000003356
a8-ablation,waxman-n60-load0.9-congestion_surge-centralised,waxman,60,0.9,congestion_surge,CENTRALISED,orbit-no-fallback,18,402493056654847640,0.27702959896051954,0.5287398333086719,0.4753354007154091,0.1980909248861815,0.03486039633262636,6500.090433061856,147.12564054428066,301.0305823249596,0.0,0.0,True,79,0,0,0.0,1.409364459880182,,0.026305999999749474,1,10650,0.4997531999979401
a8-ablation,waxman-n60-load0.9-congestion_surge-centralised,waxman,60,0.9,congestion_surge,CENTRALISED,orbit-no-preemption,18,402493056654847640,0.24982800762852617,0.5566053937354776,0.45411623846727317,0.09835230235174985,0.0674314185996986,5861.845262709693,143.54534883527853,301.70487462290777,0.0,0.0,True,150,0,0,0.0,1.3757995741972968,,0.07364309999684338,1,0,0.7089860999985831
a8-ablation,waxman-n60-load0.9-congestion_surge-centralised,waxman,60,0.9,congestion_surge,CENTRALISED,orbit-no-protection,18,402493056654847640,0.24982800762852617,0.5566053937354776,0.45411623846727317,0.09835230235174985,0.0674314185996986,5861.845262709693,143.54534883527853,301.70487462290777,0.0,0.0,True,150,0,0,0.0,1.3757995741972968,,0.04627819999586791,1,0,0.8093135000090115
a8-ablation,waxman-n60-load0.9-congestion_surge-centralised,waxman,60,0.9,congestion_surge,CENTRALISED,orbit-restoration-only,18,402493056654847640,0.24982800762852617,0.5566053937354776,0.45411623846727317,0.09835230235174985,0.0674314185996986,5861.845262709693,143.54534883527853,301.70487462290777,0.0,0.0,True,150,0,0,0.0,1.3757995741972968,,0.04357140000502113,1,0,0.855961399996886
a8-ablation,waxman-n60-load0.9-congestion_surge-centralised,waxman,60,0.9,congestion_surge,CENTRALISED,cspf,19,6598134674626330314,0.27549305927663037,0.505928988294753,0.3268681195841158,0.253071534991229,0.11086620077850534,5966.6739450972245,109.91146991683578,251.36279094412114,0.0,0.0,True,0,0,0,0.0,1.3317721620217757,,0.06991970000672154,1,0,0.7890396000002511
a8-ablation,waxman-n60-load0.9-congestion_surge-centralised,waxman,60,0.9,congestion_surge,CENTRALISED,orbit,19,6598134674626330314,0.2786961900295132,0.6019732169826543,0.48704204096844905,0.12092759064326462,0.09076224449213727,6036.047877261426,135.61667524594912,251.4886933058366,0.0,0.0,True,150,0,0,0.0,1.4503841255766408,,0.04577259998768568,1,0,0.7588980000000447
a8-ablation,waxman-n60-load0.9-congestion_surge-centralised,waxman,60,0.9,congestion_surge,CENTRALISED,orbit-no-damping,19,6598134674626330314,0.2786961900295132,0.6019732169826543,0.48704204096844905,0.12092759064326462,0.09076224449213727,6036.047877261426,135.61667524594912,251.4886933058366,0.0,0.0,True,150,0,0,0.0,1.4503841255766408,,0.06209579999267589,1,0,0.7970656000106828
a8-ablation,waxman-n60-load0.9-congestion_surge-centralised,waxman,60,0.9,congestion_surge,CENTRALISED,orbit-no-fallback,19,6598134674626330314,0.2567295415955197,0.6002364822557816,0.46558559295901386,0.11209859506726393,0.03677264625798573,5560.29059605671,154.72256300034886,352.08529618681956,0.0,0.0,True,76,0,0,0.0,1.49537094859954,,0.022358099988196045,1,11100,0.65074569999706
a8-ablation,waxman-n60-load0.9-congestion_surge-centralised,waxman,60,0.9,congestion_surge,CENTRALISED,orbit-no-preemption,19,6598134674626330314,0.2786961900295132,0.6019732169826543,0.48704204096844905,0.12092759064326462,0.09076224449213727,6036.047877261426,135.61667524594912,251.4886933058366,0.0,0.0,True,150,0,0,0.0,1.4503841255766408,,0.07269989998894744,1,0,0.8067464000050677
a8-ablation,waxman-n60-load0.9-congestion_surge-centralised,waxman,60,0.9,congestion_surge,CENTRALISED,orbit-no-protection,19,6598134674626330314,0.2786961900295132,0.6019732169826543,0.48704204096844905,0.12092759064326462,0.09076224449213727,6036.047877261426,135.61667524594912,251.4886933058366,0.0,0.0,True,150,0,0,0.0,1.4503841255766408,,0.05252470000414178,1,0,0.7204659999988507
a8-ablation,waxman-n60-load0.9-congestion_surge-centralised,waxman,60,0.9,congestion_surge,CENTRALISED,orbit-restoration-only,19,6598134674626330314,0.2786961900295132,0.6019732169826543,0.48704204096844905,0.12092759064326462,0.09076224449213727,6036.047877261426,135.61667524594912,251.4886933058366,0.0,0.0,True,150,0,0,0.0,1.4503841255766408,,0.04496600000129547,1,0,0.7849083000037353
a8-ablation,waxman-n60-load0.9-congestion_surge-centralised,waxman,60,0.9,congestion_surge,CENTRALISED,cspf,20,17689068630708406350,0.25085815556770946,0.47296479492012256,0.36369100417421174,0.18743045776047376,0.10045932679610481,4513.06427061946,105.66589629631414,251.36522024048017,0.0,0.0,True,0,0,0,0.0,1.2647974256678245,,0.0595618000079412,1,0,0.9548052000027383
a8-ablation,waxman-n60-load0.9-congestion_surge-centralised,waxman,60,0.9,congestion_surge,CENTRALISED,orbit,20,17689068630708406350,0.252862945126851,0.633834700540932,0.42257627239946566,0.09377176496802267,0.09121864323290804,4549.1314421610705,140.35156672255684,352.14947548864274,0.0,0.0,True,150,0,0,0.0,1.5552499375224187,,0.0947124999947846,1,0,1.0249838000017917
a8-ablation,waxman-n60-load0.9-congestion_surge-centralised,waxman,60,0.9,congestion_surge,CENTRALISED,orbit-no-damping,20,17689068630708406350,0.252862945126851,0.633834700540932,0.42257627239946566,0.09377176496802267,0.09121864323290804,4549.1314421610705,140.35156672255684,352.14947548864274,0.0,0.0,True,150,0,0,0.0,1.5552499375224187,,0.04127129999687895,1,0,0.8908092999918154
a8-ablation,waxman-n60-load0.9-congestion_surge-centralised,waxman,60,0.9,congestion_surge,CENTRALISED,orbit-no-fallback,20,17689068630708406350,0.2518134939218191,0.6320858659289649,0.4147953103875804,0.09911289293800198,0.08814390339961292,4530.251287651166,132.49573380143076,312.3751364005056,0.0,0.0,True,82,0,0,0.0,1.604428161673884,,0.03707550000399351,1,10200,0.8232873999950243
a8-ablation,waxman-n60-load0.9-congestion_surge-centralised,waxman,60,0.9,congestion_surge,CENTRALISED,orbit-no-preemption,20,17689068630708406350,0.252862945126851,0.633834700540932,0.42257627239946566,0.09377176496802267,0.09121864323290804,4549.1314421610705,140.35156672255684,352.14947548864274,0.0,0.0,True,150,0,0,0.0,1.5552499375224187,,0.07137030000740197,1,0,0.8604657999967458
a8-ablation,waxman-n60-load0.9-congestion_surge-centralised,waxman,60,0.9,congestion_surge,CENTRALISED,orbit-no-protection,20,17689068630708406350,0.252862945126851,0.633834700540932,0.42257627239946566,0.09377176496802267,0.09121864323290804,4549.1314421610705,140.35156672255684,352.14947548864274,0.0,0.0,True,150,0,0,0.0,1.5552499375224187,,0.041885899991029873,1,0,0.8518597999936901
a8-ablation,waxman-n60-load0.9-congestion_surge-centralised,waxman,60,0.9,congestion_surge,CENTRALISED,orbit-restoration-only,20,17689068630708406350,0.252862945126851,0.633834700540932,0.42257627239946566,0.09377176496802267,0.09121864323290804,4549.1314421610705,140.35156672255684,352.14947548864274,0.0,0.0,True,150,0,0,0.0,1.5552499375224187,,0.04193259999738075,1,0,0.9596663999982411
a8-ablation,waxman-n60-load0.9-congestion_surge-centralised,waxman,60,0.9,congestion_surge,CENTRALISED,cspf,21,1296238414908335084,0.25755811551083685,0.49631526883820654,0.3157365688640923,0.22822410871012497,0.10745421880218507,5963.087015813735,121.36741891754454,301.47661443601453,0.0,0.0,True,0,0,0,0.0,1.3856480428730171,,0.04228270000021439,1,0,0.7851146000029985
a8-ablation,waxman-n60-load0.9-congestion_surge-centralised,waxman,60,0.9,congestion_surge,CENTRALISED,orbit,21,1296238414908335084,0.2622067413812273,0.5494675822087589,0.47183262698913003,0.14932597255234226,0.051886032809685165,6070.7138343829,130.23302415536335,251.4527586336755,0.0,0.0,True,150,0,0,0.0,1.437662098211814,,0.06531940000422765,1,0,0.8545599000062793
a8-ablation,waxman-n60-load0.9-congestion_surge-centralised,waxman,60,0.9,congestion_surge,CENTRALISED,orbit-no-damping,21,1296238414908335084,0.2622067413812273,0.5494675822087589,0.47183262698913003,0.14932597255234226,0.051886032809685165,6070.7138343829,130.23302415536335,251.4527586336755,0.0,0.0,True,150,0,0,0.0,1.437662098211814,,0.07965530001092702,1,0,0.9505357000016375
a8-ablation,waxman-n60-load0.9-congestion_surge-centralised,waxman,60,0.9,congestion_surge,CENTRALISED,orbit-no-fallback,21,1296238414908335084,0.26714430618377033,0.5484514434524383,0.48905827986973754,0.17658626022370055,0.021079828026937378,6185.030281004611,152.50908855087187,301.9236244386651,0.0,0.0,True,75,0,0,0.0,1.4657021569893354,,0.02555979999306146,1,11250,0.6429251000081422
a8-ablation,waxman-n60-load0.9-congestion_surge-centralised,waxman,60,0.9,congestion_surge,CENTRALISED,orbit-no-preemption,21,1296238414908335084,0.2622067413812273,0.5494675822087589,0.47183262698913003,0.14932597255234226,0.051886032809685165,6070.7138343829,130.23302415536335,251.4527586336755,0.0,0.0,True,150,0,0,0.0,1.437662098211814,,0.042545100004645064,1,0,0.7979457000037655
a8-ablation,waxman-n60-load0.9-congestion_surge-centralised,waxman,60,0.9,congestion_surge,CENTRALISED,orbit-no-protection,21,1296238414908335084,0.2622067413812273,0.5494675822087589,0.47183262698913003,0.14932597255234226,0.051886032809685165,6070.7138343829,130.23302415536335,251.4527586336755,0.0,0.0,True,150,0,0,0.0,1.437662098211814,,0.044320800006971695,1,0,0.8239278999972157
a8-ablation,waxman-n60-load0.9-congestion_surge-centralised,waxman,60,0.9,congestion_surge,CENTRALISED,orbit-restoration-only,21,1296238414908335084,0.2622067413812273,0.5494675822087589,0.47183262698913003,0.14932597255234226,0.051886032809685165,6070.7138343829,130.23302415536335,251.4527586336755,0.0,0.0,True,150,0,0,0.0,1.437662098211814,,0.058264899998903275,1,0,0.9044458999997005
a8-ablation,waxman-n60-load0.9-congestion_surge-centralised,waxman,60,0.9,congestion_surge,CENTRALISED,cspf,22,3528616939614891058,0.28116661069710674,0.661609772934976,0.2805761601306058,0.22844677482708187,0.15325710653320948,5405.836350119937,106.1374882807374,202.17450945417576,0.0,0.0,True,0,0,0,0.0,1.6675036158163108,,0.0666547000000719,1,0,0.9528719000081765
a8-ablation,waxman-n60-load0.9-congestion_surge-centralised,waxman,60,0.9,congestion_surge,CENTRALISED,orbit,22,3528616939614891058,0.2688808746165589,0.7492797148649173,0.37061325090182806,0.14181133191610998,0.08716618670218113,5169.625234840135,130.54920844552927,301.4283063892744,0.0,0.0,True,150,0,0,0.0,1.8346269356030536,,0.05540610000025481,1,0,1.1045153999875765
a8-ablation,waxman-n60-load0.9-congestion_surge-centralised,waxman,60,0.9,congestion_surge,CENTRALISED,orbit-no-damping,22,3528616939614891058,0.2688808746165589,0.7492797148649173,0.37061325090182806,0.14181133191610998,0.08716618670218113,5169.625234840135,130.54920844552927,301.4283063892744,0.0,0.0,True,150,0,0,0.0,1.8346269356030536,,0.0535643000039272,1,0,1.0505339999945136
a8-ablation,waxman-n60-load0.9-congestion_surge-centralised,waxman,60,0.9,congestion_surge,CENTRALISED,orbit-no-fallback,22,3528616939614891058,0.222210140037277,0.7492797148649173,0.4104293870245,0.03912431172814685,0.005639413713407923,4272.312595725701,132.13845343464584,351.0517471410406,0.0,0.0,True,73,0,0,0.0,1.8346269356030536,,0.03252730000531301,1,11550,0.7498838000028627
a8-ablation,waxman-n60-load0.9-congestion_surge-centralised,waxman,60,0.9,congestion_surge,CENTRALISED,orbit-no-preemption,22,3528616939614891058,0.2688808746165589,0.7492797148649173,0.37061325090182806,0.14181133191610998,0.08716618670218113,5169.625234840135,130.54920844552927,301.4283063892744,0.0,0.0,True,150,0,0,0.0,1.8346269356030536,,0.0715687999909278,1,0,1.147693100007018
a8-ablation,waxman-n60-load0.9-congestion_surge-centralised,waxman,60,0.9,congestion_surge,CENTRALISED,orbit-no-protection,22,3528616939614891058,0.2688808746165589,0.7492797148649173,0.37061325090182806,0.14181133191610998,0.08716618670218113,5169.625234840135,130.54920844552927,301.4283063892744,0.0,0.0,True,150,0,0,0.0,1.8346269356030536,,0.08939630001259502,1,0,1.077696799999103
a8-ablation,waxman-n60-load0.9-congestion_surge-centralised,waxman,60,0.9,congestion_surge,CENTRALISED,orbit-restoration-only,22,3528616939614891058,0.2688808746165589,0.7492797148649173,0.37061325090182806,0.14181133191610998,0.08716618670218113,5169.625234840135,130.54920844552927,301.4283063892744,0.0,0.0,True,150,0,0,0.0,1.8346269356030536,,0.05429240000376012,1,0,1.023079599995981
a8-ablation,waxman-n60-load0.9-congestion_surge-centralised,waxman,60,0.9,congestion_surge,CENTRALISED,cspf,23,17493943541089782659,0.2843173959608849,0.5160512534314113,0.40014519323606257,0.19515558465043994,0.14712592524944537,5823.665832164278,113.13887640230917,251.76552043678737,0.0,0.0,True,0,0,0,0.0,1.296149353267813,,0.06996419999632053,1,0,0.9440558999922359
a8-ablation,waxman-n60-load0.9-congestion_surge-centralised,waxman,60,0.9,congestion_surge,CENTRALISED,orbit,23,17493943541089782659,0.26902580192576536,0.6391145985399076,0.46741529961397854,0.10979761797110703,0.06031147745429057,5510.448508965721,144.84888066214447,301.64792448156976,0.0,0.0,True,150,0,0,0.0,1.5542730953540145,,0.04811790000530891,1,0,0.8115057999966666
a8-ablation,waxman-n60-load0.9-congestion_surge-centralised,waxman,60,0.9,congestion_surge,CENTRALISED,orbit-no-damping,23,17493943541089782659,0.26902580192576536,0.6391145985399076,0.46741529961397854,0.10979761797110703,0.06031147745429057,5510.448508965721,144.84888066214447,301.64792448156976,0.0,0.0,True,150,0,0,0.0,1.5542730953540145,,0.059570700002950616,1,0,0.6699554000078933
a8-ablation,waxman-n60-load0.9-congestion_surge-centralised,waxman,60,0.9,congestion_surge,CENTRALISED,orbit-no-fallback,23,17493943541089782659,0.2755400549234763,0.6373496348909444,0.5095753547620119,0.11568781637435947,0.03537404196128222,5643.879783814841,154.13403965564743,301.73162353144244,0.0,0.0,True,81,0,0,0.0,1.603436311457458,,0.05142439999326598,1,10350,0.7117327000014484
a8-ablation,waxman-n60-load0.9-congestion_surge-centralised,waxman,60,0.9,congestion_surge,CENTRALISED,orbit-no-preemption,23,17493943541089782659,0.26902580192576536,0.6391145985399076,0.46741529961397854,0.10979761797110703,0.06031147745429057,5510.448508965721,144.84888066214447,301.64792448156976,0.0,0.0,True,150,0,0,0.0,1.5542730953540145,,0.06218049999733921,1,0,0.8961636000021826
a8-ablation,waxman-n60-load0.9-congestion_surge-centralised,waxman,60,0.9,congestion_surge,CENTRALISED,orbit-no-protection,23,17493943541089782659,0.26902580192576536,0.6391145985399076,0.46741529961397854,0.10979761797110703,0.06031147745429057,5510.448508965721,144.84888066214447,301.64792448156976,0.0,0.0,True,150,0,0,0.0,1.5542730953540145,,0.045889000000897795,1,0,0.9160317999921972
a8-ablation,waxman-n60-load0.9-congestion_surge-centralised,waxman,60,0.9,congestion_surge,CENTRALISED,orbit-restoration-only,23,17493943541089782659,0.26902580192576536,0.6391145985399076,0.46741529961397854,0.10979761797110703,0.06031147745429057,5510.448508965721,144.84888066214447,301.64792448156976,0.0,0.0,True,150,0,0,0.0,1.5542730953540145,,0.08538430000771768,1,0,0.885986099994625
a8-ablation,waxman-n60-load0.9-congestion_surge-centralised,waxman,60,0.9,congestion_surge,CENTRALISED,cspf,24,284409617404639058,0.2861229018160908,0.5999480446022206,0.3756333480220537,0.22715375438600455,0.10200010849567988,5735.78610830198,97.85914293004119,201.33647289863538,0.0,0.0,True,0,0,0,0.0,1.5112817412380515,,0.03760280000278726,1,0,0.7556781000021147
a8-ablation,waxman-n60-load0.9-congestion_surge-centralised,waxman,60,0.9,congestion_surge,CENTRALISED,orbit,24,284409617404639058,0.2538535981102545,0.6771398402305092,0.46509386668461544,0.07751322796135945,0.04622857662023513,5088.896877325697,133.75836635743082,301.367805723104,0.0,0.0,True,150,0,0,0.0,1.6923985821656358,,0.04164219999802299,1,0,0.8773397000040859
a8-ablation,waxman-n60-load0.9-congestion_surge-centralised,waxman,60,0.9,congestion_surge,CENTRALISED,orbit-no-damping,24,284409617404639058,0.2538535981102545,0.6771398402305092,0.46509386668461544,0.07751322796135945,0.04622857662023513,5088.896877325697,133.75836635743082,301.367805723104,0.0,0.0,True,150,0,0,0.0,1.6923985821656358,,0.07674999999289867,1,0,0.7670264000043971
a8-ablation,waxman-n60-load0.9-congestion_surge-centralised,waxman,60,0.9,congestion_surge,CENTRALISED,orbit-no-fallback,24,284409617404639058,0.24989790770931417,0.6755965616781331,0.5092069363290203,0.0639733449272426,0.005713911488780085,5009.598806788719,154.54988393418395,402.17438751017386,0.0,0.0,True,78,0,0,0.0,1.7399885004053741,,0.023267399999895133,1,10800,0.6892666999920039
a8-ablation,waxman-n60-load0.9-congestion_surge-centralised,waxman,60,0.9,congestion_surge,CENTRALISED,orbit-no-preemption,24,284409617404639058,0.2538535981102545,0.6771398402305092,0.46509386668461544,0.07751322796135945,0.04622857662023513,5088.896877325697,133.75836635743082,301.367805723104,0.0,0.0,True,150,0,0,0.0,1.6923985821656358,,0.04508920000807848,1,0,0.9335535999998683
a8-ablation,waxman-n60-load0.9-congestion_surge-centralised,waxman,60,0.9,congestion_surge,CENTRALISED,orbit-no-protection,24,284409617404639058,0.2538535981102545,0.6771398402305092,0.46509386668461544,0.07751322796135945,0.04622857662023513,5088.896877325697,133.75836635743082,301.367805723104,0.0,0.0,True,150,0,0,0.0,1.6923985821656358,,0.08299320000514854,1,0,0.8812960000068415
a8-ablation,waxman-n60-load0.9-congestion_surge-centralised,waxman,60,0.9,congestion_surge,CENTRALISED,orbit-restoration-only,24,284409617404639058,0.2538535981102545,0.6771398402305092,0.46509386668461544,0.07751322796135945,0.04622857662023513,5088.896877325697,133.75836635743082,301.367805723104,0.0,0.0,True,150,0,0,0.0,1.6923985821656358,,0.0560232999996515,1,0,0.9692672999954084
a8-ablation,waxman-n60-load0.9-congestion_surge-centralised,waxman,60,0.9,congestion_surge,CENTRALISED,cspf,25,14566451373903144834,0.2590811109374487,0.6299684259051531,0.2997130082572608,0.1499121777118615,0.13536000716940455,4846.449235413665,104.39980865803304,251.18380506086044,0.0,0.0,True,0,0,0,0.0,1.5527736048105527,,0.0672195999941323,1,0,0.9036576000071364
a8-ablation,waxman-n60-load0.9-congestion_surge-centralised,waxman,60,0.9,congestion_surge,CENTRALISED,orbit,25,14566451373903144834,0.26222729336394374,0.7197810803911788,0.4234397316404961,0.09228747294257396,0.038149734579327695,4905.302670772912,138.13975387140545,302.37935030354066,0.0,0.0,True,150,0,0,0.0,1.7563420979612043,,0.04836879999493249,1,0,0.8626801999926101
a8-ablation,waxman-n60-load0.9-congestion_surge-centralised,waxman,60,0.9,congestion_surge,CENTRALISED,orbit-no-damping,25,14566451373903144834,0.26222729336394374,0.7197810803911788,0.4234397316404961,0.09228747294257396,0.038149734579327695,4905.302670772912,138.13975387140545,302.37935030354066,0.0,0.0,True,150,0,0,0.0,1.7563420979612043,,0.0526943000004394,1,0,0.9988586999970721
a8-ablation,waxman-n60-load0.9-congestion_surge-centralised,waxman,60,0.9,congestion_surge,CENTRALISED,orbit-no-fallback,25,14566451373903144834,0.25814374739584844,0.7197810803911788,0.454999987292578,0.0650990977125396,0.025038387501801686,4828.914630891339,152.374393832427,353.1712626973417,0.0,0.0,True,76,0,0,0.0,1.7563420979612043,,0.02011329999368172,1,11100,0.5849438000004739
a8-ablation,waxman-n60-load0.9-congestion_surge-centralised,waxman,60,0.9,congestion_surge,CENTRALISED,orbit-no-preemption,25,14566451373903144834,0.26222729336394374,0.7197810803911788,0.4234397316404961,0.09228747294257396,0.038149734579327695,4905.302670772912,138.13975387140545,302.37935030354066,0.0,0.0,True,150,0,0,0.0,1.7563420979612043,,0.05452499999955762,1,0,0.8100372000044445
a8-ablation,waxman-n60-load0.9-congestion_surge-centralised,waxman,60,0.9,congestion_surge,CENTRALISED,orbit-no-protection,25,14566451373903144834,0.26222729336394374,0.7197810803911788,0.4234397316404961,0.09228747294257396,0.038149734579327695,4905.302670772912,138.13975387140545,302.37935030354066,0.0,0.0,True,150,0,0,0.0,1.7563420979612043,,0.03773749999527354,1,0,0.926763800001936
a8-ablation,waxman-n60-load0.9-congestion_surge-centralised,waxman,60,0.9,congestion_surge,CENTRALISED,orbit-restoration-only,25,14566451373903144834,0.26222729336394374,0.7197810803911788,0.4234397316404961,0.09228747294257396,0.038149734579327695,4905.302670772912,138.13975387140545,302.37935030354066,0.0,0.0,True,150,0,0,0.0,1.7563420979612043,,0.052296299996669404,1,0,0.7296745999919949
a8-ablation,waxman-n60-load0.9-congestion_surge-centralised,waxman,60,0.9,congestion_surge,CENTRALISED,cspf,26,5014585617062567500,0.2986383059458255,0.5477777138000195,0.28819023350809725,0.26666737352855097,0.2052765729696756,6399.743197027985,103.21153124416462,250.66213426799135,0.0,0.0,True,0,0,0,0.0,1.3981204207087947,,0.04048150000744499,1,0,0.6808586999977706
a8-ablation,waxman-n60-load0.9-congestion_surge-centralised,waxman,60,0.9,congestion_surge,CENTRALISED,orbit,26,5014585617062567500,0.2602793782095566,0.596112609805475,0.3902342065638864,0.15714503110750977,0.07560580594836253,5577.721098931809,130.95486914369377,301.6811091089782,0.0,0.0,True,150,0,0,0.0,1.469258432029116,,0.09216089999245014,1,0,1.022927800004254
a8-ablation,waxman-n60-load0.9-congestion_surge-centralised,waxman,60,0.9,congestion_surge,CENTRALISED,orbit-no-damping,26,5014585617062567500,0.2602793782095566,0.596112609805475,0.3902342065638864,0.15714503110750977,0.07560580594836253,5577.721098931809,130.95486914369377,301.6811091089782,0.0,0.0,True,150,0,0,0.0,1.469258432029116,,0.04737540001224261,1,0,0.8911207000055583
a8-ablation,waxman-n60-load0.9-congestion_surge-centralised,waxman,60,0.9,congestion_surge,CENTRALISED,orbit-no-fallback,26,5014585617062567500,0.2531529168157616,0.5956312352485975,0.41802352307894214,0.15251416250189395,0.0289588574149951,5425.002837691419,143.5669854699856,302.1418067346718,0.0,0.0,True,81,0,0,0.0,1.481883354046069,,0.062043900004937313,1,10350,0.7633934999903431
a8-ablation,waxman-n60-load0.9-congestion_surge-centralised,waxman,60,0.9,congestion_surge,CENTRALISED,orbit-no-preemption,26,5014585617062567500,0.2602793782095566,0.596112609805475,0.3902342065638864,0.15714503110750977,0.07560580594836253,5577.721098931809,130.95486914369377,301.6811091089782,0.0,0.0,True,150,0,0,0.0,1.469258432029116,,0.09435200000007171,1,0,1.0804394000006141
a8-ablation,waxman-n60-load0.9-congestion_surge-centralised,waxman,60,0.9,congestion_surge,CENTRALISED,orbit-no-protection,26,5014585617062567500,0.2602793782095566,0.596112609805475,0.3902342065638864,0.15714503110750977,0.07560580594836253,5577.721098931809,130.95486914369377,301.6811091089782,0.0,0.0,True,150,0,0,0.0,1.469258432029116,,0.09896449999359902,1,0,1.1043711999955121
a8-ablation,waxman-n60-load0.9-congestion_surge-centralised,waxman,60,0.9,congestion_surge,CENTRALISED,orbit-restoration-only,26,5014585617062567500,0.2602793782095566,0.596112609805475,0.3902342065638864,0.15714503110750977,0.07560580594836253,5577.721098931809,130.95486914369377,301.6811091089782,0.0,0.0,True,150,0,0,0.0,1.469258432029116,,0.07202789999428205,1,0,1.1076169000007212
a8-ablation,waxman-n60-load0.9-congestion_surge-centralised,waxman,60,0.9,congestion_surge,CENTRALISED,cspf,27,15119901422980113168,0.26581697055925896,0.5898176560224878,0.33473212705694105,0.20332737848057075,0.12337372032812756,4560.032401247105,96.34824136432326,200.97773400431205,0.0,0.0,True,0,0,0,0.0,1.5267319182108934,,0.034923800005344674,1,0,0.9965930000034859
a8-ablation,waxman-n60-load0.9-congestion_surge-centralised,waxman,60,0.9,congestion_surge,CENTRALISED,orbit,27,15119901422980113168,0.2184159891138436,0.8125414671793995,0.2538270686074855,0.08794002488333612,0.06029284325471396,3746.878858840675,131.62426135873008,251.51959392759676,0.0,0.0,True,150,0,0,0.0,2.002513893668423,,0.056215200005681254,1,0,1.1626496000098996
a8-ablation,waxman-n60-load0.9-congestion_surge-centralised,waxman,60,0.9,congestion_surge,CENTRALISED,orbit-no-damping,27,15119901422980113168,0.2184159891138436,0.8125414671793995,0.2538270686074855,0.08794002488333612,0.06029284325471396,3746.878858840675,131.62426135873008,251.51959392759676,0.0,0.0,True,150,0,0,0.0,2.002513893668423,,0.041691000005812384,1,0,0.8550274000008358
a8-ablation,waxman-n60-load0.9-congestion_surge-centralised,waxman,60,0.9,congestion_surge,CENTRALISED,orbit-no-fallback,27,15119901422980113168,0.23416363029562026,0.8125414671793995,0.33987686323462996,0.11474532421672408,0.006118323228147497,4017.0262233262174,139.74002572810977,301.6838254603837,0.0,0.0,True,78,0,0,0.0,2.002513893668423,,0.028523600005428307,1,10800,0.7512595000007423
a8-ablation,waxman-n60-load0.9-congestion_surge-centralised,waxman,60,0.9,congestion_surge,CENTRALISED,orbit-no-preemption,27,15119901422980113168,0.2184159891138436,0.8125414671793995,0.2538270686074855,0.08794002488333612,0.06029284325471396,3746.878858840675,131.62426135873008,251.51959392759676,0.0,0.0,True,150,0,0,0.0,2.002513893668423,,0.03673240001080558,1,0,0.7915892000019085
a8-ablation,waxman-n60-load0.9-congestion_surge-centralised,waxman,60,0.9,congestion_surge,CENTRALISED,orbit-no-protection,27,15119901422980113168,0.2184159891138436,0.8125414671793995,0.2538270686074855,0.08794002488333612,0.06029284325471396,3746.878858840675,131.62426135873008,251.51959392759676,0.0,0.0,True,150,0,0,0.0,2.002513893668423,,0.038816500004031695,1,0,0.8181963999959407
a8-ablation,waxman-n60-load0.9-congestion_surge-centralised,waxman,60,0.9,congestion_surge,CENTRALISED,orbit-restoration-only,27,15119901422980113168,0.2184159891138436,0.8125414671793995,0.2538270686074855,0.08794002488333612,0.06029284325471396,3746.878858840675,131.62426135873008,251.51959392759676,0.0,0.0,True,150,0,0,0.0,2.002513893668423,,0.08624789999157656,1,0,0.9863004000071669
a8-ablation,waxman-n60-load0.9-congestion_surge-centralised,waxman,60,0.9,congestion_surge,CENTRALISED,cspf,28,1273311800220531783,0.3359628316244908,0.5032169953172698,0.42244961796592834,0.2617491529213055,0.25735950396586904,6584.245777676519,101.47274762066739,201.70224459294593,0.0,0.0,True,0,0,0,0.0,1.4069147875258936,,0.04243560000031721,1,0,0.7985131999885198
a8-ablation,waxman-n60-load0.9-congestion_surge-centralised,waxman,60,0.9,congestion_surge,CENTRALISED,orbit,28,1273311800220531783,0.3019620107928205,0.6452662482508464,0.6368095215172628,0.09190556464823234,0.06871823837100231,5917.893015033171,140.42350653844034,301.2889707410653,0.0,0.0,True,150,0,0,0.0,1.6262742510637778,,0.04492770000069868,1,0,0.8211965999944368
a8-ablation,waxman-n60-load0.9-congestion_surge-centralised,waxman,60,0.9,congestion_surge,CENTRALISED,orbit-no-damping,28,1273311800220531783,0.3019620107928205,0.6452662482508464,0.6368095215172628,0.09190556464823234,0.06871823837100231,5917.893015033171,140.42350653844034,301.2889707410653,0.0,0.0,True,150,0,0,0.0,1.6262742510637778,,0.04351870001119096,1,0,0.9496615000098245
a8-ablation,waxman-n60-load0.9-congestion_surge-centralised,waxman,60,0.9,congestion_surge,CENTRALISED,orbit-no-fallback,28,1273311800220531783,0.306145924191033,0.6273707069395991,0.6647685000685215,0.10896864753478405,0.04477180551944129,5999.889925206661,143.40948835896438,301.2889707410653,0.0,0.0,True,94,0,0,0.0,1.676549662332547,,0.026707299999543466,1,8400,0.6516094999969937
a8-ablation,waxman-n60-load0.9-congestion_surge-centralised,waxman,60,0.9,congestion_surge,CENTRALISED,orbit-no-preemption,28,1273311800220531783,0.3019620107928205,0.6452662482508464,0.6368095215172628,0.09190556464823234,0.06871823837100231,5917.893015033171,140.42350653844034,301.2889707410653,0.0,0.0,True,150,0,0,0.0,1.6262742510637778,,0.06124039999849629,1,0,1.072141600001487
a8-ablation,waxman-n60-load0.9-congestion_surge-centralised,waxman,60,0.9,congestion_surge,CENTRALISED,orbit-no-protection,28,1273311800220531783,0.3019620107928205,0.6452662482508464,0.6368095215172628,0.09190556464823234,0.06871823837100231,5917.893015033171,140.42350653844034,301.2889707410653,0.0,0.0,True,150,0,0,0.0,1.6262742510637778,,0.04603519999363925,1,0,1.1295824999979232
a8-ablation,waxman-n60-load0.9-congestion_surge-centralised,waxman,60,0.9,congestion_surge,CENTRALISED,orbit-restoration-only,28,1273311800220531783,0.3019620107928205,0.6452662482508464,0.6368095215172628,0.09190556464823234,0.06871823837100231,5917.893015033171,140.42350653844034,301.2889707410653,0.0,0.0,True,150,0,0,0.0,1.6262742510637778,,0.07175469999492634,1,0,0.8760315000108676
a8-ablation,waxman-n60-load0.9-congestion_surge-centralised,waxman,60,0.9,congestion_surge,CENTRALISED,cspf,29,13282314347126003086,0.24004365711869624,0.5886399055635949,0.35483448987869703,0.1270004830961403,0.09224141107850439,3980.9510097454995,106.52417270292715,251.41996909209317,0.0,0.0,True,0,0,0,0.0,1.4985489377175798,,0.033605899996473454,1,0,0.7759195000107866
a8-ablation,waxman-n60-load0.9-congestion_surge-centralised,waxman,60,0.9,congestion_surge,CENTRALISED,orbit,29,13282314347126003086,0.23225150717980275,0.8024375308651079,0.26803794602289177,0.098904951687001,0.06870206694348373,3851.7238202431017,123.98146376634661,251.48472946351126,0.0,0.0,True,150,0,0,0.0,1.9756996011420047,,0.03826570000092033,1,0,0.7432413000060478
a8-ablation,waxman-n60-load0.9-congestion_surge-centralised,waxman,60,0.9,congestion_surge,CENTRALISED,orbit-no-damping,29,13282314347126003086,0.23225150717980275,0.8024375308651079,0.26803794602289177,0.098904951687001,0.06870206694348373,3851.7238202431017,123.98146376634661,251.48472946351126,0.0,0.0,True,150,0,0,0.0,1.9756996011420047,,0.038078500001574866,1,0,0.9819528000080027
a8-ablation,waxman-n60-load0.9-congestion_surge-centralised,waxman,60,0.9,congestion_surge,CENTRALISED,orbit-no-fallback,29,13282314347126003086,0.1866688220232167,0.8024375308651079,0.25311839272979014,0.018916420635430593,0.016590697807890086,3095.767846737443,132.09408623556257,352.3368811288548,0.0,0.0,True,72,0,0,0.0,1.9756996011420047,,0.04863879999902565,1,11700,0.743607600001269
a8-ablation,waxman-n60-load0.9-congestion_surge-centralised,waxman,60,0.9,congestion_surge,CENTRALISED,orbit-no-preemption,29,13282314347126003086,0.23225150717980275,0.8024375308651079,0.26803794602289177,0.098904951687001,0.06870206694348373,3851.7238202431017,123.98146376634661,251.48472946351126,0.0,0.0,True,150,0,0,0.0,1.9756996011420047,,0.050524899997981265,1,0,1.1337179000111064
a8-ablation,waxman-n60-load0.9-congestion_surge-centralised,waxman,60,0.9,congestion_surge,CENTRALISED,orbit-no-protection,29,13282314347126003086,0.23225150717980275,0.8024375308651079,0.26803794602289177,0.098904951687001,0.06870206694348373,3851.7238202431017,123.98146376634661,251.48472946351126,0.0,0.0,True,150,0,0,0.0,1.9756996011420047,,0.05296990000351798,1,0,1.01979140000185
a8-ablation,waxman-n60-load0.9-congestion_surge-centralised,waxman,60,0.9,congestion_surge,CENTRALISED,orbit-restoration-only,29,13282314347126003086,0.23225150717980275,0.8024375308651079,0.26803794602289177,0.098904951687001,0.06870206694348373,3851.7238202431017,123.98146376634661,251.48472946351126,0.0,0.0,True,150,0,0,0.0,1.9756996011420047,,0.0597466000035638,1,0,1.0579155000013998
a8-ablation,waxman-n60-load0.9-critical_link-centralised,waxman,60,0.9,critical_link,CENTRALISED,cspf,0,11329036488927840062,0.6447415601567305,0.8949239339037323,0.715549774192726,0.6587840428585786,0.40745130705447774,6310.330079646619,56.927190806845324,151.00586590436149,,0.0,True,61,0,0,0.30000000000000004,1.0,,0.11648170000989921,2,2,1.63363670000399
a8-ablation,waxman-n60-load0.9-critical_link-centralised,waxman,60,0.9,critical_link,CENTRALISED,orbit,0,11329036488927840062,0.6443503770058312,0.9991496032944122,0.8715522611173292,0.5546673500539432,0.3346013870149162,6306.501421845855,58.051965653017994,150.59292090996325,0.2,0.2,False,190,2,0,0.30000000000000004,1.0,,0.07791859999997541,2,2,1.6645444999885513
a8-ablation,waxman-n60-load0.9-critical_link-centralised,waxman,60,0.9,critical_link,CENTRALISED,orbit-no-damping,0,11329036488927840062,0.6449653244952462,0.9991496032944122,0.8775349070420038,0.5743951484503245,0.30453994336246243,6312.52014605981,57.99084218138098,104.03559050660088,0.2,0.2,False,186,2,0,0.30000000000000004,1.0,,0.10113779999664985,2,2,1.9079900999931851
a8-ablation,waxman-n60-load0.9-critical_link-centralised,waxman,60,0.9,critical_link,CENTRALISED,orbit-no-fallback,0,11329036488927840062,0.5058131901955574,0.9447242141367997,0.8103817357453329,0.38583534524498814,0.11230749430851394,4950.585453180859,1.7376682752921306,5.252574559655284,,0.0,True,79,0,0,0.30000000000000004,0.936220247080922,,0.0646466999896802,2,10802,0.9120938000123715
a8-ablation,waxman-n60-load0.9-critical_link-centralised,waxman,60,0.9,critical_link,CENTRALISED,orbit-no-preemption,0,11329036488927840062,0.6290174393858134,0.9991496032944122,0.8726060827560053,0.5556723964771418,0.27219290896463966,6156.432148431213,56.64290931709919,151.27636249648017,0.2,0.2,False,184,0,0,0.30000000000000004,1.0,,0.08124229998793453,2,2,1.6025128000037512
a8-ablation,waxman-n60-load0.9-critical_link-centralised,waxman,60,0.9,critical_link,CENTRALISED,orbit-no-protection,0,11329036488927840062,0.6443503770058312,0.9991496032944122,0.8715522611173292,0.5546673500539432,0.3346013870149162,6306.501421845855,58.051965653017994,150.59292090996325,0.2,0.2,False,190,2,0,0.30000000000000004,1.0,,0.1374465999979293,2,2,1.870505899991258
a8-ablation,waxman-n60-load0.9-critical_link-centralised,waxman,60,0.9,critical_link,CENTRALISED,orbit-restoration-only,0,11329036488927840062,0.6335133375127553,0.9991496032944122,0.8785887286806799,0.5679314115317663,0.26744538334871987,6200.435207856406,55.612796674560094,151.27636249648017,0.2,0.2,True,182,0,0,0.30000000000000004,1.0,,0.06828149998909794,2,2,1.6086023999960162
a8-ablation,waxman-n60-load0.9-critical_link-centralised,waxman,60,0.9,critical_link,CENTRALISED,cspf,1,6237867979807433024,0.6813668441678388,0.9173476183023783,0.8130371104598428,0.6409273358073878,0.4588291950462664,5518.795435048281,64.80318359901298,152.16771300132632,0.0,0.2,True,60,0,0,0.30000000000000004,1.0070918357583052,,0.11634170000615995,2,2,1.7176202999980887
a8-ablation,waxman-n60-load0.9-critical_link-centralised,waxman,60,0.9,critical_link,CENTRALISED,orbit,1,6237867979807433024,0.647364593464363,0.969475611291321,0.8959106149281971,0.6027248504453632,0.2640114202668134,5243.390977713862,56.42558377749782,103.81320248371914,0.0,0.0,False,171,0,0,0.30000000000000004,1.0,,0.11739769999985583,2,6,1.654781199991703
a8-ablation,waxman-n60-load0.9-critical_link-centralised,waxman,60,0.9,critical_link,CENTRALISED,orbit-no-damping,1,6237867979807433024,0.6418924962999953,0.969475611291321,0.8959106149281971,0.6054901431283041,0.23935137834660278,5199.069207276477,55.2797660373341,103.81320248371914,0.0,0.0,False,172,0,0,0.30000000000000004,1.0,,0.07971129998622928,2,6,1.5961443999985931
a8-ablation,waxman-n60-load0.9-critical_link-centralised,waxman,60,0.9,critical_link,CENTRALISED,orbit-no-fallback,1,6237867979807433024,0.5602092796470527,0.9530875935554547,0.8015945097175493,0.4762432666831401,0.1896341974667996,4537.468239981277,1.7198664779834751,4.313229917213781,0.0,0.0,False,92,0,0,0.0,1.0,,0.08100350001768675,2,8830,1.3070450999948662
a8-ablation,waxman-n60-load0.9-critical_link-centralised,waxman,60,0.9,critical_link,CENTRALISED,orbit-no-preemption,1,6237867979807433024,0.647364593464363,0.969475611291321,0.8959106149281971,0.6027248504453632,0.2640114202668134,5243.390977713862,56.42558377749782,103.81320248371914,0.0,0.0,False,171,0,0,0.30000000000000004,1.0,,0.06764890000340529,2,6,1.8058401000016602
a8-ablation,waxman-n60-load0.9-critical_link-centralised,waxman,60,0.9,critical_link,CENTRALISED,orbit-no-protection,1,6237867979807433024,0.647364593464363,0.969475611291321,0.8959106149281971,0.6027248504453632,0.2640114202668134,5243.390977713862,56.42558377749782,103.81320248371914,0.0,0.0,False,171,0,0,0.30000000000000004,1.0,,0.14685340000141878,2,6,2.037781000006362
a8-ablation,waxman-n60-load0.9-critical_link-centralised,waxman,60,0.9,critical_link,CENTRALISED,orbit-restoration-only,1,6237867979807433024,0.6418924962999953,0.969475611291321,0.8959106149281971,0.6054901431283041,0.23935137834660278,5199.069207276477,55.2797660373341,103.81320248371914,0.0,0.0,False,172,0,0,0.30000000000000004,1.0,,0.06289699998160359,2,6,1.6236554000061005
a8-ablation,waxman-n60-load0.9-critical_link-centralised,waxman,60,0.9,critical_link,CENTRALISED,cspf,2,9595884762982220124,0.5971332627314381,0.9465466805338105,0.6759341360203555,0.4791301396064088,0.4823797964494593,4883.78985419574,63.07026273295781,151.8535081125538,0.0,0.0,False,53,0,0,0.30000000000000004,1.0238318350781956,,0.07867779998923652,2,2,1.1105494999937946
a8-ablation,waxman-n60-load0.9-critical_link-centralised,waxman,60,0.9,critical_link,CENTRALISED,orbit,2,9595884762982220124,0.5671669499347792,0.9958232574316103,0.7527169211113626,0.4094547275427216,0.35659301828204854,4638.703566865939,60.31517532168605,151.4936531282333,0.2,0.2,True,188,0,0,0.30000000000000004,1.0,,0.07680700000491925,2,4,1.4673704000015277
a8-ablation,waxman-n60-load0.9-critical_link-centralised,waxman,60,0.9,critical_link,CENTRALISED,orbit-no-damping,2,9595884762982220124,0.5671669499347792,0.9958232574316103,0.7527169211113626,0.4094547275427216,0.35659301828204854,4638.703566865939,60.31517532168605,151.4936531282333,0.2,0.2,True,188,0,0,0.30000000000000004,1.0,,0.07463899999856949,2,4,1.5291227999987314
a8-ablation,waxman-n60-load0.9-critical_link-centralised,waxman,60,0.9,critical_link,CENTRALISED,orbit-no-fallback,2,9595884762982220124,0.4733187083607963,0.9160600243374316,0.7049169481431151,0.34202643315858267,0.1722475836885683,3871.1444328518864,3.210032776522163,9.945062117825296,,0.0,True,78,0,0,0.0,0.9378496681618896,,0.06796349999785889,2,10930,1.0351358000043547
a8-ablation,waxman-n60-load0.9-critical_link-centralised,waxman,60,0.9,critical_link,CENTRALISED,orbit-no-preemption,2,9595884762982220124,0.5671669499347792,0.9958232574316103,0.7527169211113626,0.4094547275427216,0.35659301828204854,4638.703566865939,60.31517532168605,151.4936531282333,0.2,0.2,True,188,0,0,0.30000000000000004,1.0,,0.12521800000104122,2,4,1.3812418000015896
a8-ablation,waxman-n60-load0.9-critical_link-centralised,waxman,60,0.9,critical_link,CENTRALISED,orbit-no-protection,2,9595884762982220124,0.5671669499347792,0.9958232574316103,0.7527169211113626,0.4094547275427216,0.35659301828204854,4638.703566865939,60.31517532168605,151.4936531282333,0.2,0.2,True,188,0,0,0.30000000000000004,1.0,,0.11927950000972487,2,4,1.5119960999873001
a8-ablation,waxman-n60-load0.9-critical_link-centralised,waxman,60,0.9,critical_link,CENTRALISED,orbit-restoration-only,2,9595884762982220124,0.5671669499347792,0.9958232574316103,0.7527169211113626,0.4094547275427216,0.35659301828204854,4638.703566865939,60.31517532168605,151.4936531282333,0.2,0.2,True,188,0,0,0.30000000000000004,1.0,,0.1421458000113489,2,4,1.7036908000009134
a8-ablation,waxman-n60-load0.9-critical_link-centralised,waxman,60,0.9,critical_link,CENTRALISED,cspf,3,603624188001051230,0.5760812369455448,0.9232056760375814,0.7154801874171856,0.4264347748448587,0.44628783512457626,6117.213768686887,72.08651323745728,153.16235892608844,0.0,0.0,False,43,0,0,0.30000000000000004,1.0,,0.1111158000130672,2,2,1.5257276000047568
a8-ablation,waxman-n60-load0.9-critical_link-centralised,waxman,60,0.9,critical_link,CENTRALISED,orbit,3,603624188001051230,0.5505790911695133,0.9935545397082539,0.8692574080327606,0.359034954151273,0.25045682816317233,5846.415021448837,70.44047635059968,201.19585475584282,0.0,0.0,True,188,0,0,0.30000000000000004,1.0,,0.10452660000009928,2,2,1.5672334999981103
a8-ablation,waxman-n60-load0.9-critical_link-centralised,waxman,60,0.9,critical_link,CENTRALISED,orbit-no-damping,3,603624188001051230,0.5505790911695133,0.9935545397082539,0.8692574080327606,0.359034954151273,0.25045682816317233,5846.415021448837,70.44047635059968,201.19585475584282,0.0,0.0,True,188,0,0,0.30000000000000004,1.0,,0.08810979998088442,2,2,1.2170730000070762
a8-ablation,waxman-n60-load0.9-critical_link-centralised,waxman,60,0.9,critical_link,CENTRALISED,orbit-no-fallback,3,603624188001051230,0.44473240324170266,0.8932691624846069,0.7641700372914695,0.3267299138303541,0.04727838887748663,4722.464482467626,2.2760638307052075,7.963365420650113,0.0,0.0,False,75,0,0,0.0,0.9568597114939735,,0.039353500003926456,2,11380,1.099334500002442
a8-ablation,waxman-n60-load0.9-critical_link-centralised,waxman,60,0.9,critical_link,CENTRALISED,orbit-no-preemption,3,603624188001051230,0.5505790911695133,0.9935545397082539,0.8692574080327606,0.359034954151273,0.25045682816317233,5846.415021448837,70.44047635059968,201.19585475584282,0.0,0.0,True,188,0,0,0.30000000000000004,1.0,,0.10783380000793841,2,2,1.4316548999922816
a8-ablation,waxman-n60-load0.9-critical_link-centralised,waxman,60,0.9,critical_link,CENTRALISED,orbit-no-protection,3,603624188001051230,0.5505790911695133,0.9935545397082539,0.8692574080327606,0.359034954151273,0.25045682816317233,5846.415021448837,70.44047635059968,201.19585475584282,0.0,0.0,True,188,0,0,0.30000000000000004,1.0,,0.10554589999082964,2,2,1.4521869000018341
a8-ablation,waxman-n60-load0.9-critical_link-centralised,waxman,60,0.9,critical_link,CENTRALISED,orbit-restoration-only,3,603624188001051230,0.5505790911695133,0.9935545397082539,0.8692574080327606,0.359034954151273,0.25045682816317233,5846.415021448837,70.44047635059968,201.19585475584282,0.0,0.0,True,188,0,0,0.30000000000000004,1.0,,0.11548449999827426,2,2,1.6264515000075335
a8-ablation,waxman-n60-load0.9-critical_link-centralised,waxman,60,0.9,critical_link,CENTRALISED,cspf,4,9795650596908390211,0.5499052745264578,0.8933316029738572,0.6698653581498067,0.5033456935702708,0.3254226832911856,5144.5490636015065,72.48157235561283,151.51069875584795,0.0,0.0,True,63,0,0,0.30000000000000004,1.0,,0.12026939999486785,2,2,1.3246537999948487
a8-ablation,waxman-n60-load0.9-critical_link-centralised,waxman,60,0.9,critical_link,CENTRALISED,orbit,4,9795650596908390211,0.5238080621021856,0.9991187290053093,0.8944292233454312,0.3124309015361554,0.21042504951510685,4900.40085124709,71.85759914976336,154.49791833920315,0.2,0.2,True,176,4,0,0.30000000000000004,1.0,,0.07304319999821018,2,388,1.6262377999955788
a8-ablation,waxman-n60-load0.9-critical_link-centralised,waxman,60,0.9,critical_link,CENTRALISED,orbit-no-damping,4,9795650596908390211,0.5298504452592272,0.9991187290053093,0.8900988518576083,0.33733144898645445,0.20557835225929003,4956.929380891125,77.98719693998635,159.849530111433,0.2,0.2,True,180,1,0,0.30000000000000004,1.0,,0.07253669999772683,2,4,1.5468778000067687
a8-ablation,waxman-n60-load0.9-critical_link-centralised,waxman,60,0.9,critical_link,CENTRALISED,orbit-no-fallback,4,9795650596908390211,0.443960985816899,0.9991187290053093,0.8204027656649648,0.24642154083369922,0.06779473908229917,4153.404558315507,3.0537746824547405,5.332918620396992,0.2,0.2,False,79,4,0,0.30000000000000004,1.0,,0.03882409998914227,2,11274,0.878717500003404
a8-ablation,waxman-n60-load0.9-critical_link-centralised,waxman,60,0.9,critical_link,CENTRALISED,orbit-no-preemption,4,9795650596908390211,0.5273341378737957,0.9991187290053093,0.8915913721660058,0.35103602919198035,0.17814956344857094,4933.388477751756,75.67522888700218,201.20681375208227,0.2,0.2,True,180,0,0,0.30000000000000004,1.0,,0.11178919998928905,2,4,1.5779957000049762
a8-ablation,waxman-n60-load0.9-critical_link-centralised,waxman,60,0.9,critical_link,CENTRALISED,orbit-no-protection,4,9795650596908390211,0.5238080621021856,0.9991187290053093,0.8944292233454312,0.3124309015361554,0.21042504951510685,4900.40085124709,71.85759914976336,154.49791833920315,0.2,0.2,True,176,4,0,0.30000000000000004,1.0,,0.08447490000980906,2,388,1.761110599996755
a8-ablation,waxman-n60-load0.9-critical_link-centralised,waxman,60,0.9,critical_link,CENTRALISED,orbit-restoration-only,4,9795650596908390211,0.5273341378737957,0.9991187290053093,0.8915913721660058,0.35103602919198035,0.17814956344857094,4933.388477751756,75.67522888700218,201.20681375208227,0.2,0.2,True,180,0,0,0.30000000000000004,1.0,,0.06215959999826737,2,4,1.518370000005234
a8-ablation,waxman-n60-load0.9-critical_link-centralised,waxman,60,0.9,critical_link,CENTRALISED,cspf,5,10222885597399126340,0.5842397241479885,0.9437488538988246,0.674599280122242,0.47576938252189405,0.45657338357617927,6896.174332742206,84.49826138787432,201.12054713529753,0.0,0.0,True,40,0,0,0.30000000000000004,1.1567255244561352,,0.1369488999916939,2,2,1.7040221999923233
a8-ablation,waxman-n60-load0.9-critical_link-centralised,waxman,60,0.9,critical_link,CENTRALISED,orbit,5,10222885597399126340,0.5278592678589646,0.978722202175249,0.924590260783969,0.3551858141553496,0.1631772098468624,6230.677894451108,72.3572592690263,201.60607477817183,0.2,0.2,True,184,0,0,0.30000000000000004,1.0,,0.14055079998797737,2,2,1.60703129999456
a8-ablation,waxman-n60-load0.9-critical_link-centralised,waxman,60,0.9,critical_link,CENTRALISED,orbit-no-damping,5,10222885597399126340,0.5278592678589646,0.978722202175249,0.924590260783969,0.3551858141553496,0.1631772098468624,6230.677894451108,72.3572592690263,201.60607477817183,0.2,0.2,True,184,0,0,0.30000000000000004,1.0,,0.12643680001201574,2,2,1.626421200009645
a8-ablation,waxman-n60-load0.9-critical_link-centralised,waxman,60,0.9,critical_link,CENTRALISED,orbit-no-fallback,5,10222885597399126340,0.44125531946133734,0.799336817571494,0.8154916395243845,0.27550499927444333,0.13621776395348534,5208.433255189695,2.062998439381705,8.976402297034623,0.0,0.0,True,76,1,0,0.30000000000000004,1.0,,0.031835800007684156,2,11380,0.9006793999869842
a8-ablation,waxman-n60-load0.9-critical_link-centralised,waxman,60,0.9,critical_link,CENTRALISED,orbit-no-preemption,5,10222885597399126340,0.5278592678589646,0.978722202175249,0.924590260783969,0.3551858141553496,0.1631772098468624,6230.677894451108,72.3572592690263,201.60607477817183,0.2,0.2,True,184,0,0,0.30000000000000004,1.0,,0.09142529999371618,2,2,1.237115600000834
a8-ablation,waxman-n60-load0.9-critical_link-centralised,waxman,60,0.9,critical_link,CENTRALISED,orbit-no-protection,5,10222885597399126340,0.5278592678589646,0.978722202175249,0.924590260783969,0.3551858141553496,0.1631772098468624,6230.677894451108,72.3572592690263,201.60607477817183,0.2,0.2,True,184,0,0,0.30000000000000004,1.0,,0.10742620001838077,2,2,1.7026441000052728
a8-ablation,waxman-n60-load0.9-critical_link-centralised,waxman,60,0.9,critical_link,CENTRALISED,orbit-restoration-only,5,10222885597399126340,0.5278592678589646,0.978722202175249,0.924590260783969,0.3551858141553496,0.1631772098468624,6230.677894451108,72.3572592690263,201.60607477817183,0.2,0.2,True,184,0,0,0.30000000000000004,1.0,,0.12055289999989327,2,2,1.6435104999982286
a8-ablation,waxman-n60-load0.9-critical_link-centralised,waxman,60,0.9,critical_link,CENTRALISED,cspf,6,10203500839792736818,0.6196149741417046,0.8937079905773747,0.7801219431773384,0.5785115719838824,0.3555058752812607,5679.255858465918,63.38428008760247,152.45896560452366,0.0,0.0,True,59,0,0,0.30000000000000004,1.0,,0.14118690000032075,2,4,1.645244699990144
a8-ablation,waxman-n60-load0.9-critical_link-centralised,waxman,60,0.9,critical_link,CENTRALISED,orbit,6,10203500839792736818,0.5881599082748431,0.9995449865387525,0.8524253631188656,0.4427331735399743,0.2878332826024679,5390.94557779483,59.49886620870921,151.30095138511138,0.0,0.0,True,197,3,0,0.30000000000000004,1.0,,0.1298973999946611,2,6,1.6207719999947585
a8-ablation,waxman-n60-load0.9-critical_link-centralised,waxman,60,0.9,critical_link,CENTRALISED,orbit-no-damping,6,10203500839792736818,0.5824523498621852,0.9995449865387525,0.8421284728002828,0.462494191716561,0.24703590886904192,5338.63134088097,62.393068744558434,151.27793813858494,0.0,0.0,True,197,3,0,0.30000000000000004,1.0,,0.0791602000099374,2,6,1.6913277999992715
a8-ablation,waxman-n60-load0.9-critical_link-centralised,waxman,60,0.9,critical_link,CENTRALISED,orbit-no-fallback,6,10203500839792736818,0.49444940517876057,0.9704241250189053,0.7874025571425038,0.3375542953054797,0.14399089510608223,4532.01552297259,1.6959387543092734,3.20683550810767,0.0,0.0,True,83,2,0,0.30000000000000004,0.965873990406433,,0.04262870000093244,2,10610,0.9392064999992726
a8-ablation,waxman-n60-load0.9-critical_link-centralised,waxman,60,0.9,critical_link,CENTRALISED,orbit-no-preemption,6,10203500839792736818,0.5934353553022533,0.9995449865387525,0.8636883707044781,0.4764944690968584,0.24886775589543053,5439.29917589492,59.71165578090881,112.90897022053085,0.0,0.0,False,193,0,0,0.30000000000000004,1.0,,0.08731610000540968,2,6,1.6011690000013914
a8-ablation,waxman-n60-load0.9-critical_link-centralised,waxman,60,0.9,critical_link,CENTRALISED,orbit-no-protection,6,10203500839792736818,0.5881599082748431,0.9995449865387525,0.8524253631188656,0.4427331735399743,0.2878332826024679,5390.94557779483,59.49886620870921,151.30095138511138,0.0,0.0,True,197,3,0,0.30000000000000004,1.0,,0.1194299999915529,2,6,1.2893709000054514
a8-ablation,waxman-n60-load0.9-critical_link-centralised,waxman,60,0.9,critical_link,CENTRALISED,orbit-restoration-only,6,10203500839792736818,0.5934353553022533,0.9995449865387525,0.8636883707044781,0.4764944690968584,0.24886775589543053,5439.29917589492,59.71165578090881,112.90897022053085,0.0,0.0,False,193,0,0,0.30000000000000004,1.0,,0.08078020000539254,2,6,1.641429600000265
a8-ablation,waxman-n60-load0.9-critical_link-centralised,waxman,60,0.9,critical_link,CENTRALISED,cspf,7,8586465628703494755,0.5866769114786521,0.8979888335110704,0.7038404873412091,0.5765960672908789,0.29791714249077317,5668.575570857614,62.14730695000038,151.250107116387,0.0,0.0,True,48,0,0,0.30000000000000004,1.0392742828679111,,0.1319348999968497,2,2,1.2610314000048675
a8-ablation,waxman-n60-load0.9-critical_link-centralised,waxman,60,0.9,critical_link,CENTRALISED,orbit,7,8586465628703494755,0.5504542734989433,0.9386205899172104,0.8368571209061084,0.43262783107820807,0.1862866628283202,5318.586067697716,69.53743408120852,151.4499903221855,0.0,0.0,False,188,0,0,0.30000000000000004,0.9862095170891014,,0.11141850000421982,2,4,1.5528663999866694
a8-ablation,waxman-n60-load0.9-critical_link-centralised,waxman,60,0.9,critical_link,CENTRALISED,orbit-no-damping,7,8586465628703494755,0.5504542734989433,0.9386205899172104,0.8368571209061084,0.43262783107820807,0.1862866628283202,5318.586067697716,69.53743408120852,151.4499903221855,0.0,0.0,False,188,0,0,0.30000000000000004,0.9862095170891014,,0.0899859000055585,2,4,1.6331148999888683
a8-ablation,waxman-n60-load0.9-critical_link-centralised,waxman,60,0.9,critical_link,CENTRALISED,orbit-no-fallback,7,8586465628703494755,0.44042861174599574,0.938340188543293,0.808575262478846,0.22688612639794675,0.05724044573135752,4255.498759884179,4.366652441147552,5.492750609972236,0.0,0.0,False,69,1,0,0.30000000000000004,1.0,,0.05387730000074953,2,12302,0.8040958999918075
a8-ablation,waxman-n60-load0.9-critical_link-centralised,waxman,60,0.9,critical_link,CENTRALISED,orbit-no-preemption,7,8586465628703494755,0.5504542734989433,0.9386205899172104,0.8368571209061084,0.43262783107820807,0.1862866628283202,5318.586067697716,69.53743408120852,151.4499903221855,0.0,0.0,False,188,0,0,0.30000000000000004,0.9862095170891014,,0.11115409999911208,2,4,1.5732576999871526
a8-ablation,waxman-n60-load0.9-critical_link-centralised,waxman,60,0.9,critical_link,CENTRALISED,orbit-no-protection,7,8586465628703494755,0.5504542734989433,0.9386205899172104,0.8368571209061084,0.43262783107820807,0.1862866628283202,5318.586067697716,69.53743408120852,151.4499903221855,0.0,0.0,False,188,0,0,0.30000000000000004,0.9862095170891014,,0.07343150000087917,2,4,1.4743909999961033
a8-ablation,waxman-n60-load0.9-critical_link-centralised,waxman,60,0.9,critical_link,CENTRALISED,orbit-restoration-only,7,8586465628703494755,0.5504542734989433,0.9386205899172104,0.8368571209061084,0.43262783107820807,0.1862866628283202,5318.586067697716,69.53743408120852,151.4499903221855,0.0,0.0,False,188,0,0,0.30000000000000004,0.9862095170891014,,0.08570349999354221,2,4,1.2437129000027198
a8-ablation,waxman-n60-load0.9-critical_link-centralised,waxman,60,0.9,critical_link,CENTRALISED,cspf,8,2226916683776612264,0.6304203886898828,0.9234392888439392,0.7502229956780038,0.6016575515813453,0.3876299302033274,6065.050149544814,66.36918641614506,150.86137199521698,0.0,0.0,False,47,0,0,0.30000000000000004,1.0,,0.10462990000087302,2,4,1.4964190000027884
a8-ablation,waxman-n60-load0.9-critical_link-centralised,waxman,60,0.9,critical_link,CENTRALISED,orbit,8,2226916683776612264,0.5932698167718875,0.999527828062726,0.8996571177330255,0.4780663616759312,0.21415437976229104,5707.637721569309,57.433182688531986,150.78773134723957,0.0,0.0,False,189,1,0,0.30000000000000004,1.0,,0.10087189998012036,2,6,1.7281322000053478
a8-ablation,waxman-n60-load0.9-critical_link-centralised,waxman,60,0.9,critical_link,CENTRALISED,orbit-no-damping,8,2226916683776612264,0.5932698167718875,0.999527828062726,0.8996571177330255,0.4780663616759312,0.21415437976229104,5707.637721569309,57.433182688531986,150.78773134723957,0.0,0.0,False,189,1,0,0.30000000000000004,1.0,,0.08916369998769369,2,6,1.3700530999922194
a8-ablation,waxman-n60-load0.9-critical_link-centralised,waxman,60,0.9,critical_link,CENTRALISED,orbit-no-fallback,8,2226916683776612264,0.49818536636809585,0.999527828062726,0.8075071379492045,0.3288662213764961,0.13859344930142126,4792.8640713398745,1.6686448068294708,3.649695097275978,0.0,0.0,True,83,2,0,0.30000000000000004,1.0,,0.029859999995096587,2,10632,0.8930405999999493
a8-ablation,waxman-n60-load0.9-critical_link-centralised,waxman,60,0.9,critical_link,CENTRALISED,orbit-no-preemption,8,2226916683776612264,0.5916936432696528,0.999527828062726,0.8886776771614534,0.46613151078703935,0.2355966765576498,5692.473917373028,61.09364289464104,151.17062922560453,0.0,0.0,False,190,0,0,0.30000000000000004,1.0,,0.07596650000778027,2,6,1.6779863999981899
a8-ablation,waxman-n60-load0.9-critical_link-centralised,waxman,60,0.9,critical_link,CENTRALISED,orbit-no-protection,8,2226916683776612264,0.5932698167718875,0.999527828062726,0.8996571177330255,0.4780663616759312,0.21415437976229104,5707.637721569309,57.433182688531986,150.78773134723957,0.0,0.0,False,189,1,0,0.30000000000000004,1.0,,0.15755789999093395,2,6,1.6005465000052936
a8-ablation,waxman-n60-load0.9-critical_link-centralised,waxman,60,0.9,critical_link,CENTRALISED,orbit-restoration-only,8,2226916683776612264,0.5956375352114572,0.999527828062726,0.8886776771614534,0.4773254733272367,0.2358597606842618,5730.416697842325,61.44318960332549,151.5122194693226,0.0,0.0,False,191,0,0,0.30000000000000004,1.0,,0.09864959999686107,2,6,1.800206200001412
a8-ablation,waxman-n60-load0.9-critical_link-centralised,waxman,60,0.9,critical_link,CENTRALISED,cspf,9,17777686288834419024,0.6120711512480842,0.9842983241818899,0.7222777508982918,0.5134167236521731,0.4276259214184936,5305.115566887906,66.43107913240789,151.4129930700313,0.0,0.0,True,42,0,0,0.30000000000000004,1.0370041627663766,,0.07519250000768807,2,2,1.3832221000047866
a8-ablation,waxman-n60-load0.9-critical_link-centralised,waxman,60,0.9,critical_link,CENTRALISED,orbit,9,17777686288834419024,0.5460530495027336,0.9994585589953059,0.8519228371286518,0.3548577842109815,0.2499923556222425,4732.904871200841,80.7869288043692,205.5788741394524,0.0,0.0,False,181,0,0,0.30000000000000004,1.0,,0.15009520000603516,2,4,1.8014561999880243
a8-ablation,waxman-n60-load0.9-critical_link-centralised,waxman,60,0.9,critical_link,CENTRALISED,orbit-no-damping,9,17777686288834419024,0.5408319803190611,0.9994585589953059,0.8554033990920801,0.35693606061728883,0.22307706516252057,4687.651349048033,81.53628329285054,205.61594973241233,0.0,0.0,True,186,0,0,0.30000000000000004,1.0,,0.09512519999407232,2,4,1.7820019000064349
a8-ablation,waxman-n60-load0.9-critical_link-centralised,waxman,60,0.9,critical_link,CENTRALISED,orbit-no-fallback,9,17777686288834419024,0.46367581115251716,0.9648063346948853,0.782380632721897,0.22600512253702343,0.19210609755132294,4018.9016566434607,3.082293226552197,10.124428293096704,0.0,0.0,False,76,0,0,0.30000000000000004,0.9593919246479456,,0.029697699996177107,2,11274,0.9177945999981603
a8-ablation,waxman-n60-load0.9-critical_link-centralised,waxman,60,0.9,critical_link,CENTRALISED,orbit-no-preemption,9,17777686288834419024,0.5460530495027336,0.9994585589953059,0.8519228371286518,0.3548577842109815,0.2499923556222425,4732.904871200841,80.7869288043692,205.5788741394524,0.0,0.0,False,181,0,0,0.30000000000000004,1.0,,0.11214170001039747,2,4,1.5146592000091914
a8-ablation,waxman-n60-load0.9-critical_link-centralised,waxman,60,0.9,critical_link,CENTRALISED,orbit-no-protection,9,17777686288834419024,0.5460530495027336,0.9994585589953059,0.8519228371286518,0.3548577842109815,0.2499923556222425,4732.904871200841,80.7869288043692,205.5788741394524,0.0,0.0,False,181,0,0,0.30000000000000004,1.0,,0.16301709999970626,2,4,1.7398842000111472
a8-ablation,waxman-n60-load0.9-critical_link-centralised,waxman,60,0.9,critical_link,CENTRALISED,orbit-restoration-only,9,17777686288834419024,0.5408319803190611,0.9994585589953059,0.8554033990920801,0.35693606061728883,0.22307706516252057,4687.651349048033,81.53628329285054,205.61594973241233,0.0,0.0,True,186,0,0,0.30000000000000004,1.0,,0.07596230000490323,2,4,1.802571699998225
a8-ablation,waxman-n60-load0.9-critical_link-centralised,waxman,60,0.9,critical_link,CENTRALISED,cspf,10,7571507667557132468,0.5372994073455991,0.9084687589681399,0.6588681756857168,0.37223583938408983,0.4116547780081406,5337.521295181576,67.91041257680504,152.05532389296022,0.2,0.2,True,51,0,0,0.30000000000000004,0.9585121490897024,,0.14082139999663923,2,4,1.2190086000045994
a8-ablation,waxman-n60-load0.9-critical_link-centralised,waxman,60,0.9,critical_link,CENTRALISED,orbit,10,7571507667557132468,0.5202186924499302,0.9991376233490825,0.843555937767674,0.3125771371825334,0.18376431204010293,5167.841823650134,59.76853596794897,151.09459856093895,0.2,0.2,True,197,1,0,0.30000000000000004,1.0,,0.0780574000091292,2,4,1.3265361999947345
a8-ablation,waxman-n60-load0.9-critical_link-centralised,waxman,60,0.9,critical_link,CENTRALISED,orbit-no-damping,10,7571507667557132468,0.5202186924499302,0.9991376233490825,0.843555937767674,0.3125771371825334,0.18376431204010293,5167.841823650134,59.76853596794897,151.09459856093895,0.2,0.2,True,197,1,0,0.30000000000000004,1.0,,0.1114575999963563,2,4,1.3814435999956913
a8-ablation,waxman-n60-load0.9-critical_link-centralised,waxman,60,0.9,critical_link,CENTRALISED,orbit-no-fallback,10,7571507667557132468,0.4479404780233944,0.9991376233490825,0.8111000986040209,0.22516727826144398,0.04865139498470219,4449.831523610493,5.142662743537269,11.541452084877694,0.2,0.2,True,71,3,0,0.30000000000000004,1.0,,0.07575839999481104,2,12174,0.8942349000135437
a8-ablation,waxman-n60-load0.9-critical_link-centralised,waxman,60,0.9,critical_link,CENTRALISED,orbit-no-preemption,10,7571507667557132468,0.5288495923153504,0.9991376233490825,0.8465570927748133,0.32635032810106535,0.196438672627758,5253.581005935569,61.336088433613014,151.09459856093895,0.2,0.2,False,183,0,0,0.30000000000000004,1.0,,0.146214600012172,2,4,1.7097663000022294
a8-ablation,waxman-n60-load0.9-critical_link-centralised,waxman,60,0.9,critical_link,CENTRALISED,orbit-no-protection,10,7571507667557132468,0.5202186924499302,0.9991376233490825,0.843555937767674,0.3125771371825334,0.18376431204010293,5167.841823650134,59.76853596794897,151.09459856093895,0.2,0.2,True,197,1,0,0.30000000000000004,1.0,,0.07688229999621399,2,4,1.3110942999919644
a8-ablation,waxman-n60-load0.9-critical_link-centralised,waxman,60,0.9,critical_link,CENTRALISED,orbit-restoration-only,10,7571507667557132468,0.5261198270765483,0.9991376233490825,0.8465570927748133,0.3313612793085914,0.17928992169376168,5226.463574027476,60.8452593886605,151.09459856093895,0.2,0.2,True,183,0,0,0.30000000000000004,1.0,,0.09831499999563675,2,4,1.782128200007719
a8-ablation,waxman-n60-load0.9-critical_link-centralised,waxman,60,0.9,critical_link,CENTRALISED,cspf,11,8753923193611809014,0.6575432200008293,0.9795886385277633,0.7928565108821236,0.5489963231493978,0.4721547513769419,4340.300768221153,67.36578548855475,152.4144609589961,0.0,0.0,True,64,0,0,0.30000000000000004,1.032869875217129,,0.06864050000149291,2,4,1.4230631000100402
a8-ablation,waxman-n60-load0.9-critical_link-centralised,waxman,60,0.9,critical_link,CENTRALISED,orbit,11,8753923193611809014,0.6657026517448523,1.0,0.9211117167605637,0.5500568124113513,0.35211705737572085,4394.1594147551195,56.21322224327181,104.2615585575541,0.0,0.2,False,175,0,0,0.30000000000000004,1.0000000000000002,,0.05673470000328962,2,4,1.4932742999953916
a8-ablation,waxman-n60-load0.9-critical_link-centralised,waxman,60,0.9,critical_link,CENTRALISED,orbit-no-damping,11,8753923193611809014,0.6656652291543947,1.0,0.9211117167605637,0.5609909858802619,0.33650035687783486,4393.912396318656,54.34004909790852,104.2615585575541,0.0,0.2,False,176,0,0,0.30000000000000004,1.0000000000000002,,0.05754410001100041,2,4,1.6229399000003468
a8-ablation,waxman-n60-load0.9-critical_link-centralised,waxman,60,0.9,critical_link,CENTRALISED,orbit-no-fallback,11,8753923193611809014,0.60277557529501,1.0,0.8110094963591423,0.5984825225846643,0.14576554156266017,3978.7913751351275,2.986846875197613,11.554637700223367,0.0,0.2,False,96,0,0,0.30000000000000004,1.0000000000000002,,0.039897499984363094,2,8404,1.189033999995445
a8-ablation,waxman-n60-load0.9-critical_link-centralised,waxman,60,0.9,critical_link,CENTRALISED,orbit-no-preemption,11,8753923193611809014,0.6657026517448523,1.0,0.9211117167605637,0.5500568124113513,0.35211705737572085,4394.1594147551195,56.21322224327181,104.2615585575541,0.0,0.2,False,175,0,0,0.30000000000000004,1.0000000000000002,,0.08293879998382181,2,4,1.5016228000022238
a8-ablation,waxman-n60-load0.9-critical_link-centralised,waxman,60,0.9,critical_link,CENTRALISED,orbit-no-protection,11,8753923193611809014,0.6657026517448523,1.0,0.9211117167605637,0.5500568124113513,0.35211705737572085,4394.1594147551195,56.21322224327181,104.2615585575541,0.0,0.2,False,175,0,0,0.30000000000000004,1.0000000000000002,,0.06883329998527188,2,4,1.6954488000046695
a8-ablation,waxman-n60-load0.9-critical_link-centralised,waxman,60,0.9,critical_link,CENTRALISED,orbit-restoration-only,11,8753923193611809014,0.6656652291543947,1.0,0.9211117167605637,0.5609909858802619,0.33650035687783486,4393.912396318656,54.34004909790852,104.2615585575541,0.0,0.2,False,176,0,0,0.30000000000000004,1.0000000000000002,,0.07943840000370983,2,4,1.7548299999907613
a8-ablation,waxman-n60-load0.9-critical_link-centralised,waxman,60,0.9,critical_link,CENTRALISED,cspf,12,2713197197953958062,0.5568048474041063,0.9382908873638611,0.6674437672299612,0.4514133658383188,0.34713411232793856,5385.261852949533,69.8479792662252,151.46282761310619,0.0,0.2,False,61,0,0,0.30000000000000004,1.0044578992136062,,0.08430059999227524,2,4,1.250429499996244
a8-ablation,waxman-n60-load0.9-critical_link-centralised,waxman,60,0.9,critical_link,CENTRALISED,orbit,12,2713197197953958062,0.5604723117886553,0.9486655956697336,0.8630545777680523,0.41050802386561364,0.20731461115252403,5420.732549979633,70.05064149795007,152.04068615139732,0.0,0.0,True,202,0,0,0.30000000000000004,1.0,,0.14177630000631325,2,4,1.592032400003518
a8-ablation,waxman-n60-load0.9-critical_link-centralised,waxman,60,0.9,critical_link,CENTRALISED,orbit-no-damping,12,2713197197953958062,0.5604723117886553,0.9486655956697336,0.8630545777680523,0.41050802386561364,0.20731461115252403,5420.732549979633,70.05064149795007,152.04068615139732,0.0,0.0,True,202,0,0,0.30000000000000004,1.0,,0.10688940000545699,2,4,1.5169215999922017
a8-ablation,waxman-n60-load0.9-critical_link-centralised,waxman,60,0.9,critical_link,CENTRALISED,orbit-no-fallback,12,2713197197953958062,0.4669811058617871,0.935130933003129,0.8272726197133843,0.29333606633416426,0.03633765836474687,4516.511569843642,3.2714461724514057,12.47014151895578,0.0,0.0,False,72,1,0,0.30000000000000004,1.0,,0.06500770000275224,2,12024,0.8450878000003286
a8-ablation,waxman-n60-load0.9-critical_link-centralised,waxman,60,0.9,critical_link,CENTRALISED,orbit-no-preemption,12,2713197197953958062,0.5604723117886553,0.9486655956697336,0.8630545777680523,0.41050802386561364,0.20731461115252403,5420.732549979633,70.05064149795007,152.04068615139732,0.0,0.0,True,202,0,0,0.30000000000000004,1.0,,0.0701958999998169,2,4,1.4899469000083627
a8-ablation,waxman-n60-load0.9-critical_link-centralised,waxman,60,0.9,critical_link,CENTRALISED,orbit-no-protection,12,2713197197953958062,0.5604723117886553,0.9486655956697336,0.8630545777680523,0.41050802386561364,0.20731461115252403,5420.732549979633,70.05064149795007,152.04068615139732,0.0,0.0,True,202,0,0,0.30000000000000004,1.0,,0.10493630000564735,2,4,1.5013147999998182
a8-ablation,waxman-n60-load0.9-critical_link-centralised,waxman,60,0.9,critical_link,CENTRALISED,orbit-restoration-only,12,2713197197953958062,0.5604723117886553,0.9486655956697336,0.8630545777680523,0.41050802386561364,0.20731461115252403,5420.732549979633,70.05064149795007,152.04068615139732,0.0,0.0,True,202,0,0,0.30000000000000004,1.0,,0.0933707000076538,2,4,1.353223700003582
a8-ablation,waxman-n60-load0.9-critical_link-centralised,waxman,60,0.9,critical_link,CENTRALISED,cspf,13,12552405788190226914,0.6005430934876612,0.9927480873150344,0.7151598994097709,0.492879207388716,0.39127812995548794,3210.0699337300266,49.807271855505014,103.95080299262338,0.0,0.2,True,60,0,0,0.30000000000000004,1.0,,0.11377139999240171,2,6,1.4275029999989783
a8-ablation,waxman-n60-load0.9-critical_link-centralised,waxman,60,0.9,critical_link,CENTRALISED,orbit,13,12552405788190226914,0.5978546029601672,0.9994411479697146,0.8124468925514792,0.45845564541229056,0.31603474533660086,3195.699203797382,45.29706385953126,104.00580271189958,0.0,0.0,False,162,1,0,0.30000000000000004,1.0,,0.059867800009669736,2,6,1.1534325999964494
a8-ablation,waxman-n60-load0.9-critical_link-centralised,waxman,60,0.9,critical_link,CENTRALISED,orbit-no-damping,13,12552405788190226914,0.5978546029601672,0.9994411479697146,0.8124468925514792,0.45845564541229056,0.31603474533660086,3195.699203797382,45.29706385953126,104.00580271189958,0.0,0.0,False,162,1,0,0.30000000000000004,1.0,,0.10740660000010394,2,6,1.4532853999990039
a8-ablation,waxman-n60-load0.9-critical_link-centralised,waxman,60,0.9,critical_link,CENTRALISED,orbit-no-fallback,13,12552405788190226914,0.6001663345229814,0.9994411479697146,0.7308488625188574,0.48970416269478767,0.372946223338686,3208.0560522319342,3.6512115068849904,5.841941174895645,0.0,0.0,False,92,0,0,0.30000000000000004,1.0,,0.038944500003708526,2,9004,1.1674280000006547
a8-ablation,waxman-n60-load0.9-critical_link-centralised,waxman,60,0.9,critical_link,CENTRALISED,orbit-no-preemption,13,12552405788190226914,0.5978546029601672,0.9994411479697146,0.8124468925514792,0.45845564541229056,0.31603474533660086,3195.699203797382,45.29426416909771,104.00580271189958,0.0,0.0,False,160,0,0,0.30000000000000004,1.0,,0.07387219999509398,2,6,1.4202832000009948
a8-ablation,waxman-n60-load0.9-critical_link-centralised,waxman,60,0.9,critical_link,CENTRALISED,orbit-no-protection,13,12552405788190226914,0.5978546029601672,0.9994411479697146,0.8124468925514792,0.45845564541229056,0.31603474533660086,3195.699203797382,45.29706385953126,104.00580271189958,0.0,0.0,False,162,1,0,0.30000000000000004,1.0,,0.05635030000121333,2,6,1.236539499994251
a8-ablation,waxman-n60-load0.9-critical_link-centralised,waxman,60,0.9,critical_link,CENTRALISED,orbit-restoration-only,13,12552405788190226914,0.5978546029601672,0.9994411479697146,0.8124468925514792,0.45845564541229056,0.31603474533660086,3195.699203797382,45.29426416909771,104.00580271189958,0.0,0.0,False,160,0,0,0.30000000000000004,1.0,,0.08171350001066457,2,6,1.4216242999973474
a8-ablation,waxman-n60-load0.9-critical_link-centralised,waxman,60,0.9,critical_link,CENTRALISED,cspf,14,10539144396001011031,0.6102101581880506,0.907835050389235,0.738823726826079,0.5482118361897835,0.3683419623024271,4252.888100874047,67.39845470270203,201.42291474695617,0.0,0.0,True,72,0,0,0.30000000000000004,0.9934516325507061,,0.0718810999969719,2,10,1.24742340001103
a8-ablation,waxman-n60-load0.9-critical_link-centralised,waxman,60,0.9,critical_link,CENTRALISED,orbit,14,10539144396001011031,0.5798115730451847,0.91440814821362,0.8211560214621875,0.47866233502252736,0.25386881873973227,4041.0237467613783,67.61435406814917,153.2496108813346,0.0,0.0,True,180,0,0,0.30000000000000004,0.968067055090246,,0.1020596000016667,2,8,1.5149726000090595
a8-ablation,waxman-n60-load0.9-critical_link-centralised,waxman,60,0.9,critical_link,CENTRALISED,orbit-no-damping,14,10539144396001011031,0.5798115730451847,0.91440814821362,0.8211560214621875,0.47866233502252736,0.25386881873973227,4041.0237467613783,67.61435406814917,153.2496108813346,0.0,0.0,True,180,0,0,0.30000000000000004,0.968067055090246,,0.10111109999706969,2,8,1.474247899997863
a8-ablation,waxman-n60-load0.9-critical_link-centralised,waxman,60,0.9,critical_link,CENTRALISED,orbit-no-fallback,14,10539144396001011031,0.5696033277291115,0.8642228496091433,0.822985301592022,0.4389490529606486,0.300262410820904,3969.876905868979,3.8403838374502066,8.09051518091738,0.0,0.0,True,95,2,0,0.30000000000000004,1.0000000000000002,,0.03308319998905063,2,8920,0.9442247999977553
a8-ablation,waxman-n60-load0.9-critical_link-centralised,waxman,60,0.9,critical_link,CENTRALISED,orbit-no-preemption,14,10539144396001011031,0.5798115730451847,0.91440814821362,0.8211560214621875,0.47866233502252736,0.25386881873973227,4041.0237467613783,67.61435406814917,153.2496108813346,0.0,0.0,True,180,0,0,0.30000000000000004,0.968067055090246,,0.09716620000835974,2,8,1.3940903000038816
a8-ablation,waxman-n60-load0.9-critical_link-centralised,waxman,60,0.9,critical_link,CENTRALISED,orbit-no-protection,14,10539144396001011031,0.5798115730451847,0.91440814821362,0.8211560214621875,0.47866233502252736,0.25386881873973227,4041.0237467613783,67.61435406814917,153.2496108813346,0.0,0.0,True,180,0,0,0.30000000000000004,0.968067055090246,,0.09419989999150857,2,8,1.4781049999874085
a8-ablation,waxman-n60-load0.9-critical_link-centralised,waxman,60,0.9,critical_link,CENTRALISED,orbit-restoration-only,14,10539144396001011031,0.5798115730451847,0.91440814821362,0.8211560214621875,0.47866233502252736,0.25386881873973227,4041.0237467613783,67.61435406814917,153.2496108813346,0.0,0.0,True,180,0,0,0.30000000000000004,0.968067055090246,,0.08605309997801669,2,8,1.6600212999910582
a8-ablation,waxman-n60-load0.9-critical_link-centralised,waxman,60,0.9,critical_link,CENTRALISED,cspf,15,2419995809773659705,0.605436619945891,0.9594377946449119,0.711137886108882,0.5355081862185694,0.37701556290482224,5754.151829485485,71.33956225296383,153.5486766229809,0.0,0.0,True,61,0,0,0.30000000000000004,1.0084866934863754,,0.12972300000546966,2,2,1.5867788000032306
a8-ablation,waxman-n60-load0.9-critical_link-centralised,waxman,60,0.9,critical_link,CENTRALISED,orbit,15,2419995809773659705,0.5732661341561369,0.9699427159420686,0.9874210304922194,0.4188248551317829,0.1441685000641924,5448.399165104043,60.8389310094901,151.4910442544854,0.0,0.0,False,168,0,0,0.30000000000000004,1.0,,0.10951100000238512,2,2,1.6649769999930868
a8-ablation,waxman-n60-load0.9-critical_link-centralised,waxman,60,0.9,critical_link,CENTRALISED,orbit-no-damping,15,2419995809773659705,0.5732661341561369,0.9699427159420686,0.9874210304922194,0.4188248551317829,0.1441685000641924,5448.399165104043,60.8389310094901,151.4910442544854,0.0,0.0,False,168,0,0,0.30000000000000004,1.0,,0.09112749999621883,2,2,1.7444510000059381
a8-ablation,waxman-n60-load0.9-critical_link-centralised,waxman,60,0.9,critical_link,CENTRALISED,orbit-no-fallback,15,2419995809773659705,0.5006153578295696,0.9233626154339476,1.0,0.22653389134279484,0.13417560921792623,4757.916323893646,1.7986161723377483,5.358428426526293,0.0,0.0,False,83,0,0,0.0,0.9635312021556083,,0.03723030000401195,2,10180,1.1129554999934044
a8-ablation,waxman-n60-load0.9-critical_link-centralised,waxman,60,0.9,critical_link,CENTRALISED,orbit-no-preemption,15,2419995809773659705,0.5732661341561369,0.9699427159420686,0.9874210304922194,0.4188248551317829,0.1441685000641924,5448.399165104043,60.8389310094901,151.4910442544854,0.0,0.0,False,168,0,0,0.30000000000000004,1.0,,0.06768730000476353,2,2,1.705199399992125
a8-ablation,waxman-n60-load0.9-critical_link-centralised,waxman,60,0.9,critical_link,CENTRALISED,orbit-no-protection,15,2419995809773659705,0.5732661341561369,0.9699427159420686,0.9874210304922194,0.4188248551317829,0.1441685000641924,5448.399165104043,60.8389310094901,151.4910442544854,0.0,0.0,False,168,0,0,0.30000000000000004,1.0,,0.08123469998827204,2,2,1.7201228000049014
a8-ablation,waxman-n60-load0.9-critical_link-centralised,waxman,60,0.9,critical_link,CENTRALISED,orbit-restoration-only,15,2419995809773659705,0.5732661341561369,0.9699427159420686,0.9874210304922194,0.4188248551317829,0.1441685000641924,5448.399165104043,60.8389310094901,151.4910442544854,0.0,0.0,False,168,0,0,0.30000000000000004,1.0,,0.0996476000000257,2,2,1.426088799998979
a8-ablation,waxman-n60-load0.9-critical_link-centralised,waxman,60,0.9,critical_link,CENTRALISED,cspf,16,13782734990327440742,0.6002574125261103,0.8887707550055761,0.7171688390747306,0.5267583150268231,0.41547377518729905,4557.971233243255,64.68852479307301,153.21923710142244,0.0,0.0,True,49,0,0,0.30000000000000004,0.9708064162541676,,0.07598660000076052,2,10,1.4847256000066409
a8-ablation,waxman-n60-load0.9-critical_link-centralised,waxman,60,0.9,critical_link,CENTRALISED,orbit,16,13782734990327440742,0.5838883154628828,0.9902401309443973,0.8623139248257651,0.46665678229283447,0.22962326058370142,4433.674769807058,67.55003167984316,151.99204708938547,0.0,0.0,True,185,1,0,0.30000000000000004,1.0,,0.09877019999839831,2,10,1.6647758999897633
a8-ablation,waxman-n60-load0.9-critical_link-centralised,waxman,60,0.9,critical_link,CENTRALISED,orbit-no-damping,16,13782734990327440742,0.5838883154628828,0.9902401309443973,0.8623139248257651,0.46665678229283447,0.22962326058370142,4433.674769807058,67.55778621508433,151.99204708938547,0.0,0.0,True,186,1,0,0.30000000000000004,1.0,,0.10973109999031294,2,10,1.9174503999965964
a8-ablation,waxman-n60-load0.9-critical_link-centralised,waxman,60,0.9,critical_link,CENTRALISED,orbit-no-fallback,16,13782734990327440742,0.4958589928891165,0.964974577341484,0.7238293718375011,0.3540106574338081,0.18935170551698582,3765.2363438914686,2.6362547792321736,9.999971879820668,0.0,0.0,False,86,1,0,0.30000000000000004,1.0,,0.034259099993505515,2,10162,1.097243800002616
a8-ablation,waxman-n60-load0.9-critical_link-centralised,waxman,60,0.9,critical_link,CENTRALISED,orbit-no-preemption,16,13782734990327440742,0.5818322372178375,0.9902401309443973,0.8623139248257651,0.4586260918812316,0.23277186408267567,4418.062225424183,66.80264465499806,151.99204708938547,0.0,0.0,True,184,0,0,0.30000000000000004,1.0,,0.07826449999993201,2,10,1.707433299990953
a8-ablation,waxman-n60-load0.9-critical_link-centralised,waxman,60,0.9,critical_link,CENTRALISED,orbit-no-protection,16,13782734990327440742,0.5838883154628828,0.9902401309443973,0.8623139248257651,0.46665678229283447,0.22962326058370142,4433.674769807058,67.55003167984316,151.99204708938547,0.0,0.0,True,185,1,0,0.30000000000000004,1.0,,0.12124300000141375,2,10,1.6282979999959935
a8-ablation,waxman-n60-load0.9-critical_link-centralised,waxman,60,0.9,critical_link,CENTRALISED,orbit-restoration-only,16,13782734990327440742,0.5818322372178375,0.9902401309443973,0.8623139248257651,0.4586260918812316,0.23277186408267567,4418.062225424183,66.81042659320902,151.99204708938547,0.0,0.0,True,185,0,0,0.30000000000000004,1.0,,0.06425409999792464,2,10,1.6783235000038985
a8-ablation,waxman-n60-load0.9-critical_link-centralised,waxman,60,0.9,critical_link,CENTRALISED,cspf,17,15119246192460231420,0.591101446144575,0.9864386382721344,0.7914873263764217,0.4761667037873293,0.3318586235213671,4603.6827021142235,72.51770791149983,151.62471013146808,0.0,0.0,True,44,0,0,0.30000000000000004,1.0010770739065853,,0.07350890000816435,2,4,1.0593121999991126
a8-ablation,waxman-n60-load0.9-critical_link-centralised,waxman,60,0.9,critical_link,CENTRALISED,orbit,17,15119246192460231420,0.5616617787145683,0.973234006038679,0.8083924008902099,0.41385197256421447,0.2903270031437458,4374.397376240789,74.33603591360335,201.63936823898467,0.2,0.2,True,181,0,0,0.30000000000000004,0.9696010891251418,,0.06699119998665992,2,4,1.5838510999892605
a8-ablation,waxman-n60-load0.9-critical_link-centralised,waxman,60,0.9,critical_link,CENTRALISED,orbit-no-damping,17,15119246192460231420,0.5649234831082032,0.973234006038679,0.8300599760267761,0.41805942201635415,0.27505284768611593,4399.800548901466,75.7328701512316,201.61855874722835,0.2,0.2,False,180,0,0,0.30000000000000004,0.9696010891251418,,0.06565020000562072,2,4,1.3087481999973534
a8-ablation,waxman-n60-load0.9-critical_link-centralised,waxman,60,0.9,critical_link,CENTRALISED,orbit-no-fallback,17,15119246192460231420,0.4792869180989492,0.9463366490396542,0.7703233857217855,0.28806150156369803,0.1915663432411989,3732.836230723912,1.8315847603225428,4.054609775050672,,0.0,True,80,0,0,0.30000000000000004,0.9380807488919071,,0.03783750000002328,2,10652,0.9673333999962779
a8-ablation,waxman-n60-load0.9-critical_link-centralised,waxman,60,0.9,critical_link,CENTRALISED,orbit-no-preemption,17,15119246192460231420,0.5616617787145683,0.973234006038679,0.8083924008902099,0.41385197256421447,0.2903270031437458,4374.397376240789,74.33603591360335,201.63936823898467,0.2,0.2,True,181,0,0,0.30000000000000004,0.9696010891251418,,0.059045600006356835,2,4,1.526350399988587
a8-ablation,waxman-n60-load0.9-critical_link-centralised,waxman,60,0.9,critical_link,CENTRALISED,orbit-no-protection,17,15119246192460231420,0.5616617787145683,0.973234006038679,0.8083924008902099,0.41385197256421447,0.2903270031437458,4374.397376240789,74.33603591360335,201.63936823898467,0.2,0.2,True,181,0,0,0.30000000000000004,0.9696010891251418,,0.09714540001004934,2,4,1.404755399998976
a8-ablation,waxman-n60-load0.9-critical_link-centralised,waxman,60,0.9,critical_link,CENTRALISED,orbit-restoration-only,17,15119246192460231420,0.5649234831082032,0.973234006038679,0.8300599760267761,0.41805942201635415,0.27505284768611593,4399.800548901466,75.7328701512316,201.61855874722835,0.2,0.2,False,180,0,0,0.30000000000000004,0.9696010891251418,,0.057481799987726845,2,4,1.1725091999978758
a8-ablation,waxman-n60-load0.9-critical_link-centralised,waxman,60,0.9,critical_link,CENTRALISED,cspf,18,8028029275211931740,0.6186771945463451,0.9313550591058147,0.7310042878007579,0.5058060408555826,0.4797691895035112,4877.021824032276,62.600823528470706,151.81969127233685,0.0,0.2,True,46,0,0,0.30000000000000004,1.0,,0.10342620000301395,2,4,1.2896284999878844
a8-ablation,waxman-n60-load0.9-critical_link-centralised,waxman,60,0.9,critical_link,CENTRALISED,orbit,18,8028029275211931740,0.606444922159148,0.9795904669767289,0.8793743817629865,0.4985592907434344,0.26982431775877913,4780.595028417784,65.03189300058457,152.5580683474514,0.0,0.0,False,173,1,0,0.30000000000000004,1.0,,0.07755529999849387,2,4,1.7604870000068331
a8-ablation,waxman-n60-load0.9-critical_link-centralised,waxman,60,0.9,critical_link,CENTRALISED,orbit-no-damping,18,8028029275211931740,0.606444922159148,0.9795904669767289,0.8793743817629865,0.4985592907434344,0.26982431775877913,4780.595028417784,65.03189300058457,152.5580683474514,0.0,0.0,False,173,1,0,0.30000000000000004,1.0,,0.10454910001135431,2,4,1.692887299999711
a8-ablation,waxman-n60-load0.9-critical_link-centralised,waxman,60,0.9,critical_link,CENTRALISED,orbit-no-fallback,18,8028029275211931740,0.5122231212721835,0.961969977815189,0.7588152903833966,0.40192718898497387,0.15831450208237136,4037.8461712172198,1.8245169651491893,4.556681068564305,0.0,0.0,False,84,2,0,0.30000000000000004,1.0,,0.07447559999127407,2,10352,1.0330784000107087
a8-ablation,waxman-n60-load0.9-critical_link-centralised,waxman,60,0.9,critical_link,CENTRALISED,orbit-no-preemption,18,8028029275211931740,0.6035787860891787,0.9795904669767289,0.8793743817629865,0.501446288293551,0.25448850098534065,4758.0013264240715,64.48831807883488,151.8502974721728,0.0,0.0,False,171,0,0,0.30000000000000004,1.0,,0.07704770000418648,2,4,1.5671340999979293
a8-ablation,waxman-n60-load0.9-critical_link-centralised,waxman,60,0.9,critical_link,CENTRALISED,orbit-no-protection,18,8028029275211931740,0.606444922159148,0.9795904669767289,0.8793743817629865,0.4985592907434344,0.26982431775877913,4780.595028417784,65.03189300058457,152.5580683474514,0.0,0.0,False,173,1,0,0.30000000000000004,1.0,,0.06809470000735018,2,4,1.5404839000111679
a8-ablation,waxman-n60-load0.9-critical_link-centralised,waxman,60,0.9,critical_link,CENTRALISED,orbit-restoration-only,18,8028029275211931740,0.601310232195312,0.9795904669767289,0.8793743817629865,0.5035700198741473,0.24257429277357614,4740.118354582037,63.781353040420726,151.67805093320516,0.0,0.0,False,172,0,0,0.30000000000000004,1.0,,0.11782520000997465,2,4,1.5975055000017164
a8-ablation,waxman-n60-load0.9-critical_link-centralised,waxman,60,0.9,critical_link,CENTRALISED,cspf,19,3284659986664442854,0.557872344151186,0.8681615840214103,0.6867038582122534,0.4398803915740522,0.39129653516194873,4987.709527289969,71.45197925178817,152.12696967779945,0.0,0.0,True,40,0,0,0.30000000000000004,0.9866098009193616,,0.07997000000614207,2,4,1.0636385999969207
a8-ablation,waxman-n60-load0.9-critical_link-centralised,waxman,60,0.9,critical_link,CENTRALISED,orbit,19,3284659986664442854,0.5284482463786038,0.9672054693687567,0.7978739849691394,0.3168196674048843,0.2645835641237122,4724.6406472301105,76.77206452252175,201.71056479586792,0.0,0.0,True,183,0,0,0.30000000000000004,1.0,,0.1347387000132585,2,2,1.733998800002155
a8-ablation,waxman-n60-load0.9-critical_link-centralised,waxman,60,0.9,critical_link,CENTRALISED,orbit-no-damping,19,3284659986664442854,0.5245744119437337,0.9672054693687567,0.8050808191234228,0.2884941240149792,0.2801845943854373,4690.006270529929,73.55847536691894,152.79609446942013,0.0,0.0,True,184,0,0,0.30000000000000004,1.0,,0.11645529998349957,2,2,1.452128899996751
a8-ablation,waxman-n60-load0.9-critical_link-centralised,waxman,60,0.9,critical_link,CENTRALISED,orbit-no-fallback,19,3284659986664442854,0.43540298764355256,0.9468273342895002,0.6784864400675249,0.30481587098098945,0.04256644699474212,3892.7608662596335,1.6754081227370872,3.4433118330464803,0.0,0.0,False,70,0,0,0.30000000000000004,1.0,,0.05971929999941494,2,12174,0.9264661999914097
a8-ablation,waxman-n60-load0.9-critical_link-centralised,waxman,60,0.9,critical_link,CENTRALISED,orbit-no-preemption,19,3284659986664442854,0.5284482463786038,0.9672054693687567,0.7978739849691394,0.3168196674048843,0.2645835641237122,4724.6406472301105,76.77206452252175,201.71056479586792,0.0,0.0,True,183,0,0,0.30000000000000004,1.0,,0.07155290000082459,2,2,1.5548607999953674
a8-ablation,waxman-n60-load0.9-critical_link-centralised,waxman,60,0.9,critical_link,CENTRALISED,orbit-no-protection,19,3284659986664442854,0.5284482463786038,0.9672054693687567,0.7978739849691394,0.3168196674048843,0.2645835641237122,4724.6406472301105,76.77206452252175,201.71056479586792,0.0,0.0,True,183,0,0,0.30000000000000004,1.0,,0.07775290000427049,2,2,1.2731245000031777
a8-ablation,waxman-n60-load0.9-critical_link-centralised,waxman,60,0.9,critical_link,CENTRALISED,orbit-restoration-only,19,3284659986664442854,0.5245744119437337,0.9672054693687567,0.8050808191234228,0.2884941240149792,0.2801845943854373,4690.006270529929,73.55847536691894,152.79609446942013,0.0,0.0,True,184,0,0,0.30000000000000004,1.0,,0.11264150000351947,2,2,1.3620343999937177
a8-ablation,waxman-n60-load0.9-critical_link-centralised,waxman,60,0.9,critical_link,CENTRALISED,cspf,20,614333120121843067,0.6354169535211288,0.9962419528198657,0.8323520722141967,0.5464267025169796,0.3841884867497401,5355.383379188775,62.149871056918435,151.12269834578015,0.0,0.0,True,50,0,0,0.30000000000000004,1.0170459211461385,,0.08785149999312125,2,4,1.5692405000008876
a8-ablation,waxman-n60-load0.9-critical_link-centralised,waxman,60,0.9,critical_link,CENTRALISED,orbit,20,614333120121843067,0.6085660247778129,0.9991007970456894,0.9781171642231982,0.46420503381770734,0.2602556610376732,5129.079978388885,61.92546418809136,152.89661410716326,0.2,0.2,False,185,1,0,0.30000000000000004,1.0,,0.06862709998677019,2,4,1.5682368999987375
a8-ablation,waxman-n60-load0.9-critical_link-centralised,waxman,60,0.9,critical_link,CENTRALISED,orbit-no-damping,20,614333120121843067,0.6085660247778129,0.9991007970456894,0.9781171642231982,0.46420503381770734,0.2602556610376732,5129.079978388885,61.92546418809136,152.89661410716326,0.2,0.2,False,185,1,0,0.30000000000000004,1.0,,0.12644000000727829,2,4,1.7378893999994034
a8-ablation,waxman-n60-load0.9-critical_link-centralised,waxman,60,0.9,critical_link,CENTRALISED,orbit-no-fallback,20,614333120121843067,0.4932825239177031,0.9991007970456894,0.901344879070409,0.2750653251156636,0.14767391936726396,4157.454432391556,2.9771856339068314,5.869605561597862,0.2,0.2,False,86,3,0,0.30000000000000004,1.0,,0.04857750001247041,2,10052,1.2501797000004444
a8-ablation,waxman-n60-load0.9-critical_link-centralised,waxman,60,0.9,critical_link,CENTRALISED,orbit-no-preemption,20,614333120121843067,0.6137226517672041,0.9991007970456894,0.9744974678948094,0.46374728985033276,0.28361780813242504,5172.540755314385,64.72616377341416,152.89661410716326,0.2,0.2,False,183,0,0,0.30000000000000004,1.0,,0.08940810000058264,2,4,1.6904109000024619
a8-ablation,waxman-n60-load0.9-critical_link-centralised,waxman,60,0.9,critical_link,CENTRALISED,orbit-no-protection,20,614333120121843067,0.6085660247778129,0.9991007970456894,0.9781171642231982,0.46420503381770734,0.2602556610376732,5129.079978388885,61.92546418809136,152.89661410716326,0.2,0.2,False,185,1,0,0.30000000000000004,1.0,,0.08425590000115335,2,4,1.4081429000070784
a8-ablation,waxman-n60-load0.9-critical_link-centralised,waxman,60,0.9,critical_link,CENTRALISED,orbit-restoration-only,20,614333120121843067,0.6109979321246813,0.9991007970456894,0.9744974678948094,0.47086666796829657,0.26376358433294406,5149.576435263345,63.353875408152405,152.89661410716326,0.2,0.2,False,184,0,0,0.30000000000000004,1.0,,0.06469729999662377,2,4,1.5711169999995036
a8-ablation,waxman-n60-load0.9-critical_link-centralised,waxman,60,0.9,critical_link,CENTRALISED,cspf,21,16034123819306913414,0.6002137948616254,0.9630197271489138,0.6368700265352318,0.5469401286383987,0.42870173339583495,5989.639798648034,57.94579525346942,152.14066477903864,0.0,0.0,True,66,0,0,0.30000000000000004,1.0797881613860574,,0.16242109998711385,2,2,1.5722759000054793
a8-ablation,waxman-n60-load0.9-critical_link-centralised,waxman,60,0.9,critical_link,CENTRALISED,orbit,21,16034123819306913414,0.5731254957838974,0.9970302303160102,0.8103525295390124,0.4421378807715023,0.28118673860274057,5719.320862924397,58.83860294032851,151.212268327206,0.0,0.2,False,198,0,0,0.30000000000000004,0.9972661395842536,,0.11216540000168607,2,4,1.5665261999965878
a8-ablation,waxman-n60-load0.9-critical_link-centralised,waxman,60,0.9,critical_link,CENTRALISED,orbit-no-damping,21,16034123819306913414,0.5731254957838974,0.9970302303160102,0.8103525295390124,0.4421378807715023,0.28118673860274057,5719.320862924397,58.83860294032851,151.212268327206,0.0,0.2,False,198,0,0,0.30000000000000004,0.9972661395842536,,0.11220719999982975,2,4,1.651269299996784
a8-ablation,waxman-n60-load0.9-critical_link-centralised,waxman,60,0.9,critical_link,CENTRALISED,orbit-no-fallback,21,16034123819306913414,0.5250161963782898,0.9586030949340427,0.7715670416405985,0.4377929812325568,0.15939320605540785,5239.22964064362,2.1113692216190203,5.949817392780905,0.0,0.0,False,87,0,0,0.30000000000000004,0.9522343403085112,,0.034607199995662086,2,9602,0.8805777999950806
a8-ablation,waxman-n60-load0.9-critical_link-centralised,waxman,60,0.9,critical_link,CENTRALISED,orbit-no-preemption,21,16034123819306913414,0.5731254957838974,0.9970302303160102,0.8103525295390124,0.4421378807715023,0.28118673860274057,5719.320862924397,58.83860294032851,151.212268327206,0.0,0.2,False,198,0,0,0.30000000000000004,0.9972661395842536,,0.0950108000106411,2,4,1.6530415000015637
a8-ablation,waxman-n60-load0.9-critical_link-centralised,waxman,60,0.9,critical_link,CENTRALISED,orbit-no-protection,21,16034123819306913414,0.5731254957838974,0.9970302303160102,0.8103525295390124,0.4421378807715023,0.28118673860274057,5719.320862924397,58.83860294032851,151.212268327206,0.0,0.2,False,198,0,0,0.30000000000000004,0.9972661395842536,,0.07797120000759605,2,4,1.6874396000057459
a8-ablation,waxman-n60-load0.9-critical_link-centralised,waxman,60,0.9,critical_link,CENTRALISED,orbit-restoration-only,21,16034123819306913414,0.5731254957838974,0.9970302303160102,0.8103525295390124,0.4421378807715023,0.28118673860274057,5719.320862924397,58.83860294032851,151.212268327206,0.0,0.2,False,198,0,0,0.30000000000000004,0.9972661395842536,,0.10936109999602195,2,4,1.828384599997662
a8-ablation,waxman-n60-load0.9-critical_link-centralised,waxman,60,0.9,critical_link,CENTRALISED,cspf,22,462505482969006608,0.6812749113183785,0.9136304011141901,0.8730375814396742,0.6139474768357238,0.4392445126896447,4905.43108704527,53.2564792441405,151.2973717659766,,0.0,True,68,0,0,0.30000000000000004,0.974036126396989,,0.0906822000106331,2,1170,1.6192765000014333
a8-ablation,waxman-n60-load0.9-critical_link-centralised,waxman,60,0.9,critical_link,CENTRALISED,orbit,22,462505482969006608,0.6748419118356834,0.9690332659977202,0.9885541252860921,0.520275573820561,0.4038329008460435,4859.111113828743,48.92061790676349,151.4013617397742,0.0,0.2,False,175,0,0,0.30000000000000004,0.9749459512569708,,0.057836599997244775,2,1170,1.4419122000108473
a8-ablation,waxman-n60-load0.9-critical_link-centralised,waxman,60,0.9,critical_link,CENTRALISED,orbit-no-damping,22,462505482969006608,0.6858253605926837,0.9690332659977202,0.9885541252860921,0.5317071685320086,0.43243450035798575,4938.19600317436,47.465233428469276,111.1045090369131,0.0,0.2,False,174,0,0,0.30000000000000004,0.9749459512569708,,0.08478920000197832,2,1170,1.9743482999911066
a8-ablation,waxman-n60-load0.9-critical_link-centralised,waxman,60,0.9,critical_link,CENTRALISED,orbit-no-fallback,22,462505482969006608,0.603771483959224,0.94102875581881,0.9432106404039216,0.4798875093723118,0.23104066156846642,4347.377773171689,3.457284285817954,5.961870489866001,0.0,0.0,True,96,0,0,0.30000000000000004,0.97421701673632,,0.06234010000480339,2,8404,1.2291969999932917
a8-ablation,waxman-n60-load0.9-critical_link-centralised,waxman,60,0.9,critical_link,CENTRALISED,orbit-no-preemption,22,462505482969006608,0.6748419118356834,0.9690332659977202,0.9885541252860921,0.520275573820561,0.4038329008460435,4859.111113828743,48.92061790676349,151.4013617397742,0.0,0.2,False,175,0,0,0.30000000000000004,0.9749459512569708,,0.10382840000966098,2,1170,1.8734361000097124
a8-ablation,waxman-n60-load0.9-critical_link-centralised,waxman,60,0.9,critical_link,CENTRALISED,orbit-no-protection,22,462505482969006608,0.6748419118356834,0.9690332659977202,0.9885541252860921,0.520275573820561,0.4038329008460435,4859.111113828743,48.92061790676349,151.4013617397742,0.0,0.2,False,175,0,0,0.30000000000000004,0.9749459512569708,,0.05465130000084173,2,1170,1.5453041000000667
a8-ablation,waxman-n60-load0.9-critical_link-centralised,waxman,60,0.9,critical_link,CENTRALISED,orbit-restoration-only,22,462505482969006608,0.6858253605926837,0.9690332659977202,0.9885541252860921,0.5317071685320086,0.43243450035798575,4938.19600317436,47.465233428469276,111.1045090369131,0.0,0.2,False,174,0,0,0.30000000000000004,0.9749459512569708,,0.05383340000116732,2,1170,1.307746499995119
a8-ablation,waxman-n60-load0.9-critical_link-centralised,waxman,60,0.9,critical_link,CENTRALISED,cspf,23,2778050147513035536,0.5861684848845115,0.9511504076210202,0.670035621075169,0.45737662386457173,0.44265910843879624,4896.7713091027645,70.63411562994592,153.85852889280358,0.0,0.0,True,54,0,0,0.30000000000000004,1.021458150762293,,0.1407065999956103,2,4,1.3412358000059612
a8-ablation,waxman-n60-load0.9-critical_link-centralised,waxman,60,0.9,critical_link,CENTRALISED,orbit,23,2778050147513035536,0.5781232754993593,0.9992797666510149,0.8965350910626232,0.42789276757036504,0.2027668065145399,4829.562730837593,65.41460281302822,151.76411710112453,0.2,0.2,True,187,2,0,0.30000000000000004,1.0,,0.07843470000079833,2,4,1.4629109999950742
a8-ablation,waxman-n60-load0.9-critical_link-centralised,waxman,60,0.9,critical_link,CENTRALISED,orbit-no-damping,23,2778050147513035536,0.5806260099622665,0.9992797666510149,0.8965350910626232,0.43627773159898753,0.2013734938450657,4850.470232056601,61.67053032880057,151.75069373248604,0.2,0.2,True,188,2,0,0.30000000000000004,1.0,,0.0718287999916356,2,4,1.3681400999921607
a8-ablation,waxman-n60-load0.9-critical_link-centralised,waxman,60,0.9,critical_link,CENTRALISED,orbit-no-fallback,23,2778050147513035536,0.5125674718425851,0.9992797666510149,0.8659259170033173,0.3526779638978282,0.07430112955905781,4281.918518005318,1.874994682895589,4.2028525927496725,0.2,0.2,False,81,0,0,0.30000000000000004,1.0,,0.03771760000381619,2,10502,1.222048800002085
a8-ablation,waxman-n60-load0.9-critical_link-centralised,waxman,60,0.9,critical_link,CENTRALISED,orbit-no-preemption,23,2778050147513035536,0.5810122594712626,0.9992797666510149,0.8879442903689652,0.4219239096035794,0.2304182788800619,4853.696907598837,63.508489122304546,152.2165087561835,0.2,0.2,False,175,0,0,0.30000000000000004,1.0,,0.12105689999589231,2,4,1.7824552999954903
a8-ablation,waxman-n60-load0.9-critical_link-centralised,waxman,60,0.9,critical_link,CENTRALISED,orbit-no-protection,23,2778050147513035536,0.5781232754993593,0.9992797666510149,0.8965350910626232,0.42789276757036504,0.2027668065145399,4829.562730837593,65.41460281302822,151.76411710112453,0.2,0.2,True,187,2,0,0.30000000000000004,1.0,,0.1468858000007458,2,4,1.6832614000013564
a8-ablation,waxman-n60-load0.9-critical_link-centralised,waxman,60,0.9,critical_link,CENTRALISED,orbit-restoration-only,23,2778050147513035536,0.5981009472551306,0.9992797666510149,0.8879442903689652,0.43396271480679904,0.2817135978718681,4996.453466861396,61.74338998262269,151.85158403038028,0.2,0.2,False,178,0,0,0.30000000000000004,1.0,,0.09866190000320785,2,4,1.873061799997231
a8-ablation,waxman-n60-load0.9-critical_link-centralised,waxman,60,0.9,critical_link,CENTRALISED,cspf,24,7794987726662286721,0.6771477567900223,0.9674876011115994,0.8039984653331735,0.6047947173742008,0.46837309502742447,5192.105264481876,61.42741183222418,151.36855995310998,0.0,0.2,False,66,0,0,0.30000000000000004,1.0384643329648044,,0.09822090000670869,2,6,1.896605100002489
a8-ablation,waxman-n60-load0.9-critical_link-centralised,waxman,60,0.9,critical_link,CENTRALISED,orbit,24,7794987726662286721,0.6524522625551665,0.9995560949306546,0.9092899742786209,0.550519806336605,0.31014527827718147,5002.749833056388,60.50276982232092,151.75150931045968,0.0,0.0,True,184,0,0,0.30000000000000004,1.0,,0.07530149999365676,2,6,1.8004077000077814
a8-ablation,waxman-n60-load0.9-critical_link-centralised,waxman,60,0.9,critical_link,CENTRALISED,orbit-no-damping,24,7794987726662286721,0.6511032666098173,0.9995560949306546,0.9092899742786209,0.5530078752725239,0.3007721597044015,4992.4062575525495,58.922475047985415,151.46544456333055,0.0,0.0,True,183,0,0,0.30000000000000004,1.0,,0.09765539999352768,2,6,1.6916332999971928
a8-ablation,waxman-n60-load0.9-critical_link-centralised,waxman,60,0.9,critical_link,CENTRALISED,orbit-no-fallback,24,7794987726662286721,0.5686759478522164,0.9711461704925441,0.8614933383550213,0.4177487944565769,0.22603393152205087,4360.385680998863,3.0778644998113913,9.215976236665444,0.0,0.2,False,95,0,0,0.30000000000000004,0.9667071197990887,,0.040231600010883994,2,8576,1.1072904000029666
a8-ablation,waxman-n60-load0.9-critical_link-centralised,waxman,60,0.9,critical_link,CENTRALISED,orbit-no-preemption,24,7794987726662286721,0.6524522625551665,0.9995560949306546,0.9092899742786209,0.550519806336605,0.31014527827718147,5002.749833056388,60.50276982232092,151.75150931045968,0.0,0.0,True,184,0,0,0.30000000000000004,1.0,,0.08712749999540392,2,6,1.7264442000014242
a8-ablation,waxman-n60-load0.9-critical_link-centralised,waxman,60,0.9,critical_link,CENTRALISED,orbit-no-protection,24,7794987726662286721,0.6524522625551665,0.9995560949306546,0.9092899742786209,0.550519806336605,0.31014527827718147,5002.749833056388,60.50276982232092,151.75150931045968,0.0,0.0,True,184,0,0,0.30000000000000004,1.0,,0.06249530000786763,2,6,1.5616262999974424
a8-ablation,waxman-n60-load0.9-critical_link-centralised,waxman,60,0.9,critical_link,CENTRALISED,orbit-restoration-only,24,7794987726662286721,0.6511032666098173,0.9995560949306546,0.9092899742786209,0.5530078752725239,0.3007721597044015,4992.4062575525495,58.922475047985415,151.46544456333055,0.0,0.0,True,183,0,0,0.30000000000000004,1.0,,0.06949120000354014,2,6,1.686481000011554
a8-ablation,waxman-n60-load0.9-critical_link-centralised,waxman,60,0.9,critical_link,CENTRALISED,cspf,25,14496054493474699050,0.6606749389293396,0.9862348403822716,0.7589912530021033,0.5607239551244084,0.5084411806385422,5249.643295286139,67.30741776157342,151.48555897701777,0.0,0.0,True,47,0,0,0.30000000000000004,1.0,,0.12332520000927616,2,4,1.4770309000014095
a8-ablation,waxman-n60-load0.9-critical_link-centralised,waxman,60,0.9,critical_link,CENTRALISED,orbit,25,14496054493474699050,0.6283649259332935,0.9891074245046187,0.8787570965977505,0.5560484467958577,0.27608763095966615,4992.911833108727,67.7024696317273,201.23013812170964,0.0,0.0,False,175,0,0,0.30000000000000004,1.0,,0.07547470000281464,2,2,1.8570176999928663
a8-ablation,waxman-n60-load0.9-critical_link-centralised,waxman,60,0.9,critical_link,CENTRALISED,orbit-no-damping,25,14496054493474699050,0.6208600926364423,0.9891074245046187,0.8848082566658969,0.5278664644010206,0.27757678288048115,4933.279333860456,62.445703872233175,201.23013812170964,0.0,0.0,True,180,0,0,0.30000000000000004,1.0,,0.06607500000973232,2,2,1.463614399996004
a8-ablation,waxman-n60-load0.9-critical_link-centralised,waxman,60,0.9,critical_link,CENTRALISED,orbit-no-fallback,25,14496054493474699050,0.5291161304801625,0.9534072749944064,0.8585964838508044,0.4319692211597272,0.09673428276690603,4204.292887670752,1.8415358489973959,4.02024895046357,0.0,0.0,False,84,0,0,0.0,1.0,,0.026903400008450262,2,9900,1.0687848000088707
a8-ablation,waxman-n60-load0.9-critical_link-centralised,waxman,60,0.9,critical_link,CENTRALISED,orbit-no-preemption,25,14496054493474699050,0.6283649259332935,0.9891074245046187,0.8787570965977505,0.5560484467958577,0.27608763095966615,4992.911833108727,67.7024696317273,201.23013812170964,0.0,0.0,False,175,0,0,0.30000000000000004,1.0,,0.06365150000783615,2,2,1.5842789000016637
a8-ablation,waxman-n60-load0.9-critical_link-centralised,waxman,60,0.9,critical_link,CENTRALISED,orbit-no-protection,25,14496054493474699050,0.6283649259332935,0.9891074245046187,0.8787570965977505,0.5560484467958577,0.27608763095966615,4992.911833108727,67.7024696317273,201.23013812170964,0.0,0.0,False,175,0,0,0.30000000000000004,1.0,,0.09605930000543594,2,2,1.7123213000013493
a8-ablation,waxman-n60-load0.9-critical_link-centralised,waxman,60,0.9,critical_link,CENTRALISED,orbit-restoration-only,25,14496054493474699050,0.6208600926364423,0.9891074245046187,0.8848082566658969,0.5278664644010206,0.27757678288048115,4933.279333860456,62.445703872233175,201.23013812170964,0.0,0.0,True,180,0,0,0.30000000000000004,1.0,,0.10864439999568276,2,2,1.4749318999965908
a8-ablation,waxman-n60-load0.9-critical_link-centralised,waxman,60,0.9,critical_link,CENTRALISED,cspf,26,4206963765264329799,0.5592271080828887,0.8040602814930553,0.7093447519555516,0.4933454412379158,0.356093706265655,5649.31905907022,63.625583628234146,152.00466234962713,,0.0,True,49,0,0,0.30000000000000004,1.0,,0.12734289999934845,2,6,1.4061585000017658
a8-ablation,waxman-n60-load0.9-critical_link-centralised,waxman,60,0.9,critical_link,CENTRALISED,orbit,26,4206963765264329799,0.5236072508676084,0.9295508997508712,0.9747880727762461,0.2927991756308523,0.154333250935757,5289.486827514992,59.027501857777416,151.2057274328855,0.2,0.2,True,174,0,0,0.30000000000000004,0.9648189412644697,,0.08757550000154879,2,8,1.493802400000277
a8-ablation,waxman-n60-load0.9-critical_link-centralised,waxman,60,0.9,critical_link,CENTRALISED,orbit-no-damping,26,4206963765264329799,0.5236072508676084,0.9295508997508712,0.9747880727762461,0.2927991756308523,0.154333250935757,5289.486827514992,59.027501857777416,151.2057274328855,0.2,0.2,True,174,0,0,0.30000000000000004,0.9648189412644697,,0.09451829998579342,2,8,1.6749916999979177
a8-ablation,waxman-n60-load0.9-critical_link-centralised,waxman,60,0.9,critical_link,CENTRALISED,orbit-no-fallback,26,4206963765264329799,0.41293365107399577,0.9484627260283958,0.9243321425163027,0.07743840355029641,0.05347884226468642,4171.460774033168,2.068728213443718,5.574404603005265,0.2,0.2,False,67,1,0,0.30000000000000004,1.0,,0.05315100000007078,2,12730,0.8374987999995938
a8-ablation,waxman-n60-load0.9-critical_link-centralised,waxman,60,0.9,critical_link,CENTRALISED,orbit-no-preemption,26,4206963765264329799,0.5236072508676084,0.9295508997508712,0.9747880727762461,0.2927991756308523,0.154333250935757,5289.486827514992,59.027501857777416,151.2057274328855,0.2,0.2,True,174,0,0,0.30000000000000004,0.9648189412644697,,0.09121400000003632,2,8,1.6031209000066156
a8-ablation,waxman-n60-load0.9-critical_link-centralised,waxman,60,0.9,critical_link,CENTRALISED,orbit-no-protection,26,4206963765264329799,0.5236072508676084,0.9295508997508712,0.9747880727762461,0.2927991756308523,0.154333250935757,5289.486827514992,59.027501857777416,151.2057274328855,0.2,0.2,True,174,0,0,0.30000000000000004,0.9648189412644697,,0.12138910000794567,2,8,1.7696618000045419
a8-ablation,waxman-n60-load0.9-critical_link-centralised,waxman,60,0.9,critical_link,CENTRALISED,orbit-restoration-only,26,4206963765264329799,0.5236072508676084,0.9295508997508712,0.9747880727762461,0.2927991756308523,0.154333250935757,5289.486827514992,59.027501857777416,151.2057274328855,0.2,0.2,True,174,0,0,0.30000000000000004,0.9648189412644697,,0.07909060000383761,2,8,1.6873066000116523
a8-ablation,waxman-n60-load0.9-critical_link-centralised,waxman,60,0.9,critical_link,CENTRALISED,cspf,27,5918369888133392169,0.5314633960378565,0.820584543646612,0.6268405787244232,0.4257744721195636,0.41828864334624455,6311.502884332566,81.47365712013924,201.00266029423966,0.0,0.0,True,60,0,0,0.30000000000000004,1.0,,0.09204579998913687,2,2,1.0337951999972574
a8-ablation,waxman-n60-load0.9-critical_link-centralised,waxman,60,0.9,critical_link,CENTRALISED,orbit,27,5918369888133392169,0.5195051427875272,0.9277835466917685,0.7751324368120528,0.35979221520506005,0.26424426000057866,6169.490187985635,97.28370058100795,301.295386897305,0.2,0.2,False,209,0,0,0.30000000000000004,0.9551005394351105,,0.17875189999176655,2,2,1.5175722999993013
a8-ablation,waxman-n60-load0.9-critical_link-centralised,waxman,60,0.9,critical_link,CENTRALISED,orbit-no-damping,27,5918369888133392169,0.5195051427875272,0.9277835466917685,0.7751324368120528,0.35979221520506005,0.26424426000057866,6169.490187985635,97.28370058100795,301.295386897305,0.2,0.2,False,209,0,0,0.30000000000000004,0.9551005394351105,,0.10996510001132265,2,2,1.5495676999998977
a8-ablation,waxman-n60-load0.9-critical_link-centralised,waxman,60,0.9,critical_link,CENTRALISED,orbit-no-fallback,27,5918369888133392169,0.4068917219057667,0.5195414262280287,0.5202603918164926,0.49304354322068006,0.12709951229950353,4832.126343159037,6.825148907723309,4.485940703746221,0.2,0.2,False,75,0,0,0.30000000000000004,1.0,,0.03886729999794625,2,11424,0.9402779999945778
a8-ablation,waxman-n60-load0.9-critical_link-centralised,waxman,60,0.9,critical_link,CENTRALISED,orbit-no-preemption,27,5918369888133392169,0.5195051427875272,0.9277835466917685,0.7751324368120528,0.35979221520506005,0.26424426000057866,6169.490187985635,97.28370058100795,301.295386897305,0.2,0.2,False,209,0,0,0.30000000000000004,0.9551005394351105,,0.1231304000102682,2,2,1.290016699989792
a8-ablation,waxman-n60-load0.9-critical_link-centralised,waxman,60,0.9,critical_link,CENTRALISED,orbit-no-protection,27,5918369888133392169,0.5195051427875272,0.9277835466917685,0.7751324368120528,0.35979221520506005,0.26424426000057866,6169.490187985635,97.28370058100795,301.295386897305,0.2,0.2,False,209,0,0,0.30000000000000004,0.9551005394351105,,0.1187184000009438,2,2,1.3494846999965375
a8-ablation,waxman-n60-load0.9-critical_link-centralised,waxman,60,0.9,critical_link,CENTRALISED,orbit-restoration-only,27,5918369888133392169,0.5195051427875272,0.9277835466917685,0.7751324368120528,0.35979221520506005,0.26424426000057866,6169.490187985635,97.28370058100795,301.295386897305,0.2,0.2,False,209,0,0,0.30000000000000004,0.9551005394351105,,0.07567760000529233,2,2,1.29562169998826
a8-ablation,waxman-n60-load0.9-critical_link-centralised,waxman,60,0.9,critical_link,CENTRALISED,cspf,28,17630563456941595934,0.6719328331217383,0.9277438483153104,0.773761892051138,0.6546497141856733,0.44214867735630115,3736.3223677850447,60.709763042637476,152.28494447980424,,0.2,True,65,0,0,0.30000000000000004,1.0,,0.1264159999846015,2,6,1.537360999995144
a8-ablation,waxman-n60-load0.9-critical_link-centralised,waxman,60,0.9,critical_link,CENTRALISED,orbit,28,17630563456941595934,0.6426255796763561,0.9633622837771348,0.841875324411264,0.6406762555309319,0.2508987454822824,3573.3576469250834,66.39940575894924,151.84761519265385,0.2,0.2,False,170,0,0,0.30000000000000004,0.9579822447913232,,0.058293000009143725,2,8,1.3729052999988198
a8-ablation,waxman-n60-load0.9-critical_link-centralised,waxman,60,0.9,critical_link,CENTRALISED,orbit-no-damping,28,17630563456941595934,0.6486792277986149,0.9633622837771348,0.841875324411264,0.6562149342995536,0.2543010233231968,3607.0193163226218,64.66487426429023,151.4904526996841,0.2,0.2,False,170,0,0,0.30000000000000004,0.9579822447913232,,0.06496260000858456,2,8,1.492551099989214
a8-ablation,waxman-n60-load0.9-critical_link-centralised,waxman,60,0.9,critical_link,CENTRALISED,orbit-no-fallback,28,17630563456941595934,0.5696249707017663,0.9491332677551056,0.7973452068807222,0.6273069745003939,0.035285605217353445,3167.433431395236,5.927250984156366,30.38327245954224,,0.0,True,87,0,0,0.0,0.9413076166405067,,0.06049559998791665,2,9710,1.3561470999993617
a8-ablation,waxman-n60-load0.9-critical_link-centralised,waxman,60,0.9,critical_link,CENTRALISED,orbit-no-preemption,28,17630563456941595934,0.6426255796763561,0.9633622837771348,0.841875324411264,0.6406762555309319,0.2508987454822824,3573.3576469250834,66.39940575894924,151.84761519265385,0.2,0.2,False,170,0,0,0.30000000000000004,0.9579822447913232,,0.08135639999818522,2,8,1.7889494999981252
a8-ablation,waxman-n60-load0.9-critical_link-centralised,waxman,60,0.9,critical_link,CENTRALISED,orbit-no-protection,28,17630563456941595934,0.6426255796763561,0.9633622837771348,0.841875324411264,0.6406762555309319,0.2508987454822824,3573.3576469250834,66.39940575894924,151.84761519265385,0.2,0.2,False,170,0,0,0.30000000000000004,0.9579822447913232,,0.10386650000873487,2,8,1.6789524000050733
a8-ablation,waxman-n60-load0.9-critical_link-centralised,waxman,60,0.9,critical_link,CENTRALISED,orbit-restoration-only,28,17630563456941595934,0.6486792277986149,0.9633622837771348,0.841875324411264,0.6562149342995536,0.2543010233231968,3607.0193163226218,64.66487426429023,151.4904526996841,0.2,0.2,False,170,0,0,0.30000000000000004,0.9579822447913232,,0.051151499996194616,2,8,1.5398874999955297
a8-ablation,waxman-n60-load0.9-critical_link-centralised,waxman,60,0.9,critical_link,CENTRALISED,cspf,29,10464798332551005415,0.6678717413106188,0.9903292106205959,0.7989372863158325,0.5581545887882058,0.5088980758628372,5379.497466834191,64.54901036097012,151.75629348594637,0.0,0.0,False,52,0,0,0.30000000000000004,1.0,,0.17205290000129025,2,4,1.468904499997734
a8-ablation,waxman-n60-load0.9-critical_link-centralised,waxman,60,0.9,critical_link,CENTRALISED,orbit,29,10464798332551005415,0.6287422065758137,0.9992109582034513,0.9317643020549052,0.5202986040360483,0.27017347266279623,5064.321333507741,53.54909536790815,150.66398750429434,0.2,0.2,True,186,1,0,0.30000000000000004,1.0,,0.1048097000020789,2,2,1.7877655000047525
a8-ablation,waxman-n60-load0.9-critical_link-centralised,waxman,60,0.9,critical_link,CENTRALISED,orbit-no-damping,29,10464798332551005415,0.6308285829352542,0.9992109582034513,0.9245475922692638,0.5230028908091785,0.28183325219487876,5081.126440905229,55.04200661890668,150.66398750429434,0.2,0.2,True,185,1,0,0.30000000000000004,1.0,,0.06539920000068378,2,2,1.427842499993858
a8-ablation,waxman-n60-load0.9-critical_link-centralised,waxman,60,0.9,critical_link,CENTRALISED,orbit-no-fallback,29,10464798332551005415,0.5160948380833562,0.9487122832243293,0.8769960624561962,0.3488747051926258,0.14599053556866004,4156.982100586256,2.0482839082394797,4.755221572224738,,0.0,True,87,0,0,0.30000000000000004,0.9408218652588445,,0.030935099988710135,2,9776,0.9350323999969987
a8-ablation,waxman-n60-load0.9-critical_link-centralised,waxman,60,0.9,critical_link,CENTRALISED,orbit-no-preemption,29,10464798332551005415,0.6306933240496693,0.9992109582034513,0.9364732281182698,0.5174644961148569,0.2770203429267976,5080.036972991909,53.37238998607288,150.66398750429434,0.2,0.2,True,179,0,0,0.30000000000000004,1.0,,0.11464780001551844,2,2,1.6570749000093201
a8-ablation,waxman-n60-load0.9-critical_link-centralised,waxman,60,0.9,critical_link,CENTRALISED,orbit-no-protection,29,10464798332551005415,0.6287422065758137,0.9992109582034513,0.9317643020549052,0.5202986040360483,0.27017347266279623,5064.321333507741,53.54909536790815,150.66398750429434,0.2,0.2,True,186,1,0,0.30000000000000004,1.0,,0.11952229999587871,2,2,1.8193487000098685
a8-ablation,waxman-n60-load0.9-critical_link-centralised,waxman,60,0.9,critical_link,CENTRALISED,orbit-restoration-only,29,10464798332551005415,0.6268074616477032,0.9992109582034513,0.9364732281182698,0.5179051127666685,0.26117924154916927,5048.737569745979,51.33344569963445,150.66398750429434,0.2,0.2,True,181,0,0,0.30000000000000004,1.0,,0.11581950000254437,2,2,1.6397070000093663
