experiment,scenario,family,nodes,offered_load,failure,control_mode,algorithm,trial,seed,pdr,pdr_critical,pdr_high,pdr_normal,pdr_low,throughput_mbps,mean_latency_ms,p95_latency_ms,time_to_restore_critical_s,time_to_restore_overall_s,censored,reroutes,preemptions,cascade_depth,time_to_converge_s,peak_restore_critical,optimality_gap,control_seconds,control_calls,blackholed_flow_ticks,wall_clock_s
a8-cascade,grid-n60-load0.9-cascading-centralised,grid,60,0.9,cascading,CENTRALISED,cspf,0,16144563513245164649,0.25368905850356493,0.18079346976178345,0.38814142205679686,0.20368159551436046,0.21472210613173326,823.8613357064241,11.673977377075806,55.203261180334096,,0.0,True,218,0,60,0.30000000000000004,0.29922503851622206,,0.13330140001198743,5,16384,0.6890350000030594
a8-cascade,grid-n60-load0.9-cascading-centralised,grid,60,0.9,cascading,CENTRALISED,ecmp,0,16144563513245164649,0.17827174930818881,0.08810482628744813,0.23089549618867727,0.19083552090977782,0.15228364699875274,578.9418052560645,15.937746429520933,92.7330793708441,,,True,273,0,62,0.4,0.22946911302725942,,0.4283493999973871,13,17820,1.1758348000003025
a8-cascade,grid-n60-load0.9-cascading-centralised,grid,60,0.9,cascading,CENTRALISED,orbit,0,16144563513245164649,0.21672008168157292,0.11707801277482482,0.32477378346647884,0.1557053688275053,0.2341986298307732,703.8036918966176,10.716634280191986,57.253095417751005,,0.2,True,311,5,54,0.8,0.28577674889842514,,0.14276620000600815,7,17036,0.46778229999472387
a8-cascade,grid-n60-load0.9-cascading-centralised,grid,60,0.9,cascading,CENTRALISED,spf-reconverge,0,16144563513245164649,0.16608180976737266,0.07537338974444617,0.2699329412781668,0.1325409118760372,0.14701694355550451,539.3546826126327,16.740734910515673,107.09093458803575,,0.0,True,271,0,75,0.6000000000000001,0.4329808569757071,,0.051345700019737706,7,17691,0.41927090000535827
a8-cascade,grid-n60-load0.9-cascading-centralised,grid,60,0.9,cascading,CENTRALISED,spf-static,0,16144563513245164649,0.27738880080748185,0.2406904043783791,0.4009340017804516,0.21206420186525501,0.2516063831838364,900.8268204048061,6.7638763825832156,9.187529017048288,0.0,0.0,False,0,0,28,0.0,0.6595908013705251,,0.008546000011847354,3,15729,0.5006073999975342
a8-cascade,grid-n60-load0.9-cascading-centralised,grid,60,0.9,cascading,CENTRALISED,cspf,1,11077608546085424007,0.18700533398068697,0.11625850476967334,0.21256395562373526,0.1801123798930033,0.21380366294944672,625.4373157139865,12.110975572951101,59.232679836140136,0.0,0.0,True,156,0,54,0.0,0.25378285914211285,,0.17419420002261177,5,17867,0.5620135000062874
a8-cascade,grid-n60-load0.9-cascading-centralised,grid,60,0.9,cascading,CENTRALISED,ecmp,1,11077608546085424007,0.2826571081216542,0.1387150854519456,0.31277105554644397,0.3000100978820887,0.3152426740060889,945.3436391784575,9.761801386576986,54.092545382662856,0.0,0.0,False,200,0,49,0.0,0.29642790387893,,0.2513829999952577,6,15557,1.2003404999995837
a8-cascade,grid-n60-load0.9-cascading-centralised,grid,60,0.9,cascading,CENTRALISED,orbit,1,11077608546085424007,0.15599095274231412,0.1300568046953544,0.2311914409496441,0.15618540755983404,0.09262525062087748,521.710053301988,13.640778357650724,104.04260122337675,,0.0,True,334,3,57,0.0,0.1930685745764308,,0.2119171000085771,6,18339,0.6047314000024926
a8-cascade,grid-n60-load0.9-cascading-centralised,grid,60,0.9,cascading,CENTRALISED,spf-reconverge,1,11077608546085424007,0.1153619716901081,0.05803869399471986,0.15992428622164723,0.1304686102756734,0.08231044807025914,385.82686586247644,22.117855890513134,110.37642723976052,,0.0,True,273,0,71,0.6000000000000001,0.06903246343540714,,0.053275600002962165,8,19115,0.3665962999948533
a8-cascade,grid-n60-load0.9-cascading-centralised,grid,60,0.9,cascading,CENTRALISED,spf-static,1,11077608546085424007,0.2405689439428891,0.23640315383920568,0.25322588896429143,0.2246864468567862,0.25259314613754547,804.5802295635478,6.796684728802545,8.15691333486409,0.0,0.0,False,0,0,26,0.0,0.6538991989188905,,0.008767999999690801,3,16905,0.4395014999900013
a8-cascade,grid-n60-load0.9-cascading-centralised,grid,60,0.9,cascading,CENTRALISED,cspf,2,2723772585730228078,0.14918218819737247,0.1331848152022361,0.18102319025555622,0.11634160858563902,0.17011403206117715,482.5959850450685,16.507319904580427,105.06010362153565,,,True,202,0,66,0.1,0.22621516363487973,,0.15518110000994056,6,18840,0.6057043000037083
a8-cascade,grid-n60-load0.9-cascading-centralised,grid,60,0.9,cascading,CENTRALISED,ecmp,2,2723772585730228078,0.1903167032691785,0.11369333957911601,0.20968479459364084,0.21904884010305958,0.17207843734527026,615.6638268584994,12.813970985850213,79.03050281380392,,,True,291,0,50,0.1,0.1400786282663343,,0.26687680002942216,8,17922,0.9259184999973513
a8-cascade,grid-n60-load0.9-cascading-centralised,grid,60,0.9,cascading,CENTRALISED,orbit,2,2723772585730228078,0.24137250321044004,0.2330193892449928,0.27446584061691065,0.27402325960865714,0.17089735217220173,780.8264670010244,8.737634970971794,54.23994968615695,,0.2,True,319,8,48,0.30000000000000004,0.44645354884600214,,0.16851359998690896,5,16976,0.6548041999922134
a8-cascade,grid-n60-load0.9-cascading-centralised,grid,60,0.9,cascading,CENTRALISED,spf-reconverge,2,2723772585730228078,0.15966999722103917,0.14677129698294603,0.1701359534467597,0.15987298387860932,0.15584312445994478,516.5234571374114,16.979672319683473,105.83684147714466,,,True,328,0,69,0.6000000000000001,0.334436621302091,,0.03914580002310686,7,18215,0.31197830000019167
a8-cascade,grid-n60-load0.9-cascading-centralised,grid,60,0.9,cascading,CENTRALISED,spf-static,2,2723772585730228078,0.2980423210000078,0.1874744744805159,0.30066808677012935,0.3384210476370752,0.2972963245644122,964.1501390086904,5.86789255334424,9.174792619997604,0.0,0.0,False,0,0,19,0.0,0.5787888804642246,,0.008715300020412542,3,15729,0.5382344999961788
a8-cascade,grid-n60-load0.9-cascading-centralised,grid,60,0.9,cascading,CENTRALISED,cspf,3,18103702768347515071,0.21300588705749207,0.14828674222242466,0.17371838099197734,0.2828093836898181,0.1883140710902686,714.1916807959618,9.79404599262209,55.41997925994981,,0.0,True,169,0,48,0.0,0.3286471480783514,,0.1404837000009138,5,17201,0.5757959000038682
a8-cascade,grid-n60-load0.9-cascading-centralised,grid,60,0.9,cascading,CENTRALISED,ecmp,3,18103702768347515071,0.1972926302718115,0.15665708252801394,0.18086831133804215,0.24462226672423448,0.1683719798187854,661.5063891846798,11.596313621429173,60.219926325158625,0.0,0.0,True,208,0,48,1.3,0.41206371036826744,,0.31256560000474565,9,17349,1.093403799997759
a8-cascade,grid-n60-load0.9-cascading-centralised,grid,60,0.9,cascading,CENTRALISED,orbit,3,18103702768347515071,0.28199872705166973,0.18825237386803179,0.2639041894499122,0.3062902509898881,0.31930946880433275,945.5191480270863,7.2909375158951235,9.131524290599629,0.0,0.0,False,201,2,35,0.0,0.48553438853050546,,0.1979210999852512,4,15723,0.6600408000085736
a8-cascade,grid-n60-load0.9-cascading-centralised,grid,60,0.9,cascading,CENTRALISED,spf-reconverge,3,18103702768347515071,0.22071478769937317,0.15291183897207297,0.2340813574499475,0.2103320308967511,0.26186903326177197,740.0390072833659,11.866892752381842,57.124630104786824,,0.0,True,205,0,60,0.1,0.29936369580846417,,0.03287500000442378,6,16813,0.3731354000046849
a8-cascade,grid-n60-load0.9-cascading-centralised,grid,60,0.9,cascading,CENTRALISED,spf-static,3,18103702768347515071,0.29539646759204863,0.145087171313895,0.28273920616621007,0.3059554388988933,0.38019943950370044,990.4406991052439,5.744599037055255,7.129569439098029,0.0,0.0,False,0,0,27,0.0,0.4937831555633336,,0.020842899990384467,3,15435,0.615924099998665
a8-cascade,grid-n60-load0.9-cascading-centralised,grid,60,0.9,cascading,CENTRALISED,cspf,4,18071036107753786456,0.19675474997391476,0.2659445042737619,0.2060982341177454,0.10963104502607016,0.2642330416796995,608.1159299315603,12.182532570395441,58.83564732027486,,0.0,True,157,0,55,0.30000000000000004,0.46871794449526705,,0.18754600000102073,5,17399,0.5518470000097295
a8-cascade,grid-n60-load0.9-cascading-centralised,grid,60,0.9,cascading,CENTRALISED,ecmp,4,18071036107753786456,0.19789844849260826,0.2966437684301845,0.18645861410053852,0.11581180403002603,0.2627906524716108,611.6507939607584,12.802124437385235,73.8882458522161,,0.0,True,339,0,50,0.0,0.4386904513340613,,0.361515500000678,8,17371,0.9809739000047557
a8-cascade,grid-n60-load0.9-cascading-centralised,grid,60,0.9,cascading,CENTRALISED,orbit,4,18071036107753786456,0.17265953107886356,0.2789170412080518,0.1534034118208597,0.13700233913613077,0.17986168968015598,533.6440991513062,13.130663129776327,62.90212362911143,,,True,316,13,53,0.30000000000000004,0.3914487722089705,,0.22062520000326913,6,17906,0.5598969999991823
a8-cascade,grid-n60-load0.9-cascading-centralised,grid,60,0.9,cascading,CENTRALISED,spf-reconverge,4,18071036107753786456,0.1468768591281179,0.28788485816048726,0.14070969566532487,0.10307779656443529,0.1327884309467814,453.9568055458065,18.120419784430478,108.60677378841173,,0.5,True,330,0,72,1.1,0.614429580922042,,0.08452340001531411,9,18037,0.39761929999804124
a8-cascade,grid-n60-load0.9-cascading-centralised,grid,60,0.9,cascading,CENTRALISED,spf-static,4,18071036107753786456,0.27077595026034057,0.268343163242129,0.2281251303626634,0.2510318676329932,0.3399615340179817,836.8955200192094,6.436937024920296,8.143843990568657,0.0,0.0,False,0,0,26,0.0,0.6935183670556503,,0.009176499996101484,3,15729,0.4188159000041196
a8-cascade,grid-n60-load0.9-cascading-centralised,grid,60,0.9,cascading,CENTRALISED,cspf,5,16924620327256511118,0.22773344902434867,0.3558722917562745,0.1824377303136876,0.22259023786180845,0.20716520193458468,728.4707324368717,9.709954283935518,56.14639334668408,0.0,0.0,True,172,0,46,0.6000000000000001,0.6955077781961421,,0.23196129998541437,7,16579,0.7185410000092816
a8-cascade,grid-n60-load0.9-cascading-centralised,grid,60,0.9,cascading,CENTRALISED,ecmp,5,16924620327256511118,0.23883068134142127,0.35890266404170135,0.192488667248803,0.2562470622459019,0.19106918739989748,763.9684118013803,9.8881912077851,56.82491651453188,,0.0,True,205,0,46,0.30000000000000004,0.6159564455933986,,0.25883369997609407,7,16425,1.0202701000089291
a8-cascade,grid-n60-load0.9-cascading-centralised,grid,60,0.9,cascading,CENTRALISED,orbit,5,16924620327256511118,0.20127529395054028,0.3435083832663527,0.15969226569660155,0.21470613982716202,0.1405588663662088,643.8367373513065,9.19226115708542,57.1468840744352,,,True,219,1,40,0.0,0.6430141702222713,,0.11147270000947174,5,17351,0.44612989999586716
a8-cascade,grid-n60-load0.9-cascading-centralised,grid,60,0.9,cascading,CENTRALISED,spf-reconverge,5,16924620327256511118,0.24517728673892406,0.31407264927715284,0.2285253986708155,0.24487912971460304,0.22193603525049907,784.2698488639364,9.522853853324934,55.36765264982009,,0.0,True,167,0,47,0.1,0.5302848634430181,,0.027572200007853098,5,16095,0.4996767999982694
a8-cascade,grid-n60-load0.9-cascading-centralised,grid,60,0.9,cascading,CENTRALISED,spf-static,5,16924620327256511118,0.2714281678980521,0.2271998494904072,0.3022947834200162,0.2786580434468088,0.25358478980620386,868.2408189038215,5.935163214508491,7.081664411006507,0.0,0.0,False,0,0,25,0.0,0.6412476217109343,,0.014485199979390018,2,15729,0.4977677999995649
a8-cascade,grid-n60-load0.9-cascading-centralised,grid,60,0.9,cascading,CENTRALISED,cspf,6,656724397979661443,0.15102772974640682,0.11386272350870198,0.11010706847433382,0.19102767072903296,0.16001698249051938,504.02048149892977,14.044705617979792,105.25463236129778,0.0,0.0,True,167,0,55,0.30000000000000004,0.28277031660536833,,0.12135270002181642,5,18531,0.4945346000022255
a8-cascade,grid-n60-load0.9-cascading-centralised,grid,60,0.9,cascading,CENTRALISED,ecmp,6,656724397979661443,0.19319838589781943,0.16733558671828153,0.1102171788175035,0.26376116129474586,0.19647072902005222,644.7553945791316,13.030442899944612,76.0961446245305,,0.0,True,274,0,55,0.30000000000000004,0.3120387536073387,,0.2411852000077488,9,17668,0.799749999991036
a8-cascade,grid-n60-load0.9-cascading-centralised,grid,60,0.9,cascading,CENTRALISED,orbit,6,656724397979661443,0.21887703254065713,0.12005799190546629,0.21320865503487738,0.3322738349518094,0.12440692450214727,730.4520005394808,10.36247613400802,56.47628693243536,0.0,0.2,False,256,4,53,0.30000000000000004,0.2921883890869766,,0.15514239999174606,5,17366,0.5807332999975188
a8-cascade,grid-n60-load0.9-cascading-centralised,grid,60,0.9,cascading,CENTRALISED,spf-reconverge,6,656724397979661443,0.14644064993279787,0.1383337097790708,0.06244867954413492,0.2247196420369694,0.1291828285971652,488.7121524906655,17.462039006778085,108.34150286887851,,,True,248,0,73,0.6000000000000001,0.31494895287948577,,0.03853570001956541,7,18475,0.45960800000466406
a8-cascade,grid-n60-load0.9-cascading-centralised,grid,60,0.9,cascading,CENTRALISED,spf-static,6,656724397979661443,0.26990473976842677,0.24078589040132387,0.2596451311592911,0.32628972664694766,0.21868583238579245,900.7452944260543,7.037482831656742,8.231994898686786,0.0,0.0,False,0,0,31,0.0,0.6597161541830211,,0.02158340001187753,3,16317,0.5298656000086339
a8-cascade,grid-n60-load0.9-cascading-centralised,grid,60,0.9,cascading,CENTRALISED,cspf,7,18172365955033067566,0.15999861426359174,0.2725512032037592,0.14359807052458728,0.19794636868370238,0.06718185626056301,504.10466562625567,13.42908335733478,103.03179535286802,,,True,156,0,55,0.30000000000000004,0.46894719213200675,,0.16502720001153648,6,18380,0.5904688000009628
a8-cascade,grid-n60-load0.9-cascading-centralised,grid,60,0.9,cascading,CENTRALISED,ecmp,7,18172365955033067566,0.1982473489137257,0.26582941022289325,0.1265083379939033,0.21774388249303203,0.2052426250776596,624.6142442884047,12.81399097032551,64.56247565160804,,0.0,True,186,0,52,0.30000000000000004,0.4055494956485545,,0.29711320000933483,7,17337,1.096408800003701
a8-cascade,grid-n60-load0.9-cascading-centralised,grid,60,0.9,cascading,CENTRALISED,orbit,7,18172365955033067566,0.2038121605211071,0.3553878861420639,0.14673349116385784,0.2647366847832962,0.09874514218822836,642.1471929800138,9.975246292939332,56.47998923320312,0.0,0.0,True,279,7,43,0.30000000000000004,0.606774693111804,,0.14162670001678634,6,17248,0.5395323999982793
a8-cascade,grid-n60-load0.9-cascading-centralised,grid,60,0.9,cascading,CENTRALISED,spf-reconverge,7,18172365955033067566,0.21932821792481813,0.2931149164247988,0.12256042349905619,0.24981589254868525,0.23211580936970638,691.0333471841343,12.419846907868186,58.28198674270539,,0.2,True,256,0,61,1.1,0.7068353983308673,,0.058320600030128844,8,16426,0.5700307000079192
a8-cascade,grid-n60-load0.9-cascading-centralised,grid,60,0.9,cascading,CENTRALISED,spf-static,7,18172365955033067566,0.26211153251462793,0.30434086172777614,0.23440537343444964,0.23799848682705674,0.2986152078027958,825.8299427355664,6.694986285742665,10.189484182251276,0.0,0.0,True,0,0,27,0.0,0.7315368479684238,,0.008886299998266622,3,15859,0.4940636999963317
a8-cascade,grid-n60-load0.9-cascading-centralised,grid,60,0.9,cascading,CENTRALISED,cspf,8,7922220447997668010,0.18406739845873948,0.11092140942075383,0.20097355925584204,0.21001695607830073,0.17306320982919926,581.3923328740195,12.690431562044635,60.216798003278555,,,True,206,0,57,0.1,0.1722026143761247,,0.1601935000071535,6,17881,0.5201856999919983
a8-cascade,grid-n60-load0.9-cascading-centralised,grid,60,0.9,cascading,CENTRALISED,ecmp,8,7922220447997668010,0.1872262536431298,0.08144770826801806,0.18025386939387092,0.15592207630699034,0.29949476950361753,591.3698422007217,12.292540136162902,61.22177468283446,,,True,296,0,48,0.5,0.17654598061252563,,0.36263119996874593,10,17772,1.041665999990073
a8-cascade,grid-n60-load0.9-cascading-centralised,grid,60,0.9,cascading,CENTRALISED,orbit,8,7922220447997668010,0.2761058371776403,0.11819071015811677,0.3454092844145717,0.2244766485355136,0.3645188519308844,872.1034693866546,9.34802409515048,54.10187521310784,,0.0,True,281,4,46,0.0,0.2423414315884999,,0.125009899988072,4,15670,0.6563229999883333
a8-cascade,grid-n60-load0.9-cascading-centralised,grid,60,0.9,cascading,CENTRALISED,spf-reconverge,8,7922220447997668010,0.10193485926084594,0.06782847194002921,0.1353570404830737,0.06544830815224774,0.13586263876047708,321.96981172704903,24.912169683687974,112.44100529177663,,0.0,True,339,0,69,0.6000000000000001,0.10659733752079074,,0.03630970002268441,7,18969,0.28862640001170803
a8-cascade,grid-n60-load0.9-cascading-centralised,grid,60,0.9,cascading,CENTRALISED,spf-static,8,7922220447997668010,0.30482290637106463,0.17543939135739264,0.4539300893308457,0.14745260483761014,0.43545579563788156,962.8087436039797,5.622002699444015,8.128901005786405,0.0,0.0,False,0,0,17,0.0,0.5575001041655129,,0.021728699997765943,2,15435,0.5168011999921873
a8-cascade,grid-n60-load0.9-cascading-centralised,grid,60,0.9,cascading,CENTRALISED,cspf,9,10000548970850299878,0.17038051786000905,0.1905981451689441,0.1541240161187816,0.18580647247470627,0.15439666163404123,558.4117974757413,12.042441004317691,59.16703511968117,,,True,175,0,46,0.1,0.38968780089856975,,0.21140609998838045,6,17767,0.5599762999918312
a8-cascade,grid-n60-load0.9-cascading-centralised,grid,60,0.9,cascading,CENTRALISED,ecmp,9,10000548970850299878,0.2009292811252506,0.24957486283479496,0.17658693793127914,0.23952632398952678,0.14560689235138904,658.5335133847196,11.196912078074234,59.1821264984655,,,True,238,0,44,0.1,0.4687467436393734,,0.27507689996855333,8,17242,0.997749100002693
a8-cascade,grid-n60-load0.9-cascading-centralised,grid,60,0.9,cascading,CENTRALISED,orbit,9,10000548970850299878,0.19520419982375986,0.24342952914103877,0.2051921573894775,0.2018668966514401,0.14691257207439837,639.769907190689,9.733113628488285,55.61793548225149,,0.0,True,281,3,41,0.0,0.45819686184706165,,0.18916160000662785,5,17260,0.6569530999986455
a8-cascade,grid-n60-load0.9-cascading-centralised,grid,60,0.9,cascading,CENTRALISED,spf-reconverge,9,10000548970850299878,0.2089096608457766,0.2779389012988637,0.18594495969872404,0.23682534489188367,0.15358935047608419,684.6887231484285,10.207088616771758,55.156077503038226,,0.0,True,198,0,45,0.1,0.4897507365667522,,0.03277980002167169,6,16630,0.38279980000515934
a8-cascade,grid-n60-load0.9-cascading-centralised,grid,60,0.9,cascading,CENTRALISED,spf-static,9,10000548970850299878,0.23566478368305968,0.35455462773156676,0.1853169275814268,0.256665062266047,0.18648821759119433,772.3770130004822,6.921653180587589,9.181402811526304,0.0,0.0,True,0,0,26,0.0,0.775560460648479,,0.022363800002494827,3,16447,0.5295360000018263
a8-cascade,grid-n60-load0.9-cascading-centralised,grid,60,0.9,cascading,CENTRALISED,cspf,10,15541762344291431156,0.17017029647999216,0.18055613237349846,0.24044493962963548,0.18657580687690634,0.06350738013342799,574.8744552719528,12.029168925040995,62.16755520734194,0.0,0.0,True,156,0,54,0.30000000000000004,0.3832057514585084,,0.2170297999982722,5,18103,0.5529772999871057
a8-cascade,grid-n60-load0.9-cascading-centralised,grid,60,0.9,cascading,CENTRALISED,ecmp,10,15541762344291431156,0.2184592087262133,0.17746530794086682,0.22195196739894524,0.274430433960017,0.16191562508629223,738.0055227816425,10.592198854619214,56.129045352919675,,,True,223,0,45,0.6000000000000001,0.3209591772032825,,0.28433169999334496,12,17068,1.0773214000073494
a8-cascade,grid-n60-load0.9-cascading-centralised,grid,60,0.9,cascading,CENTRALISED,orbit,10,15541762344291431156,0.1971707628944228,0.15915717403861393,0.27721343887678346,0.20831324973190263,0.11803465610315365,666.0882495895145,10.466550649181167,58.30447224718722,,,True,284,2,51,0.30000000000000004,0.29731089484872386,,0.23982190000242554,6,17622,0.6307847999996739
a8-cascade,grid-n60-load0.9-cascading-centralised,grid,60,0.9,cascading,CENTRALISED,spf-reconverge,10,15541762344291431156,0.19046433331324883,0.17222038980583732,0.20208339570302433,0.21900459866633287,0.14916677729497302,643.4323858339359,12.182347525509613,102.0,,,True,204,0,60,0.0,0.23963276360476127,,0.03386840001621749,6,17454,0.35669729999790434
a8-cascade,grid-n60-load0.9-cascading-centralised,grid,60,0.9,cascading,CENTRALISED,spf-static,10,15541762344291431156,0.28866498715991756,0.2875349280579701,0.25100157922228894,0.364944920421918,0.22321131487763077,975.1768121832829,6.264467379985376,8.111257461512416,0.0,0.0,True,0,0,28,0.0,0.714560837579876,,0.008589399993070401,3,15271,0.5727554000040982
a8-cascade,grid-n60-load0.9-cascading-centralised,grid,60,0.9,cascading,CENTRALISED,cspf,11,12946512386550795972,0.16924774754311622,0.15309167511966004,0.13825661650429635,0.14531711835820627,0.24391626810748057,552.4698874860885,12.337302808431017,102.0,,0.0,True,174,0,54,0.0,0.25379132916515756,,0.11233989999163896,4,18004,0.471665099990787
a8-cascade,grid-n60-load0.9-cascading-centralised,grid,60,0.9,cascading,CENTRALISED,ecmp,11,12946512386550795972,0.20040957277612606,0.08298906513024937,0.16618971548989472,0.21985486847454597,0.27649550309441123,654.1904145256362,11.864450681402054,59.191808656135166,,,True,237,0,48,0.0,0.08452127630645796,,0.3975155999942217,9,17288,1.222477400006028
a8-cascade,grid-n60-load0.9-cascading-centralised,grid,60,0.9,cascading,CENTRALISED,orbit,11,12946512386550795972,0.14194030104107708,0.10700260214538429,0.10793910036364099,0.13392555155134067,0.2081632217618346,463.33108289035465,13.19968473460209,61.2529550484028,,,True,311,7,49,0.0,0.15057818456971017,,0.149823199986713,6,18786,0.4835618999932194
a8-cascade,grid-n60-load0.9-cascading-centralised,grid,60,0.9,cascading,CENTRALISED,spf-reconverge,11,12946512386550795972,0.1378346139503271,0.08533741802499983,0.1406261530245067,0.09287040185635864,0.22955109849717473,449.9290227861166,17.290829090654928,107.24444296873384,,0.0,True,285,0,67,0.1,0.20112196472866806,,0.06373000002349727,7,18491,0.5032856999896467
a8-cascade,grid-n60-load0.9-cascading-centralised,grid,60,0.9,cascading,CENTRALISED,spf-static,11,12946512386550795972,0.25016087629504613,0.10432237032140382,0.17177818365856978,0.1970509348098434,0.49026269993471516,816.5919676120776,6.862449799410342,7.109706361498034,0.0,0.0,False,0,0,27,0.0,0.38560763796677433,,0.008687099994858727,3,16317,0.4534522000030847
a8-cascade,grid-n60-load0.9-cascading-centralised,grid,60,0.9,cascading,CENTRALISED,cspf,12,8165870399567576341,0.2009972033162292,0.2175810378392347,0.1572386648836157,0.2085347992372591,0.22467028938230496,642.6413952967139,9.541897306273349,56.83143675941542,,,True,147,0,46,0.30000000000000004,0.4297275718388828,,0.18405559999519028,5,17381,0.6161127000086708
a8-cascade,grid-n60-load0.9-cascading-centralised,grid,60,0.9,cascading,CENTRALISED,ecmp,12,8165870399567576341,0.2031075667511356,0.21880662267189946,0.2029056560016733,0.17879098216097256,0.22521828094466234,649.3887872007579,11.725935952457977,69.75015030126441,,,True,245,0,48,0.30000000000000004,0.5166918773207092,,0.22242910001659766,9,17516,0.825226200002362
a8-cascade,grid-n60-load0.9-cascading-centralised,grid,60,0.9,cascading,CENTRALISED,orbit,12,8165870399567576341,0.19988011647783707,0.22352657680377702,0.21771426570129904,0.17441161491603968,0.2010924725481993,639.0697722460067,9.851206745305733,57.42920738938426,,0.0,True,291,9,50,0.1,0.38936859120716355,,0.16683820002072025,6,17506,0.5552924999938114
a8-cascade,grid-n60-load0.9-cascading-centralised,grid,60,0.9,cascading,CENTRALISED,spf-reconverge,12,8165870399567576341,0.14897142168542155,0.13087423694553002,0.1505408459205012,0.1681703782227426,0.1334616787252683,476.30116594525003,14.801210683237622,105.073110669845,,0.0,True,242,0,60,0.1,0.3681771084447913,,0.02889640002103988,7,18483,0.2820936999924015
a8-cascade,grid-n60-load0.9-cascading-centralised,grid,60,0.9,cascading,CENTRALISED,spf-static,12,8165870399567576341,0.2685512035027802,0.32772930552997176,0.36365925370104185,0.25139851872878066,0.1624182988582978,858.6294599140004,7.133672808067942,8.180579590188907,0.0,0.0,False,0,0,26,0.0,0.7531864149162795,,0.009979499998735264,3,16317,0.615629900014028
a8-cascade,grid-n60-load0.9-cascading-centralised,grid,60,0.9,cascading,CENTRALISED,cspf,13,2210953073984782776,0.17599876503958492,0.17511384352120696,0.08884901987475623,0.19065435408812373,0.24278796035175712,575.4374823828955,11.214691507534424,58.57785788238503,,0.0,True,153,0,54,0.0,0.3159768559021833,,0.14468839998880867,5,17944,0.5730652999918675
a8-cascade,grid-n60-load0.9-cascading-centralised,grid,60,0.9,cascading,CENTRALISED,ecmp,13,2210953073984782776,0.18690715022626975,0.17763798983172463,0.13658297735484412,0.1937628394317463,0.23276014391850505,611.1030378047019,11.711484698053653,66.4053362648879,,,True,246,0,46,0.0,0.3026542711680909,,0.26791679998859763,8,17727,0.875192400009837
a8-cascade,grid-n60-load0.9-cascading-centralised,grid,60,0.9,cascading,CENTRALISED,orbit,13,2210953073984782776,0.2334328009100168,0.2897122304809159,0.1365476156256697,0.23743135318214625,0.290787152332194,763.2211693703404,8.205934831017375,54.17099157640538,0.0,0.2,False,256,3,45,0.30000000000000004,0.5663992548086109,,0.11886569998750929,4,16777,0.6083694999979343
a8-cascade,grid-n60-load0.9-cascading-centralised,grid,60,0.9,cascading,CENTRALISED,spf-reconverge,13,2210953073984782776,0.15360584568596766,0.16301534932207404,0.09749548589129572,0.1395499347145485,0.22244583121424258,502.22262128344113,15.699230529148544,106.12932493059863,,0.0,True,234,0,62,0.1,0.21383817507734001,,0.029415399985737167,5,18278,0.3194285000063246
a8-cascade,grid-n60-load0.9-cascading-centralised,grid,60,0.9,cascading,CENTRALISED,spf-static,13,2210953073984782776,0.2632896055881117,0.24491645459636027,0.24204842631821535,0.28291534642169397,0.2685379098357224,860.8396072729957,6.580266913695036,9.181241752376929,,0.0,True,0,0,26,0.0,0.5622039215926283,,0.008584600000176579,3,16136,0.5236344000004465
a8-cascade,grid-n60-load0.9-cascading-centralised,grid,60,0.9,cascading,CENTRALISED,cspf,14,3103579974875074632,0.3780543569913426,0.30981640315401276,0.3094245781285366,0.4067379244820928,0.44176472625468904,1243.0545526592366,6.286632166864197,8.143328470413234,0.0,0.2,False,146,0,31,0.30000000000000004,0.5951237032485719,,0.14470270001038443,4,13972,0.7352787999989232
a8-cascade,grid-n60-load0.9-cascading-centralised,grid,60,0.9,cascading,CENTRALISED,ecmp,14,3103579974875074632,0.27746128086883287,0.19486916060045095,0.19659147369505037,0.30579440150628046,0.3606778275727564,912.3013714627392,10.123837218872243,55.096565452883944,,0.0,True,278,0,49,0.30000000000000004,0.3430208470540149,,0.34839010002906434,9,15716,1.2837747000012314
a8-cascade,grid-n60-load0.9-cascading-centralised,grid,60,0.9,cascading,CENTRALISED,orbit,14,3103579974875074632,0.2527140942150159,0.2032615871641837,0.1581742653751477,0.30869514190728703,0.29515432378018247,830.9318475658368,9.262153782234499,54.06805762527536,,0.2,True,308,14,48,0.30000000000000004,0.33911854281274667,,0.15856890002032742,5,16390,0.5659573000011733
a8-cascade,grid-n60-load0.9-cascading-centralised,grid,60,0.9,cascading,CENTRALISED,spf-reconverge,14,3103579974875074632,0.18458957633982886,0.16070836365437385,0.141554913544498,0.23607035773892682,0.1716137538646989,606.9363016173849,13.865869197671488,105.1315783854624,,0.0,True,279,0,69,0.30000000000000004,0.21335640067780434,,0.036326599976746365,7,17525,0.40271220001159236
a8-cascade,grid-n60-load0.9-cascading-centralised,grid,60,0.9,cascading,CENTRALISED,spf-static,14,3103579974875074632,0.3065018266416092,0.2410586696522107,0.25406295643160043,0.334028318902633,0.35533546092477136,1007.7875944541734,5.550952918149448,7.118815380630197,0.0,0.0,True,0,0,25,0.0,0.6600739205344537,,0.008846299999277107,3,15124,0.4133071999967797
a8-cascade,grid-n60-load0.9-cascading-centralised,grid,60,0.9,cascading,CENTRALISED,cspf,15,391168598787960198,0.26096073659369284,0.19389749830615108,0.2507577562236038,0.24116841844877726,0.3327265996769481,810.6746580855965,9.338079923969504,54.09685423866322,0.0,0.0,False,157,0,42,0.0,0.4205734213963807,,0.09962500000256114,3,16010,0.5267787000047974
a8-cascade,grid-n60-load0.9-cascading-centralised,grid,60,0.9,cascading,CENTRALISED,ecmp,15,391168598787960198,0.24117153527380814,0.11454393442455031,0.18326321354061625,0.26721847082855477,0.3308203069968144,749.1994943380234,11.45486627760672,57.142439947535394,,0.0,True,278,0,47,0.1,0.13818925960385162,,0.4342313000088325,9,16493,1.380675499996869
a8-cascade,grid-n60-load0.9-cascading-centralised,grid,60,0.9,cascading,CENTRALISED,orbit,15,391168598787960198,0.22225082465384963,0.233031333270261,0.15237094441451107,0.24914628015758641,0.25001348511865834,690.4222973819428,9.351894529624408,56.1427646000181,0.0,0.0,True,260,10,39,0.0,0.43016955105070565,,0.1508697000099346,4,16924,0.553317199999583
a8-cascade,grid-n60-load0.9-cascading-centralised,grid,60,0.9,cascading,CENTRALISED,spf-reconverge,15,391168598787960198,0.17223684886560323,0.05431710890491024,0.13927985205101875,0.14875317853492495,0.2982729400096151,535.0538567081825,15.609800955177239,106.20714087950299,,0.0,True,252,0,66,0.1,0.0,,0.028747200005454943,6,17838,0.438381500003743
a8-cascade,grid-n60-load0.9-cascading-centralised,grid,60,0.9,cascading,CENTRALISED,spf-static,15,391168598787960198,0.23338050106675584,0.13911085103782153,0.1383123486525342,0.26385511177101,0.33681605220327104,724.9966426969005,7.257304580283012,8.145602873406823,0.0,0.0,False,0,0,28,0.0,0.47981318322345035,,0.010302500013494864,3,16317,0.522650099999737
a8-cascade,grid-n60-load0.9-cascading-centralised,grid,60,0.9,cascading,CENTRALISED,cspf,16,2013522707729275108,0.13895633756662476,0.10248240729412915,0.17014741930035734,0.18119551266306247,0.07271617357031947,467.106928381087,14.670713296711185,67.09602107941532,,0.0,True,107,0,55,0.0,0.24895887637526812,,0.1147262000158662,4,18867,0.5087896999903023
a8-cascade,grid-n60-load0.9-cascading-centralised,grid,60,0.9,cascading,CENTRALISED,ecmp,16,2013522707729275108,0.1516570822324832,0.1848000949988763,0.10504180977798022,0.17932160742405978,0.14308542795995458,509.8009568285275,14.685303365544396,84.20865185757376,,,True,301,0,49,0.1,0.32072093246630207,,0.3431224999658298,9,18407,0.9379640000115614
a8-cascade,grid-n60-load0.9-cascading-centralised,grid,60,0.9,cascading,CENTRALISED,orbit,16,2013522707729275108,0.10456127933134335,0.06682514142244479,0.08404379179415765,0.17410172276265945,0.05358647419902221,351.486653083692,15.964742118749657,103.05151594090121,,0.0,True,259,4,48,0.0,0.1146410174293182,,0.13307240001449827,4,19611,0.48642530001234263
a8-cascade,grid-n60-load0.9-cascading-centralised,grid,60,0.9,cascading,CENTRALISED,spf-reconverge,16,2013522707729275108,0.1166374070706451,0.14314238819643638,0.10803957969351966,0.15401733817565613,0.06184701972655675,392.081008359775,20.600380464097928,109.26902531688623,,0.0,True,275,0,71,0.6000000000000001,0.4889111564985325,,0.034002799991867505,7,18957,0.29141819999495056
a8-cascade,grid-n60-load0.9-cascading-centralised,grid,60,0.9,cascading,CENTRALISED,spf-static,16,2013522707729275108,0.24682238236515341,0.21691930758304465,0.28998844450894273,0.30142395391848004,0.14919998654065475,829.7026742447803,6.874278243269713,9.143957788493243,0.0,0.0,False,0,0,25,0.0,0.6263707089982503,,0.008860900008585304,2,16464,0.3582230000029085
a8-cascade,grid-n60-load0.9-cascading-centralised,grid,60,0.9,cascading,CENTRALISED,cspf,17,10634205056699130904,0.19371644552139472,0.2155259826316367,0.12215718420611979,0.21259245588890643,0.2257716856845325,620.8661383382264,10.813727483672274,58.22632545769065,,,True,163,0,49,0.0,0.40639051875227494,,0.12011699999857228,5,17601,0.5264731000061147
a8-cascade,grid-n60-load0.9-cascading-centralised,grid,60,0.9,cascading,CENTRALISED,ecmp,17,10634205056699130904,0.24010083111202207,0.24098597034852362,0.1533970628925948,0.26449635691112616,0.2928149746182862,769.5292747246696,10.77860877948642,59.605823705244966,,0.0,True,263,0,50,0.0,0.40823482503988423,,0.25639640001463704,7,16693,1.1057204000098864
a8-cascade,grid-n60-load0.9-cascading-centralised,grid,60,0.9,cascading,CENTRALISED,orbit,17,10634205056699130904,0.20147171255255653,0.15984047462363996,0.1345076568252388,0.2467794311411532,0.2298439440840322,645.721966559003,11.016555947769655,57.64741350488354,,0.0,True,281,5,53,0.0,0.30380549020345227,,0.18136820002109744,5,17383,0.5854984000034165
a8-cascade,grid-n60-load0.9-cascading-centralised,grid,60,0.9,cascading,CENTRALISED,spf-reconverge,17,10634205056699130904,0.15834109909744606,0.14271747978857918,0.14725142447465192,0.16306363233542545,0.17265443677746706,507.4872526814159,14.665435495413337,104.07796801158383,,,True,194,0,60,0.30000000000000004,0.1851719513822975,,0.04344030002539512,6,18119,0.3295836000033887
a8-cascade,grid-n60-load0.9-cascading-centralised,grid,60,0.9,cascading,CENTRALISED,spf-static,17,10634205056699130904,0.28502306242312225,0.2553068329471868,0.19278049651429674,0.32554735477806496,0.33895927487213856,913.5061694306949,6.233973535986521,9.131606467449618,0.0,0.0,False,0,0,24,0.0,0.6780965535336434,,0.008681799983605742,3,15729,0.6165219000104116
a8-cascade,grid-n60-load0.9-cascading-centralised,grid,60,0.9,cascading,CENTRALISED,cspf,18,9043582976677272206,0.22944695864481837,0.2671105245287273,0.17856102064255877,0.28062927718850106,0.18752222408983488,753.2436236575397,9.913298221873495,56.15230738817036,,0.2,True,157,0,51,0.30000000000000004,0.486288588261324,,0.15668680002272595,5,16996,0.6140101000055438
a8-cascade,grid-n60-load0.9-cascading-centralised,grid,60,0.9,cascading,CENTRALISED,ecmp,18,9043582976677272206,0.2506679143475483,0.33001821978878043,0.25824987810786726,0.2910617583569115,0.14403391914273742,822.9091780209966,9.498011758159418,55.163666921975775,,0.0,True,298,0,44,0.0,0.522455918911469,,0.3548855999688385,8,16556,1.136203200003365
a8-cascade,grid-n60-load0.9-cascading-centralised,grid,60,0.9,cascading,CENTRALISED,orbit,18,9043582976677272206,0.1941726511791067,0.22266796062214117,0.19909773030109826,0.19232237666307417,0.17592374348907394,637.4427983408129,11.005955932848055,58.12659868994962,,0.2,True,285,9,52,0.30000000000000004,0.36509463074395765,,0.11237239999172743,5,17572,0.4844697000080487
a8-cascade,grid-n60-load0.9-cascading-centralised,grid,60,0.9,cascading,CENTRALISED,spf-reconverge,18,9043582976677272206,0.16270615884909284,0.1403026218798099,0.15662267047918227,0.16754055700200235,0.17458919420614014,534.1425199390312,16.240751407097676,106.08098119374795,,0.0,True,261,0,68,1.6,0.2570847784228018,,0.07022200000938028,9,18092,0.5369789999967907
a8-cascade,grid-n60-load0.9-cascading-centralised,grid,60,0.9,cascading,CENTRALISED,spf-static,18,9043582976677272206,0.31992369465633663,0.20733618138741236,0.3638729761904484,0.2571333913377628,0.42639443777134156,1050.266625803843,6.057055672190285,8.18881341470557,0.0,0.0,False,0,0,23,0.0,0.6117384362563019,,0.01061949999711942,3,14553,0.4676954000024125
a8-cascade,grid-n60-load0.9-cascading-centralised,grid,60,0.9,cascading,CENTRALISED,cspf,19,16130088721850454684,0.15246695146211414,0.08279179534254395,0.20672818442318036,0.16214374219789052,0.13086173458240816,501.5804381105593,11.992046813507596,59.15979194833772,,0.0,True,168,0,47,0.0,0.1467777342091594,,0.1885735999821918,5,18522,0.5897995999985142
a8-cascade,grid-n60-load0.9-cascading-centralised,grid,60,0.9,cascading,CENTRALISED,ecmp,19,16130088721850454684,0.16975319982217577,0.12520547317306557,0.19844043517338036,0.21603205121263652,0.10851029563914223,558.4481326671868,12.75020318282996,71.92314639185962,,0.0,True,214,0,50,0.6000000000000001,0.351824482808967,,0.38061480002943426,11,17973,1.0469891999964602
a8-cascade,grid-n60-load0.9-cascading-centralised,grid,60,0.9,cascading,CENTRALISED,orbit,19,16130088721850454684,0.17949537626026554,0.12400071379689849,0.24444411881610711,0.17602375482532936,0.15713059746444116,590.4976035794564,9.410872873261216,56.229185875667085,0.0,0.0,False,265,1,38,0.0,0.2823562557699572,,0.2263432999898214,5,17719,0.7610539000015706
a8-cascade,grid-n60-load0.9-cascading-centralised,grid,60,0.9,cascading,CENTRALISED,spf-reconverge,19,16130088721850454684,0.14036905836807878,0.08552653893567372,0.1650875851325307,0.16660619450500505,0.11526783649174972,461.78121303174754,17.8313887268785,107.108309140544,,,True,258,0,66,0.1,0.35852518419866736,,0.03341790000558831,7,18592,0.3653870999987703
a8-cascade,grid-n60-load0.9-cascading-centralised,grid,60,0.9,cascading,CENTRALISED,spf-static,19,16130088721850454684,0.23373058470644256,0.16600473213645645,0.20222795610373903,0.35322465652852036,0.14459165893811798,768.9186932161217,7.210442183558693,8.255476796487507,,0.0,True,0,0,28,0.0,0.45868065373110406,,0.008582200011005625,3,16888,0.46796189999440685
a8-cascade,grid-n60-load0.9-cascading-centralised,grid,60,0.9,cascading,CENTRALISED,cspf,20,11753841487658504801,0.1835806403249232,0.1571983975864004,0.18673122881788226,0.1924496705738456,0.18290183840167357,587.6162283926225,11.626940241464917,58.22780543272257,,0.0,True,190,0,50,0.0,0.27335006360648323,,0.20108060001803096,5,17841,0.6402335000020685
a8-cascade,grid-n60-load0.9-cascading-centralised,grid,60,0.9,cascading,CENTRALISED,ecmp,20,11753841487658504801,0.22692971324704275,0.1295352008712503,0.21627887553474293,0.25874343476706707,0.24878417793184246,726.3706127859231,12.100383722138329,64.0172523238029,,,True,352,0,49,0.0,0.21677363616059786,,0.472503199998755,10,16901,1.2392630999966059
a8-cascade,grid-n60-load0.9-cascading-centralised,grid,60,0.9,cascading,CENTRALISED,orbit,20,11753841487658504801,0.16088426975472178,0.08494604116604693,0.18724552138473038,0.13090227145125766,0.21745813309696468,514.9682865995333,13.298284713440749,68.86437928460916,,,True,287,9,59,0.0,0.11457868106433307,,0.18480940000154078,6,18356,0.592603400000371
a8-cascade,grid-n60-load0.9-cascading-centralised,grid,60,0.9,cascading,CENTRALISED,spf-reconverge,20,11753841487658504801,0.15184142666485395,0.19690081428154388,0.16792778221615284,0.1074258567020904,0.17106556763740094,486.02339708934545,15.615969042477834,66.3915734818687,,,True,288,0,56,0.6000000000000001,0.4201558948767586,,0.07200269999157172,8,18148,0.4770757000078447
a8-cascade,grid-n60-load0.9-cascading-centralised,grid,60,0.9,cascading,CENTRALISED,spf-static,20,11753841487658504801,0.34685153910823313,0.30254123104054975,0.39964539236889973,0.30279784584430836,0.37767963875481175,1110.2237842847628,5.883763333463578,8.188639946391191,0.0,0.0,True,0,0,19,0.0,0.7473727050689559,,0.022697100008372217,3,13948,0.6809733999980381
a8-cascade,grid-n60-load0.9-cascading-centralised,grid,60,0.9,cascading,CENTRALISED,cspf,21,11073412119602786676,0.2416940196145113,0.23726555334401994,0.37141471524548464,0.206855038660516,0.17655402126987405,792.677468317164,10.616075029401017,56.42856040062591,,0.0,True,181,0,55,0.0,0.4492903236019443,,0.18124259999603964,5,16230,0.7890130000014324
a8-cascade,grid-n60-load0.9-cascading-centralised,grid,60,0.9,cascading,CENTRALISED,ecmp,21,11073412119602786676,0.25907044160158677,0.22228820865114948,0.4037175962642745,0.22317208373287528,0.20009611835344832,849.6664588229874,10.370813150092221,55.19251075006914,,0.0,True,370,0,46,0.0,0.31967940465800065,,0.48437479996937327,10,16024,1.3977521000051638
a8-cascade,grid-n60-load0.9-cascading-centralised,grid,60,0.9,cascading,CENTRALISED,orbit,21,11073412119602786676,0.23276741922123434,0.16795691274198823,0.3952027879644606,0.24012508558325696,0.11858322903602339,763.4011336701276,9.140315930114555,56.69996813249099,,0.0,True,294,4,49,0.30000000000000004,0.34625274109655596,,0.16974819998722523,5,16783,0.6553052999952342
a8-cascade,grid-n60-load0.9-cascading-centralised,grid,60,0.9,cascading,CENTRALISED,spf-reconverge,21,11073412119602786676,0.1767525897002328,0.2834417866982812,0.20886894018983992,0.18685947881927154,0.0777501515805053,579.6907823600567,12.971266065302878,105.07302862070848,,0.0,True,243,0,61,0.6000000000000001,0.41673085390524134,,0.058503299980657175,7,17653,0.430037900005118
a8-cascade,grid-n60-load0.9-cascading-centralised,grid,60,0.9,cascading,CENTRALISED,spf-static,21,11073412119602786676,0.3130185824460836,0.36334014141870613,0.4083347049981109,0.23922671779774216,0.2973251874735334,1026.598746072953,6.074277104880908,10.156825446780502,0.0,0.0,False,0,0,28,0.0,0.7823827129577972,,0.017239300010260195,3,15288,0.5376250999979675
a8-cascade,grid-n60-load0.9-cascading-centralised,grid,60,0.9,cascading,CENTRALISED,cspf,22,4014615633160730373,0.2836330557055095,0.25083081889983777,0.27998886263037487,0.21809936542516567,0.4042527624616721,907.1030905537963,8.06070010803205,53.02743451285587,,0.0,True,157,0,47,0.0,0.4970522461381417,,0.1510602999769617,4,15524,0.6041553000104614
a8-cascade,grid-n60-load0.9-cascading-centralised,grid,60,0.9,cascading,CENTRALISED,ecmp,22,4014615633160730373,0.3098744972785173,0.20282151219893862,0.34856453096037004,0.2964317413977788,0.35538892960889673,991.027345053163,9.213483846005643,55.14234804745691,,0.2,True,310,0,44,0.8,0.3695134790752629,,0.5034430000087013,10,14985,1.554079499997897
a8-cascade,grid-n60-load0.9-cascading-centralised,grid,60,0.9,cascading,CENTRALISED,orbit,22,4014615633160730373,0.2598941061839556,0.21612720107310218,0.34229406686791575,0.18047041193049784,0.31346336009519077,831.182198949892,7.959074517184044,54.159790791711075,,0.0,True,273,5,43,0.0,0.3754558380076334,,0.16615189997537527,5,16010,0.7109607000020333
a8-cascade,grid-n60-load0.9-cascading-centralised,grid,60,0.9,cascading,CENTRALISED,spf-reconverge,22,4014615633160730373,0.2035825478816464,0.12278433217597168,0.25717665459315253,0.1400551494251014,0.2891443639488441,651.0889850511542,13.918420036594659,104.17528369191089,,0.5,True,262,0,70,0.6000000000000001,0.400558188542263,,0.048492200003238395,6,16993,0.4568760999973165
a8-cascade,grid-n60-load0.9-cascading-centralised,grid,60,0.9,cascading,CENTRALISED,spf-static,22,4014615633160730373,0.3046118626012155,0.24573008025967344,0.299544042441352,0.3014792960938519,0.35230858602507703,974.1966122305665,5.928071415823802,8.188818188877844,0.0,0.0,False,0,0,28,0.0,0.6661247727853569,,0.015657000010833144,2,15288,0.4494707000121707
a8-cascade,grid-n60-load0.9-cascading-centralised,grid,60,0.9,cascading,CENTRALISED,cspf,23,10979440022400118161,0.2085737378241849,0.21363024230949879,0.22149393623669197,0.22873903109435909,0.16372769843755935,674.0711836524931,12.026970861294654,60.26010116314775,,,True,190,0,58,0.1,0.36939289897663463,,0.1475487000134308,6,17566,0.6459208000014769
a8-cascade,grid-n60-load0.9-cascading-centralised,grid,60,0.9,cascading,CENTRALISED,ecmp,23,10979440022400118161,0.22016526610462078,0.15693232390655598,0.2374919132047224,0.24092315998659522,0.2109673613888866,711.5328280083183,10.901249970826141,56.09179190928236,,,True,285,0,46,0.1,0.23238308695898002,,0.3633533000102034,9,17019,1.0560549000074388
a8-cascade,grid-n60-load0.9-cascading-centralised,grid,60,0.9,cascading,CENTRALISED,orbit,23,10979440022400118161,0.238292570021346,0.2990901479584497,0.30460429300012093,0.17407633920474844,0.22434679733455537,770.1168728408246,8.77602380351311,55.12715169123395,0.0,0.0,True,266,8,45,0.0,0.5743873739048979,,0.14289030000509229,4,16738,0.5958578999998281
a8-cascade,grid-n60-load0.9-cascading-centralised,grid,60,0.9,cascading,CENTRALISED,spf-reconverge,23,10979440022400118161,0.232581078436368,0.28344321432424646,0.2191384861739821,0.23891174330496467,0.20690897957072554,751.6584037484566,10.370581023703597,55.67366440169835,,,True,225,0,51,0.0,0.42277925410376754,,0.03231249997043051,5,16444,0.36932809998688754
a8-cascade,grid-n60-load0.9-cascading-centralised,grid,60,0.9,cascading,CENTRALISED,spf-static,23,10979440022400118161,0.3458906421621913,0.36280993983029963,0.28302393745100923,0.39672768617900794,0.32852756496987284,1117.8536521847482,5.845606642258828,8.123206240950145,0.0,0.0,False,0,0,20,0.0,0.781977583408211,,0.008253699983470142,2,14700,0.49087140000483487
a8-cascade,grid-n60-load0.9-cascading-centralised,grid,60,0.9,cascading,CENTRALISED,cspf,24,12461476569706912920,0.17091451836373672,0.2672366961560622,0.19450998618462717,0.14127066089648183,0.13832899552472394,556.3864965502664,13.93742648979626,62.27543137755271,,,True,195,0,59,0.30000000000000004,0.4287796474348409,,0.12081510001735296,6,18216,0.4025499999988824
a8-cascade,grid-n60-load0.9-cascading-centralised,grid,60,0.9,cascading,CENTRALISED,ecmp,24,12461476569706912920,0.1268084929280238,0.15450830096586562,0.20622914074835935,0.05936047933269548,0.1254203418938651,412.80596750060573,17.484877108394418,104.06347874381562,,,True,239,0,54,0.30000000000000004,0.2994572805902945,,0.31964980001794174,12,19234,0.848965599987423
a8-cascade,grid-n60-load0.9-cascading-centralised,grid,60,0.9,cascading,CENTRALISED,orbit,24,12461476569706912920,0.19648967614762555,0.339785986488025,0.19587838794116616,0.16410664573373504,0.16757116562988353,639.6425743506021,12.156015195345873,59.87486001999454,,,True,316,7,56,0.1,0.5392464935330283,,0.1854659999953583,7,17577,0.5679244000057224
a8-cascade,grid-n60-load0.9-cascading-centralised,grid,60,0.9,cascading,CENTRALISED,spf-reconverge,24,12461476569706912920,0.19786738389382502,0.36856459370192207,0.2110622859789399,0.16164642518653743,0.14637288720720637,644.1274946108387,12.317966969418688,103.05873174524577,,0.0,True,180,0,58,0.1,0.6229033918407032,,0.035435299985692836,6,17374,0.3497658999986015
a8-cascade,grid-n60-load0.9-cascading-centralised,grid,60,0.9,cascading,CENTRALISED,spf-static,24,12461476569706912920,0.23052947937339396,0.20122136528622347,0.23241792832393918,0.27645251582462127,0.1812036784023136,750.4540316882377,7.342178931839874,8.164339571764101,0.0,0.0,True,0,0,30,0.0,0.6019880170316921,,0.021144099984667264,3,16871,0.5164831000001868
a8-cascade,grid-n60-load0.9-cascading-centralised,grid,60,0.9,cascading,CENTRALISED,cspf,25,1185869740584318362,0.15523503223044835,0.17683976483804983,0.0652138601452794,0.17137639010285355,0.21667703449254663,520.215933661979,14.612577353951421,104.20801899086642,0.0,0.0,True,162,0,62,0.30000000000000004,0.3731658594356384,,0.18931180000072345,6,18491,0.6907169000041904
a8-cascade,grid-n60-load0.9-cascading-centralised,grid,60,0.9,cascading,CENTRALISED,ecmp,25,1185869740584318362,0.14557694412248995,0.11347212102425464,0.15186185738469085,0.16931849173791025,0.12372867940302494,487.85022825205175,17.879292246750804,104.07196401983728,,,True,406,0,55,0.0,0.12262643355159615,,0.3259514999954263,9,18480,1.079904300000635
a8-cascade,grid-n60-load0.9-cascading-centralised,grid,60,0.9,cascading,CENTRALISED,orbit,25,1185869740584318362,0.17780425756670962,0.27874694874236294,0.16241429877445596,0.17896202821655469,0.13559543700449467,595.8488012024789,11.863198481745005,58.291483765204646,0.0,0.0,True,288,4,50,0.0,0.5247190875605829,,0.18311489999177866,4,17798,0.6776144000032218
a8-cascade,grid-n60-load0.9-cascading-centralised,grid,60,0.9,cascading,CENTRALISED,spf-reconverge,25,1185869740584318362,0.13365444943144214,0.1154059043291767,0.10432578580759504,0.11297376912044589,0.20431267148431803,447.8961559130447,17.795469259676292,106.25663688883918,,,True,253,0,66,0.0,0.1282269922131487,,0.03156460000900552,6,18548,0.2948881999909645
a8-cascade,grid-n60-load0.9-cascading-centralised,grid,60,0.9,cascading,CENTRALISED,spf-static,25,1185869740584318362,0.2185093341379205,0.29532011997811114,0.14460328587975202,0.2156945170274892,0.25808349610362313,732.2576330816105,7.272968793967088,7.15617622096697,0.0,0.0,True,0,0,27,0.0,0.722583069450276,,0.020523900020634755,3,16741,0.4935532000090461
a8-cascade,grid-n60-load0.9-cascading-centralised,grid,60,0.9,cascading,CENTRALISED,cspf,26,12077298093401571819,0.21318593656516055,0.19778220758873924,0.24371368950890795,0.22123676626118108,0.17918912507542695,704.1136630578332,10.914340542122794,57.24689459483906,,0.0,True,215,0,55,0.1,0.3855729768310699,,0.19870970000920352,6,17225,0.7021119999990333
a8-cascade,grid-n60-load0.9-cascading-centralised,grid,60,0.9,cascading,CENTRALISED,ecmp,26,12077298093401571819,0.17882811185069075,0.13479046405615608,0.18970456837130212,0.21970799638071942,0.13512238094300405,590.6361316400418,12.4899230966888,76.87557281919577,,0.0,True,292,0,50,0.30000000000000004,0.21204062853701747,,0.37524139999004547,7,17929,1.0453540999878896
a8-cascade,grid-n60-load0.9-cascading-centralised,grid,60,0.9,cascading,CENTRALISED,orbit,26,12077298093401571819,0.2165240994418968,0.16725534032896022,0.24975438444622486,0.25374977830424644,0.15781640356802484,715.13899675898,10.509381092375829,57.21613242512921,,0.0,True,329,3,52,0.1,0.27928249049142473,,0.15866729998379014,6,17221,0.5900201000040397
a8-cascade,grid-n60-load0.9-cascading-centralised,grid,60,0.9,cascading,CENTRALISED,spf-reconverge,26,12077298093401571819,0.16569675813078094,0.19080604004988003,0.17824171650965281,0.16292529276870876,0.14319135897815327,547.265702438171,15.195483952065088,106.0663904985071,,0.0,True,329,0,65,0.6000000000000001,0.6497761018778231,,0.06233700001030229,7,17841,0.5039925000019139
a8-cascade,grid-n60-load0.9-cascading-centralised,grid,60,0.9,cascading,CENTRALISED,spf-static,26,12077298093401571819,0.2850862307854316,0.31359472967229957,0.33202962870306507,0.3047174169880974,0.19476509366413028,941.5870177924552,6.012595856993528,8.11373468971345,0.0,0.0,False,0,0,24,0.0,0.7535144077622028,,0.008251899998867884,2,15876,0.4687876999960281
a8-cascade,grid-n60-load0.9-cascading-centralised,grid,60,0.9,cascading,CENTRALISED,cspf,27,13579799882539283546,0.26456755440249935,0.38027080193262797,0.25003217461555854,0.3010572836849051,0.16162138023365447,858.9964885014305,8.926060468349569,55.07617703230307,,,True,163,0,49,0.30000000000000004,0.6003878394781954,,0.18759980000322685,5,16010,0.6214181000104873
a8-cascade,grid-n60-load0.9-cascading-centralised,grid,60,0.9,cascading,CENTRALISED,ecmp,27,13579799882539283546,0.2560091629312504,0.32717809720957824,0.21763429400070167,0.3297558199649753,0.1514701363313456,831.2091498853014,10.306234015819234,55.173664795649366,,,True,332,0,50,0.30000000000000004,0.6449578961132081,,0.5007348999788519,10,16225,1.3240260999882594
a8-cascade,grid-n60-load0.9-cascading-centralised,grid,60,0.9,cascading,CENTRALISED,orbit,27,13579799882539283546,0.2134953900742382,0.3292845209016883,0.20398019666263448,0.25077300914388695,0.10383278836685579,693.1756647151489,9.955871140210439,56.20409488023449,,0.0,True,276,7,51,0.0,0.49124295248233973,,0.18078709997644182,6,17091,0.7489807000092696
a8-cascade,grid-n60-load0.9-cascading-centralised,grid,60,0.9,cascading,CENTRALISED,spf-reconverge,27,13579799882539283546,0.18305057801168872,0.2235757168651,0.20372965323036749,0.1769817648786528,0.1456468939035947,594.3276154376107,13.539038923667885,103.02182646622431,,,True,239,0,66,0.6000000000000001,0.4018278079067499,,0.06175079999957234,8,17525,0.5443560999992769
a8-cascade,grid-n60-load0.9-cascading-centralised,grid,60,0.9,cascading,CENTRALISED,spf-static,27,13579799882539283546,0.37568718705269977,0.49771987144779445,0.30570955729630334,0.289966301447362,0.5057354800534648,1219.7791039875165,5.387717651555589,9.138436927634524,0.0,0.0,False,0,0,22,0.0,0.8637728967669442,,0.017081999976653606,3,13818,0.6408707000082359
a8-cascade,grid-n60-load0.9-cascading-centralised,grid,60,0.9,cascading,CENTRALISED,cspf,28,247061502471850662,0.22168046817422277,0.2884794810418909,0.27733333310442904,0.14548428098453114,0.23451024154796396,714.2686020854861,11.182950016741438,58.175085407672405,,,True,172,0,55,0.0,0.5342988093804485,,0.1887060000008205,4,17190,0.6860065999935614
a8-cascade,grid-n60-load0.9-cascading-centralised,grid,60,0.9,cascading,CENTRALISED,ecmp,28,247061502471850662,0.1653260707958633,0.2549586640941525,0.14200945733989634,0.10116327582916111,0.2264343488750516,532.691140758691,15.953069476985895,98.17459908854157,,,True,381,0,58,0.1,0.31447385197743116,,0.45133939999504946,11,18080,1.1887671000004048
a8-cascade,grid-n60-load0.9-cascading-centralised,grid,60,0.9,cascading,CENTRALISED,orbit,28,247061502471850662,0.23282440111717,0.28849503060174536,0.24168931832780688,0.22918509623068928,0.19713710041497787,750.1750645287069,10.069888405629102,56.18812530155288,0.0,0.2,True,268,4,48,0.30000000000000004,0.5341700212095487,,0.15121649998764042,5,16950,0.613000600002124
a8-cascade,grid-n60-load0.9-cascading-centralised,grid,60,0.9,cascading,CENTRALISED,spf-reconverge,28,247061502471850662,0.1550029684402463,0.12516821092406397,0.20851768280526312,0.13893934068808458,0.14157352368034345,499.42944680134593,17.806202701620435,107.3335346222321,,,True,271,0,72,1.1,0.5832791162230795,,0.05916010000510141,8,18144,0.4850743999995757
a8-cascade,grid-n60-load0.9-cascading-centralised,grid,60,0.9,cascading,CENTRALISED,spf-static,28,247061502471850662,0.3314567188875301,0.32491775520555843,0.36577144779013004,0.31563988647686425,0.3233074192120423,1067.9746808617012,6.2523630435165165,9.208030570902196,0.0,0.0,False,0,0,25,0.0,0.7506959628687752,,0.00825640001858119,3,14259,0.6682041000021854
a8-cascade,grid-n60-load0.9-cascading-centralised,grid,60,0.9,cascading,CENTRALISED,cspf,29,12922579414861100348,0.19198966874487775,0.22596142802400865,0.2347975407705515,0.12063809263793257,0.2257056325667543,652.4139052528408,11.420732453712654,58.61052506585179,,,True,177,0,52,0.30000000000000004,0.39759751978394275,,0.17709080001804978,5,17907,0.6082954000012251
a8-cascade,grid-n60-load0.9-cascading-centralised,grid,60,0.9,cascading,CENTRALISED,ecmp,29,12922579414861100348,0.18562299018031583,0.17048948305943332,0.2832771072327868,0.14871572944967607,0.1446533181628436,630.7788367986367,12.8238770741168,80.1869738893627,,,True,362,0,52,0.30000000000000004,0.26448535082363295,,0.4056834000220988,9,17815,1.2050001000025077
a8-cascade,grid-n60-load0.9-cascading-centralised,grid,60,0.9,cascading,CENTRALISED,orbit,29,12922579414861100348,0.17277835549347828,0.17381541577495585,0.234405036875874,0.13952580734960196,0.15436762252111338,587.1305596159649,11.483655609737651,60.54408496186608,,0.0,True,289,0,53,0.0,0.32180737371822876,,0.17213859998446424,5,18240,0.49953839999216143
a8-cascade,grid-n60-load0.9-cascading-centralised,grid,60,0.9,cascading,CENTRALISED,spf-reconverge,29,12922579414861100348,0.1481937851452274,0.08626095021014578,0.27442518193791854,0.13304582091710562,0.07540112642651962,503.58796248184973,17.343354839643347,106.26832328197662,,0.0,True,292,0,70,0.6000000000000001,0.2821869408527886,,0.05158449997543357,7,18393,0.5203340000007302
a8-cascade,grid-n60-load0.9-cascading-centralised,grid,60,0.9,cascading,CENTRALISED,spf-static,29,12922579414861100348,0.20588815223537751,0.08844343481348543,0.36746755928303243,0.1805845662520101,0.1428801456936415,699.6433418699661,7.51052262520977,8.130441141595304,0.0,0.0,False,0,0,26,0.0,0.33358252453427345,,0.008800700001302175,3,17640,0.34995070000877604
a8-cascade,ring-n60-load0.9-cascading-centralised,ring,60,0.9,cascading,CENTRALISED,cspf,0,12083637982436127557,0.3715948615510015,0.18298665612607573,0.4358226296719985,0.3661857764582519,0.4431042833753473,256.7171692074933,13.713414668258425,26.50456980266776,0.0,0.0,False,2,0,12,0.0,0.5708041686363403,,0.09639929998957086,3,13967,1.0221372000087285
a8-cascade,ring-n60-load0.9-cascading-centralised,ring,60,0.9,cascading,CENTRALISED,ecmp,0,12083637982436127557,0.3918316306266899,0.18298665612607573,0.4604187477124224,0.40712854543122434,0.4447476788764564,270.6977879096264,11.90390387051176,26.549436996305147,0.0,0.0,False,0,0,10,0.0,0.5708041686363403,,0.07031629999983124,3,13524,0.9348110999999335
a8-cascade,ring-n60-load0.9-cascading-centralised,ring,60,0.9,cascading,CENTRALISED,orbit,0,12083637982436127557,0.37602313763834094,0.18298665612607573,0.4358226296719985,0.37855145329747514,0.44408197824450013,259.77645398033997,13.140347049299885,26.50456980266776,0.0,0.0,False,150,0,9,0.0,0.5708041686363403,,0.0779542000091169,3,13818,1.1592712999990908
a8-cascade,ring-n60-load0.9-cascading-centralised,ring,60,0.9,cascading,CENTRALISED,spf-reconverge,0,12083637982436127557,0.3918316306266899,0.18298665612607573,0.4604187477124224,0.40712854543122434,0.4447476788764564,270.6977879096264,11.90390387051176,26.549436996305147,0.0,0.0,False,0,0,10,0.0,0.5708041686363403,,0.010790299988002516,3,13524,0.9833954000059748
a8-cascade,ring-n60-load0.9-cascading-centralised,ring,60,0.9,cascading,CENTRALISED,spf-static,0,12083637982436127557,0.3918316306266899,0.18298665612607573,0.4604187477124224,0.40712854543122434,0.4447476788764564,270.6977879096264,11.90390387051176,26.549436996305147,0.0,0.0,False,0,0,10,0.0,0.5708041686363403,,0.005790700000943616,3,13524,1.1582106999994721
a8-cascade,ring-n60-load0.9-cascading-centralised,ring,60,0.9,cascading,CENTRALISED,cspf,1,13887768544244246836,0.571693877662798,0.6612975744548663,0.5967307975646615,0.498537348807621,0.5975439609035584,389.9736691193596,13.874174747262359,33.083192978364046,0.0,0.0,False,5,0,4,0.0,0.9265927638487658,,0.10470740000891965,3,9105,1.8200508000008995
a8-cascade,ring-n60-load0.9-cascading-centralised,ring,60,0.9,cascading,CENTRALISED,ecmp,1,13887768544244246836,0.1747688326517228,0.20801362368527432,0.20830775110422234,0.1806620916833111,0.11240306067541277,119.2163246448122,19.17236215408488,93.46714432305677,,,True,50,0,21,0.0,0.29258924931300934,,0.10950920001778286,5,18283,0.5039408000011463
a8-cascade,ring-n60-load0.9-cascading-centralised,ring,60,0.9,cascading,CENTRALISED,orbit,1,13887768544244246836,0.4236153323941979,0.5510733685630507,0.4482768614630455,0.4231598972969269,0.3225078145452224,288.96378275791443,14.946287826599773,39.58741410641447,0.0,0.0,True,158,0,8,0.0,0.9011511342099959,,0.056170399999246,3,12494,1.2906972999917343
a8-cascade,ring-n60-load0.9-cascading-centralised,ring,60,0.9,cascading,CENTRALISED,spf-reconverge,1,13887768544244246836,0.1747688326517228,0.20801362368527432,0.20830775110422234,0.1806620916833111,0.11240306067541277,119.2163246448122,19.17236215408488,93.46714432305677,,,True,50,0,21,0.0,0.29258924931300934,,0.028468799995607696,5,18283,0.4809512999927392
a8-cascade,ring-n60-load0.9-cascading-centralised,ring,60,0.9,cascading,CENTRALISED,spf-static,1,13887768544244246836,0.5971011321856771,0.7111584671535618,0.6882471595620796,0.5298890353597683,0.5329491968866142,407.3049029416339,13.154948451977923,28.841545821345168,,,True,0,0,3,0.0,0.8365255313183129,,0.005917100002989173,3,8497,1.9939962999924319
a8-cascade,ring-n60-load0.9-cascading-centralised,ring,60,0.9,cascading,CENTRALISED,cspf,2,10309963421623148390,0.16519590647806517,0.09620123747089407,0.12069222118257861,0.12063741560804525,0.32227606173999046,117.52491393017534,15.30533950362441,78.78490294831131,0.0,0.0,True,0,0,11,0.0,0.35982839394297855,,0.0637365000002319,3,18211,0.5393368999939412
a8-cascade,ring-n60-load0.9-cascading-centralised,ring,60,0.9,cascading,CENTRALISED,ecmp,2,10309963421623148390,0.15316035399096445,0.09620123747089407,0.10126955215611716,0.121004918748116,0.29395687307441853,108.96249068189445,18.13751488095996,113.35242022578021,0.0,0.0,True,0,0,13,0.0,0.35982839394297855,,0.039596399990841746,3,18505,0.3899846999993315
a8-cascade,ring-n60-load0.9-cascading-centralised,ring,60,0.9,cascading,CENTRALISED,orbit,2,10309963421623148390,0.1530640803503639,0.09620123747089407,0.10126955215611716,0.12173186025705193,0.29255739303740425,108.8939989645962,19.74495144537066,118.25665397158556,0.0,0.0,True,150,0,16,0.0,0.35982839394297855,,0.05190340001718141,3,18505,0.4740713999926811
a8-cascade,ring-n60-load0.9-cascading-centralised,ring,60,0.9,cascading,CENTRALISED,spf-reconverge,2,10309963421623148390,0.15321497580274443,0.09620123747089407,0.10126955215611716,0.12064973729920613,0.2946722920338899,109.00135014194412,17.670411121897928,109.56928677735321,0.0,0.0,True,0,0,13,0.0,0.35982839394297855,,0.017801800015149638,3,18505,0.3843172000051709
a8-cascade,ring-n60-load0.9-cascading-centralised,ring,60,0.9,cascading,CENTRALISED,spf-static,2,10309963421623148390,0.15321497580274443,0.09620123747089407,0.10126955215611716,0.12064973729920613,0.2946722920338899,109.00135014194412,17.670411121897928,109.56928677735321,0.0,0.0,True,0,0,13,0.0,0.35982839394297855,,0.011646499988273717,3,18505,0.4513364000013098
a8-cascade,ring-n60-load0.9-cascading-centralised,ring,60,0.9,cascading,CENTRALISED,cspf,3,4101528606113253719,0.175516865109606,0.3440136132727531,0.13790673981588183,0.21649891228155538,0.0596548670796142,126.89068562158613,16.04950211982907,67.52342554177918,0.0,0.0,False,1,0,15,0.0,0.7670566700848399,,0.040505000011762604,2,18230,0.5412800000049174
a8-cascade,ring-n60-load0.9-cascading-centralised,ring,60,0.9,cascading,CENTRALISED,ecmp,3,4101528606113253719,0.17905376541383422,0.38600045684820855,0.16393518202993304,0.17522480296691173,0.079367289799403,129.44770317256877,15.166372229649927,69.40116576938625,0.0,0.0,False,8,0,11,0.0,0.7737635360895445,,0.07701409999572206,4,18109,0.5134179999877233
a8-cascade,ring-n60-load0.9-cascading-centralised,ring,60,0.9,cascading,CENTRALISED,orbit,3,4101528606113253719,0.16674878221154354,0.3440136132727531,0.1586383090881234,0.1992843568454996,0.02673443845610714,120.55176172485822,16.379535134231897,108.887816166875,0.0,0.0,False,150,0,14,0.0,0.7670566700848399,,0.033169600006658584,2,18522,0.42487280000932515
a8-cascade,ring-n60-load0.9-cascading-centralised,ring,60,0.9,cascading,CENTRALISED,spf-reconverge,3,4101528606113253719,0.1790575166991691,0.38600045684820855,0.16393518202993304,0.17522480296691173,0.07938233087052345,129.45041518071574,15.157841388501229,69.40116576938625,0.0,0.0,False,8,0,11,0.0,0.7737635360895445,,0.0148396999866236,4,18109,0.4357557000039378
a8-cascade,ring-n60-load0.9-cascading-centralised,ring,60,0.9,cascading,CENTRALISED,spf-static,3,4101528606113253719,0.29605409504966584,0.4403518786833046,0.3007625701316334,0.2178299760884879,0.31525920277944414,214.03360342876996,16.506686343754723,29.961264828805888,0.0,0.0,False,0,0,10,0.0,0.8335368460567656,,0.013163299998268485,3,15435,0.9041295000060927
a8-cascade,ring-n60-load0.9-cascading-centralised,ring,60,0.9,cascading,CENTRALISED,cspf,4,12971026059627842704,0.3381237595921376,0.25184868652639797,0.31096073470415786,0.3991970560616336,0.3339159038866792,237.40595046727427,11.920250088543108,26.325781255364003,0.0,0.0,True,0,0,5,0.0,0.6738389113793636,,0.07869050001318101,3,14615,0.7527226999955019
a8-cascade,ring-n60-load0.9-cascading-centralised,ring,60,0.9,cascading,CENTRALISED,ecmp,4,12971026059627842704,0.27700740481441183,0.19239552258821052,0.22989866321112648,0.32102426176654536,0.31568405014061646,194.49448422602848,10.999808417142367,24.321020563571093,0.0,0.0,True,0,0,7,0.0,0.587305845052832,,0.05403999998816289,3,15938,0.47882069999468513
a8-cascade,ring-n60-load0.9-cascading-centralised,ring,60,0.9,cascading,CENTRALISED,orbit,4,12971026059627842704,0.2842580807913432,0.21614913346270967,0.26240335095905415,0.3450211563042253,0.264508882929689,199.58538237500804,11.546143284034693,24.321020563571093,0.0,0.0,True,150,0,9,0.0,0.6252228254608484,,0.047998599999118596,3,15938,0.658043200004613
a8-cascade,ring-n60-load0.9-cascading-centralised,ring,60,0.9,cascading,CENTRALISED,spf-reconverge,4,12971026059627842704,0.282069566758791,0.19239552258821052,0.26240335095905415,0.3210683472739017,0.30159630855441066,198.0487667445781,10.806154573684456,24.321020563571093,0.0,0.0,True,0,0,8,0.0,0.587305845052832,,0.012657800005399622,3,15938,0.5896980000106851
a8-cascade,ring-n60-load0.9-cascading-centralised,ring,60,0.9,cascading,CENTRALISED,spf-static,4,12971026059627842704,0.282069566758791,0.19239552258821052,0.26240335095905415,0.3210683472739017,0.30159630855441066,198.0487667445781,10.806154573684456,24.321020563571093,0.0,0.0,True,0,0,8,0.0,0.587305845052832,,0.008357999991858378,3,15938,0.6951126999920234
a8-cascade,ring-n60-load0.9-cascading-centralised,ring,60,0.9,cascading,CENTRALISED,cspf,5,545357413781437797,0.24608406540928762,0.2732422737060391,0.1820304637014805,0.2563113451026541,0.277663466807806,182.4989826915519,12.324405247872535,29.42187310325519,0.0,0.0,True,0,0,11,0.0,0.6990700520855777,,0.05215499999758322,3,16560,0.5804225000028964
a8-cascade,ring-n60-load0.9-cascading-centralised,ring,60,0.9,cascading,CENTRALISED,ecmp,5,545357413781437797,0.24606389477214802,0.2732422737060391,0.1820304637014805,0.2563113451026541,0.277588650456338,182.48402389788887,11.790690445774484,29.42187310325519,0.0,0.0,True,0,0,11,0.0,0.6990700520855777,,0.0619892999966396,3,16560,0.5431286000093678
a8-cascade,ring-n60-load0.9-cascading-centralised,ring,60,0.9,cascading,CENTRALISED,orbit,5,545357413781437797,0.2986841741383165,0.33317936333042536,0.2586354370606098,0.3001469933893387,0.3163374551697863,221.50787307438483,11.203101779455947,29.42187310325519,0.0,0.0,True,159,3,9,0.0,0.648759511241167,,0.07919869999750517,4,15115,0.7359932999970624
a8-cascade,ring-n60-load0.9-cascading-centralised,ring,60,0.9,cascading,CENTRALISED,spf-reconverge,5,545357413781437797,0.3288214367709824,0.39777238733640485,0.2808388275920774,0.3325390942742443,0.33390022867629604,243.8580393170548,12.429344412685893,31.544114640543302,0.0,0.0,True,2,0,10,0.0,0.8070222561368963,,0.014176399999996647,3,14800,0.8786816000065301
a8-cascade,ring-n60-load0.9-cascading-centralised,ring,60,0.9,cascading,CENTRALISED,spf-static,5,545357413781437797,0.31747191021976756,0.39777238733640485,0.2631952002398184,0.3126699347316593,0.33390022867629604,235.44109023023557,11.712505986878746,29.42187310325519,0.0,0.0,True,0,0,10,0.0,0.8070222561368963,,0.005557199998293072,3,15090,0.8050484999985201
a8-cascade,ring-n60-load0.9-cascading-centralised,ring,60,0.9,cascading,CENTRALISED,cspf,6,2193150201975576879,0.23518752820922423,0.2827853106967736,0.22204501769987878,0.25460174656430806,0.18931054935312178,171.10418178255466,14.214739202471634,57.6204902218031,0.0,0.0,False,0,0,9,0.0,0.709525810709505,,0.045777899998938665,3,16758,0.5733877000020584
a8-cascade,ring-n60-load0.9-cascading-centralised,ring,60,0.9,cascading,CENTRALISED,ecmp,6,2193150201975576879,0.2160363867541046,0.2827853106967736,0.20676799436145268,0.21053311094677093,0.19102105731979846,157.17129846246164,11.907040143495541,56.75662809076156,0.0,0.0,False,0,0,10,0.0,0.709525810709505,,0.10679270001128316,3,17199,0.5206164999981411
a8-cascade,ring-n60-load0.9-cascading-centralised,ring,60,0.9,cascading,CENTRALISED,orbit,6,2193150201975576879,0.20732860450193838,0.2827853106967736,0.20676799436145268,0.18820410954485464,0.18767995697267512,150.83619230805664,12.95363216776581,61.785951110427696,0.0,0.0,False,150,0,10,0.0,0.709525810709505,,0.05721410000114702,3,17346,0.5090981999965152
a8-cascade,ring-n60-load0.9-cascading-centralised,ring,60,0.9,cascading,CENTRALISED,spf-reconverge,6,2193150201975576879,0.24524169108925778,0.2827853106967736,0.22881192819450746,0.27774699069068276,0.18976415041016126,178.4188099271486,14.125983326544649,29.46286173633074,0.0,0.0,False,0,0,10,0.0,0.709525810709505,,0.01744499999040272,3,16611,0.459552000000258
a8-cascade,ring-n60-load0.9-cascading-centralised,ring,60,0.9,cascading,CENTRALISED,spf-static,6,2193150201975576879,0.24524169108925778,0.2827853106967736,0.22881192819450746,0.27774699069068276,0.18976415041016126,178.4188099271486,14.125983326544649,29.46286173633074,0.0,0.0,False,0,0,10,0.0,0.709525810709505,,0.004665600004955195,3,16611,0.5611310999956913
a8-cascade,ring-n60-load0.9-cascading-centralised,ring,60,0.9,cascading,CENTRALISED,cspf,7,17593570377482128747,0.15734724104162207,0.2127322703556329,0.20294645949237156,0.14410852400452773,0.09509926719276916,117.47322075607467,12.69876434711348,77.04252252009924,0.0,0.0,False,13,0,17,0.0,0.5157550102700549,,0.06858049998118076,4,18804,0.35016750000067987
a8-cascade,ring-n60-load0.9-cascading-centralised,ring,60,0.9,cascading,CENTRALISED,ecmp,7,17593570377482128747,0.1576732436602819,0.21324060829506652,0.20294645949237156,0.142944371194338,0.09782008601445055,117.71660969213332,12.6762682658012,76.06270664213368,0.0,0.0,False,15,0,16,0.0,0.5104461821390861,,0.06986879999749362,4,18801,0.39747799999895506
a8-cascade,ring-n60-load0.9-cascading-centralised,ring,60,0.9,cascading,CENTRALISED,orbit,7,17593570377482128747,0.31857860828833184,0.26580710708289523,0.39059155654826677,0.32780970738939846,0.26044406388270347,237.84627510385513,13.072409938803773,28.420030200848558,,,True,152,0,9,0.0,0.5857089181011331,,0.060000299985404126,3,15173,0.7767197000066517
a8-cascade,ring-n60-load0.9-cascading-centralised,ring,60,0.9,cascading,CENTRALISED,spf-reconverge,7,17593570377482128747,0.1756318763631217,0.21324060829506652,0.22650321256130962,0.16462928380687641,0.11518390440471589,131.1242704176233,12.153922647682188,69.75869456289612,0.0,0.0,False,13,0,15,0.0,0.5104461821390861,,0.0170796999882441,4,18363,0.35874389999662526
a8-cascade,ring-n60-load0.9-cascading-centralised,ring,60,0.9,cascading,CENTRALISED,spf-static,7,17593570377482128747,0.26880857419944576,0.2783868557741081,0.30771334463179617,0.2984347463224054,0.1789479144844843,200.68867282969453,11.304061035409461,28.502975148927035,,,True,0,0,8,0.0,0.5532421283225131,,0.013005599976168014,3,16294,0.5122695000027306
a8-cascade,ring-n60-load0.9-cascading-centralised,ring,60,0.9,cascading,CENTRALISED,cspf,8,11285186377146875329,0.20788803821273413,0.21466073041373857,0.11092885696968156,0.23633461687320118,0.2618556177138862,145.9017857410989,12.122782493882585,39.485981555801914,,0.0,True,0,0,10,0.0,0.518656013828572,,0.046070500000496395,3,17945,0.46030469999823254
a8-cascade,ring-n60-load0.9-cascading-centralised,ring,60,0.9,cascading,CENTRALISED,ecmp,8,11285186377146875329,0.2451859783392517,0.23993787016120452,0.2314821015565437,0.22539784379925978,0.28808446042970937,172.07854952081578,13.685959220115185,60.274817752968794,0.0,0.0,True,14,0,11,0.0,0.5748355172349617,,0.08360429998720065,4,16904,0.46623859999817796
a8-cascade,ring-n60-load0.9-cascading-centralised,ring,60,0.9,cascading,CENTRALISED,orbit,8,11285186377146875329,0.23722493234916425,0.21466073041373857,0.21355477614323923,0.2077420786134936,0.31161424827803585,166.49125918748663,14.116336940507065,29.14089646491386,,0.0,True,150,0,10,0.0,0.518656013828572,,0.04262839999864809,3,17391,0.5923619000095641
a8-cascade,ring-n60-load0.9-cascading-centralised,ring,60,0.9,cascading,CENTRALISED,spf-reconverge,8,11285186377146875329,0.2035900372389273,0.24883607823230144,0.10640784257163048,0.23740713615914533,0.23156666374895216,142.88532542627453,18.24097110725309,113.1852117409239,0.0,0.0,True,40,0,16,0.0,0.4889500883732493,,0.014078199994401075,4,17682,0.3683646999998018
a8-cascade,ring-n60-load0.9-cascading-centralised,ring,60,0.9,cascading,CENTRALISED,spf-static,8,11285186377146875329,0.49759164515921755,0.43464657836907533,0.42470241416159804,0.5622317273733367,0.5131348945396575,349.22408341883136,14.192396317458414,28.38562681665339,,0.0,True,0,0,7,0.0,0.7431450233340107,,0.005731299999752082,3,11494,1.4507421999878716
a8-cascade,ring-n60-load0.9-cascading-centralised,ring,60,0.9,cascading,CENTRALISED,cspf,9,5464763479671873211,0.22254616405211858,0.18707233270494297,0.23683450132873096,0.1715618498264302,0.299806481316063,162.04869692765683,13.525835970905877,60.77242149426695,0.0,0.0,True,0,0,8,0.0,0.5780819886005057,,0.09971039999800269,3,17001,0.5823494000069331
a8-cascade,ring-n60-load0.9-cascading-centralised,ring,60,0.9,cascading,CENTRALISED,ecmp,9,5464763479671873211,0.22692432836216866,0.22791987011336184,0.2700161652395596,0.20697450068271944,0.21346614660509858,165.2366908632101,16.52364759551812,62.07775995930922,,,True,17,0,11,0.0,0.5284416794673955,,0.07442060000903439,4,16785,0.5874913000006927
a8-cascade,ring-n60-load0.9-cascading-centralised,ring,60,0.9,cascading,CENTRALISED,orbit,9,5464763479671873211,0.24585433107060664,0.2382079697878041,0.27428771531131824,0.19081111491345915,0.2988582417792272,179.02071758326167,11.688105319026567,25.323728578829375,0.0,0.0,True,150,0,6,0.0,0.6563104151691095,,0.04654010001104325,3,16560,0.5464504999981727
a8-cascade,ring-n60-load0.9-cascading-centralised,ring,60,0.9,cascading,CENTRALISED,spf-reconverge,9,5464763479671873211,0.22692432836216866,0.22791987011336184,0.2700161652395596,0.20697450068271944,0.21346614660509858,165.2366908632101,16.52364759551812,62.07775995930922,,,True,17,0,11,0.0,0.5284416794673955,,0.020115799983614124,4,16785,0.581922699988354
a8-cascade,ring-n60-load0.9-cascading-centralised,ring,60,0.9,cascading,CENTRALISED,spf-static,9,5464763479671873211,0.3501824639470719,0.32238909501170404,0.4205201808133655,0.24914247098516823,0.438879132500291,254.9880480359552,13.957158227170943,29.699623036506193,0.0,0.0,True,0,0,7,0.0,0.7484309286151004,,0.015506400013691746,3,14044,0.9772576999966986
a8-cascade,ring-n60-load0.9-cascading-centralised,ring,60,0.9,cascading,CENTRALISED,cspf,10,18027414301951046328,0.3207697871663872,0.24136528324008535,0.23611191951432728,0.40505540122604816,0.34073301416623575,220.28525768006546,12.299397635930358,26.3292690112341,,0.0,True,16,0,8,0.0,0.4920091654794795,,0.07769940000434872,4,14734,0.9025690999988001
a8-cascade,ring-n60-load0.9-cascading-centralised,ring,60,0.9,cascading,CENTRALISED,ecmp,10,18027414301951046328,0.25837627820365716,0.21049113338165898,0.19613056727798894,0.29292000811783747,0.30472856742685117,177.43717550613835,13.309275283753383,59.85488785112848,,0.0,True,19,0,11,0.0,0.46018565836290176,,0.06361979998473544,4,16232,0.6258511999913026
a8-cascade,ring-n60-load0.9-cascading-centralised,ring,60,0.9,cascading,CENTRALISED,orbit,10,18027414301951046328,0.2509024225094485,0.2362808410370146,0.1363640484182406,0.32538505937641865,0.2804059367654433,172.30458417948583,11.122399444105092,25.485715587484837,,,True,154,0,9,0.0,0.3828253838857132,,0.07701480001560412,4,16493,0.6494959999981802
a8-cascade,ring-n60-load0.9-cascading-centralised,ring,60,0.9,cascading,CENTRALISED,spf-reconverge,10,18027414301951046328,0.2581860372759823,0.21049113338165898,0.19613056727798894,0.29257054918912034,0.30444562034948364,177.30652956175453,13.294422544833084,54.200191217601635,,0.0,True,19,0,11,0.0,0.46018565836290176,,0.013596999997389503,4,16234,0.5526115000102436
a8-cascade,ring-n60-load0.9-cascading-centralised,ring,60,0.9,cascading,CENTRALISED,spf-static,10,18027414301951046328,0.3841059311394633,0.3794142873455924,0.39348589211560503,0.3482871096042319,0.42560706955634914,263.78068447452756,12.605226347225644,26.448788588043843,,0.0,True,0,0,8,0.0,0.7425326729129179,,0.005886000028112903,3,13309,0.8160701000015251
a8-cascade,ring-n60-load0.9-cascading-centralised,ring,60,0.9,cascading,CENTRALISED,cspf,11,12919131479555150052,0.22917204690425674,0.3514263910227491,0.2410245848460293,0.2008777103980558,0.1909540082680567,161.54705928283906,11.625546089004848,53.249059653422,,,True,4,0,9,0.0,0.5586501677234964,,0.04580580000765622,3,17359,0.5134677000023657
a8-cascade,ring-n60-load0.9-cascading-centralised,ring,60,0.9,cascading,CENTRALISED,ecmp,11,12919131479555150052,0.20243272121340505,0.2799377007277128,0.23724182922825163,0.19976002407037624,0.13406182360411115,142.69807882944272,14.87744400345084,68.00851127244903,,0.0,True,0,0,13,0.0,0.5213923694839054,,0.04441400000359863,3,17894,0.586408000002848
a8-cascade,ring-n60-load0.9-cascading-centralised,ring,60,0.9,cascading,CENTRALISED,orbit,11,12919131479555150052,0.25851354589753245,0.41336410981413907,0.28870048927778386,0.2491256904698618,0.16266411097812686,182.23035352113837,12.421589472165069,29.44989942102191,,0.0,True,151,0,8,0.0,0.6490009854857444,,0.06819820000964683,3,16573,0.6200814000039827
a8-cascade,ring-n60-load0.9-cascading-centralised,ring,60,0.9,cascading,CENTRALISED,spf-reconverge,11,12919131479555150052,0.21281083626025676,0.2860083480961966,0.2452869981877533,0.21979149270906773,0.1364829016416776,150.01377893059123,15.007794829882386,65.07920064826439,,0.0,True,14,0,12,0.0,0.4760793000136271,,0.02118920000793878,4,17590,0.4484768999973312
a8-cascade,ring-n60-load0.9-cascading-centralised,ring,60,0.9,cascading,CENTRALISED,spf-static,11,12919131479555150052,0.35301532110022354,0.38078049038093836,0.4055570186042782,0.3569528034757552,0.2860468867031198,248.84617376286567,15.149115982222003,26.92662821990062,,0.0,True,0,0,10,0.0,0.6226553125337173,,0.005740900000091642,3,14366,0.798313599996618
a8-cascade,ring-n60-load0.9-cascading-centralised,ring,60,0.9,cascading,CENTRALISED,cspf,12,18388594993880585418,0.29830075097697417,0.3495370634346078,0.3179951708800731,0.32134345472593784,0.21460972792436123,218.46723126193518,15.220522327444495,31.628788798643743,0.0,0.0,False,0,0,18,0.0,0.7715571184483355,,0.07030360000499059,3,15435,0.688476700001047
a8-cascade,ring-n60-load0.9-cascading-centralised,ring,60,0.9,cascading,CENTRALISED,ecmp,12,18388594993880585418,0.3177449188016215,0.3495370634346078,0.36880681243022667,0.32779017123762394,0.23248931500389075,232.7076027492031,14.284696603136322,31.698426849275158,0.0,0.0,False,2,0,16,0.0,0.7715571184483355,,0.05022910000116099,3,14998,0.7821568000072148
a8-cascade,ring-n60-load0.9-cascading-centralised,ring,60,0.9,cascading,CENTRALISED,orbit,12,18388594993880585418,0.3216343546875827,0.3495370634346078,0.36880681243022667,0.33808819465142653,0.2338812891100686,235.55611816994488,14.236363156151635,33.18991063990995,0.0,0.0,False,151,0,15,0.0,0.7715571184483355,,0.04218380000384059,3,14849,0.7207286000048043
a8-cascade,ring-n60-load0.9-cascading-centralised,ring,60,0.9,cascading,CENTRALISED,spf-reconverge,12,18388594993880585418,0.31778452189457296,0.3495370634346078,0.36880681243022667,0.32779017123762394,0.2326483097295523,232.73660696068492,14.036952906779954,31.698426849275158,0.0,0.0,False,2,0,17,0.0,0.7715571184483355,,0.012348499993095174,3,14998,0.6572310000046855
a8-cascade,ring-n60-load0.9-cascading-centralised,ring,60,0.9,cascading,CENTRALISED,spf-static,12,18388594993880585418,0.30663494998943036,0.3495370634346078,0.36880681243022667,0.32779017123762394,0.18788607036419022,224.5709684368302,13.260671209740112,26.514455345118307,0.0,0.0,False,0,0,17,0.0,0.7715571184483355,,0.005889100008062087,3,15288,0.806745800000499
a8-cascade,ring-n60-load0.9-cascading-centralised,ring,60,0.9,cascading,CENTRALISED,cspf,13,11396287480283068906,0.19241533294108407,0.286151828673313,0.11825998990317464,0.18764557514823121,0.22236317627004407,136.1054025438529,15.188320744949719,68.01702321855862,0.0,0.0,True,0,0,12,0.0,0.7131058677115018,,0.06423220000579022,3,17685,0.5626117000065278
a8-cascade,ring-n60-load0.9-cascading-centralised,ring,60,0.9,cascading,CENTRALISED,ecmp,13,11396287480283068906,0.34231851471587776,0.4132346857922116,0.376697268003636,0.31958878419102754,0.29984130632892064,242.139742875295,14.079717035492473,33.74568092153715,0.0,0.0,True,4,0,7,0.0,0.8171119133541358,,0.048758000004454516,3,14165,1.072965999992448
a8-cascade,ring-n60-load0.9-cascading-centralised,ring,60,0.9,cascading,CENTRALISED,orbit,13,11396287480283068906,0.25219378174439944,0.3019172195038135,0.2191826838366156,0.28018847632929644,0.22090359840128468,178.38981779008262,14.034927780715776,24.35592479734322,0.0,0.0,True,150,0,12,0.0,0.7291660877289287,,0.04022000000986736,3,16509,0.4394373999966774
a8-cascade,ring-n60-load0.9-cascading-centralised,ring,60,0.9,cascading,CENTRALISED,spf-reconverge,13,11396287480283068906,0.36017942879522286,0.4132346857922116,0.39780453157772705,0.33039372846770243,0.33356229243195595,254.77369913757883,13.747425119337505,33.806871038009334,0.0,0.0,True,4,0,6,0.0,0.8171119133541358,,0.010851900005945936,3,13628,1.1490708000055747
a8-cascade,ring-n60-load0.9-cascading-centralised,ring,60,0.9,cascading,CENTRALISED,spf-static,13,11396287480283068906,0.3390417587569875,0.4132346857922116,0.34045553316809046,0.33039372846770243,0.3090014127330683,239.82192245004185,12.457163163235478,24.458236625842993,0.0,0.0,True,0,0,6,0.0,0.8171119133541358,,0.005899900017539039,3,14208,0.7748760000104085
a8-cascade,ring-n60-load0.9-cascading-centralised,ring,60,0.9,cascading,CENTRALISED,cspf,14,901976500050603991,0.22962074279317726,0.1751151825673694,0.3233333525478645,0.23096177089011405,0.16291069970743033,165.98991770717447,12.512299193749925,29.40055496167199,0.0,0.0,True,0,0,8,0.0,0.5562716437334619,,0.06367989999125712,3,17312,0.4299335000105202
a8-cascade,ring-n60-load0.9-cascading-centralised,ring,60,0.9,cascading,CENTRALISED,ecmp,14,901976500050603991,0.22939666561336092,0.1751151825673694,0.3233333525478645,0.23088857002929855,0.16215846957738658,165.82793516071405,12.53074626635541,29.40055496167199,0.0,0.0,True,0,0,11,0.0,0.5562716437334619,,0.05311290000099689,3,17312,0.4361793999996735
a8-cascade,ring-n60-load0.9-cascading-centralised,ring,60,0.9,cascading,CENTRALISED,orbit,14,901976500050603991,0.22615408812830198,0.1751151825673694,0.24666844946329905,0.2308117100499556,0.22599160837477505,163.48391709267364,12.495883399599343,58.57233321111799,0.0,0.0,True,150,0,8,0.0,0.5562716437334619,,0.08778080000774935,3,17459,0.6256372000061674
a8-cascade,ring-n60-load0.9-cascading-centralised,ring,60,0.9,cascading,CENTRALISED,spf-reconverge,14,901976500050603991,0.22939666561336092,0.1751151825673694,0.3233333525478645,0.23088857002929855,0.16215846957738658,165.82793516071405,12.53074626635541,29.40055496167199,0.0,0.0,True,0,0,11,0.0,0.5562716437334619,,0.008798200011369772,3,17312,0.33876800000143703
a8-cascade,ring-n60-load0.9-cascading-centralised,ring,60,0.9,cascading,CENTRALISED,spf-static,14,901976500050603991,0.22939666561336092,0.1751151825673694,0.3233333525478645,0.23088857002929855,0.16215846957738658,165.82793516071405,12.53074626635541,29.40055496167199,0.0,0.0,True,0,0,11,0.0,0.5562716437334619,,0.0054647000069962814,3,17312,0.5146456000074977
a8-cascade,ring-n60-load0.9-cascading-centralised,ring,60,0.9,cascading,CENTRALISED,cspf,15,9715281356539703739,0.3408157822186174,0.4114354727588574,0.3140258620764797,0.2763425769741432,0.41599226508782156,251.07725938174397,16.038205945315966,37.51603687176849,0.0,0.0,True,6,0,10,0.0,0.8239967562938748,,0.04283120001491625,3,14972,0.6036560000065947
a8-cascade,ring-n60-load0.9-cascading-centralised,ring,60,0.9,cascading,CENTRALISED,ecmp,15,9715281356539703739,0.20557639595662242,0.18620617127060216,0.19719823070294074,0.20498453517117748,0.22439845520571075,151.44708896507618,12.447567365656303,67.722234177127,0.0,0.0,False,10,0,17,0.0,0.4569026656492535,,0.04838659999950323,4,17961,0.33482389998971485
a8-cascade,ring-n60-load0.9-cascading-centralised,ring,60,0.9,cascading,CENTRALISED,orbit,15,9715281356539703739,0.3715470217828285,0.42747469887077916,0.3140258620764797,0.29731586671833166,0.4967068408782259,273.7168078115656,14.53314933350736,36.437366840266264,,0.0,True,155,0,7,0.30000000000000004,0.6554523881204366,,0.07192119999672286,3,14263,0.8708015000011073
a8-cascade,ring-n60-load0.9-cascading-centralised,ring,60,0.9,cascading,CENTRALISED,spf-reconverge,15,9715281356539703739,0.2056026349670002,0.18620617127060216,0.19719823070294074,0.20502509430116092,0.22444418070355088,151.46641911103265,12.439363835971418,67.36805768696169,0.0,0.0,False,10,0,17,0.0,0.4569026656492535,,0.02243309997720644,4,17961,0.5263106000056723
a8-cascade,ring-n60-load0.9-cascading-centralised,ring,60,0.9,cascading,CENTRALISED,spf-static,15,9715281356539703739,0.3192209534877571,0.36749302349366453,0.31757136019574295,0.25346753412850886,0.3836983039365252,235.1684585061888,11.941657882586206,26.48843545982076,0.0,0.0,False,0,0,13,0.0,0.7855273957501944,,0.005600500022410415,3,15435,0.5057440000091447
a8-cascade,ring-n60-load0.9-cascading-centralised,ring,60,0.9,cascading,CENTRALISED,cspf,16,11294737997233630303,0.28557364722505935,0.2365727357999451,0.35340391391769255,0.23891811924381606,0.31256621799901985,201.58594428530358,12.608812587287028,25.387718327703077,,0.0,True,0,0,9,0.0,0.5913972244935162,,0.05883860000176355,3,15989,0.792484700010391
a8-cascade,ring-n60-load0.9-cascading-centralised,ring,60,0.9,cascading,CENTRALISED,ecmp,16,11294737997233630303,0.22195093133867735,0.16824806752617277,0.2544935685665895,0.21370504683544542,0.2322817262545433,156.67477904096916,12.610038608148699,58.77589824193454,,0.0,True,0,0,13,0.0,0.4784659537652219,,0.08616170000459533,3,17312,0.6360726999992039
a8-cascade,ring-n60-load0.9-cascading-centralised,ring,60,0.9,cascading,CENTRALISED,orbit,16,11294737997233630303,0.23215768510454515,0.23228525545811834,0.2729824612245308,0.19953797469463003,0.23733150926138008,163.87970889347235,13.219480987818635,56.28709798801125,0.0,0.0,False,150,0,11,0.0,0.6483131443293909,,0.04112510001868941,3,17199,0.38843250001082197
a8-cascade,ring-n60-load0.9-cascading-centralised,ring,60,0.9,cascading,CENTRALISED,spf-reconverge,16,11294737997233630303,0.24957796087275588,0.2026849055063989,0.3238023791728455,0.21346802645918536,0.2532426308031332,176.17665146702015,13.79043606107228,22.29028357464936,,0.0,True,0,0,12,0.0,0.5403513471424832,,0.009667299993452616,3,16724,0.3800439000042388
a8-cascade,ring-n60-load0.9-cascading-centralised,ring,60,0.9,cascading,CENTRALISED,spf-static,16,11294737997233630303,0.24957796087275588,0.2026849055063989,0.3238023791728455,0.21346802645918536,0.2532426308031332,176.17665146702015,13.79043606107228,22.29028357464936,,0.0,True,0,0,12,0.0,0.5403513471424832,,0.005875900009414181,3,16724,0.7350546999950893
a8-cascade,ring-n60-load0.9-cascading-centralised,ring,60,0.9,cascading,CENTRALISED,cspf,17,4957250091708421675,0.2015675442358311,0.17369801717734928,0.15983783910415372,0.2256389126631956,0.22739373578359726,143.55182595068055,15.81966031859766,65.4025890240703,0.0,0.0,True,0,0,10,0.0,0.5535808322932882,,0.040669299982255325,3,17832,0.4655702000018209
a8-cascade,ring-n60-load0.9-cascading-centralised,ring,60,0.9,cascading,CENTRALISED,ecmp,17,4957250091708421675,0.29277843871714,0.26138271090634,0.20221702368120548,0.36755609128625183,0.3015166815707243,208.5101529423888,14.655961044155555,35.587347605329754,0.0,0.2,True,2,0,8,0.30000000000000004,0.6854049900131941,,0.10293490001640748,3,15665,0.7307648999994854
a8-cascade,ring-n60-load0.9-cascading-centralised,ring,60,0.9,cascading,CENTRALISED,orbit,17,4957250091708421675,0.1764480953173994,0.17369801717734928,0.1468134115104149,0.22567571836072672,0.14158520236915373,125.66232507499981,14.936720984918324,66.96370925430931,0.0,0.0,True,150,0,14,0.0,0.5535808322932882,,0.03881690000707749,3,18420,0.4518245999934152
a8-cascade,ring-n60-load0.9-cascading-centralised,ring,60,0.9,cascading,CENTRALISED,spf-reconverge,17,4957250091708421675,0.25067576411480574,0.3181571120255756,0.1866376001344497,0.2808994144136889,0.23505148160963624,178.52558454629263,17.21977258355961,51.0,0.0,0.0,True,14,0,14,0.0,0.7319631760686817,,0.02395240000623744,4,16773,0.6177890999970259
a8-cascade,ring-n60-load0.9-cascading-centralised,ring,60,0.9,cascading,CENTRALISED,spf-static,17,4957250091708421675,0.41531117960094427,0.3172792529458475,0.3332438865925832,0.4673283021570989,0.4850124795440978,295.77518739670506,15.355805370930858,27.37877213906325,0.0,0.0,True,0,0,6,0.0,0.7437794610867764,,0.005813200026750565,3,12981,1.239509299994097
a8-cascade,ring-n60-load0.9-cascading-centralised,ring,60,0.9,cascading,CENTRALISED,cspf,18,9707603031892202922,0.2457316820807604,0.27559654597658956,0.20574248834216852,0.26569419408691075,0.24143968485258807,180.78719320528654,11.12962758731717,27.36906503045376,,0.0,True,1,0,15,0.0,0.5541724234661618,,0.09287809998204466,3,16658,0.5019228000019211
a8-cascade,ring-n60-load0.9-cascading-centralised,ring,60,0.9,cascading,CENTRALISED,ecmp,18,9707603031892202922,0.2899148806648268,0.2969929450757679,0.24290189079255406,0.30056031584204035,0.32000323313134243,213.2932029766271,9.74133127175035,20.57714266038898,,0.0,True,16,0,11,0.0,0.5719132478654336,,0.07886630001303274,4,15638,0.6869595999887679
a8-cascade,ring-n60-load0.9-cascading-centralised,ring,60,0.9,cascading,CENTRALISED,orbit,18,9707603031892202922,0.35237257006894207,0.27559654597658956,0.32043374183575724,0.3643493244791529,0.4159792263067218,259.24393373240554,11.251074784241434,35.5461663067796,,0.0,True,152,0,9,0.0,0.5541724234661618,,0.08741350000491366,3,14308,0.9957911999954376
a8-cascade,ring-n60-load0.9-cascading-centralised,ring,60,0.9,cascading,CENTRALISED,spf-reconverge,18,9707603031892202922,0.19807216237637343,0.2596428876571755,0.16012564066304086,0.22999626934375786,0.1554678413751206,145.72362010836522,15.396033150439976,62.46461873661155,,0.0,True,57,0,18,0.0,0.36809090382892967,,0.01486419998400379,4,17508,0.45857399998931214
a8-cascade,ring-n60-load0.9-cascading-centralised,ring,60,0.9,cascading,CENTRALISED,spf-static,18,9707603031892202922,0.5679549671731519,0.7325319008590822,0.4154195653963993,0.6137946785336285,0.5632106402460414,417.85000417035775,13.078088580040312,27.861868765783335,,0.0,True,0,0,6,0.0,0.841270985951112,,0.006010200013406575,3,9159,1.6481580000108806
a8-cascade,ring-n60-load0.9-cascading-centralised,ring,60,0.9,cascading,CENTRALISED,cspf,19,17147349955486129700,0.35718933340415226,0.5422799770889734,0.3253333592119807,0.3361055659178564,0.3169233872959971,249.38124940831167,15.797871320140905,33.81900351407932,0.0,0.0,True,18,0,14,0.0,0.802045820941904,,0.0584140999999363,4,14302,0.8812401000031969
a8-cascade,ring-n60-load0.9-cascading-centralised,ring,60,0.9,cascading,CENTRALISED,ecmp,19,17147349955486129700,0.27074545074123435,0.42486300806993016,0.16671804467088935,0.25545769903450594,0.3129753974329466,189.02814967620932,13.02016988582484,56.34617810164977,0.0,0.0,True,18,0,11,0.0,0.7012304653222841,,0.060484900008304976,4,16130,0.5662768999900436
a8-cascade,ring-n60-load0.9-cascading-centralised,ring,60,0.9,cascading,CENTRALISED,orbit,19,17147349955486129700,0.23903935102136992,0.3515506608748623,0.16691461247883074,0.21922090414699205,0.2785159279523875,166.89169143808547,11.535658481661347,54.5856649454346,0.0,0.0,True,168,1,12,0.0,0.6075264389455417,,0.08181910001439974,4,16832,0.6037144000001717
a8-cascade,ring-n60-load0.9-cascading-centralised,ring,60,0.9,cascading,CENTRALISED,spf-reconverge,19,17147349955486129700,0.2704886171884655,0.42486300806993016,0.16671804467088935,0.25526176838017856,0.3122250600872586,188.8488344887454,12.99908910216615,56.34617810164977,0.0,0.0,True,18,0,11,0.0,0.7012304653222841,,0.012854400018113665,4,16132,0.41239369999675546
a8-cascade,ring-n60-load0.9-cascading-centralised,ring,60,0.9,cascading,CENTRALISED,spf-static,19,17147349955486129700,0.518172799004503,0.6949615607307613,0.37123402026180213,0.4881471514453136,0.6128645282196891,361.7761448630165,12.902343461171853,26.64740638787427,0.0,0.0,True,0,0,5,0.0,0.9365135758496358,,0.013461600014124997,3,10742,1.1851860000024317
a8-cascade,ring-n60-load0.9-cascading-centralised,ring,60,0.9,cascading,CENTRALISED,cspf,20,4501197759972476006,0.14552204925987436,0.12240903476333619,0.10499301269542824,0.23217498565531094,0.0734082907309459,108.10159474618972,19.76727404597264,123.9760345774467,0.0,0.0,True,21,0,24,0.0,0.2612423192654418,,0.06291359999158885,4,19154,0.43290550001256634
a8-cascade,ring-n60-load0.9-cascading-centralised,ring,60,0.9,cascading,CENTRALISED,ecmp,20,4501197759972476006,0.3107412325294172,0.2951491695696746,0.2562489876789086,0.4335459815558969,0.19661496122009192,230.83527864453305,15.668684826499156,36.3975411765123,0.0,0.0,False,5,0,15,0.0,0.7224099073694463,,0.058337599999504164,3,15739,0.9098804999957792
a8-cascade,ring-n60-load0.9-cascading-centralised,ring,60,0.9,cascading,CENTRALISED,orbit,20,4501197759972476006,0.15925042431580524,0.15712100113011734,0.13068835901580184,0.2637787014516366,0.03823465055205323,118.29976914222021,13.777063463336138,75.91668515004316,0.0,0.0,False,150,0,17,0.0,0.5202789521355506,,0.05266170001414139,3,18816,0.4076009999989765
a8-cascade,ring-n60-load0.9-cascading-centralised,ring,60,0.9,cascading,CENTRALISED,spf-reconverge,20,4501197759972476006,0.31069583888054686,0.2951491695696746,0.2562489876789086,0.4335459815558969,0.19643427880985762,230.80155780388253,15.91602128522447,36.3975411765123,0.0,0.0,False,5,0,15,0.0,0.7224099073694463,,0.011519799998495728,3,15739,0.6654011000064202
a8-cascade,ring-n60-load0.9-cascading-centralised,ring,60,0.9,cascading,CENTRALISED,spf-static,20,4501197759972476006,0.27271884609748537,0.2951491695696746,0.22278692698810126,0.36972013995519204,0.17146209117462846,202.59020767245278,13.171363214508359,22.394937535753737,0.0,0.0,False,0,0,15,0.0,0.7224099073694463,,0.005692900012945756,3,16464,0.4732244000042556
a8-cascade,ring-n60-load0.9-cascading-centralised,ring,60,0.9,cascading,CENTRALISED,cspf,21,10609131066440819393,0.3949245952233384,0.47986327187177713,0.415626945658788,0.2762184952108777,0.4806414035457955,289.62690761053204,13.61592129633188,30.451504603225345,0.0,0.0,True,2,0,9,0.0,0.8549491322066206,,0.06745719999889843,3,13364,0.7750943999999436
a8-cascade,ring-n60-load0.9-cascading-centralised,ring,60,0.9,cascading,CENTRALISED,ecmp,21,10609131066440819393,0.2841519837302712,0.3506510424176261,0.22887750250614403,0.1610400729525954,0.4527145055851305,208.38930098201487,13.801450773310625,28.402292994794227,0.0,0.0,True,9,0,12,0.0,0.7201245021620529,,0.07913610000105109,4,15890,0.6309555000043474
a8-cascade,ring-n60-load0.9-cascading-centralised,ring,60,0.9,cascading,CENTRALISED,orbit,21,10609131066440819393,0.39164198137231043,0.47986327187177713,0.4114909395180768,0.29540671881009545,0.4476071683418422,287.2195283030593,14.022520340656156,30.451504603225345,0.0,0.0,True,152,0,11,0.0,0.8549491322066206,,0.06961960000626277,3,13364,1.2589586999965832
a8-cascade,ring-n60-load0.9-cascading-centralised,ring,60,0.9,cascading,CENTRALISED,spf-reconverge,21,10609131066440819393,0.2858816612207876,0.3506510424176261,0.2335963496894677,0.16317038887843177,0.45226756075335545,209.65779919357476,13.734669317180074,28.402292994794227,0.0,0.0,True,9,0,10,0.0,0.7201245021620529,,0.01295449999452103,4,15843,0.46725090000836644
a8-cascade,ring-n60-load0.9-cascading-centralised,ring,60,0.9,cascading,CENTRALISED,spf-static,21,10609131066440819393,0.3943371210199066,0.4385686879873181,0.3489559410068456,0.31616568814667173,0.5093030164356873,289.19607008129515,14.035627980900784,26.640748779257247,0.0,0.0,True,0,0,8,0.0,0.8325030234696222,,0.014028099976712838,3,13456,1.0269800999958534
a8-cascade,ring-n60-load0.9-cascading-centralised,ring,60,0.9,cascading,CENTRALISED,cspf,22,11883164640839763477,0.42117107653630104,0.4005423847130968,0.40211764602801214,0.4332596509881449,0.4350644219806888,297.0584153691036,13.177684811453462,32.97210196834673,0.0,0.0,False,4,0,12,0.0,0.8283124838466174,,0.08498560001316946,2,12797,0.9971798999904422
a8-cascade,ring-n60-load0.9-cascading-centralised,ring,60,0.9,cascading,CENTRALISED,ecmp,22,11883164640839763477,0.23428402113351426,0.23827043050949906,0.31804551763431876,0.2076352567236701,0.18681672037209626,165.24411086482763,12.275778099413644,31.1729529265264,0.0,0.0,False,13,0,14,0.0,0.5314314705950239,,0.07707159999699797,3,17033,0.5815539000032004
a8-cascade,ring-n60-load0.9-cascading-centralised,ring,60,0.9,cascading,CENTRALISED,orbit,22,11883164640839763477,0.3318448131692239,0.26766925756429594,0.32249863510884286,0.37176792448878015,0.32380161898396403,234.055232755304,12.699409213727323,28.318493671829952,0.0,0.0,False,151,0,13,0.0,0.6927445768268733,,0.045523799999500625,2,14702,0.7683933999942383
a8-cascade,ring-n60-load0.9-cascading-centralised,ring,60,0.9,cascading,CENTRALISED,spf-reconverge,22,11883164640839763477,0.1961786564098893,0.23745168533532066,0.25214735327036963,0.17006311994538673,0.15373934186489255,138.36781310251885,13.805798611158863,61.59001629837585,0.0,0.0,False,19,0,15,0.0,0.539691934534394,,0.01990319999458734,3,17899,0.4601605999923777
a8-cascade,ring-n60-load0.9-cascading-centralised,ring,60,0.9,cascading,CENTRALISED,spf-static,22,11883164640839763477,0.34216800758910987,0.4006034184446386,0.38271950533194427,0.2877229936084878,0.34274791465563104,241.33633999832284,12.336528537383465,29.7485211245844,0.0,0.0,False,0,0,10,0.0,0.8089117510947745,,0.005335900015779771,2,14406,0.590565799997421
a8-cascade,ring-n60-load0.9-cascading-centralised,ring,60,0.9,cascading,CENTRALISED,cspf,23,6248507183906790990,0.1719150874022237,0.16151236883180498,0.19536334861796018,0.18479940245361348,0.13612969544213366,121.73982086597324,14.66401422842612,64.89207241644485,,0.0,True,0,0,12,0.0,0.46477145371300776,,0.03753219997452106,3,18635,0.30624200000602286
a8-cascade,ring-n60-load0.9-cascading-centralised,ring,60,0.9,cascading,CENTRALISED,ecmp,23,6248507183906790990,0.2591988162400184,0.2879730628624943,0.2580267929808056,0.29691535694456694,0.18943453220461842,183.54885504554034,16.375686453238686,54.29469865670061,0.0,0.0,False,15,0,13,0.0,0.6293331330024078,,0.09517139999661595,4,16698,0.5825658999965526
a8-cascade,ring-n60-load0.9-cascading-centralised,ring,60,0.9,cascading,CENTRALISED,orbit,23,6248507183906790990,0.331322930896131,0.3541870908814874,0.29788586547536067,0.35348260647731217,0.32093061891961333,234.62277142501978,13.710451599011778,37.40363056393359,,0.0,True,153,0,8,0.0,0.6917556899906312,,0.0523788999998942,3,14898,0.7220506000012392
a8-cascade,ring-n60-load0.9-cascading-centralised,ring,60,0.9,cascading,CENTRALISED,spf-reconverge,23,6248507183906790990,0.2538079106756776,0.28596360739202076,0.24677933651688977,0.2925319621277775,0.18661329494936119,179.73134322836788,13.85957632331988,29.670162509385765,,0.0,True,0,0,10,0.0,0.6525118544748355,,0.012248800005181693,3,16871,0.5379238000023179
a8-cascade,ring-n60-load0.9-cascading-centralised,ring,60,0.9,cascading,CENTRALISED,spf-static,23,6248507183906790990,0.2538079106756776,0.28596360739202076,0.24677933651688977,0.2925319621277775,0.18661329494936119,179.73134322836788,13.85957632331988,29.670162509385765,,0.0,True,0,0,10,0.0,0.6525118544748355,,0.01386919998913072,3,16871,0.6818769000092288
a8-cascade,ring-n60-load0.9-cascading-centralised,ring,60,0.9,cascading,CENTRALISED,cspf,24,6122928377672025767,0.23888294979073607,0.33791627008782366,0.15727454023512408,0.3133146203655988,0.16181420189120563,170.23165619641708,10.062517571324832,23.659654132986635,0.0,0.0,False,0,0,8,0.0,0.7619710038060584,,0.0884615999966627,3,16905,0.6519690999994054
a8-cascade,ring-n60-load0.9-cascading-centralised,ring,60,0.9,cascading,CENTRALISED,ecmp,24,6122928377672025767,0.29285727091888736,0.3880327986731114,0.15723760270966639,0.3816366736844309,0.24978584339571439,208.69458578503512,10.928822519470708,23.31524751928463,0.0,0.0,False,16,0,15,0.0,0.7682444471765899,,0.05142989999148995,3,15432,0.4944013000058476
a8-cascade,ring-n60-load0.9-cascading-centralised,ring,60,0.9,cascading,CENTRALISED,orbit,24,6122928377672025767,0.3375461760389471,0.4281511318190342,0.28592464552581903,0.41690056291160965,0.23074205368881806,240.5405854214953,14.790562493066336,41.13761855980615,0.0,0.0,False,156,0,9,0.0,0.8263365308575293,,0.09244710001803469,3,14565,0.9898892000055639
a8-cascade,ring-n60-load0.9-cascading-centralised,ring,60,0.9,cascading,CENTRALISED,spf-reconverge,24,6122928377672025767,0.29267366707134995,0.3880327986731114,0.15680847596149142,0.3815965360604855,0.24954042400401752,208.56374686548182,12.24346278602841,23.31524751928463,0.0,0.0,False,16,0,14,0.0,0.7682444471765899,,0.010567999983322807,3,15434,0.5245030000078259
a8-cascade,ring-n60-load0.9-cascading-centralised,ring,60,0.9,cascading,CENTRALISED,spf-static,24,6122928377672025767,0.4129906861835087,0.4281511318190342,0.3067069503296193,0.5491090760737622,0.32591778285121986,294.3035012096951,13.155939665640066,28.832943577813218,0.0,0.0,False,0,0,9,0.0,0.8263365308575293,,0.013942999998107553,2,12642,1.2488970999984303
a8-cascade,ring-n60-load0.9-cascading-centralised,ring,60,0.9,cascading,CENTRALISED,cspf,25,2994363002046352472,0.14173677334484566,0.11983508620199283,0.1332745941150334,0.20052983730677948,0.08719607015674026,101.23318972223151,16.250963784144624,118.84258347737676,0.0,0.0,True,0,0,15,0.0,0.43058381048192623,,0.046800300013273954,3,18912,0.5203978999925312
a8-cascade,ring-n60-load0.9-cascading-centralised,ring,60,0.9,cascading,CENTRALISED,ecmp,25,2994363002046352472,0.21692062968017345,0.11087952697876158,0.1977176014190902,0.27918636228841687,0.22093753165570107,154.93203874234726,14.004551416889294,64.93169281879925,0.0,0.0,True,0,0,11,0.0,0.40526421605791507,,0.06253309999010526,3,17035,0.528656200011028
a8-cascade,ring-n60-load0.9-cascading-centralised,ring,60,0.9,cascading,CENTRALISED,orbit,25,2994363002046352472,0.1583274928198537,0.05795272050553844,0.19496095763045282,0.21332524446083365,0.10862873041419806,113.08284181044088,12.272210897098457,73.3531296364549,0.0,0.0,True,150,0,13,0.0,0.21171906849127411,,0.09186590001627337,3,18358,0.4587747999903513
a8-cascade,ring-n60-load0.9-cascading-centralised,ring,60,0.9,cascading,CENTRALISED,spf-reconverge,25,2994363002046352472,0.1966809655682798,0.11087952697876158,0.1977176014190902,0.2277819416763278,0.20745297592604475,140.47618717608836,15.366939775743159,69.9865541451628,0.0,0.0,True,0,0,14,0.0,0.40526421605791507,,0.009247400012100115,3,17476,0.5412958999950206
a8-cascade,ring-n60-load0.9-cascading-centralised,ring,60,0.9,cascading,CENTRALISED,spf-static,25,2994363002046352472,0.1966809655682798,0.11087952697876158,0.1977176014190902,0.2277819416763278,0.20745297592604475,140.47618717608836,15.366939775743159,69.9865541451628,0.0,0.0,True,0,0,14,0.0,0.40526421605791507,,0.005673899999237619,3,17476,0.4374565000034636
a8-cascade,ring-n60-load0.9-cascading-centralised,ring,60,0.9,cascading,CENTRALISED,cspf,26,14463139776022249353,0.4975557831655231,0.5508162567358804,0.4351282342327859,0.4043680241948486,0.6601621981293226,361.31305512182183,13.13557374443368,26.441196487235544,,0.0,True,3,0,8,0.30000000000000004,0.7834711084731019,,0.05462939999415539,3,11153,1.3920835000026273
a8-cascade,ring-n60-load0.9-cascading-centralised,ring,60,0.9,cascading,CENTRALISED,ecmp,26,14463139776022249353,0.2472439842215471,0.1394579455836352,0.2630882907373657,0.22800478667199833,0.3247139419866904,179.54264088989643,11.843596421094237,21.35359786457695,,,True,2,0,10,0.0,0.2713192095278682,,0.04296459999750368,3,16558,0.4005429999961052
a8-cascade,ring-n60-load0.9-cascading-centralised,ring,60,0.9,cascading,CENTRALISED,orbit,26,14463139776022249353,0.2440007708167324,0.14738554125890682,0.26671394201862403,0.2109906529641269,0.32796251982469726,177.18749723896673,13.415544082717295,51.0,,,True,155,0,12,0.0,0.23448256825845154,,0.0760115000011865,4,16596,0.6012472000002163
a8-cascade,ring-n60-load0.9-cascading-centralised,ring,60,0.9,cascading,CENTRALISED,spf-reconverge,26,14463139776022249353,0.24712436020369696,0.1394579455836352,0.2630882907373657,0.2280047866719983,0.32423403270075085,179.4557728023015,12.243006757887562,21.35359786457695,,,True,2,0,11,0.0,0.2713192095278682,,0.011777000021538697,3,16558,0.5472201999946265
a8-cascade,ring-n60-load0.9-cascading-centralised,ring,60,0.9,cascading,CENTRALISED,spf-static,26,14463139776022249353,0.24583050828864145,0.1308532955944371,0.2630882907373657,0.2280047866719983,0.32423403270075085,178.51620862855256,12.114586653950992,21.293307903668143,,,True,0,0,11,0.0,0.3270933512873517,,0.0055554999999003485,3,16588,0.4252023000008194
a8-cascade,ring-n60-load0.9-cascading-centralised,ring,60,0.9,cascading,CENTRALISED,cspf,27,9285999695895662317,0.3954022741567219,0.4876423209567816,0.43838061590134125,0.44384975972757046,0.25243679638517896,278.76950565428814,12.92905657823959,34.858874821610385,0.0,0.0,True,4,0,5,0.30000000000000004,0.8654418584282092,,0.05065190001914743,3,13221,0.9202539999969304
a8-cascade,ring-n60-load0.9-cascading-centralised,ring,60,0.9,cascading,CENTRALISED,ecmp,27,9285999695895662317,0.30256912844141737,0.3383772661366932,0.2843837454195982,0.35433222242817297,0.23635643367122594,213.31957824913997,13.232387518612246,27.435935280736786,0.0,0.0,False,9,0,11,0.0,0.7173796254581505,,0.06281420000595972,4,15301,0.6848180999950273
a8-cascade,ring-n60-load0.9-cascading-centralised,ring,60,0.9,cascading,CENTRALISED,orbit,27,9285999695895662317,0.3147473372235317,0.3350601533981959,0.34903472723437234,0.34890365308863897,0.23278306143361774,221.9055512286457,11.631533518906176,25.31552624329851,0.0,0.0,False,150,0,9,0.0,0.7595450694725412,,0.04749310000624973,3,15141,0.5297846000030404
a8-cascade,ring-n60-load0.9-cascading-centralised,ring,60,0.9,cascading,CENTRALISED,spf-reconverge,27,9285999695895662317,0.30661859598320446,0.3383772661366932,0.2843837454195982,0.3661046660724076,0.23635643367122594,216.17456452152453,12.932739603501235,26.728753977460592,0.0,0.0,False,8,0,10,0.0,0.7173796254581505,,0.01907480000227224,4,15154,0.7874218000069959
a8-cascade,ring-n60-load0.9-cascading-centralised,ring,60,0.9,cascading,CENTRALISED,spf-static,27,9285999695895662317,0.3380784790739488,0.36525185019491363,0.30694218864835526,0.40356865556473787,0.27034610752648536,238.35464953963037,12.500555307136594,25.484052031574294,,,True,0,0,7,0.0,0.7390083373548986,,0.005488899987540208,3,14264,0.8050873000029242
a8-cascade,ring-n60-load0.9-cascading-centralised,ring,60,0.9,cascading,CENTRALISED,cspf,28,12136892602393499779,0.330775583139559,0.2064318139557757,0.3602033456781567,0.36875211800481356,0.3175364187622746,233.28882637042935,12.96538940336112,36.65258340419951,0.0,0.0,False,9,0,9,0.0,0.5458370158232044,,0.06206009999732487,4,14745,0.9697039000020595
a8-cascade,ring-n60-load0.9-cascading-centralised,ring,60,0.9,cascading,CENTRALISED,ecmp,28,12136892602393499779,0.33764137584067105,0.3118339594002674,0.3426401355238639,0.36762815502898766,0.3058630717048835,238.13112067202928,13.93566818006451,36.65258340419951,,0.0,True,27,0,10,0.0,0.5309336730215807,,0.09104210002988111,4,14763,0.940618299995549
a8-cascade,ring-n60-load0.9-cascading-centralised,ring,60,0.9,cascading,CENTRALISED,orbit,28,12136892602393499779,0.32223088746988765,0.30521965714036664,0.45809454291280916,0.2936014995833479,0.24556954837393613,227.26243831134127,13.619284109050978,29.500644881531674,,0.0,True,174,6,9,0.0,0.5294206081257037,,0.06778320000739768,4,14769,0.9298229999985779
a8-cascade,ring-n60-load0.9-cascading-centralised,ring,60,0.9,cascading,CENTRALISED,spf-reconverge,28,12136892602393499779,0.33771501445761515,0.3118339594002674,0.3426401355238639,0.36762815502898766,0.30614299860933925,238.18305638735438,13.492624733351068,36.65258340419951,,0.0,True,26,0,9,0.0,0.5309336730215807,,0.02323700000124518,4,14763,0.8868767999956617
a8-cascade,ring-n60-load0.9-cascading-centralised,ring,60,0.9,cascading,CENTRALISED,spf-static,28,12136892602393499779,0.43416801810860395,0.34695830340492195,0.4356695261243193,0.4709454381992566,0.42863612183875355,306.2092625784814,12.375393254290866,28.591389107327565,,0.0,True,0,0,5,0.0,0.6154736542659134,,0.014051300022401847,3,12687,0.9844417999993311
a8-cascade,ring-n60-load0.9-cascading-centralised,ring,60,0.9,cascading,CENTRALISED,cspf,29,16708673668924548910,0.2759926252460686,0.16785778620792283,0.31220773075075603,0.22926563251827817,0.37646978275528237,186.92018074724783,15.990355700548008,34.52392702151048,0.0,0.0,False,0,0,11,0.0,0.5422409575854087,,0.0460381999873789,3,15582,0.5597973000112688
a8-cascade,ring-n60-load0.9-cascading-centralised,ring,60,0.9,cascading,CENTRALISED,ecmp,29,16708673668924548910,0.30369717473604235,0.26227302074027325,0.3147423979627224,0.22914351332211105,0.4313580496414061,205.68350601208022,19.323485409991793,42.96974887986475,0.0,0.0,False,5,0,13,0.0,0.6864579418008206,,0.0838616999972146,3,15002,1.0045951999927638
a8-cascade,ring-n60-load0.9-cascading-centralised,ring,60,0.9,cascading,CENTRALISED,orbit,29,16708673668924548910,0.20272447866622198,0.13324541774153464,0.19495457769644037,0.20793294099143547,0.24815646250813622,137.2982200535142,16.065127664198712,74.71370496642065,0.0,0.0,False,163,0,16,0.0,0.3577127489207122,,0.11383129999740049,4,17745,0.6579001999925822
a8-cascade,ring-n60-load0.9-cascading-centralised,ring,60,0.9,cascading,CENTRALISED,spf-reconverge,29,16708673668924548910,0.30375148175978645,0.26227302074027325,0.3147423979627224,0.22925296698831074,0.43142372403903034,205.72028626548388,19.107826737671882,42.96974887986475,0.0,0.0,False,4,0,12,0.0,0.6864579418008206,,0.010452999995322898,3,15002,0.6468304000009084
a8-cascade,ring-n60-load0.9-cascading-centralised,ring,60,0.9,cascading,CENTRALISED,spf-static,29,16708673668924548910,0.27446868373643024,0.26227302074027325,0.25680821482679794,0.22925296698831074,0.3705493797955608,185.88806830520028,17.135024863026683,30.497706884929116,0.0,0.0,False,0,0,12,0.0,0.6864579418008206,,0.0055921000021044165,3,15582,0.7678947999957018
a8-cascade,scale_free-n60-load0.9-cascading-centralised,scale_free,60,0.9,cascading,CENTRALISED,cspf,0,266686485615056643,0.055032545463826486,0.0702643043161289,0.09185741299881416,0.028242289652265072,0.050664683210664876,394.8499235323487,27.63497944044951,106.08080472475073,,,True,179,0,106,0.1,0.08712168825839033,,0.0971525999775622,5,20332,0.3492566000059014
a8-cascade,scale_free-n60-load0.9-cascading-centralised,scale_free,60,0.9,cascading,CENTRALISED,ecmp,0,266686485615056643,0.05627120967486511,0.05074667428118794,0.12063298127785395,0.049006446985977156,0.013933861402466422,403.7371459002899,32.831328455725874,121.98661350153004,,,True,388,0,102,0.1,0.0,,0.3956484000373166,10,20535,0.7794697000063024
a8-cascade,scale_free-n60-load0.9-cascading-centralised,scale_free,60,0.9,cascading,CENTRALISED,orbit,0,266686485615056643,0.04544240942204452,0.04369947187232075,0.12111819790195119,0.026912851671068952,0.006101723285096143,326.0421943813966,35.19095263900406,154.09087622696808,,,True,306,4,117,0.0,0.0,,0.1874606999772368,5,20803,0.5446261000033701
a8-cascade,scale_free-n60-load0.9-cascading-centralised,scale_free,60,0.9,cascading,CENTRALISED,spf-reconverge,0,266686485615056643,0.036331364956300544,0.056237332070958254,0.0695623502502484,0.022487132065151027,0.016067940401715212,260.6718725058891,47.18452146491583,155.0656425949386,,0.0,True,291,0,117,0.6000000000000001,0.17657302865665317,,0.050201299993204884,7,20668,0.3170625999919139
a8-cascade,scale_free-n60-load0.9-cascading-centralised,scale_free,60,0.9,cascading,CENTRALISED,spf-static,0,266686485615056643,0.15068038994099578,0.16964395724102255,0.15012902536220654,0.1389337657919728,0.15675508140512576,1081.108277739654,5.680928643101794,4.071743674995437,0.0,0.0,False,0,0,37,0.0,0.5833809293727008,,0.008353000011993572,2,18522,0.27212490000238176
a8-cascade,scale_free-n60-load0.9-cascading-centralised,scale_free,60,0.9,cascading,CENTRALISED,cspf,1,11800420753426990870,0.0793189777899215,0.10824577264985505,0.15182174405606283,0.04588017816651808,0.0438694589857009,602.4314858261412,19.0534449802162,103.14932978458839,,,True,161,0,106,0.30000000000000004,0.25210261037250986,,0.17934089999471325,6,20092,0.5599924999987707
a8-cascade,scale_free-n60-load0.9-cascading-centralised,scale_free,60,0.9,cascading,CENTRALISED,ecmp,1,11800420753426990870,0.11546345072150502,0.23770659303103894,0.1825606217492902,0.07289726944350178,0.04751283223296425,876.9505119064714,15.436853725361733,102.0,,,True,310,0,97,0.0,0.4882735416021451,,0.2356255000049714,12,19229,0.5225815000012517
a8-cascade,scale_free-n60-load0.9-cascading-centralised,scale_free,60,0.9,cascading,CENTRALISED,orbit,1,11800420753426990870,0.08835236573292915,0.14204387952733263,0.15237181745566777,0.0763996184590617,0.019723736863411313,671.0405056620161,18.24352297807676,104.16004704905278,,,True,278,0,108,0.30000000000000004,0.2775807649696575,,0.10447769997699652,6,19685,0.3697879999963334
a8-cascade,scale_free-n60-load0.9-cascading-centralised,scale_free,60,0.9,cascading,CENTRALISED,spf-reconverge,1,11800420753426990870,0.09042635412424062,0.17023537033741784,0.13528639426487649,0.0748412283769055,0.02947193706014181,686.7925481489112,19.09683511779116,104.04606418511662,,0.5,True,252,0,117,1.6,0.3550028128872265,,0.06498510001983959,9,19462,0.49571600000490434
a8-cascade,scale_free-n60-load0.9-cascading-centralised,scale_free,60,0.9,cascading,CENTRALISED,spf-static,1,11800420753426990870,0.21481667797255233,0.3035568664079821,0.3154161483066875,0.1741085216312388,0.13283697846262194,1631.5430946928302,3.8323453088140105,3.1202325459227245,0.0,0.0,False,0,0,33,0.0,0.7562356229280367,,0.00814219999301713,2,17199,0.49198590000742115
a8-cascade,scale_free-n60-load0.9-cascading-centralised,scale_free,60,0.9,cascading,CENTRALISED,cspf,2,2225586967419470391,0.058994147474483755,0.0447356631171885,0.1296427925122305,0.03371117630169501,0.031160589522432995,435.51451246042717,30.33102206696369,155.0598401206391,,,True,166,0,123,0.0,0.0,,0.1714400999917416,5,20596,0.49376079998910427
a8-cascade,scale_free-n60-load0.9-cascading-centralised,scale_free,60,0.9,cascading,CENTRALISED,ecmp,2,2225586967419470391,0.09835244509838222,0.09124325402408644,0.1601461493034141,0.07179692864716875,0.07640883294885814,726.0706190362266,20.99263469456367,104.05315584827001,,,True,366,0,104,0.2,0.12057292409883233,,0.3720162999961758,9,19520,0.7563299000030383
a8-cascade,scale_free-n60-load0.9-cascading-centralised,scale_free,60,0.9,cascading,CENTRALISED,orbit,2,2225586967419470391,0.0761121457043218,0.07436031898524954,0.15430234937118115,0.04284359576042416,0.04332271284584248,561.8852962164071,23.337422367611733,106.36182187773007,,0.0,True,282,0,123,0.0,0.10133419855907423,,0.17647669999860227,5,20134,0.5849616999912541
a8-cascade,scale_free-n60-load0.9-cascading-centralised,scale_free,60,0.9,cascading,CENTRALISED,spf-reconverge,2,2225586967419470391,0.08091476256031353,0.07843781470254643,0.0902936957411885,0.056281008791296,0.10536453815715638,597.3398188786107,21.488675488949415,104.06529026060633,,0.5,True,260,0,111,0.6000000000000001,0.18210316332827955,,0.05186870002944488,7,19491,0.4821678000007523
a8-cascade,scale_free-n60-load0.9-cascading-centralised,scale_free,60,0.9,cascading,CENTRALISED,spf-static,2,2225586967419470391,0.1461412553644006,0.08610930573368,0.14100402993000657,0.12901330413782972,0.2116045099823843,1078.8635874077215,6.179876564875122,51.0,0.0,0.0,False,0,0,42,0.0,0.38158269788251714,,0.008324700014782138,3,18375,0.31062309999833815
a8-cascade,scale_free-n60-load0.9-cascading-centralised,scale_free,60,0.9,cascading,CENTRALISED,cspf,3,6196941691978826040,0.07071615831586966,0.03696956222162611,0.08066078566375708,0.08768119808910019,0.05680356032080845,513.4255805867149,23.352659163620206,106.0839762329469,,0.0,True,149,0,104,0.0,0.0,,0.10355720001098234,6,20416,0.3525923999986844
a8-cascade,scale_free-n60-load0.9-cascading-centralised,scale_free,60,0.9,cascading,CENTRALISED,ecmp,3,6196941691978826040,0.09417907179059647,0.09274558056673307,0.08729612869260438,0.07005861167256815,0.13386970293568912,683.7750489389016,18.438875395108173,103.02544716497466,,,True,222,0,92,0.0,0.1991034326936421,,0.18170350001309998,9,19848,0.4936450999957742
a8-cascade,scale_free-n60-load0.9-cascading-centralised,scale_free,60,0.9,cascading,CENTRALISED,orbit,3,6196941691978826040,0.05371581772512072,0.09734213550274605,0.050465160519420876,0.028263370862403953,0.06721867095821527,389.9967922327186,30.646177610487907,154.40571956964084,0.0,0.0,True,301,1,107,0.0,0.17877633834876858,,0.1160059999965597,6,20531,0.3671126999979606
a8-cascade,scale_free-n60-load0.9-cascading-centralised,scale_free,60,0.9,cascading,CENTRALISED,spf-reconverge,3,6196941691978826040,0.05866593818562467,0.07706783022108978,0.029636620439267895,0.05746196843653271,0.07808099469276945,425.93650575697643,28.633162936661645,107.13771561380165,,,True,275,0,109,0.6000000000000001,0.1025374604218094,,0.03910139997606166,6,20278,0.43162560000200756
a8-cascade,scale_free-n60-load0.9-cascading-centralised,scale_free,60,0.9,cascading,CENTRALISED,spf-static,3,6196941691978826040,0.10514329542442573,0.16427164384559292,0.08790468084087809,0.09315147409698082,0.10558168028351565,763.3793857544957,7.492287427881984,53.022833245521724,0.0,0.0,False,0,0,39,0.0,0.5641083994840392,,0.012419999999110587,2,19551,0.34282160000293516
a8-cascade,scale_free-n60-load0.9-cascading-centralised,scale_free,60,0.9,cascading,CENTRALISED,cspf,4,3080686158776530774,0.03325697053206361,0.034346526426224225,0.030705196600079844,0.04869130146029088,0.01407106481251925,248.36110421011463,46.89630634242227,155.04073507362804,,,True,223,0,114,0.0,0.0,,0.21705250001105014,5,20843,0.5912076000095112
a8-cascade,scale_free-n60-load0.9-cascading-centralised,scale_free,60,0.9,cascading,CENTRALISED,ecmp,4,3080686158776530774,0.06332076881803546,0.06699827466621476,0.027612832486628682,0.1018915113700344,0.04581202373645861,472.87578548137975,27.821213644471438,105.2442068083294,,,True,276,0,104,0.0,0.07353149251134374,,0.3551780999841867,9,20277,0.7935743999987608
a8-cascade,scale_free-n60-load0.9-cascading-centralised,scale_free,60,0.9,cascading,CENTRALISED,orbit,4,3080686158776530774,0.07379730334292248,0.07595335416099991,0.05674652027555162,0.1204217245248876,0.026355050776254624,551.1139304858302,20.319179480176025,105.06827918881237,,,True,235,1,98,0.1,0.1567982249232696,,0.08615070002269931,6,20171,0.34041720000095665
a8-cascade,scale_free-n60-load0.9-cascading-centralised,scale_free,60,0.9,cascading,CENTRALISED,spf-reconverge,4,3080686158776530774,0.040142642696099115,0.04219668699643938,0.027620121697933007,0.06830017266304828,0.013413024096647219,299.78289983758884,39.92695622392707,154.0226613615106,,,True,231,0,114,0.0,0.0,,0.035082199989119545,5,20669,0.48841549998905975
a8-cascade,scale_free-n60-load0.9-cascading-centralised,scale_free,60,0.9,cascading,CENTRALISED,spf-static,4,3080686158776530774,0.13145693382554186,0.12416435183491145,0.148097203752416,0.12878996136741822,0.12171024691099006,981.7126671086982,6.796991974851658,52.02107945538729,0.0,0.0,False,0,0,45,0.0,0.4853180210989848,,0.008025099989026785,2,18963,0.3027482999896165
a8-cascade,scale_free-n60-load0.9-cascading-centralised,scale_free,60,0.9,cascading,CENTRALISED,cspf,5,1879472072605190241,0.05992138755267372,0.0836449958439366,0.04692959859378914,0.06500902095493633,0.05322537436510313,460.1952501741842,29.491817510148703,153.0,,0.0,True,143,0,121,0.1,0.16481804724005192,,0.09282670002721716,6,20436,0.409105400001863
a8-cascade,scale_free-n60-load0.9-cascading-centralised,scale_free,60,0.9,cascading,CENTRALISED,ecmp,5,1879472072605190241,0.03951101055854909,0.06439122839272579,0.06462474701758841,0.017143512899530287,0.026825743753449392,303.4438976007158,45.38553463323551,153.0,,,True,294,0,107,0.0,0.07144439380287584,,0.25018509999790695,8,20924,0.6043657999980496
a8-cascade,scale_free-n60-load0.9-cascading-centralised,scale_free,60,0.9,cascading,CENTRALISED,orbit,5,1879472072605190241,0.06620307885531751,0.1320525348180382,0.06302516379981382,0.026670046165176483,0.08562509634089698,508.43853389314023,22.184235710553544,106.12245763724883,,0.0,True,275,3,103,0.0,0.3125803818748984,,0.22973640001146123,6,20342,0.6407218999956967
a8-cascade,scale_free-n60-load0.9-cascading-centralised,scale_free,60,0.9,cascading,CENTRALISED,spf-reconverge,5,1879472072605190241,0.043192313074606664,0.09238328843927972,0.03238522233692663,0.039264824492139555,0.031127576641993872,331.7162391057379,40.18180928371144,156.0787387929056,,1.0,True,293,0,129,1.1,0.13549791830555982,,0.04778900000383146,8,20306,0.3833234000048833
a8-cascade,scale_free-n60-load0.9-cascading-centralised,scale_free,60,0.9,cascading,CENTRALISED,spf-static,5,1879472072605190241,0.15215205981493055,0.2331402341276827,0.13965850135003807,0.14207087575431976,0.13126584663935836,1168.5252643640606,5.414094916164274,4.06337353365303,0.0,0.0,False,0,0,41,0.0,0.7234454379544392,,0.008283499992103316,2,18375,0.24634399999922607
a8-cascade,scale_free-n60-load0.9-cascading-centralised,scale_free,60,0.9,cascading,CENTRALISED,cspf,6,10481916229843943607,0.04076141278134939,0.06461110658649669,0.02379365155565144,0.04095351375682045,0.04363590138789984,325.71799187570144,40.39930209266614,154.02,,,True,165,0,123,0.6000000000000001,0.1092927785455953,,0.09335749999445397,6,21056,0.42749850000836886
a8-cascade,scale_free-n60-load0.9-cascading-centralised,scale_free,60,0.9,cascading,CENTRALISED,ecmp,6,10481916229843943607,0.11237021069484127,0.06121380706483892,0.053713257275245216,0.1589015548212216,0.1423450171525139,897.9325513202074,16.016113744143404,103.03084812763025,,0.0,True,271,0,103,0.1,0.07733472889477473,,0.256181699980516,9,19342,0.726186100000632
a8-cascade,scale_free-n60-load0.9-cascading-centralised,scale_free,60,0.9,cascading,CENTRALISED,orbit,6,10481916229843943607,0.06194200632656118,0.05658729036332797,0.03438799262399615,0.06560144369266774,0.08720338123474194,494.96875934268337,24.84677880484437,106.07343220947813,,,True,260,3,111,0.1,0.18177868445739276,,0.16301250002288725,6,20609,0.5758509000006597
a8-cascade,scale_free-n60-load0.9-cascading-centralised,scale_free,60,0.9,cascading,CENTRALISED,spf-reconverge,6,10481916229843943607,0.047193036611383604,0.04202272772607738,0.026745437836959086,0.09116799600187993,0.01766420639214305,377.1120789662545,37.594983112287665,154.09357991728075,,,True,230,0,132,0.6000000000000001,0.09971574539033491,,0.027878299995791167,6,20525,0.29785039999114815
a8-cascade,scale_free-n60-load0.9-cascading-centralised,scale_free,60,0.9,cascading,CENTRALISED,spf-static,6,10481916229843943607,0.12082926666388676,0.043502492007643376,0.10682883828908159,0.15300489991827165,0.1392749082340795,965.5275274360096,7.212935804542874,52.03176826045251,0.0,0.0,False,0,0,51,0.0,0.1791768399427142,,0.019904699991457164,2,19404,0.39736039999115746
a8-cascade,scale_free-n60-load0.9-cascading-centralised,scale_free,60,0.9,cascading,CENTRALISED,cspf,7,15902366928440803490,0.04269914462840561,0.0346353237426708,0.044987648935566844,0.05798535093425817,0.025057300773162802,352.40265867422556,35.891241321547916,154.0168562768211,,,True,199,0,118,0.0,0.0,,0.15252409999084193,5,20852,0.5788284000009298
a8-cascade,scale_free-n60-load0.9-cascading-centralised,scale_free,60,0.9,cascading,CENTRALISED,ecmp,7,15902366928440803490,0.03388618430680261,0.039997632011659526,0.051242871189645316,0.020848806116104308,0.031923375738460213,279.6679311954629,46.90485013794653,153.0,,0.5,True,284,0,113,0.6000000000000001,0.0,,0.214001999978791,10,21029,0.5006116999866208
a8-cascade,scale_free-n60-load0.9-cascading-centralised,scale_free,60,0.9,cascading,CENTRALISED,orbit,7,15902366928440803490,0.044507377843949834,0.04098320220028326,0.04908965029878672,0.07146109850882328,0.006723070444635785,367.32628766507224,30.288838997533702,108.1324921987154,,,True,290,4,104,0.1,0.0,,0.10974329999589827,5,20975,0.3453250000020489
a8-cascade,scale_free-n60-load0.9-cascading-centralised,scale_free,60,0.9,cascading,CENTRALISED,spf-reconverge,7,15902366928440803490,0.03353139194313509,0.04776573021277333,0.04516060554751099,0.03533820842286133,0.012399568558013324,276.73977482788615,47.700477524390294,155.04707434363834,,,True,271,0,126,0.0,0.0,,0.026152699982048944,5,20818,0.3921157000004314
a8-cascade,scale_free-n60-load0.9-cascading-centralised,scale_free,60,0.9,cascading,CENTRALISED,spf-static,7,15902366928440803490,0.12187406387171656,0.1977378095477955,0.1420721140707102,0.11647227749581139,0.06691148657418766,1005.8455387242967,6.468339100236764,52.022102276187695,0.0,0.0,False,0,0,45,0.0,0.6381527911708159,,0.008200799988117069,3,19257,0.3763939000054961
a8-cascade,scale_free-n60-load0.9-cascading-centralised,scale_free,60,0.9,cascading,CENTRALISED,cspf,8,10482090051068808452,0.07420392767281928,0.08323289751107371,0.05346595754149946,0.10353698422755622,0.05424172858863961,579.6484848990623,19.328996983751377,104.07152601033876,,,True,165,0,101,0.6000000000000001,0.2673380602149946,,0.11357140001200605,6,20190,0.3560221000079764
a8-cascade,scale_free-n60-load0.9-cascading-centralised,scale_free,60,0.9,cascading,CENTRALISED,ecmp,8,10482090051068808452,0.07685891938654527,0.06500463491200245,0.06946722375137937,0.1008146626584124,0.06241479475933479,600.3881138182543,22.28936078464942,104.04141252036801,,,True,264,0,106,0.0,0.0667445671865683,,0.28674099998897873,11,19932,0.7412967999989633
a8-cascade,scale_free-n60-load0.9-cascading-centralised,scale_free,60,0.9,cascading,CENTRALISED,orbit,8,10482090051068808452,0.07778721505709485,0.0980317971029693,0.053236399149649644,0.12472842940778779,0.034023097858230746,607.6395517926019,18.139390792728953,104.11292527501533,,0.0,True,263,0,101,0.0,0.1852328769390111,,0.20472720001998823,5,20039,0.5385458999953698
a8-cascade,scale_free-n60-load0.9-cascading-centralised,scale_free,60,0.9,cascading,CENTRALISED,spf-reconverge,8,10482090051068808452,0.06836679544921762,0.07661412655946774,0.07633916212375154,0.06581465344263418,0.05881362265959531,534.0513722437229,24.48247872668612,153.0,,0.0,True,256,0,120,0.1,0.29881689644941584,,0.032171800019568764,7,19971,0.40081790000840556
a8-cascade,scale_free-n60-load0.9-cascading-centralised,scale_free,60,0.9,cascading,CENTRALISED,spf-static,8,10482090051068808452,0.1702295475090745,0.24120603772937815,0.12137273941450916,0.2257008682739235,0.11052991861471567,1329.758442622597,4.485792528715598,4.0588720743936095,0.0,0.0,False,0,0,36,0.0,0.676066999001964,,0.008179700002074242,3,18081,0.3546604000002844
a8-cascade,scale_free-n60-load0.9-cascading-centralised,scale_free,60,0.9,cascading,CENTRALISED,cspf,9,7634962571501669575,0.05478836719360093,0.033793382355596535,0.03608552697295796,0.047612320635034504,0.09524734868168393,439.0160375512061,25.516436609927272,105.06653618215417,,,True,173,0,107,0.0,0.0,,0.11972679999598768,5,20625,0.5322462000040105
a8-cascade,scale_free-n60-load0.9-cascading-centralised,scale_free,60,0.9,cascading,CENTRALISED,ecmp,9,7634962571501669575,0.06420815163503689,0.045220300762315105,0.028237846246051124,0.07903420373415847,0.08913227316465215,514.4962289110376,29.019443906091904,105.3053643694657,,,True,266,0,113,0.2,0.11034932633297648,,0.21231299999635667,11,20533,0.48596469999756664
a8-cascade,scale_free-n60-load0.9-cascading-centralised,scale_free,60,0.9,cascading,CENTRALISED,orbit,9,7634962571501669575,0.049826908555357374,0.03924965859781339,0.026150231431585208,0.06621158622997567,0.055652876788282256,399.260154625564,28.157781944935625,105.81837472911792,,,True,275,2,106,0.0,0.0,,0.1174989999999525,6,20908,0.36025119999249
a8-cascade,scale_free-n60-load0.9-cascading-centralised,scale_free,60,0.9,cascading,CENTRALISED,spf-reconverge,9,7634962571501669575,0.05236650626723358,0.04418586081554193,0.02919377049557368,0.045832793216008166,0.08932846226518977,419.60980513626987,30.537221177774526,106.07875163639333,,0.0,True,264,0,117,0.6000000000000001,0.07531043373931502,,0.03642560000298545,6,20433,0.4271188999991864
a8-cascade,scale_free-n60-load0.9-cascading-centralised,scale_free,60,0.9,cascading,CENTRALISED,spf-static,9,7634962571501669575,0.10848055097425706,0.13029496881390745,0.1348335523605227,0.10368978490421872,0.07715777967906375,869.24842041382,6.558921512497625,52.02753741195679,0.0,0.0,False,0,0,41,0.0,0.5202851865416136,,0.008233600005041808,2,19257,0.3184367999929236
a8-cascade,scale_free-n60-load0.9-cascading-centralised,scale_free,60,0.9,cascading,CENTRALISED,cspf,10,9723117558920786488,0.05144538293240321,0.03613281853559426,0.050025317973949913,0.06356973225324832,0.045425476155721775,397.6526109614792,32.86153406896273,153.0,,0.0,True,157,0,129,0.6000000000000001,0.1508123055081254,,0.12058460000844207,6,20756,0.439497899991693
a8-cascade,scale_free-n60-load0.9-cascading-centralised,scale_free,60,0.9,cascading,CENTRALISED,ecmp,10,9723117558920786488,0.08884565556981043,0.1258937646499116,0.08744310682414552,0.09813025324771207,0.051325323664890156,686.7420339030416,20.979835131369228,105.14000000000001,,,True,253,0,107,0.0,0.2783025932554153,,0.25476049999997485,10,19553,0.6348175000021001
a8-cascade,scale_free-n60-load0.9-cascading-centralised,scale_free,60,0.9,cascading,CENTRALISED,orbit,10,9723117558920786488,0.06742507181444252,0.0938731839476446,0.07829078894174013,0.0652572889547092,0.0413028753398525,521.1693318816906,20.77593310821606,105.0481744341325,,,True,268,1,103,0.0,0.15061522266954794,,0.22424710002087522,6,20468,0.7340925999887986
a8-cascade,scale_free-n60-load0.9-cascading-centralised,scale_free,60,0.9,cascading,CENTRALISED,spf-reconverge,10,9723117558920786488,0.06492175288135639,0.11713653306353068,0.04295946482063207,0.08182904629003412,0.027182027800860584,501.8196594121712,24.47263542867469,106.12040736508487,,0.0,True,224,0,112,0.1,0.21815063518832511,,0.05116600000474136,6,20062,0.4179167999973288
a8-cascade,scale_free-n60-load0.9-cascading-centralised,scale_free,60,0.9,cascading,CENTRALISED,spf-static,10,9723117558920786488,0.18011530298804163,0.19410732711091735,0.14300092077888157,0.21652274288890258,0.15534613705001282,1392.220573057495,4.62454751114413,3.072040402339206,0.0,0.0,False,0,0,37,0.0,0.6679796069121677,,0.008111000002827495,2,17640,0.2928347999986727
a8-cascade,scale_free-n60-load0.9-cascading-centralised,scale_free,60,0.9,cascading,CENTRALISED,cspf,11,5314029030686934564,0.04971948155660077,0.035072894728280166,0.02154756047754695,0.08177883247924528,0.043070221874489716,364.39438735473306,31.805661197167776,154.02210957011286,,,True,151,0,105,0.0,0.0,,0.12314889999106526,5,20536,0.46999320000759326
a8-cascade,scale_free-n60-load0.9-cascading-centralised,scale_free,60,0.9,cascading,CENTRALISED,ecmp,11,5314029030686934564,0.07507393980341147,0.06314050735079009,0.08542053147444806,0.09245815845772079,0.04898127672152334,550.2173684137778,21.89564083223264,104.0482715048441,,0.0,True,296,0,93,0.6000000000000001,0.27728753433936926,,0.3147037000017008,10,19697,0.797243900000467
a8-cascade,scale_free-n60-load0.9-cascading-centralised,scale_free,60,0.9,cascading,CENTRALISED,orbit,11,5314029030686934564,0.05949848045407996,0.04025538060330478,0.08091804428339412,0.04471683933744938,0.07172167617903631,436.0647306613692,26.494293813838237,107.21273019243655,,0.0,True,321,4,102,0.0,0.0,,0.10402520002389792,5,20411,0.35170430000289343
a8-cascade,scale_free-n60-load0.9-cascading-centralised,scale_free,60,0.9,cascading,CENTRALISED,spf-reconverge,11,5314029030686934564,0.06970902823569736,0.07230256073612834,0.05966772455781933,0.07067443062062614,0.07650179196082205,510.8978984047433,24.943926314020498,105.33599217381062,,0.0,True,204,0,113,0.1,0.09181747834066836,,0.02709169998706784,5,20197,0.30060689999663737
a8-cascade,scale_free-n60-load0.9-cascading-centralised,scale_free,60,0.9,cascading,CENTRALISED,spf-static,11,5314029030686934564,0.11683907394956988,0.1440144483219613,0.18133441993302013,0.11075890783234582,0.04364184845660472,856.3142944779064,7.9867446499899595,53.02913167666874,0.0,0.0,False,0,0,51,0.0,0.5320695953804865,,0.007833899988327175,2,19404,0.4313026000017999
a8-cascade,scale_free-n60-load0.9-cascading-centralised,scale_free,60,0.9,cascading,CENTRALISED,cspf,12,16903995477801950000,0.061665967730333546,0.02828639518821794,0.04350725772734534,0.10253598151892279,0.04435780686248397,516.3733872379742,20.869686237759403,104.06090324902219,,0.2,True,156,0,97,0.30000000000000004,0.0,,0.1314693000022089,5,20422,0.44194380000408273
a8-cascade,scale_free-n60-load0.9-cascading-centralised,scale_free,60,0.9,cascading,CENTRALISED,ecmp,12,16903995477801950000,0.06663314834970688,0.032713120614290964,0.07440629598011207,0.07448491354876147,0.0696266461728638,557.9671540408415,23.12706820307013,105.05594992100396,,,True,239,0,95,0.0,0.0,,0.2421209999738494,9,20077,0.5211754000047222
a8-cascade,scale_free-n60-load0.9-cascading-centralised,scale_free,60,0.9,cascading,CENTRALISED,orbit,12,16903995477801950000,0.05462302576963175,0.03724697588187038,0.08825781598498092,0.038653379893006774,0.05303802915539588,457.39778156400206,27.07584099262239,107.9367685191952,,0.0,True,300,2,111,0.30000000000000004,0.0,,0.12321679999877233,6,20447,0.3729065000079572
a8-cascade,scale_free-n60-load0.9-cascading-centralised,scale_free,60,0.9,cascading,CENTRALISED,spf-reconverge,12,16903995477801950000,0.03760033206472338,0.040248911059001816,0.047348808450657955,0.034447634528815725,0.029797282675662378,314.85455501873474,40.888309598883204,154.2939282583777,,0.0,True,233,0,124,1.1,0.0,,0.05154630003380589,8,20735,0.33198909999919124
a8-cascade,scale_free-n60-load0.9-cascading-centralised,scale_free,60,0.9,cascading,CENTRALISED,spf-static,12,16903995477801950000,0.16168612938589808,0.09105143984243243,0.19590642669299796,0.19022281434944588,0.13050784435491738,1353.9139556764717,5.1056457591169675,4.369309897630739,0.0,0.0,False,0,0,38,0.0,0.43301511381440383,,0.007786099988152273,2,18522,0.2995210000080988
a8-cascade,scale_free-n60-load0.9-cascading-centralised,scale_free,60,0.9,cascading,CENTRALISED,cspf,13,7643230861804543564,0.08423402568129644,0.030783996615582294,0.1042148470247785,0.0825200004486481,0.09769836635217122,634.0078257692633,19.79364499317024,104.96911529077761,,0.0,True,194,0,110,0.1,0.0,,0.172233800025424,5,19724,0.6527102999971248
a8-cascade,scale_free-n60-load0.9-cascading-centralised,scale_free,60,0.9,cascading,CENTRALISED,ecmp,13,7643230861804543564,0.0750941014444234,0.03995154880608772,0.07201734495991402,0.10178104045521141,0.06457670046500541,565.2139690558192,24.668874499329224,105.28805497885715,,,True,235,0,110,0.0,0.0,,0.30187199999636505,9,19957,0.7342954999912763
a8-cascade,scale_free-n60-load0.9-cascading-centralised,scale_free,60,0.9,cascading,CENTRALISED,orbit,13,7643230861804543564,0.034504665217528395,0.043243930064557824,0.06215764285434045,0.02843783181803213,0.008909883615158359,259.7077320776675,44.87767624928666,156.06282931738565,,,True,317,3,114,0.0,0.0,,0.0971752000041306,4,21033,0.3430766999954358
a8-cascade,scale_free-n60-load0.9-cascading-centralised,scale_free,60,0.9,cascading,CENTRALISED,spf-reconverge,13,7643230861804543564,0.055134303781144534,0.046481494385932576,0.07503556377029563,0.060729306598671,0.032696267831513894,414.9817105719447,31.69304407827053,155.0488901256942,,,True,264,0,122,0.1,0.0,,0.027296900007058866,6,20358,0.3669614999962505
a8-cascade,scale_free-n60-load0.9-cascading-centralised,scale_free,60,0.9,cascading,CENTRALISED,spf-static,13,7643230861804543564,0.16402035920149238,0.158104467046737,0.1606433536616673,0.16014754145661966,0.17597978968140274,1234.5390176730214,5.675139302449898,4.179755795711818,0.0,0.0,False,0,0,45,0.0,0.5562366851536935,,0.009243300009984523,2,18228,0.27069550000305753
a8-cascade,scale_free-n60-load0.9-cascading-centralised,scale_free,60,0.9,cascading,CENTRALISED,cspf,14,16362881249786832982,0.04257236032767726,0.03761596961213797,0.04096941284510765,0.06851958846225657,0.012520988206060627,331.78341386420317,36.50994895857066,153.0,,0.0,True,209,0,112,0.0,0.0,,0.13849100000516046,4,20788,0.5305075000069337
a8-cascade,scale_free-n60-load0.9-cascading-centralised,scale_free,60,0.9,cascading,CENTRALISED,ecmp,14,16362881249786832982,0.06008706669266517,0.07082584625141718,0.08430495486740933,0.07104020823871086,0.014394232300051152,468.2825185856028,29.782754320755906,121.75425781554704,,0.0,True,381,0,109,0.0,0.0871031376780927,,0.2619476000400027,10,20379,0.5616981000057422
a8-cascade,scale_free-n60-load0.9-cascading-centralised,scale_free,60,0.9,cascading,CENTRALISED,orbit,14,16362881249786832982,0.0531626532579967,0.044506966075462236,0.10310142604979458,0.013092686819219403,0.058337045410621555,414.3177980326796,29.006057493085837,108.10394494412536,,,True,306,4,110,0.0,0.0,,0.1615905000071507,5,20735,0.43513260000327136
a8-cascade,scale_free-n60-load0.9-cascading-centralised,scale_free,60,0.9,cascading,CENTRALISED,spf-reconverge,14,16362881249786832982,0.08541589977580642,0.12533382530548404,0.10951825770891693,0.05787064363406307,0.07531920241798404,665.6802349639862,21.648019171145155,104.14677470561686,,0.0,True,270,0,119,0.1,0.21994800525733196,,0.03967780001403298,5,19421,0.5705775000096764
a8-cascade,scale_free-n60-load0.9-cascading-centralised,scale_free,60,0.9,cascading,CENTRALISED,spf-static,14,16362881249786832982,0.16081742280177694,0.11759890242390104,0.17263390863915556,0.18302940272686863,0.141963527457937,1253.31443066191,5.9114328510085885,4.1065679073784205,0.0,0.0,False,0,0,47,0.0,0.4420243596299849,,0.008124000014504418,2,18081,0.37430149999272544
a8-cascade,scale_free-n60-load0.9-cascading-centralised,scale_free,60,0.9,cascading,CENTRALISED,cspf,15,11859520640689116550,0.059886534053337166,0.03700022752398094,0.04765221846598247,0.05240987766471948,0.09711768316879105,456.0972821763854,25.72120786362605,105.08427222349538,,0.0,True,169,0,106,0.1,0.0,,0.13461359997745603,5,20397,0.5143083000002662
a8-cascade,scale_free-n60-load0.9-cascading-centralised,scale_free,60,0.9,cascading,CENTRALISED,ecmp,15,11859520640689116550,0.04358740921497163,0.04443300065413004,0.053637915783072934,0.04436701387308381,0.03154784882922036,331.96275580671517,41.16809615886382,154.01875368763282,,,True,296,0,110,0.4,0.1637630581671043,,0.26971739999135025,11,20622,0.7319217999902321
a8-cascade,scale_free-n60-load0.9-cascading-centralised,scale_free,60,0.9,cascading,CENTRALISED,orbit,15,11859520640689116550,0.025642485753146677,0.045132200494750294,0.048059431578653354,0.012639033280510113,0.008107513523391945,195.2937875790318,53.12776260734461,155.04991577126313,,,True,313,1,101,0.1,0.2142937418548519,,0.18565900000976399,6,21304,0.5459012999926927
a8-cascade,scale_free-n60-load0.9-cascading-centralised,scale_free,60,0.9,cascading,CENTRALISED,spf-reconverge,15,11859520640689116550,0.040782182943561514,0.04322760801620111,0.04637962300222211,0.04267088437239091,0.030848377261980402,310.5980851256499,40.038400617425125,155.04337945843412,,0.0,True,250,0,118,2.1,0.09859437213200234,,0.04041440000582952,9,20597,0.37858210000558756
a8-cascade,scale_free-n60-load0.9-cascading-centralised,scale_free,60,0.9,cascading,CENTRALISED,spf-static,15,11859520640689116550,0.08966298849062031,0.13252473476587334,0.07555142219641658,0.05742253697853203,0.121987075896609,682.8754745760009,9.008735328610333,53.09587615851458,0.0,0.0,False,0,0,48,0.0,0.504999906716636,,0.0074407000065548345,2,19992,0.2337099999858765
a8-cascade,scale_free-n60-load0.9-cascading-centralised,scale_free,60,0.9,cascading,CENTRALISED,cspf,16,3237719339440489938,0.07919760266504153,0.1407265011502869,0.07473532377483766,0.08887863405044179,0.033753319135162906,556.7402345700106,21.95278284456162,105.1154098545336,,,True,149,0,109,0.0,0.35369853324912726,,0.12197359996207524,6,20098,0.6048382000008132
a8-cascade,scale_free-n60-load0.9-cascading-centralised,scale_free,60,0.9,cascading,CENTRALISED,ecmp,16,3237719339440489938,0.10249815872555465,0.18295944827707333,0.04575709563031185,0.13565458783405215,0.06485730359927323,720.5375795680286,20.60479026757979,104.04978649947651,,,True,313,0,105,0.1,0.35855236645371197,,0.30385440001555253,11,19294,0.6866832999949111
a8-cascade,scale_free-n60-load0.9-cascading-centralised,scale_free,60,0.9,cascading,CENTRALISED,orbit,16,3237719339440489938,0.08601574365544949,0.17754075939358663,0.060531140738103735,0.04704706124685067,0.10913962714396594,604.6701375796467,20.344750386856838,106.1862664538283,0.0,0.0,True,284,3,105,0.0,0.40969360198081634,,0.15941349999047816,5,19895,0.5543058000039309
a8-cascade,scale_free-n60-load0.9-cascading-centralised,scale_free,60,0.9,cascading,CENTRALISED,spf-reconverge,16,3237719339440489938,0.0737812571336698,0.15797677845914426,0.04633101440705652,0.10285318878934943,0.010926176593114643,518.6646188925781,24.86001050748029,107.53541245919874,,,True,264,0,118,0.1,0.2566088825750639,,0.0274809000256937,5,19688,0.37503310000465717
a8-cascade,scale_free-n60-load0.9-cascading-centralised,scale_free,60,0.9,cascading,CENTRALISED,spf-static,16,3237719339440489938,0.15711271437263777,0.15394404279103693,0.21037277782660707,0.18125344423882175,0.07439459730685363,1104.464863964422,5.882868350037769,51.0,0.0,0.0,False,0,0,42,0.0,0.5552372360725707,,0.020179099999950267,2,18375,0.3866557000001194
a8-cascade,scale_free-n60-load0.9-cascading-centralised,scale_free,60,0.9,cascading,CENTRALISED,cspf,17,2675893234139599477,0.096272109323336,0.10454868498431502,0.10585917294899747,0.09377987813443554,0.08545284235980818,711.3136108745798,17.167675170894302,104.05531797341239,,0.0,True,124,0,101,0.0,0.24495440838175972,,0.11634140001842752,4,19922,0.4146567999996478
a8-cascade,scale_free-n60-load0.9-cascading-centralised,scale_free,60,0.9,cascading,CENTRALISED,ecmp,17,2675893234139599477,0.09718369456369802,0.03934543253923767,0.15800211461474825,0.12557846988278623,0.04075506155784912,718.0489259466128,18.400068344126343,103.78420680888033,,,True,221,0,100,0.1,0.0,,0.2684292999911122,7,19436,0.7810342000011588
a8-cascade,scale_free-n60-load0.9-cascading-centralised,scale_free,60,0.9,cascading,CENTRALISED,orbit,17,2675893234139599477,0.05158457231678522,0.0910415096933847,0.0611349373763719,0.042767568903135544,0.030024186471738965,381.1364335732818,27.390351981736774,107.120724823576,,0.0,True,263,3,100,0.1,0.1877442922570635,,0.1284406000195304,6,20889,0.45143129999632947
a8-cascade,scale_free-n60-load0.9-cascading-centralised,scale_free,60,0.9,cascading,CENTRALISED,spf-reconverge,17,2675893234139599477,0.08684685356312932,0.04681873063590948,0.11622410432948284,0.12564154633012964,0.03688713113722364,641.674410535755,19.68485094237853,106.34852008968535,,,True,214,0,112,0.1,0.25273043540548557,,0.026852299983147532,6,19549,0.29172140000446234
a8-cascade,scale_free-n60-load0.9-cascading-centralised,scale_free,60,0.9,cascading,CENTRALISED,spf-static,17,2675893234139599477,0.14562341819379096,0.15593811070086894,0.1958974938525026,0.1542961963651504,0.08246554027439919,1075.9494120507036,6.243730955467793,51.0,0.0,0.0,False,0,0,47,0.0,0.5423628925760624,,0.008391499999561347,2,18816,0.4014766000036616
a8-cascade,scale_free-n60-load0.9-cascading-centralised,scale_free,60,0.9,cascading,CENTRALISED,cspf,18,6906037902645645928,0.08544978265049852,0.06678086564798996,0.11350906766754444,0.053848654533488395,0.1097630737186532,624.7571214879061,18.817441680917803,105.09132568026777,,,True,177,0,105,0.0,0.10681920126462333,,0.14617519998864736,4,19975,0.5686720000085188
a8-cascade,scale_free-n60-load0.9-cascading-centralised,scale_free,60,0.9,cascading,CENTRALISED,ecmp,18,6906037902645645928,0.07714162875867467,0.04083041830307516,0.08679398778200517,0.06249350574045384,0.10498558784916945,564.0129258991988,21.478495139818445,105.0857605359438,,,True,194,0,105,0.0,0.0,,0.24744209999334998,9,20056,0.5994070999877295
a8-cascade,scale_free-n60-load0.9-cascading-centralised,scale_free,60,0.9,cascading,CENTRALISED,orbit,18,6906037902645645928,0.08790833074263325,0.10356742647272488,0.09759004007163831,0.05838336072526884,0.10858370999622736,642.7325379423179,17.98309655878749,104.08166940824235,,,True,286,0,103,0.30000000000000004,0.1829734869947076,,0.18015489999379497,7,20062,0.5455922999972245
a8-cascade,scale_free-n60-load0.9-cascading-centralised,scale_free,60,0.9,cascading,CENTRALISED,spf-reconverge,18,6906037902645645928,0.09124827558555837,0.15214549740275854,0.07989743009296321,0.06347916104936013,0.10559216150487953,667.1521942746106,18.689482047665436,104.08630788888178,,0.0,True,249,0,109,0.6000000000000001,0.3700157492966834,,0.0526827999856323,6,19374,0.4004086999921128
a8-cascade,scale_free-n60-load0.9-cascading-centralised,scale_free,60,0.9,cascading,CENTRALISED,spf-static,18,6906037902645645928,0.2150019762359034,0.21159959800417294,0.1466576776756198,0.16155429671128368,0.3424889000167674,1571.9643938330198,4.358528991209296,4.100240858925708,0.0,0.0,False,0,0,36,0.0,0.6469997520333733,,0.008804299999610521,2,16905,0.48190169999725185
a8-cascade,scale_free-n60-load0.9-cascading-centralised,scale_free,60,0.9,cascading,CENTRALISED,cspf,19,9418514244051693830,0.06705350064110192,0.09311824184609414,0.024469602111204653,0.05453541873026124,0.11146689763252743,478.6210795988371,24.050416948211204,106.15548955124204,,0.0,True,143,0,101,0.0,0.20639149564455325,,0.09560110000893474,4,20441,0.43423269999038894
a8-cascade,scale_free-n60-load0.9-cascading-centralised,scale_free,60,0.9,cascading,CENTRALISED,ecmp,19,9418514244051693830,0.07208405163588714,0.04436755688964806,0.029556634591877334,0.07101068502540726,0.12895501744878632,514.5286418451135,25.46670473607579,105.10471997204469,,0.0,True,216,0,103,0.0,0.0,,0.20445449999533594,9,20111,0.517377199998009
a8-cascade,scale_free-n60-load0.9-cascading-centralised,scale_free,60,0.9,cascading,CENTRALISED,orbit,19,9418514244051693830,0.06281679964890084,0.06895093269135727,0.02466479700524221,0.044947561606030105,0.11995543443840627,448.37993807099605,24.30266060190937,108.1381857564054,,0.0,True,316,1,105,0.30000000000000004,0.07411301493223033,,0.15799610000976827,5,20513,0.5177350999874761
a8-cascade,scale_free-n60-load0.9-cascading-centralised,scale_free,60,0.9,cascading,CENTRALISED,spf-reconverge,19,9418514244051693830,0.035417518301918215,0.04942443538000475,0.029951521693422266,0.0360753679899891,0.03277602109720155,252.80664967974585,48.051368350361656,156.15458851871676,,,True,249,0,118,0.0,0.0,,0.04600629999185912,5,20722,0.354990000007092
a8-cascade,scale_free-n60-load0.9-cascading-centralised,scale_free,60,0.9,cascading,CENTRALISED,spf-static,19,9418514244051693830,0.14458442160717447,0.10064286743089941,0.18295612468877007,0.13955008378159597,0.13604674753542317,1032.028921699293,5.685889229432889,3.1361039024021142,0.0,0.0,False,0,0,35,0.0,0.40308324662327627,,0.008212899992940947,2,18816,0.3711184999992838
a8-cascade,scale_free-n60-load0.9-cascading-centralised,scale_free,60,0.9,cascading,CENTRALISED,cspf,20,16599440417660552724,0.060107254665837495,0.1304982661581328,0.04572479639351248,0.06195799965580268,0.032436046487863336,460.15189817035014,27.047751554766517,107.40637372910824,,,True,178,0,115,0.0,0.31082639685893787,,0.16032200001063757,6,20461,0.4847276999935275
a8-cascade,scale_free-n60-load0.9-cascading-centralised,scale_free,60,0.9,cascading,CENTRALISED,ecmp,20,16599440417660552724,0.05040652297711399,0.11447951297826016,0.05533667102819965,0.03470664018218005,0.03278861200061009,385.88781598886203,31.910559976083807,114.36287839568351,,,True,311,0,109,0.9,0.4413687947852036,,0.33367559999169316,14,20561,0.7432592999975896
a8-cascade,scale_free-n60-load0.9-cascading-centralised,scale_free,60,0.9,cascading,CENTRALISED,orbit,20,16599440417660552724,0.04902975562316019,0.1094789562406217,0.0384871442925216,0.049261460577173864,0.02551539534266977,375.34795495573326,32.69218105816283,154.01639147619875,,,True,306,3,117,0.6000000000000001,0.20875906086729842,,0.1176743000105489,6,20610,0.5205558999878122
a8-cascade,scale_free-n60-load0.9-cascading-centralised,scale_free,60,0.9,cascading,CENTRALISED,spf-reconverge,20,16599440417660552724,0.06451164820039713,0.14423104039061327,0.05185939082030816,0.06627087100529383,0.03051322984106944,493.86979223295685,25.952946348947304,106.68477083334669,,,True,245,0,117,0.1,0.27085970985485774,,0.06433000002289191,6,19857,0.5006557999877259
a8-cascade,scale_free-n60-load0.9-cascading-centralised,scale_free,60,0.9,cascading,CENTRALISED,spf-static,20,16599440417660552724,0.15907427501310795,0.20608473546401762,0.19524565367443747,0.13610515191279973,0.1334714078550369,1217.7952562347996,5.59670239260183,4.072308457325544,0.0,0.0,True,0,0,44,0.0,0.6205531480907404,,0.008142699996824376,3,18211,0.266267400002107
a8-cascade,scale_free-n60-load0.9-cascading-centralised,scale_free,60,0.9,cascading,CENTRALISED,cspf,21,11754375424036358947,0.059940738347581374,0.09433119455678499,0.06327031644908743,0.06376380279970603,0.034091281655135704,463.7218885440249,27.245847247238267,105.06555119722626,,,True,157,0,120,0.1,0.1905644026025618,,0.12805959998513572,6,20641,0.460203000009642
a8-cascade,scale_free-n60-load0.9-cascading-centralised,scale_free,60,0.9,cascading,CENTRALISED,ecmp,21,11754375424036358947,0.07809365986092189,0.13771569175042403,0.06885072467859692,0.06495869874961548,0.07333112371081282,604.159048292448,24.402540594870448,104.11616893452747,,,True,351,0,112,0.6000000000000001,0.46342013364358176,,0.4162015000183601,13,19663,0.7631530000071507
a8-cascade,scale_free-n60-load0.9-cascading-centralised,scale_free,60,0.9,cascading,CENTRALISED,orbit,21,11754375424036358947,0.057250029371091304,0.07043820931402954,0.08439110819285274,0.0677390728866921,0.010885889219168075,442.90565099845116,25.000282326748415,105.09680032025608,,,True,293,2,102,0.30000000000000004,0.10316639956475698,,0.12091919999511447,6,20615,0.36978199999430217
a8-cascade,scale_free-n60-load0.9-cascading-centralised,scale_free,60,0.9,cascading,CENTRALISED,spf-reconverge,21,11754375424036358947,0.037567566159746664,0.08075370969162364,0.029942806606549865,0.04193035493830982,0.016958483391564336,290.6354377315284,42.152969691449336,154.04994102600824,,,True,280,0,119,0.6000000000000001,0.25663510524364114,,0.028658499984885566,7,20594,0.2991961000079755
a8-cascade,scale_free-n60-load0.9-cascading-centralised,scale_free,60,0.9,cascading,CENTRALISED,spf-static,21,11754375424036358947,0.1119515148291608,0.09266181164032107,0.11191393135689066,0.1548105070674928,0.06617134074036193,866.0949016160662,6.838643075015886,52.02571177917313,0.0,0.0,False,0,0,45,0.0,0.3736541654497087,,0.007857499993406236,2,19551,0.3684155999944778
a8-cascade,scale_free-n60-load0.9-cascading-centralised,scale_free,60,0.9,cascading,CENTRALISED,cspf,22,16152737079424385085,0.046505568626565186,0.033420188876300806,0.03697775115905721,0.04415152445817509,0.06825297752102384,338.68745064864703,32.883921576011936,153.0,,,True,158,0,104,0.0,0.0,,0.1460456000204431,4,20855,0.4253203999978723
a8-cascade,scale_free-n60-load0.9-cascading-centralised,scale_free,60,0.9,cascading,CENTRALISED,ecmp,22,16152737079424385085,0.07671238737797424,0.07443335734232857,0.07503534062742914,0.06851898474832409,0.09212118882628655,558.6755238463254,22.368021277414083,104.04820232250366,,,True,282,0,94,0.0,0.11133354304583216,,0.3111205999739468,10,20057,0.6349102000094717
a8-cascade,scale_free-n60-load0.9-cascading-centralised,scale_free,60,0.9,cascading,CENTRALISED,orbit,22,16152737079424385085,0.02987227144003948,0.08373402110804942,0.02748622652691981,0.0260100794306981,0.006050223785162859,217.5516558103551,49.16976471967699,157.4038685680698,,,True,357,4,102,0.0,0.07595319580564501,,0.18304899997019675,5,21056,0.514110799995251
a8-cascade,scale_free-n60-load0.9-cascading-centralised,scale_free,60,0.9,cascading,CENTRALISED,spf-reconverge,22,16152737079424385085,0.06948391849416666,0.04820992660841815,0.03734542045492799,0.07300141577476413,0.11209742941950789,506.03254429244487,22.98310355508046,105.05657152181676,,0.0,True,235,0,101,0.1,0.0,,0.0514069000055315,5,20012,0.39169140000012703
a8-cascade,scale_free-n60-load0.9-cascading-centralised,scale_free,60,0.9,cascading,CENTRALISED,spf-static,22,16152737079424385085,0.11002787208917275,0.14850853145182857,0.032242127190470614,0.13328687222807142,0.1374200505077117,801.3031686035675,7.524144970987221,53.03018076938743,0.0,0.0,False,0,0,44,0.0,0.5205961047163655,,0.020159799998509698,2,19551,0.3330130999966059
a8-cascade,scale_free-n60-load0.9-cascading-centralised,scale_free,60,0.9,cascading,CENTRALISED,cspf,23,7996873395213172010,0.0860212915998454,0.1115245908041171,0.059351380160591584,0.0837410473642756,0.10215528387848422,676.3400507376657,18.555462757750135,104.07036442197209,,,True,150,0,111,0.30000000000000004,0.21066296004783525,,0.13818589999573305,5,19819,0.5615858999954071
a8-cascade,scale_free-n60-load0.9-cascading-centralised,scale_free,60,0.9,cascading,CENTRALISED,ecmp,23,7996873395213172010,0.07197847666359791,0.08339634099958322,0.0689743601183679,0.03687295296089788,0.11932777000340351,565.9288026636093,22.930742351632073,104.18205678839715,,,True,254,0,107,0.30000000000000004,0.14004784071242204,,0.2500047999783419,9,20072,0.6578303999995114
a8-cascade,scale_free-n60-load0.9-cascading-centralised,scale_free,60,0.9,cascading,CENTRALISED,orbit,23,7996873395213172010,0.06347445725620231,0.06443240387807393,0.04715761552630917,0.0525997213966295,0.09537086415139309,499.066182834237,24.62717290518601,106.53880580137199,,,True,314,5,120,0.0,0.07297054379592949,,0.12113910002517514,6,20462,0.3856826999981422
a8-cascade,scale_free-n60-load0.9-cascading-centralised,scale_free,60,0.9,cascading,CENTRALISED,spf-reconverge,23,7996873395213172010,0.0934359799827539,0.13687849658240783,0.08177295227454677,0.050225368708293854,0.14318359607851247,734.6378352028006,17.849606145619273,103.11277067324744,,0.0,True,220,0,114,0.0,0.24652580099475424,,0.036579399995389394,5,19170,0.4772934000066016
a8-cascade,scale_free-n60-load0.9-cascading-centralised,scale_free,60,0.9,cascading,CENTRALISED,spf-static,23,7996873395213172010,0.11940508730929239,0.22359475344980168,0.07400066126515285,0.0873587927253801,0.15307229689351753,938.8192307641118,7.291714567954601,52.12443145332975,0.0,0.0,False,0,0,49,0.0,0.6670647069441695,,0.0077486999944085255,2,18963,0.3234195999975782
a8-cascade,scale_free-n60-load0.9-cascading-centralised,scale_free,60,0.9,cascading,CENTRALISED,cspf,24,10391079679589632229,0.041425174378800465,0.0662359251744177,0.025151828459839903,0.015111644645814364,0.08143454290930238,335.3481350819047,37.15704930680281,154.0186155803247,,,True,203,0,117,0.1,0.07914753040361462,,0.13566410000203177,5,20766,0.4612405999941984
a8-cascade,scale_free-n60-load0.9-cascading-centralised,scale_free,60,0.9,cascading,CENTRALISED,ecmp,24,10391079679589632229,0.05178883081353754,0.0983685009356793,0.024350971373966232,0.05376295808560058,0.05060399411892023,419.2447730595405,31.64858798440299,131.10082311087118,,,True,296,0,106,0.0,0.20001689830245434,,0.2750203000177862,9,20537,0.5528810999967391
a8-cascade,scale_free-n60-load0.9-cascading-centralised,scale_free,60,0.9,cascading,CENTRALISED,orbit,24,10391079679589632229,0.04061371565643308,0.09681307553341358,0.049667092971906156,0.010380188811464028,0.043515995513482286,328.7791544240681,32.850534905059384,154.02358350956962,0.0,0.0,True,291,1,109,0.0,0.20756604780308993,,0.1358994000038365,4,20872,0.48977700000978075
a8-cascade,scale_free-n60-load0.9-cascading-centralised,scale_free,60,0.9,cascading,CENTRALISED,spf-reconverge,24,10391079679589632229,0.034543562104238035,0.07111602726777917,0.02150488580326299,0.016551303080723653,0.05295337442157524,279.639598491839,49.48445610176081,156.05570197776882,,0.0,True,267,0,133,0.6000000000000001,0.18166174810566738,,0.042375400007585995,7,20688,0.3664423000009265
a8-cascade,scale_free-n60-load0.9-cascading-centralised,scale_free,60,0.9,cascading,CENTRALISED,spf-static,24,10391079679589632229,0.11918013957133311,0.12103062899257144,0.06703684925053287,0.15576289706333368,0.1181509800722518,964.7958793989021,7.285358166751793,52.019356826454576,0.0,0.0,False,0,0,49,0.0,0.4702158061112952,,0.01705700000457,2,19110,0.38728229999833275
a8-cascade,scale_free-n60-load0.9-cascading-centralised,scale_free,60,0.9,cascading,CENTRALISED,cspf,25,4904111088553647312,0.05420188146449592,0.07808015276986167,0.03928944821241472,0.035096482431840076,0.08297108670987223,424.8697475004882,28.295453772281697,153.0,,,True,151,0,114,0.0,0.15773704836398472,,0.11305540001194458,5,20660,0.4188045999908354
a8-cascade,scale_free-n60-load0.9-cascading-centralised,scale_free,60,0.9,cascading,CENTRALISED,ecmp,25,4904111088553647312,0.048639848882663005,0.04377258679650505,0.060983925585530965,0.030928285194161517,0.06267868645946484,381.27090342381575,34.23628130862272,128.00665759063457,,0.0,True,320,0,102,0.1,0.0,,0.3159107000246877,10,20645,0.6395441000058781
a8-cascade,scale_free-n60-load0.9-cascading-centralised,scale_free,60,0.9,cascading,CENTRALISED,orbit,25,4904111088553647312,0.06323811671097176,0.07795127161409994,0.05192714909331684,0.049255163574864355,0.08627529542130967,495.70166114983306,22.809171159710065,106.05192472798105,0.0,0.0,True,253,1,108,0.0,0.15826613177942137,,0.11449890000221785,4,20540,0.4873881999956211
a8-cascade,scale_free-n60-load0.9-cascading-centralised,scale_free,60,0.9,cascading,CENTRALISED,spf-reconverge,25,4904111088553647312,0.041440721085390514,0.07005540685658992,0.044377572528996795,0.017634536934533356,0.05501585032322721,324.8394378213817,37.40711244197675,154.09025269218859,,,True,188,0,114,0.0,0.11540823906416497,,0.029050799988908693,4,20763,0.44115930001134984
a8-cascade,scale_free-n60-load0.9-cascading-centralised,scale_free,60,0.9,cascading,CENTRALISED,spf-static,25,4904111088553647312,0.17142018147449722,0.09487902857219424,0.19687058503328458,0.15921583884958015,0.2043421312605399,1343.70334113336,5.416375059305173,3.367631437579152,0.0,0.0,False,0,0,44,0.0,0.4225505114591298,,0.020893900014925748,2,17787,0.4482811999914702
a8-cascade,scale_free-n60-load0.9-cascading-centralised,scale_free,60,0.9,cascading,CENTRALISED,cspf,26,6004442829707399442,0.07960074596489194,0.06392119659513382,0.0448820574033468,0.09757487617259376,0.09742658098002695,586.3204488029386,18.54510219716175,104.07830823526575,,,True,131,0,102,1.1,0.22983043897174593,,0.11873400001786649,7,20145,0.4590502000064589
a8-cascade,scale_free-n60-load0.9-cascading-centralised,scale_free,60,0.9,cascading,CENTRALISED,ecmp,26,6004442829707399442,0.08734133500328492,0.1419902417528941,0.04537835620113774,0.09263374850026347,0.09428984315228439,643.3358144754081,18.559489426272613,103.03980013034445,,,True,274,0,92,0.4,0.3157693999591048,,0.2902604999690084,8,19464,0.6969013000052655
a8-cascade,scale_free-n60-load0.9-cascading-centralised,scale_free,60,0.9,cascading,CENTRALISED,orbit,26,6004442829707399442,0.0735719490462687,0.11970525828089597,0.07049081301937417,0.044336818401687746,0.0936996356200132,541.9137429081471,20.883197444634572,105.05530861383973,,0.0,True,294,1,100,0.0,0.20100321946864327,,0.21734139998443425,5,20103,0.6446700000087731
a8-cascade,scale_free-n60-load0.9-cascading-centralised,scale_free,60,0.9,cascading,CENTRALISED,spf-reconverge,26,6004442829707399442,0.10330529190119046,0.09770555722378457,0.05628561786360161,0.1640770784125701,0.06912234872168921,760.9225815288098,16.139037490490793,103.03078563659928,,0.0,True,241,0,105,2.1,0.35004114531157887,,0.06688680002116598,9,19114,0.48492950000218116
a8-cascade,scale_free-n60-load0.9-cascading-centralised,scale_free,60,0.9,cascading,CENTRALISED,spf-static,26,6004442829707399442,0.1637949732178407,0.11390020416694487,0.08328914421031952,0.20198790496712027,0.21681699222893522,1206.4754047795818,5.1968939018548035,4.588406887129791,0.0,0.0,False,0,0,36,0.0,0.44464742593076173,,0.00822290001087822,2,17934,0.3752792000013869
a8-cascade,scale_free-n60-load0.9-cascading-centralised,scale_free,60,0.9,cascading,CENTRALISED,cspf,27,1506111178635184449,0.07122495093974392,0.09033237279668513,0.06952292804832608,0.058527999182641975,0.07997236584087797,594.5118175960413,19.731717665637763,104.06139361919494,,0.0,True,131,0,104,0.0,0.16817391394403958,,0.1173403999855509,5,20331,0.3658978000021307
a8-cascade,scale_free-n60-load0.9-cascading-centralised,scale_free,60,0.9,cascading,CENTRALISED,ecmp,27,1506111178635184449,0.0726051151544726,0.09397175875655078,0.050162671002932174,0.08163119901396246,0.0733907817692949,606.031993111129,24.152311001987563,105.19257917239806,,0.0,True,277,0,113,0.1,0.155094802648463,,0.22791770000185352,8,19904,0.537984199996572
a8-cascade,scale_free-n60-load0.9-cascading-centralised,scale_free,60,0.9,cascading,CENTRALISED,orbit,27,1506111178635184449,0.050683879127598384,0.06788304527987643,0.044951158729690396,0.0486411295368645,0.0504399576559522,423.0563125056877,27.829250633072395,108.1300639248199,,,True,305,4,107,0.0,0.07266831413443843,,0.14768939999339636,6,20631,0.45171310000296216
a8-cascade,scale_free-n60-load0.9-cascading-centralised,scale_free,60,0.9,cascading,CENTRALISED,spf-reconverge,27,1506111178635184449,0.03932825346150034,0.06649389902652279,0.038377452246506724,0.036129553903446604,0.03004712905981352,328.27135912041155,39.53738443645843,155.12282400329144,,,True,239,0,125,0.1,0.2712558362098553,,0.04420309998386074,6,20625,0.37417270000150893
a8-cascade,scale_free-n60-load0.9-cascading-centralised,scale_free,60,0.9,cascading,CENTRALISED,spf-static,27,1506111178635184449,0.10834518227975541,0.13292567664451016,0.07980428964119816,0.1541471417210346,0.06426679646218243,904.3529043551683,6.947865757232493,52.043764270818926,0.0,0.0,False,0,0,48,0.0,0.5076159850370525,,0.021659199992427602,2,19404,0.4351107999973465
a8-cascade,scale_free-n60-load0.9-cascading-centralised,scale_free,60,0.9,cascading,CENTRALISED,cspf,28,8826967550766888817,0.061262683079945805,0.1075751155283436,0.06273734434940538,0.052366987535196495,0.04352448193292549,508.7429257737515,25.462336713857585,106.22043960836828,,0.0,True,165,0,115,0.1,0.2449961100949608,,0.1122221000114223,5,20221,0.3755738000036217
a8-cascade,scale_free-n60-load0.9-cascading-centralised,scale_free,60,0.9,cascading,CENTRALISED,ecmp,28,8826967550766888817,0.06090488939646649,0.1305122825066821,0.05740318605156336,0.05424539427458541,0.030647431162568784,505.7717042045117,26.624107645033344,104.31651751762936,,,True,303,0,108,0.6000000000000001,0.3091348105295481,,0.28200200002174824,11,20211,0.5724344999907771
a8-cascade,scale_free-n60-load0.9-cascading-centralised,scale_free,60,0.9,cascading,CENTRALISED,orbit,28,8826967550766888817,0.08148241527427763,0.10953705450115053,0.11220640242387898,0.06488922625383448,0.05560613665933241,676.6533925987574,16.770132212040362,104.06863976588068,,,True,269,1,98,0.0,0.218236171662042,,0.1744730000209529,5,19697,0.4749254999915138
a8-cascade,scale_free-n60-load0.9-cascading-centralised,scale_free,60,0.9,cascading,CENTRALISED,spf-reconverge,28,8826967550766888817,0.046038776163691536,0.042597197621106614,0.03849812014564156,0.057546203464627584,0.03965597069792285,382.3192277425144,34.34947161761564,154.01904800188245,,0.0,True,213,0,124,0.1,0.07695306343504327,,0.058400999987497926,6,20541,0.5117297999968287
a8-cascade,scale_free-n60-load0.9-cascading-centralised,scale_free,60,0.9,cascading,CENTRALISED,spf-static,28,8826967550766888817,0.11511979934978007,0.042240227404655634,0.12747142601935846,0.17411472771465997,0.06367191992552684,955.9878965677541,7.161721801202247,52.039515590453874,0.0,0.0,False,0,0,50,0.0,0.1817944406089728,,0.00821540001197718,3,18963,0.4027044999966165
a8-cascade,scale_free-n60-load0.9-cascading-centralised,scale_free,60,0.9,cascading,CENTRALISED,cspf,29,14951798300661155977,0.09135657943013227,0.03678198838508269,0.05473153970055893,0.12386162869332082,0.1145263026511854,745.7599090653569,17.569757213358358,103.51193338862142,,0.0,True,187,0,112,0.1,0.0,,0.12627880000218283,5,19768,0.44155980000505224
a8-cascade,scale_free-n60-load0.9-cascading-centralised,scale_free,60,0.9,cascading,CENTRALISED,ecmp,29,14951798300661155977,0.08547133853784666,0.06970404853579813,0.061541011622411546,0.07727722044328228,0.1329826049864266,697.7176471939474,22.210370826720972,104.16932546517948,,,True,281,0,113,1.1,0.20315894406238436,,0.29968239995650947,16,19899,0.626112900004955
a8-cascade,scale_free-n60-load0.9-cascading-centralised,scale_free,60,0.9,cascading,CENTRALISED,orbit,29,14951798300661155977,0.09692592906947951,0.06710300901651595,0.08644852804843892,0.09832966269769616,0.12403942869442348,791.22349479176,16.705643508041724,103.10807295467792,,0.0,True,293,1,110,0.0,0.12052224623997561,,0.093702400001348,5,19730,0.3672652000095695
a8-cascade,scale_free-n60-load0.9-cascading-centralised,scale_free,60,0.9,cascading,CENTRALISED,spf-reconverge,29,14951798300661155977,0.07321951069131484,0.07846254954076984,0.04183489933263088,0.06341578528378317,0.11845772286474235,597.7038104488696,22.769484421971836,105.08311478290928,,,True,293,0,125,0.1,0.09257396609408286,,0.02909490001911763,5,19880,0.29991329999757
a8-cascade,scale_free-n60-load0.9-cascading-centralised,scale_free,60,0.9,cascading,CENTRALISED,spf-static,29,14951798300661155977,0.13537495449618456,0.1890138284752446,0.12264929007878109,0.07199120961730354,0.2121996987131749,1105.0896868573275,5.779467011560509,51.0,0.0,0.0,False,0,0,45,0.0,0.6577305317221728,,0.008192699999199249,2,18669,0.3595973000046797
a8-cascade,waxman-n60-load0.9-cascading-centralised,waxman,60,0.9,cascading,CENTRALISED,cspf,0,4053591605603262345,0.07120929185130256,0.08620933799854719,0.05588056725729073,0.10416505767202902,0.032721173525289464,580.3189675791976,23.137448560270613,103.99338076600579,,,True,220,0,136,0.1,0.17074042099613507,,0.1072147000086261,5,20155,0.39229609999165405
a8-cascade,waxman-n60-load0.9-cascading-centralised,waxman,60,0.9,cascading,CENTRALISED,ecmp,0,4053591605603262345,0.06829103066747441,0.04800447840007349,0.07962070926962916,0.08121315545857573,0.05182765342136439,556.536645451041,27.256401346538418,151.4373958054485,,,True,268,0,151,1.1,0.0,,0.15299300002516247,7,20122,0.4480770000081975
a8-cascade,waxman-n60-load0.9-cascading-centralised,waxman,60,0.9,cascading,CENTRALISED,orbit,0,4053591605603262345,0.06676668531811752,0.091276627916947,0.0847086340436313,0.05162889212793469,0.05849629770067431,544.1140177802006,21.80862734336156,102.18538127856182,,0.0,True,303,0,125,0.0,0.15190260409700684,,0.15991469999426045,6,20258,0.6400173000001814
a8-cascade,waxman-n60-load0.9-cascading-centralised,waxman,60,0.9,cascading,CENTRALISED,spf-reconverge,0,4053591605603262345,0.06829103066747441,0.04800447840007349,0.07962070926962916,0.08121315545857573,0.05182765342136439,556.536645451041,27.256401346538418,151.4373958054485,,,True,268,0,151,1.1,0.0,,0.048109800001839176,7,20122,0.42799780001223553
a8-cascade,waxman-n60-load0.9-cascading-centralised,waxman,60,0.9,cascading,CENTRALISED,spf-static,0,4053591605603262345,0.1304682081444714,0.07620537309234308,0.09942565016756034,0.19769514589239634,0.0962492503751183,1063.2485436087447,4.83326944555873,50.16497865442362,0.0,0.0,False,0,0,50,0.0,0.3533582208625152,,0.02456799999345094,2,18816,0.44244279999111313
a8-cascade,waxman-n60-load0.9-cascading-centralised,waxman,60,0.9,cascading,CENTRALISED,cspf,1,2320596041710581958,0.05063864465983155,0.03930277049613982,0.025394878315262673,0.0631402602586305,0.06361898794509023,483.51625776789103,31.14541661968199,151.32712221087283,,0.0,True,191,0,151,0.0,0.0,,0.18801940001139883,5,20690,0.6853816999937408
a8-cascade,waxman-n60-load0.9-cascading-centralised,waxman,60,0.9,cascading,CENTRALISED,ecmp,1,2320596041710581958,0.04557074464426196,0.046729810156665115,0.03931885456821622,0.049251826288696246,0.045752528372357416,435.12609909103764,36.4140106369324,200.74017684086826,,0.0,True,326,0,159,0.1,0.0,,0.26662050001323223,6,20334,0.7279800999967847
a8-cascade,waxman-n60-load0.9-cascading-centralised,waxman,60,0.9,cascading,CENTRALISED,orbit,1,2320596041710581958,0.07018332235593921,0.06206349622809406,0.12966312836308666,0.05556974746988822,0.03998757612203567,670.1359724617516,19.83803584080265,104.08641266184668,0.0,0.0,True,308,0,133,1.1,0.09603454444501748,,0.22768100001849234,7,20228,0.7142629000009038
a8-cascade,waxman-n60-load0.9-cascading-centralised,waxman,60,0.9,cascading,CENTRALISED,spf-reconverge,1,2320596041710581958,0.04557074464426196,0.046729810156665115,0.03931885456821622,0.049251826288696246,0.045752528372357416,435.12609909103764,36.4140106369324,200.74017684086826,,0.0,True,326,0,159,0.1,0.0,,0.03286020002269652,6,20334,0.3246297000005143
a8-cascade,waxman-n60-load0.9-cascading-centralised,waxman,60,0.9,cascading,CENTRALISED,spf-static,1,2320596041710581958,0.13634581143659666,0.1443238413591017,0.1254483627509239,0.1388338245517201,0.13842122139300905,1301.8795615682072,4.669578235260281,1.192454177711705,0.0,0.0,False,0,0,52,0.0,0.579645339406365,,0.009200699991197325,2,19110,0.2551664000056917
a8-cascade,waxman-n60-load0.9-cascading-centralised,waxman,60,0.9,cascading,CENTRALISED,cspf,2,284056897045571085,0.06071713123243367,0.043078096295593456,0.08806131819283361,0.061827853134971675,0.041498058724649706,513.9112383047885,26.751801361621435,102.83675265179761,,0.2,True,192,0,143,0.30000000000000004,0.0,,0.12920679997478146,6,20586,0.5764707000053022
a8-cascade,waxman-n60-load0.9-cascading-centralised,waxman,60,0.9,cascading,CENTRALISED,ecmp,2,284056897045571085,0.059365875304712934,0.04801891344463282,0.05941786938578664,0.055505502837935886,0.0705072524282896,502.4741760953885,27.551304510556218,152.1053262842246,,0.0,True,302,0,140,0.1,0.0,,0.1650369000126375,6,20349,0.4454721000074642
a8-cascade,waxman-n60-load0.9-cascading-centralised,waxman,60,0.9,cascading,CENTRALISED,orbit,2,284056897045571085,0.053021870232623856,0.04930060572083754,0.0995082061514343,0.03223728911319462,0.03706103013271331,448.7783667540604,28.116679675328214,103.30708036136792,,,True,335,2,128,0.1,0.0,,0.1374342000199249,6,20561,0.412858600000618
a8-cascade,waxman-n60-load0.9-cascading-centralised,waxman,60,0.9,cascading,CENTRALISED,spf-reconverge,2,284056897045571085,0.059365875304712934,0.04801891344463282,0.05941786938578664,0.055505502837935886,0.0705072524282896,502.4741760953885,27.551304510556218,152.1053262842246,,0.0,True,302,0,140,0.1,0.0,,0.05061449998174794,6,20349,0.32568419999734033
a8-cascade,waxman-n60-load0.9-cascading-centralised,waxman,60,0.9,cascading,CENTRALISED,spf-static,2,284056897045571085,0.08394401859882952,0.10844036695145406,0.12860926923244825,0.07379397414301651,0.040554084334390075,710.5041636644457,6.717547485256454,50.771008639088976,0.0,0.0,False,0,0,44,0.0,0.4454861472516672,,0.00977640000928659,2,19845,0.3766750999930082
a8-cascade,waxman-n60-load0.9-cascading-centralised,waxman,60,0.9,cascading,CENTRALISED,cspf,3,16184490997428116268,0.050521600189852196,0.08230180940936414,0.04938504105048517,0.01993397474684793,0.07805862454599788,478.56450913030295,33.220910843631415,151.04053857430188,,,True,199,0,159,0.1,0.1481222119647831,,0.12762330002442468,6,20660,0.5609578000003239
a8-cascade,waxman-n60-load0.9-cascading-centralised,waxman,60,0.9,cascading,CENTRALISED,ecmp,3,16184490997428116268,0.04821992776705665,0.09931941469452366,0.026430187154425366,0.038362667849338214,0.054809843481387226,456.76197854824204,35.558316314452995,151.2048945247309,,,True,364,0,161,1.1,0.5919276935380352,,0.2319940999877872,8,20225,0.6204711000027601
a8-cascade,waxman-n60-load0.9-cascading-centralised,waxman,60,0.9,cascading,CENTRALISED,orbit,3,16184490997428116268,0.05552368439772604,0.05698641318190383,0.046766996403987925,0.07284098587182336,0.03798127729986687,525.9466182593485,27.513091749769615,102.72719986907417,,0.0,True,372,4,141,1.1,0.0,,0.23506489999999758,8,20365,0.6560229000024265
a8-cascade,waxman-n60-load0.9-cascading-centralised,waxman,60,0.9,cascading,CENTRALISED,spf-reconverge,3,16184490997428116268,0.04821992776705665,0.09931941469452366,0.026430187154425366,0.038362667849338214,0.054809843481387226,456.76197854824204,35.558316314452995,151.2048945247309,,,True,364,0,161,1.1,0.5919276935380352,,0.04656190000241622,8,20225,0.5358707000123104
a8-cascade,waxman-n60-load0.9-cascading-centralised,waxman,60,0.9,cascading,CENTRALISED,spf-static,3,16184490997428116268,0.11733946094824446,0.1493750421904388,0.053125234446678916,0.1208036862277913,0.16150724166188438,1111.494911469376,4.886805023927367,50.503963526661245,0.0,0.0,False,0,0,48,0.0,0.5415753695060176,,0.009654100009356625,2,19257,0.24931880000804085
a8-cascade,waxman-n60-load0.9-cascading-centralised,waxman,60,0.9,cascading,CENTRALISED,cspf,4,10028887255842766051,0.06897726846363694,0.12714522525509575,0.07585801329106928,0.07282392762409982,0.026460716249785375,606.0353412028993,25.081217322494574,102.51430725760738,,0.0,True,268,0,149,0.6000000000000001,0.2819008864444895,,0.2500274000194622,6,20036,0.755365899996832
a8-cascade,waxman-n60-load0.9-cascading-centralised,waxman,60,0.9,cascading,CENTRALISED,ecmp,4,10028887255842766051,0.060429890620032005,0.07014393085258692,0.10643166044565845,0.03631606922278538,0.04639343815639182,530.9379480585188,32.029227971583154,151.31228242464888,,,True,353,0,169,1.1,0.516098835616485,,0.20679649998783134,8,19939,0.6900676999939606
a8-cascade,waxman-n60-load0.9-cascading-centralised,waxman,60,0.9,cascading,CENTRALISED,orbit,4,10028887255842766051,0.07032899053335585,0.11355840710077364,0.12268412810184622,0.03549116194851748,0.04610335510347795,617.911592089312,22.796440808123542,102.3826320727319,,0.0,True,337,4,137,0.30000000000000004,0.14260740115680182,,0.1504657000041334,6,20066,0.4937651000072947
a8-cascade,waxman-n60-load0.9-cascading-centralised,waxman,60,0.9,cascading,CENTRALISED,spf-reconverge,4,10028887255842766051,0.060429890620032005,0.07014393085258692,0.10643166044565845,0.03631606922278538,0.04639343815639182,530.9379480585188,32.029227971583154,151.31228242464888,,,True,353,0,169,1.1,0.516098835616485,,0.06811940002080519,8,19939,0.5469046000071103
a8-cascade,waxman-n60-load0.9-cascading-centralised,waxman,60,0.9,cascading,CENTRALISED,spf-static,4,10028887255842766051,0.14016741107361788,0.3526621998753921,0.1312570775315732,0.14777893913536755,0.021981037710094017,1231.5130286771016,4.264778328594991,1.45358509544455,0.0,0.0,False,0,0,45,0.0,0.8262695147077566,,0.010201699988101609,2,18816,0.25808970000070985
a8-cascade,waxman-n60-load0.9-cascading-centralised,waxman,60,0.9,cascading,CENTRALISED,cspf,5,9550258962755398862,0.08816184275644035,0.14537409621875833,0.17521107169203162,0.046365078280246545,0.026691048306143036,645.8192982086528,16.733261042717306,101.4546017317435,,,True,169,0,110,0.1,0.3024840348269299,,0.21585150001919828,6,19900,0.7108099999895785
a8-cascade,waxman-n60-load0.9-cascading-centralised,waxman,60,0.9,cascading,CENTRALISED,ecmp,5,9550258962755398862,0.0839486058576743,0.20599724153804186,0.06826679071286945,0.027225447641108087,0.10858354598377204,614.9557226290791,21.34371865538819,102.08582309034183,,,True,300,0,132,1.6,0.5733044425273723,,0.19980840002244804,9,19455,0.5187586000101874
a8-cascade,waxman-n60-load0.9-cascading-centralised,waxman,60,0.9,cascading,CENTRALISED,orbit,5,9550258962755398862,0.1349034875957194,0.2750116422148029,0.19624677631239512,0.07596906339810414,0.07446788275297037,988.2197667494049,10.559317033219395,52.29153053151824,,,True,340,6,100,1.1,0.47626076084764024,,0.22651919999043457,8,18615,0.6108000999956857
a8-cascade,waxman-n60-load0.9-cascading-centralised,waxman,60,0.9,cascading,CENTRALISED,spf-reconverge,5,9550258962755398862,0.0839486058576743,0.20599724153804186,0.06826679071286945,0.027225447641108087,0.10858354598377204,614.9557226290791,21.34371865538819,102.08582309034183,,,True,300,0,132,1.6,0.5733044425273723,,0.03825350000988692,9,19455,0.3728069999924628
a8-cascade,waxman-n60-load0.9-cascading-centralised,waxman,60,0.9,cascading,CENTRALISED,spf-static,5,9550258962755398862,0.1511531151948575,0.17582161009488753,0.15231721978197052,0.14158228060944514,0.1490428094304864,1107.2545187930912,4.2132100402393515,1.3119622547038263,0.0,0.0,False,0,0,43,0.0,0.5987350505713713,,0.01054820000717882,2,18375,0.3827813999960199
a8-cascade,waxman-n60-load0.9-cascading-centralised,waxman,60,0.9,cascading,CENTRALISED,cspf,6,11541735394445254528,0.06172251207758549,0.09301621056030361,0.05548145504126374,0.08525038081270707,0.019430117905552238,467.1757638415259,25.573067491972758,101.51644013916624,,,True,218,0,122,0.6000000000000001,0.14700018870112863,,0.20722829998703673,7,20305,0.6678109999920707
a8-cascade,waxman-n60-load0.9-cascading-centralised,waxman,60,0.9,cascading,CENTRALISED,ecmp,6,11541735394445254528,0.07284028168083763,0.0767114534733436,0.09759370336216036,0.08768989389108407,0.027522184496596436,551.3258143139467,24.727444163163764,102.04203490278607,,,True,339,0,135,1.1,0.21017946532918874,,0.31217750000359956,7,19692,0.6592759000050137
a8-cascade,waxman-n60-load0.9-cascading-centralised,waxman,60,0.9,cascading,CENTRALISED,orbit,6,11541735394445254528,0.08353480121584728,0.11632258232871147,0.0379227459671646,0.11118938992468834,0.07238379688738378,632.2722982549435,18.803398614460413,101.82661193683609,,0.0,True,339,0,125,0.6000000000000001,0.22247737787272215,,0.2508996000397019,8,19709,0.6347620000015013
a8-cascade,waxman-n60-load0.9-cascading-centralised,waxman,60,0.9,cascading,CENTRALISED,spf-reconverge,6,11541735394445254528,0.07284028168083763,0.0767114534733436,0.09759370336216036,0.08768989389108407,0.027522184496596436,551.3258143139467,24.727444163163764,102.04203490278607,,,True,339,0,135,1.1,0.21017946532918874,,0.04022889999032486,7,19692,0.40454079999472015
a8-cascade,waxman-n60-load0.9-cascading-centralised,waxman,60,0.9,cascading,CENTRALISED,spf-static,6,11541735394445254528,0.18335557551945403,0.09710980354173304,0.2674402439038452,0.18723795871311033,0.14525439963191913,1387.8126175459192,2.892753471367556,1.1736310291463354,0.0,0.0,False,0,0,34,0.0,0.44290608136666854,,0.017549199998029508,2,17787,0.4154135999997379
a8-cascade,waxman-n60-load0.9-cascading-centralised,waxman,60,0.9,cascading,CENTRALISED,cspf,7,8384104090626853855,0.11237982678741752,0.16302138772249652,0.1096597759720776,0.1238535554513284,0.0652523904937145,757.5206049332089,12.537582325307806,100.85043097365906,0.0,0.0,True,147,0,91,0.8,0.431723420888414,,0.2340651000122307,7,19184,0.6674823000066681
a8-cascade,waxman-n60-load0.9-cascading-centralised,waxman,60,0.9,cascading,CENTRALISED,ecmp,7,8384104090626853855,0.07745810427642023,0.06760416106441687,0.09368274152292017,0.09664021997280436,0.04122042806273349,522.1231575614338,20.367514715374515,104.18984572523993,,0.0,True,201,0,107,0.6000000000000001,0.08593908881280682,,0.1664947000099346,8,19912,0.508941699998104
a8-cascade,waxman-n60-load0.9-cascading-centralised,waxman,60,0.9,cascading,CENTRALISED,orbit,7,8384104090626853855,0.06996293072305364,0.041694849944891775,0.10187278939370335,0.09148074987549407,0.0269406751974394,471.6003140357365,19.769842504271455,102.48341631294001,,,True,297,5,93,0.0,0.0,,0.1364097000041511,6,20187,0.4873395000031451
a8-cascade,waxman-n60-load0.9-cascading-centralised,waxman,60,0.9,cascading,CENTRALISED,spf-reconverge,7,8384104090626853855,0.07745810427642023,0.06760416106441687,0.09368274152292017,0.09664021997280436,0.04122042806273349,522.1231575614338,20.367514715374515,104.18984572523993,,0.0,True,201,0,107,0.6000000000000001,0.08593908881280682,,0.03857530000095721,8,19912,0.3051712000014959
a8-cascade,waxman-n60-load0.9-cascading-centralised,waxman,60,0.9,cascading,CENTRALISED,spf-static,7,8384104090626853855,0.1310788795587228,0.06955447443385517,0.11015352574996079,0.1875809416645006,0.1163208917300193,883.5656271754316,4.865120006722632,1.3870277647802194,0.0,0.0,False,0,0,37,0.0,0.3011313658239999,,0.008395700002438389,3,19110,0.29716309999639634
a8-cascade,waxman-n60-load0.9-cascading-centralised,waxman,60,0.9,cascading,CENTRALISED,cspf,8,7891546345124064172,0.07050307779231782,0.06618619145436991,0.08973722038382757,0.046961209178962716,0.08686069246521047,522.0964131631611,20.733923484113276,101.83172118812931,,,True,167,0,104,0.30000000000000004,0.11446301828674542,,0.17433559999335557,6,20080,0.5743083000124898
a8-cascade,waxman-n60-load0.9-cascading-centralised,waxman,60,0.9,cascading,CENTRALISED,ecmp,8,7891546345124064172,0.05481110739201184,0.0746743370140507,0.02890173433800811,0.04603871835145717,0.08329716754056918,405.89267117056755,27.76975690670777,151.0268891856266,,,True,279,0,112,0.6000000000000001,0.20077879583519706,,0.14220620000560302,6,20216,0.39035539999895263
a8-cascade,waxman-n60-load0.9-cascading-centralised,waxman,60,0.9,cascading,CENTRALISED,orbit,8,7891546345124064172,0.08377815853193817,0.038311881835735154,0.1184114269149913,0.03564533972240245,0.1456147739570593,620.4023631391825,16.606994009664486,101.51305740221053,,0.0,True,274,3,101,0.0,0.0,,0.1160191999952076,5,19934,0.45018610000261106
a8-cascade,waxman-n60-load0.9-cascading-centralised,waxman,60,0.9,cascading,CENTRALISED,spf-reconverge,8,7891546345124064172,0.05481110739201184,0.0746743370140507,0.02890173433800811,0.04603871835145717,0.08329716754056918,405.89267117056755,27.76975690670777,151.0268891856266,,,True,279,0,112,0.6000000000000001,0.20077879583519706,,0.04896250000456348,6,20216,0.38756889999785926
a8-cascade,waxman-n60-load0.9-cascading-centralised,waxman,60,0.9,cascading,CENTRALISED,spf-static,8,7891546345124064172,0.08168449065840026,0.015581208163125398,0.13334333916611046,0.06763034471815485,0.08804544933713222,604.8981252908854,5.738307828900203,50.664324158236994,,0.0,True,0,0,32,0.0,0.0,,0.008315099999890663,2,20139,0.3180502000031993
a8-cascade,waxman-n60-load0.9-cascading-centralised,waxman,60,0.9,cascading,CENTRALISED,cspf,9,17252179256815130095,0.05010431242297841,0.036067658408268095,0.04717557928948828,0.06081680680191014,0.047491187198464895,520.6101929494613,35.42766564298046,151.14247279031673,,,True,224,0,184,0.6000000000000001,0.18231821980130317,,0.21982699999352917,6,20737,0.6535574000008637
a8-cascade,waxman-n60-load0.9-cascading-centralised,waxman,60,0.9,cascading,CENTRALISED,ecmp,9,17252179256815130095,0.048010561546929044,0.04904364516787975,0.0677270443137334,0.035465874682353606,0.04339960491511005,498.85501869687016,36.93282619901309,151.2810244296913,,0.0,True,361,0,181,1.1,0.37238685318755704,,0.32392409998283256,9,20205,0.7311845999938669
a8-cascade,waxman-n60-load0.9-cascading-centralised,waxman,60,0.9,cascading,CENTRALISED,orbit,9,17252179256815130095,0.056415334900089424,0.043247515328444334,0.051023383045987594,0.043795384345584505,0.08369077789149532,586.185040115917,29.95275073650456,151.0494018991335,,0.0,True,364,3,175,0.1,0.0,,0.26471309999760706,6,20506,0.812114099986502
a8-cascade,waxman-n60-load0.9-cascading-centralised,waxman,60,0.9,cascading,CENTRALISED,spf-reconverge,9,17252179256815130095,0.048010561546929044,0.04904364516787975,0.0677270443137334,0.035465874682353606,0.04339960491511005,498.85501869687016,36.93282619901309,151.2810244296913,,0.0,True,361,0,181,1.1,0.37238685318755704,,0.047469899989664555,9,20205,0.5294811000057962
a8-cascade,waxman-n60-load0.9-cascading-centralised,waxman,60,0.9,cascading,CENTRALISED,spf-static,9,17252179256815130095,0.15361615732679115,0.06398371698545091,0.1400791559773548,0.152512360051936,0.2152208606717389,1596.1527748533376,3.88229974780665,1.6440338902855656,0.0,0.0,False,0,0,53,0.0,0.28601733927842954,,0.010764799997559749,3,18816,0.32134429999860004
a8-cascade,waxman-n60-load0.9-cascading-centralised,waxman,60,0.9,cascading,CENTRALISED,cspf,10,11193605584310611830,0.04652225149239983,0.041332761105621396,0.056149935301602664,0.030602788783273265,0.06033473812379658,478.2111293538221,35.989093262829925,151.75957089548703,,,True,194,0,174,0.1,0.12267929955271824,,0.1267204000032507,6,20702,0.5458542999986093
a8-cascade,waxman-n60-load0.9-cascading-centralised,waxman,60,0.9,cascading,CENTRALISED,ecmp,10,11193605584310611830,0.04402376129886863,0.0427563659976111,0.057495482696659134,0.05317013786549719,0.018804051130656783,452.5286703412097,39.90518091901446,152.15374583359548,,,True,318,0,182,1.1,0.0,,0.2665826000011293,10,20559,0.6623684000078356
a8-cascade,waxman-n60-load0.9-cascading-centralised,waxman,60,0.9,cascading,CENTRALISED,orbit,10,11193605584310611830,0.05044471317088992,0.11994814505814735,0.051751958783713976,0.03460835475027715,0.03002290388917795,518.5308638667632,31.73797619232032,151.04394226123193,,0.0,True,362,4,162,0.1,0.2198041044691597,,0.2618170000059763,6,20622,0.7323876000009477
a8-cascade,waxman-n60-load0.9-cascading-centralised,waxman,60,0.9,cascading,CENTRALISED,spf-reconverge,10,11193605584310611830,0.04402376129886863,0.0427563659976111,0.057495482696659134,0.05317013786549719,0.018804051130656783,452.5286703412097,39.90518091901446,152.15374583359548,,,True,318,0,182,1.1,0.0,,0.04226880002534017,10,20559,0.3588970000128029
a8-cascade,waxman-n60-load0.9-cascading-centralised,waxman,60,0.9,cascading,CENTRALISED,spf-static,10,11193605584310611830,0.11286050299253453,0.10780966814833837,0.11396673312734044,0.12992079498019632,0.09228069416544171,1160.1147163807716,5.7915912300431724,50.43494996600017,0.0,0.0,False,0,0,63,0.0,0.4508186106050809,,0.011002900006133132,3,19551,0.2633897000050638
a8-cascade,waxman-n60-load0.9-cascading-centralised,waxman,60,0.9,cascading,CENTRALISED,cspf,11,2609158847039932858,0.06539728333620966,0.13394115847866084,0.06500972862904342,0.052040219351983365,0.039639820116014884,485.18127280821665,25.5596378985211,103.85442111941633,,0.0,True,181,0,126,0.1,0.27226240090012055,,0.12431600000127219,6,20449,0.5132489999959944
a8-cascade,waxman-n60-load0.9-cascading-centralised,waxman,60,0.9,cascading,CENTRALISED,ecmp,11,2609158847039932858,0.07375278232163193,0.08629757984250852,0.06333882426003166,0.07301242894080347,0.07695993635055112,547.1705700065962,24.211047137195937,102.4015018510165,,0.0,True,309,0,132,0.1,0.29714465578098054,,0.19188080001913477,6,19892,0.4992410999984713
a8-cascade,waxman-n60-load0.9-cascading-centralised,waxman,60,0.9,cascading,CENTRALISED,orbit,11,2609158847039932858,0.10701609555906055,0.20207301066372793,0.06304871446340721,0.10768996726645974,0.08665381467226758,793.9504946616347,13.944227351430246,101.24000785411235,,,True,293,2,107,0.1,0.386483311895526,,0.10233270000026096,5,19315,0.3802138000028208
a8-cascade,waxman-n60-load0.9-cascading-centralised,waxman,60,0.9,cascading,CENTRALISED,spf-reconverge,11,2609158847039932858,0.07375278232163193,0.08629757984250852,0.06333882426003166,0.07301242894080347,0.07695993635055112,547.1705700065962,24.211047137195937,102.4015018510165,,0.0,True,309,0,132,0.1,0.29714465578098054,,0.049015899989171885,6,19892,0.4972859999979846
a8-cascade,waxman-n60-load0.9-cascading-centralised,waxman,60,0.9,cascading,CENTRALISED,spf-static,11,2609158847039932858,0.12808708177282374,0.16507422870517613,0.043857910388878325,0.09417110554988498,0.2388264754942426,950.2757636786969,4.922112688059308,50.23831172338875,0.0,0.0,False,0,0,41,0.0,0.5839034799503318,,0.008458099997369573,2,18963,0.4021919000078924
a8-cascade,waxman-n60-load0.9-cascading-centralised,waxman,60,0.9,cascading,CENTRALISED,cspf,12,16513731473521037156,0.0395096625847152,0.03591773456815401,0.02566929486092998,0.06193099769658704,0.02735402152660741,303.7713683353464,41.07899823420731,151.74591356224914,,,True,166,0,124,0.1,0.0,,0.17570430001069326,6,21056,0.45958860000246204
a8-cascade,waxman-n60-load0.9-cascading-centralised,waxman,60,0.9,cascading,CENTRALISED,ecmp,12,16513731473521037156,0.0454056539052867,0.0815263371122221,0.022481128537615223,0.053292610071571385,0.03674005104597971,349.1028957130621,37.12914353797945,151.32121143405672,,,True,306,0,132,0.6000000000000001,0.43175003590132854,,0.2839815000334056,7,20399,0.5979245999915292
a8-cascade,waxman-n60-load0.9-cascading-centralised,waxman,60,0.9,cascading,CENTRALISED,orbit,12,16513731473521037156,0.04975888252389344,0.09059874401549706,0.049693856682714296,0.06512110196787177,0.004019088546579503,382.5728402187978,30.01258901889125,151.2560257759771,,,True,286,2,117,0.0,0.21086819732730575,,0.20289080000657123,5,20758,0.648704599996563
a8-cascade,waxman-n60-load0.9-cascading-centralised,waxman,60,0.9,cascading,CENTRALISED,spf-reconverge,12,16513731473521037156,0.0454056539052867,0.0815263371122221,0.022481128537615223,0.053292610071571385,0.03674005104597971,349.1028957130621,37.12914353797945,151.32121143405672,,,True,306,0,132,0.6000000000000001,0.43175003590132854,,0.03455039999971632,7,20399,0.3043232999916654
a8-cascade,waxman-n60-load0.9-cascading-centralised,waxman,60,0.9,cascading,CENTRALISED,spf-static,12,16513731473521037156,0.11223261698058873,0.04980046300852736,0.022624394093548758,0.26999721881676125,0.041902436943429475,862.9042467510109,5.166143900497881,50.66736849343051,,0.0,True,0,0,38,0.0,0.17443114498331844,,0.008857999986503273,3,19093,0.26139069999044295
a8-cascade,waxman-n60-load0.9-cascading-centralised,waxman,60,0.9,cascading,CENTRALISED,cspf,13,18119248762303217604,0.04926796428981425,0.0625572646505574,0.030517386592999893,0.060555443612729964,0.04636899875889224,455.57725740663653,36.189170814987826,151.6341328213813,,0.0,True,241,0,161,0.1,0.07810050734600729,,0.17295979999471456,7,20439,0.5809489999955986
a8-cascade,waxman-n60-load0.9-cascading-centralised,waxman,60,0.9,cascading,CENTRALISED,ecmp,13,18119248762303217604,0.03589160893300933,0.044693779127420646,0.04393593926876985,0.04133097539727581,0.015638110624775135,331.8870791053253,52.25994300643878,151.83799086123238,,,True,289,0,170,1.1,0.23916386610308357,,0.17249579999770503,7,20774,0.475873400006094
a8-cascade,waxman-n60-load0.9-cascading-centralised,waxman,60,0.9,cascading,CENTRALISED,orbit,13,18119248762303217604,0.03517037675690532,0.06442491964369021,0.03469324158377214,0.016827247753105894,0.04370137522669526,325.2178979958713,47.52139199243016,151.83119837601703,,0.0,True,364,2,157,0.6000000000000001,0.07473652813319821,,0.2625067999761086,6,21039,0.7320392000110587
a8-cascade,waxman-n60-load0.9-cascading-centralised,waxman,60,0.9,cascading,CENTRALISED,spf-reconverge,13,18119248762303217604,0.03589160893300933,0.044693779127420646,0.04393593926876985,0.04133097539727581,0.015638110624775135,331.8870791053253,52.25994300643878,151.83799086123238,,,True,289,0,170,1.1,0.23916386610308357,,0.050853000007919036,7,20774,0.5567334000079427
a8-cascade,waxman-n60-load0.9-cascading-centralised,waxman,60,0.9,cascading,CENTRALISED,spf-static,13,18119248762303217604,0.09397424535998497,0.016359198961298012,0.09272053389365965,0.11223658636544953,0.11391572104530003,868.9729641784982,7.518728905975808,50.964810603734335,,0.0,True,0,0,59,0.0,0.0,,0.010618100001011044,2,20286,0.4601903000002494
a8-cascade,waxman-n60-load0.9-cascading-centralised,waxman,60,0.9,cascading,CENTRALISED,cspf,14,13422106581314820688,0.0727885290985087,0.07154029354190583,0.07119796797651294,0.08179622742421878,0.06299794531109919,645.995702868427,20.061822152966897,101.49028961099225,,0.0,True,204,0,127,0.30000000000000004,0.1036221871733174,,0.1211856000154512,6,20168,0.5209651000041049
a8-cascade,waxman-n60-load0.9-cascading-centralised,waxman,60,0.9,cascading,CENTRALISED,ecmp,14,13422106581314820688,0.0636736758105681,0.07270295806201173,0.060989896978378234,0.080819642623991,0.03826426954726896,565.1016921058654,25.947536143118125,150.67804438925424,,0.0,True,343,0,139,0.6000000000000001,0.06260351369821719,,0.20105550001608208,6,19820,0.5262459000077797
a8-cascade,waxman-n60-load0.9-cascading-centralised,waxman,60,0.9,cascading,CENTRALISED,orbit,14,13422106581314820688,0.05857535096200207,0.04061222659387778,0.09479520040496167,0.05184572821552635,0.04492032759781344,519.8542336836226,24.103798734008205,102.72884848790683,,0.0,True,308,2,127,0.0,0.0,,0.1760453999886522,6,20517,0.48547259999031667
a8-cascade,waxman-n60-load0.9-cascading-centralised,waxman,60,0.9,cascading,CENTRALISED,spf-reconverge,14,13422106581314820688,0.0636736758105681,0.07270295806201173,0.060989896978378234,0.080819642623991,0.03826426954726896,565.1016921058654,25.947536143118125,150.67804438925424,,0.0,True,343,0,139,0.6000000000000001,0.06260351369821719,,0.03630180000618566,6,19820,0.48254919999453705
a8-cascade,waxman-n60-load0.9-cascading-centralised,waxman,60,0.9,cascading,CENTRALISED,spf-static,14,13422106581314820688,0.11349437177649617,0.10246215090132683,0.15861359770217923,0.13369978535604857,0.052173805348180634,1007.2586625310761,5.477026738962074,50.53300231139831,0.0,0.0,False,0,0,49,0.0,0.4141962198519592,,0.00928080000448972,2,19404,0.24726770000415854
a8-cascade,waxman-n60-load0.9-cascading-centralised,waxman,60,0.9,cascading,CENTRALISED,cspf,15,10634034354848405627,0.06931631882637555,0.03954538457301277,0.048386258584998704,0.07588760748053405,0.09845051877271034,571.236635655143,25.761305071328092,150.82827082857722,,,True,224,0,146,0.0,0.0,,0.19365610000386368,6,20142,0.6136666000093101
a8-cascade,waxman-n60-load0.9-cascading-centralised,waxman,60,0.9,cascading,CENTRALISED,ecmp,15,10634034354848405627,0.045281349935134045,0.04203635942765047,0.04610907435592305,0.039939120274666756,0.05373915830766534,373.16416152536345,41.598639206656514,151.70999548046927,,,True,294,0,153,0.6000000000000001,0.1810100118275693,,0.21752579997701105,7,20572,0.569101100001717
a8-cascade,waxman-n60-load0.9-cascading-centralised,waxman,60,0.9,cascading,CENTRALISED,orbit,15,10634034354848405627,0.0684503303753845,0.09002018993508172,0.04582140542787693,0.04415458381196287,0.11177392463548472,564.1000141836619,23.576782634693714,102.14100503120581,,,True,343,1,131,0.1,0.1769294178069614,,0.23062909999862313,6,20153,0.6688438999990467
a8-cascade,waxman-n60-load0.9-cascading-centralised,waxman,60,0.9,cascading,CENTRALISED,spf-reconverge,15,10634034354848405627,0.045281349935134045,0.04203635942765047,0.04610907435592305,0.039939120274666756,0.05373915830766534,373.16416152536345,41.598639206656514,151.70999548046927,,,True,294,0,153,0.6000000000000001,0.1810100118275693,,0.06324290001066402,7,20572,0.511071400003857
a8-cascade,waxman-n60-load0.9-cascading-centralised,waxman,60,0.9,cascading,CENTRALISED,spf-static,15,10634034354848405627,0.13075687719160273,0.10804438065134356,0.13528242653493103,0.12112413609461746,0.15288911498383298,1077.5690325217092,5.164720269993727,50.32342088629668,0.0,0.0,False,0,0,48,0.0,0.46127447949533323,,0.009810699993977323,2,18669,0.32798789998923894
a8-cascade,waxman-n60-load0.9-cascading-centralised,waxman,60,0.9,cascading,CENTRALISED,cspf,16,7840558395724448283,0.05879991490784395,0.04189964216264938,0.024156571044075894,0.01724173482509239,0.16541412650845724,614.9769543810168,26.66948146363684,150.50249592486244,,0.0,True,244,0,161,0.1,0.0,,0.20562389999395236,6,20303,0.5707706000102917
a8-cascade,waxman-n60-load0.9-cascading-centralised,waxman,60,0.9,cascading,CENTRALISED,ecmp,16,7840558395724448283,0.040742590728075526,0.0508042991167816,0.04037840154702219,0.02835348505832751,0.052343487136258894,426.1188880768548,42.204654173479334,151.75614527281368,,,True,332,0,177,0.1,0.0794888915873092,,0.3644653999945149,7,20473,0.9441100000112783
a8-cascade,waxman-n60-load0.9-cascading-centralised,waxman,60,0.9,cascading,CENTRALISED,orbit,16,7840558395724448283,0.02776443028324122,0.04092620081767407,0.03157960895617577,0.009249928744800804,0.04185698195163588,290.38281437094406,52.10390845593556,153.24088032927733,,,True,334,4,155,0.0,0.0,,0.17887119999795686,6,21130,0.6076377999997931
a8-cascade,waxman-n60-load0.9-cascading-centralised,waxman,60,0.9,cascading,CENTRALISED,spf-reconverge,16,7840558395724448283,0.040742590728075526,0.0508042991167816,0.04037840154702219,0.02835348505832751,0.052343487136258894,426.1188880768548,42.204654173479334,151.75614527281368,,,True,332,0,177,0.1,0.0794888915873092,,0.056360200003837235,7,20473,0.5285987999959616
a8-cascade,waxman-n60-load0.9-cascading-centralised,waxman,60,0.9,cascading,CENTRALISED,spf-static,16,7840558395724448283,0.11354380433126345,0.13024937947047444,0.07913284176071865,0.10111297438656268,0.15580780859506949,1187.5327215339141,5.008647767144303,50.27333111020845,0.0,0.0,False,0,0,53,0.0,0.5179874244260925,,0.011118599999463186,3,19257,0.2628013000066858
a8-cascade,waxman-n60-load0.9-cascading-centralised,waxman,60,0.9,cascading,CENTRALISED,cspf,17,815718876865160424,0.054443713743874925,0.05210721664092382,0.06634788068493257,0.07593954058320429,0.01534103700371445,472.8959020794608,30.92187462004365,102.05951082714526,,,True,234,0,146,0.6000000000000001,0.4667162684602342,,0.23859169997740537,8,20516,0.7201651999930618
a8-cascade,waxman-n60-load0.9-cascading-centralised,waxman,60,0.9,cascading,CENTRALISED,ecmp,17,815718876865160424,0.06242554294850133,0.05820735602604151,0.0659453852464608,0.09223437649498595,0.021383631526262884,542.2257486752147,29.00686705564987,150.87268655347526,,0.0,True,355,0,156,2.6,0.47689525908884195,,0.3063535999826854,10,19883,0.6772669000056339
a8-cascade,waxman-n60-load0.9-cascading-centralised,waxman,60,0.9,cascading,CENTRALISED,orbit,17,815718876865160424,0.0749335494899233,0.19377863652669675,0.11245150819227716,0.04150604267893519,0.011357896860225416,650.8697890955285,22.95085015613534,101.94537685426144,,,True,396,3,146,0.30000000000000004,0.329769025779175,,0.16274929999781307,7,19857,0.4724642999935895
a8-cascade,waxman-n60-load0.9-cascading-centralised,waxman,60,0.9,cascading,CENTRALISED,spf-reconverge,17,815718876865160424,0.06242554294850133,0.05820735602604151,0.0659453852464608,0.09223437649498595,0.021383631526262884,542.2257486752147,29.00686705564987,150.87268655347526,,0.0,True,355,0,156,2.6,0.47689525908884195,,0.04400940000778064,10,19883,0.3443642999918666
a8-cascade,waxman-n60-load0.9-cascading-centralised,waxman,60,0.9,cascading,CENTRALISED,spf-static,17,815718876865160424,0.12987615254361287,0.188649976284663,0.09149320801919027,0.14275293237354705,0.11396255370758358,1128.099023601805,4.722628647157624,1.1295739368149502,0.0,0.0,False,0,0,47,0.0,0.6650199310442202,,0.01021950000722427,3,18816,0.25865089999570046
a8-cascade,waxman-n60-load0.9-cascading-centralised,waxman,60,0.9,cascading,CENTRALISED,cspf,18,15312447191566706455,0.03921235227630907,0.044595817763506414,0.042451228810615096,0.032037605271592606,0.04279350083250033,296.4122717657414,40.17139738113964,151.57862232735496,,,True,203,0,121,0.1,0.0,,0.10913349999464117,5,20788,0.37104959999851417
a8-cascade,waxman-n60-load0.9-cascading-centralised,waxman,60,0.9,cascading,CENTRALISED,ecmp,18,15312447191566706455,0.06640681043362667,0.1153581198806619,0.03700278179236783,0.05984096550510497,0.07949418265390934,501.97941206502384,26.41482822829659,151.07383459137392,,,True,301,0,130,0.6000000000000001,0.28232963146795587,,0.22351250001520384,7,19836,0.7257449000026099
a8-cascade,waxman-n60-load0.9-cascading-centralised,waxman,60,0.9,cascading,CENTRALISED,orbit,18,15312447191566706455,0.08208967876849883,0.23787173055548297,0.07039966975936668,0.07514207011857572,0.02213691870501158,620.5286538495063,17.22072745710893,101.88089831519153,,,True,310,1,110,0.0,0.4623108638284967,,0.13611259999743197,5,20040,0.5126183999964269
a8-cascade,waxman-n60-load0.9-cascading-centralised,waxman,60,0.9,cascading,CENTRALISED,spf-reconverge,18,15312447191566706455,0.06640681043362667,0.1153581198806619,0.03700278179236783,0.05984096550510497,0.07949418265390934,501.97941206502384,26.41482822829659,151.07383459137392,,,True,301,0,130,0.6000000000000001,0.28232963146795587,,0.030303999985335395,7,19836,0.35562750000099186
a8-cascade,waxman-n60-load0.9-cascading-centralised,waxman,60,0.9,cascading,CENTRALISED,spf-static,18,15312447191566706455,0.1572268883471619,0.13439486725397942,0.1867596036375882,0.10882892255983397,0.20441509214827014,1188.5025113833217,4.271738559408065,1.5377926449378723,0.0,0.0,False,0,0,43,0.0,0.4941269186856973,,0.010470099980011582,2,18375,0.3930201999901328
a8-cascade,waxman-n60-load0.9-cascading-centralised,waxman,60,0.9,cascading,CENTRALISED,cspf,19,8410335433369986300,0.08614923240667348,0.10342824549205798,0.08315491194505947,0.12470473914262398,0.029964670784347103,677.1745373289588,20.511094290622804,101.47930894813601,,,True,231,0,136,0.1,0.2005856816675295,,0.10976280001341365,5,19996,0.4006456000061007
a8-cascade,waxman-n60-load0.9-cascading-centralised,waxman,60,0.9,cascading,CENTRALISED,ecmp,19,8410335433369986300,0.06545362761995623,0.1887163750783982,0.04355415130550514,0.05884705610506735,0.029116864421536742,514.4970972093341,25.537429208878212,103.08925105792153,,0.0,True,307,0,134,1.1,0.45281231593329735,,0.22486630000639707,9,20042,0.5898241999966558
a8-cascade,waxman-n60-load0.9-cascading-centralised,waxman,60,0.9,cascading,CENTRALISED,orbit,19,8410335433369986300,0.08119097322391376,0.10939872008847168,0.0930842422702311,0.10495893667515807,0.026472458377885793,638.2002275847632,19.415232582654006,101.78092295276286,,0.0,True,336,5,131,0.6000000000000001,0.2439571472750729,,0.13665790001687128,7,20167,0.48019300001033116
a8-cascade,waxman-n60-load0.9-cascading-centralised,waxman,60,0.9,cascading,CENTRALISED,spf-reconverge,19,8410335433369986300,0.06545362761995623,0.1887163750783982,0.04355415130550514,0.05884705610506735,0.029116864421536742,514.4970972093341,25.537429208878212,103.08925105792153,,0.0,True,307,0,134,1.1,0.45281231593329735,,0.0666334999987157,9,20042,0.4629282000096282
a8-cascade,waxman-n60-load0.9-cascading-centralised,waxman,60,0.9,cascading,CENTRALISED,spf-static,19,8410335433369986300,0.15515587019331006,0.08965449457348924,0.12850091574215403,0.24525513548356873,0.09364958127603064,1219.6000089246036,4.1171746009151144,1.2604478792872544,0.0,0.0,False,0,0,45,0.0,0.3785997283947904,,0.009678399990662001,3,18816,0.39839789998950437
a8-cascade,waxman-n60-load0.9-cascading-centralised,waxman,60,0.9,cascading,CENTRALISED,cspf,20,9354882311026296945,0.04142155592394564,0.03412190800677659,0.05555394472441325,0.030201344438126453,0.04603385504506885,369.2215779619774,38.936272572113126,151.8150028890879,,,True,197,0,145,0.1,0.0,,0.1445069999754196,6,20829,0.4457218000025023
a8-cascade,waxman-n60-load0.9-cascading-centralised,waxman,60,0.9,cascading,CENTRALISED,ecmp,20,9354882311026296945,0.04198162563688055,0.053049935647319586,0.03352875640478209,0.05187387016263146,0.030900798025721037,374.21390185145725,42.537330021895094,152.60638848442932,,0.0,True,330,0,157,0.6000000000000001,0.09521959793288375,,0.2781336000189185,7,20332,0.7537804000021424
a8-cascade,waxman-n60-load0.9-cascading-centralised,waxman,60,0.9,cascading,CENTRALISED,orbit,20,9354882311026296945,0.06760210390715526,0.04435993602422119,0.1585012975635838,0.02315569461977866,0.0454977898702506,602.5885537467234,20.873846485204993,101.96219048709631,,,True,317,1,126,0.0,0.0,,0.17193210001278203,5,20298,0.4509442999988096
a8-cascade,waxman-n60-load0.9-cascading-centralised,waxman,60,0.9,cascading,CENTRALISED,spf-reconverge,20,9354882311026296945,0.04198162563688055,0.053049935647319586,0.03352875640478209,0.05187387016263146,0.030900798025721037,374.21390185145725,42.537330021895094,152.60638848442932,,0.0,True,330,0,157,0.6000000000000001,0.09521959793288375,,0.05612290000135545,7,20332,0.5001390999968862
a8-cascade,waxman-n60-load0.9-cascading-centralised,waxman,60,0.9,cascading,CENTRALISED,spf-static,20,9354882311026296945,0.09694387148758565,0.18654332174426244,0.06925256648283017,0.10397998214925142,0.06314566862135332,864.1338647469128,6.698135699382757,50.81568284856537,0.0,0.0,False,0,0,53,0.0,0.6239032721025919,,0.0090178999962518,2,19845,0.23656580000533722
a8-cascade,waxman-n60-load0.9-cascading-centralised,waxman,60,0.9,cascading,CENTRALISED,cspf,21,3432002575598101817,0.07948792125900607,0.06954453127568545,0.07710729241701035,0.10536555357575556,0.05246037365400372,825.6140807770101,18.01084678914779,101.88502405343783,,0.0,True,191,0,157,0.6000000000000001,0.09320318445796782,,0.20918959997652564,7,19913,0.7107643999916036
a8-cascade,waxman-n60-load0.9-cascading-centralised,waxman,60,0.9,cascading,CENTRALISED,ecmp,21,3432002575598101817,0.02943037514081746,0.07536533435658668,0.033519829371166945,0.020939050552953697,0.01363037799866473,305.683325641826,59.628066265041895,201.4440548951062,,0.0,True,351,0,187,1.1,0.06838437353515703,,0.20344260000274517,7,20710,0.5450697999913245
a8-cascade,waxman-n60-load0.9-cascading-centralised,waxman,60,0.9,cascading,CENTRALISED,orbit,21,3432002575598101817,0.045196241341116355,0.05618808318292947,0.0623250365133442,0.016360312251332085,0.060908093935958155,469.43803106681304,36.36697760171833,151.83208078277062,,0.0,True,415,2,178,0.1,0.22728483443118816,,0.2645446000096854,7,20702,0.8919812999956775
a8-cascade,waxman-n60-load0.9-cascading-centralised,waxman,60,0.9,cascading,CENTRALISED,spf-reconverge,21,3432002575598101817,0.02943037514081746,0.07536533435658668,0.033519829371166945,0.020939050552953697,0.01363037799866473,305.683325641826,59.628066265041895,201.4440548951062,,0.0,True,351,0,187,1.1,0.06838437353515703,,0.04085419999319129,7,20710,0.4713389999960782
a8-cascade,waxman-n60-load0.9-cascading-centralised,waxman,60,0.9,cascading,CENTRALISED,spf-static,21,3432002575598101817,0.12033111919401775,0.16897733333713175,0.11558048518678816,0.11217333914025135,0.11155438572722363,1249.8385262651673,4.716528492466943,1.2941596676063147,0.0,0.0,False,0,0,53,0.0,0.5787432605939855,,0.010957799997413531,2,19257,0.4355768999957945
a8-cascade,waxman-n60-load0.9-cascading-centralised,waxman,60,0.9,cascading,CENTRALISED,cspf,22,9855241225322873675,0.024455756020004542,0.0646154982654581,0.025241031112492672,0.017075505639548336,0.010852760273279947,236.13428486821704,57.23481920977184,152.01797500140975,,,True,181,0,141,0.0,0.12293361294687699,,0.1361295000242535,6,21293,0.5331511999975191
a8-cascade,waxman-n60-load0.9-cascading-centralised,waxman,60,0.9,cascading,CENTRALISED,ecmp,22,9855241225322873675,0.03379025605755391,0.0817215327129825,0.030794994634600916,0.018750732920903502,0.03037391435309329,326.26421130214356,46.44295827640653,152.32599580419364,,,True,286,0,155,0.1,0.2697312353698024,,0.20957940000516828,6,20723,0.5289185000001453
a8-cascade,waxman-n60-load0.9-cascading-centralised,waxman,60,0.9,cascading,CENTRALISED,orbit,22,9855241225322873675,0.030074593488687112,0.07687463993485472,0.04263329198171566,0.010195106263564766,0.01878943529620162,290.38736812488645,45.68966329799835,152.1905871734237,,,True,353,4,137,0.0,0.09165071814309088,,0.17534610000438988,5,20971,0.45853480001096614
a8-cascade,waxman-n60-load0.9-cascading-centralised,waxman,60,0.9,cascading,CENTRALISED,spf-reconverge,22,9855241225322873675,0.03379025605755391,0.0817215327129825,0.030794994634600916,0.018750732920903502,0.03037391435309329,326.26421130214356,46.44295827640653,152.32599580419364,,,True,286,0,155,0.1,0.2697312353698024,,0.06449060002341866,6,20723,0.5055898999999044
a8-cascade,waxman-n60-load0.9-cascading-centralised,waxman,60,0.9,cascading,CENTRALISED,spf-static,22,9855241225322873675,0.10847029824788855,0.1787244297024137,0.07101651699829672,0.09752906333098961,0.12042529070967865,1047.3426495282242,5.573345211296943,50.515499254134916,0.0,0.0,False,0,0,51,0.0,0.6214070213904717,,0.01989720000710804,2,19551,0.2879784999968251
a8-cascade,waxman-n60-load0.9-cascading-centralised,waxman,60,0.9,cascading,CENTRALISED,cspf,23,7770093315829151291,0.06901589310473556,0.0848695028080819,0.13622603744674397,0.034767421652042295,0.04365787610584814,523.4019876315028,19.930185984264504,101.9412895077981,,,True,187,0,102,0.0,0.16360118776148705,,0.11089299999002833,6,19903,0.3717199999955483
a8-cascade,waxman-n60-load0.9-cascading-centralised,waxman,60,0.9,cascading,CENTRALISED,ecmp,23,7770093315829151291,0.06431161263887422,0.07534691772401438,0.10850052894142433,0.03138935169298713,0.059211311339171055,487.7257160447351,23.16520075693179,150.88308638387545,,0.0,True,278,0,110,0.1,0.18904560260049305,,0.27301319999969564,6,19788,0.6935800000064773
a8-cascade,waxman-n60-load0.9-cascading-centralised,waxman,60,0.9,cascading,CENTRALISED,orbit,23,7770093315829151291,0.09745492810330375,0.13682688780343327,0.14003245514819881,0.04892822910590755,0.0976140579930952,739.0776352969406,13.799053834836696,101.4615731286321,,0.0,True,287,4,98,0.0,0.27657956162136166,,0.18523669999558479,4,19579,0.47690149999107234
a8-cascade,waxman-n60-load0.9-cascading-centralised,waxman,60,0.9,cascading,CENTRALISED,spf-reconverge,23,7770093315829151291,0.06431161263887422,0.07534691772401438,0.10850052894142433,0.03138935169298713,0.059211311339171055,487.7257160447351,23.16520075693179,150.88308638387545,,0.0,True,278,0,110,0.1,0.18904560260049305,,0.044910099968547,6,19788,0.43130300000484567
a8-cascade,waxman-n60-load0.9-cascading-centralised,waxman,60,0.9,cascading,CENTRALISED,spf-static,23,7770093315829151291,0.14692644785495126,0.13304017430471016,0.29365499745458074,0.07458714573633511,0.11259059106905706,1114.2592145582362,4.25408601996017,1.3975544208732709,0.0,0.0,False,0,0,38,0.0,0.5876306444298882,,0.009107199992286041,2,18669,0.2833945999882417
a8-cascade,waxman-n60-load0.9-cascading-centralised,waxman,60,0.9,cascading,CENTRALISED,cspf,24,14055642767569060435,0.05341091530243422,0.04443440185898501,0.08070765471955393,0.028382118980923073,0.06706101085804256,362.31970147946515,30.850576918397582,150.584638030539,,0.0,True,198,0,112,0.0,0.0,,0.15932949999114498,4,20546,0.5565461000078358
a8-cascade,waxman-n60-load0.9-cascading-centralised,waxman,60,0.9,cascading,CENTRALISED,ecmp,24,14055642767569060435,0.03725988545170291,0.05064578518900796,0.06521048456460647,0.02787859865971738,0.014024773548041384,252.7571470658695,51.62137076964499,152.50090769983512,,0.0,True,309,0,130,1.1,0.0,,0.28439020000223536,8,20694,0.6050106000038795
a8-cascade,waxman-n60-load0.9-cascading-centralised,waxman,60,0.9,cascading,CENTRALISED,orbit,24,14055642767569060435,0.07354112352761927,0.12233856559448979,0.05667346198296271,0.04973997116851147,0.09303772995741977,498.87551584005735,22.61898984330706,102.40316328266373,,,True,347,1,113,0.1,0.2232512703149733,,0.11853159999009222,5,20134,0.38370259999646805
a8-cascade,waxman-n60-load0.9-cascading-centralised,waxman,60,0.9,cascading,CENTRALISED,spf-reconverge,24,14055642767569060435,0.03725988545170291,0.05064578518900796,0.06521048456460647,0.02787859865971738,0.014024773548041384,252.7571470658695,51.62137076964499,152.50090769983512,,0.0,True,309,0,130,1.1,0.0,,0.03900370001792908,8,20694,0.4576715000002878
a8-cascade,waxman-n60-load0.9-cascading-centralised,waxman,60,0.9,cascading,CENTRALISED,spf-static,24,14055642767569060435,0.0857711784809607,0.017115494561381495,0.16784209001322675,0.04085525716631175,0.11046502436558009,581.8396409571975,7.67258806466704,53.727017354531654,,0.0,True,0,0,42,0.0,0.0,,0.008815100009087473,2,20286,0.3583694999979343
a8-cascade,waxman-n60-load0.9-cascading-centralised,waxman,60,0.9,cascading,CENTRALISED,cspf,25,2327587938646556194,0.08177951747150737,0.04293694063441793,0.11073917158936056,0.07571844158427354,0.08385227218185656,841.8614938858591,21.15911451964284,101.87683844392205,,0.0,True,248,0,180,0.1,0.0,,0.23488499999803025,6,19910,0.7899758999992628
a8-cascade,waxman-n60-load0.9-cascading-centralised,waxman,60,0.9,cascading,CENTRALISED,ecmp,25,2327587938646556194,0.07412551212833865,0.052394232209430285,0.13613128231098323,0.047285869552919656,0.06464728443641095,763.0689970402353,24.24620651854548,150.37559281704029,,,True,352,0,180,1.6,0.18497722632571575,,0.31756419999874197,8,19409,0.7800925000046846
a8-cascade,waxman-n60-load0.9-cascading-centralised,waxman,60,0.9,cascading,CENTRALISED,orbit,25,2327587938646556194,0.0769029710547557,0.08390550797350911,0.15131538109538012,0.03883169550646359,0.05573990701008738,791.6609451623888,21.677151172821308,102.17039173459952,,0.0,True,364,4,177,0.6000000000000001,0.08529251619988473,,0.18919869998353533,7,19811,0.6901278000004822
a8-cascade,waxman-n60-load0.9-cascading-centralised,waxman,60,0.9,cascading,CENTRALISED,spf-reconverge,25,2327587938646556194,0.07412551212833865,0.052394232209430285,0.13613128231098323,0.047285869552919656,0.06464728443641095,763.0689970402353,24.24620651854548,150.37559281704029,,,True,352,0,180,1.6,0.18497722632571575,,0.065547999998671,8,19409,0.6048053999984404
a8-cascade,waxman-n60-load0.9-cascading-centralised,waxman,60,0.9,cascading,CENTRALISED,spf-static,25,2327587938646556194,0.16084715302072267,0.11401256826289416,0.17733837044095885,0.17901483480579802,0.1446666247458521,1655.806107886259,4.088753507349836,1.0253033745089748,0.0,0.0,False,0,0,58,0.0,0.4628700653579828,,0.01081430001067929,2,17934,0.2959319000074174
a8-cascade,waxman-n60-load0.9-cascading-centralised,waxman,60,0.9,cascading,CENTRALISED,cspf,26,17327337641304115661,0.09805462699468419,0.08999106686737797,0.08018566032782802,0.10338911616583098,0.11447690236406964,633.8275705876162,18.331744665163363,101.74207581038264,,0.0,True,208,0,112,1.1,0.2128338796654887,,0.11903399998845998,7,19549,0.4856230999866966
a8-cascade,waxman-n60-load0.9-cascading-centralised,waxman,60,0.9,cascading,CENTRALISED,ecmp,26,17327337641304115661,0.08315010760946927,0.1844496090529689,0.05332826464905146,0.07072774571082661,0.07052805958858388,537.4843830986775,23.115544791149315,102.24826550237087,,0.0,True,304,0,122,1.1,0.40464187941391466,,0.1665903000102844,7,19635,0.44649570000183303
a8-cascade,waxman-n60-load0.9-cascading-centralised,waxman,60,0.9,cascading,CENTRALISED,orbit,26,17327337641304115661,0.14089270273859167,0.22152075586057166,0.12217068420085524,0.09203940055963339,0.1773810622488625,910.7339676603534,12.051683263850581,100.57287212888403,,0.0,True,336,5,105,0.1,0.4274461209750164,,0.1308718000072986,6,18593,0.4294081000116421
a8-cascade,waxman-n60-load0.9-cascading-centralised,waxman,60,0.9,cascading,CENTRALISED,spf-reconverge,26,17327337641304115661,0.08315010760946927,0.1844496090529689,0.05332826464905146,0.07072774571082661,0.07052805958858388,537.4843830986775,23.115544791149315,102.24826550237087,,0.0,True,304,0,122,1.1,0.40464187941391466,,0.0550074000202585,7,19635,0.48820220000925474
a8-cascade,waxman-n60-load0.9-cascading-centralised,waxman,60,0.9,cascading,CENTRALISED,spf-static,26,17327337641304115661,0.17363589851855613,0.120116010719567,0.22003960857278174,0.16733726029806098,0.16531134085526644,1122.3868072108487,4.553889245967658,1.8725655314733087,0.0,0.0,False,0,0,45,0.0,0.4326301330183372,,0.02207609999459237,2,18375,0.4009470000019064
a8-cascade,waxman-n60-load0.9-cascading-centralised,waxman,60,0.9,cascading,CENTRALISED,cspf,27,13798247298840138021,0.08979905076640643,0.07662885383276564,0.059425447151279794,0.1249646657010576,0.08382920986415415,585.2938349921062,20.512543679847894,102.28108965302701,,0.2,True,193,0,117,0.6000000000000001,0.10531967056721774,,0.10520759997598361,7,19895,0.3779454000032274
a8-cascade,waxman-n60-load0.9-cascading-centralised,waxman,60,0.9,cascading,CENTRALISED,ecmp,27,13798247298840138021,0.07239168374605187,0.0911020713111103,0.028921125112811898,0.06785461813953823,0.11451968580288852,471.83579157735454,25.400011380732725,150.8999308699607,,0.0,True,286,0,117,0.1,0.2514352132981016,,0.20358499998110346,6,19936,0.6308939000009559
a8-cascade,waxman-n60-load0.9-cascading-centralised,waxman,60,0.9,cascading,CENTRALISED,orbit,27,13798247298840138021,0.09067145611023106,0.15418715945828673,0.04921428323151888,0.13288886893173382,0.044099642091698116,590.9800139104444,17.721820771339736,101.983752571297,,0.0,True,311,5,106,0.1,0.30410289238737515,,0.2210785999923246,6,19743,0.5192546999896877
a8-cascade,waxman-n60-load0.9-cascading-centralised,waxman,60,0.9,cascading,CENTRALISED,spf-reconverge,27,13798247298840138021,0.07239168374605187,0.0911020713111103,0.028921125112811898,0.06785461813953823,0.11451968580288852,471.83579157735454,25.400011380732725,150.8999308699607,,0.0,True,286,0,117,0.1,0.2514352132981016,,0.034830099990358576,6,19936,0.29901370000152383
a8-cascade,waxman-n60-load0.9-cascading-centralised,waxman,60,0.9,cascading,CENTRALISED,spf-static,27,13798247298840138021,0.13680736549623254,0.2596112681582774,0.06663982510800623,0.16239135083387068,0.10943413705009289,891.6854568401694,5.662631525746672,50.32718662307457,0.0,0.0,False,0,0,45,0.0,0.6991496045248536,,0.008681299994350411,3,18669,0.4194206999964081
a8-cascade,waxman-n60-load0.9-cascading-centralised,waxman,60,0.9,cascading,CENTRALISED,cspf,28,10909858104733326281,0.093001580218458,0.06040717545697117,0.04858426504629579,0.08825137340322792,0.1610787373679508,640.4699922295822,16.729789762436848,101.59986869623252,,0.0,True,198,0,109,1.1,0.11238974866772271,,0.15758610001648776,8,19638,0.5495389999996405
a8-cascade,waxman-n60-load0.9-cascading-centralised,waxman,60,0.9,cascading,CENTRALISED,ecmp,28,10909858104733326281,0.08267634660223697,0.04127547467892907,0.08696677812785565,0.07973951007373647,0.1041683656394202,569.3636488920179,20.40891654976662,102.16384101444709,,0.0,True,285,0,117,0.6000000000000001,0.09642276136520625,,0.14815630001248792,6,19558,0.4213863999902969
a8-cascade,waxman-n60-load0.9-cascading-centralised,waxman,60,0.9,cascading,CENTRALISED,orbit,28,10909858104733326281,0.082840103355029,0.11104023484015905,0.0517396753221656,0.1087894439793813,0.06362597158516392,570.4913854954378,17.939614019380848,102.30532035723681,,0.0,True,287,1,104,0.6000000000000001,0.26541873147150136,,0.20274130001780577,7,19773,0.625916299992241
a8-cascade,waxman-n60-load0.9-cascading-centralised,waxman,60,0.9,cascading,CENTRALISED,spf-reconverge,28,10909858104733326281,0.08267634660223697,0.04127547467892907,0.08696677812785565,0.07973951007373647,0.1041683656394202,569.3636488920179,20.40891654976662,102.16384101444709,,0.0,True,285,0,117,0.6000000000000001,0.09642276136520625,,0.040217299974756315,6,19558,0.3700070000049891
a8-cascade,waxman-n60-load0.9-cascading-centralised,waxman,60,0.9,cascading,CENTRALISED,spf-static,28,10909858104733326281,0.10893140495282773,0.12920976974871576,0.1260041584388708,0.11565053645186565,0.07199469860519862,750.1732327538274,5.828157810033369,50.73040203005704,0.0,0.0,False,0,0,41,0.0,0.5147212247758094,,0.02306730000418611,2,19404,0.34358760000031907
a8-cascade,waxman-n60-load0.9-cascading-centralised,waxman,60,0.9,cascading,CENTRALISED,cspf,29,6329859330397869564,0.06111838473600748,0.09031173415454771,0.06020804402182647,0.05022256574079612,0.060084325776853915,600.9335397352859,26.66948452665039,102.81419733295604,0.0,0.0,True,223,0,162,0.6000000000000001,0.4355369845976745,,0.17354829999385402,6,20317,0.5904658000072232
a8-cascade,waxman-n60-load0.9-cascading-centralised,waxman,60,0.9,cascading,CENTRALISED,ecmp,29,6329859330397869564,0.07653870120312903,0.04487153903445771,0.07946752129338444,0.08172135497119555,0.0852290322345187,752.5505269716374,23.01809140944883,150.64705083560355,,0.0,True,349,0,169,1.1,0.37983709426981355,,0.3314976000110619,7,19381,0.840862000011839
a8-cascade,waxman-n60-load0.9-cascading-centralised,waxman,60,0.9,cascading,CENTRALISED,orbit,29,6329859330397869564,0.09807497458962543,0.13432464859026566,0.1810512913846161,0.04097082729516435,0.07145063969954896,964.3013619250601,16.753487065509457,101.70161473571225,,0.2,True,376,1,156,0.30000000000000004,0.27201216242403997,,0.14384070000960492,6,19205,0.48956649999308866
a8-cascade,waxman-n60-load0.9-cascading-centralised,waxman,60,0.9,cascading,CENTRALISED,spf-reconverge,29,6329859330397869564,0.07653870120312903,0.04487153903445771,0.07946752129338444,0.08172135497119555,0.0852290322345187,752.5505269716374,23.01809140944883,150.64705083560355,,0.0,True,349,0,169,1.1,0.37983709426981355,,0.05260029998316895,7,19381,0.49784480000380427
a8-cascade,waxman-n60-load0.9-cascading-centralised,waxman,60,0.9,cascading,CENTRALISED,spf-static,29,6329859330397869564,0.10493836015990916,0.11053547469229523,0.0780304350252501,0.10362494371611618,0.13172742008382907,1031.7841431394793,6.346031151055652,50.55696883540496,0.0,0.0,False,0,0,58,0.0,0.49006576456498846,,0.010164100007386878,2,19698,0.39924370001244824
