experiment,scenario,family,nodes,offered_load,failure,control_mode,algorithm,trial,seed,pdr,pdr_critical,pdr_high,pdr_normal,pdr_low,throughput_mbps,mean_latency_ms,p95_latency_ms,time_to_restore_critical_s,time_to_restore_overall_s,censored,reroutes,preemptions,cascade_depth,time_to_converge_s,peak_restore_critical,optimality_gap,control_seconds,control_calls,blackholed_flow_ticks,wall_clock_s
a8-dual-control,waxman-n60-load0.7-critical_link-centralised,waxman,60,0.7,critical_link,CENTRALISED,cspf,0,511180306175207683,0.7999340084766446,0.9993096696654176,0.938377197454432,0.787077499878233,0.5556725918644813,4080.3615758440837,35.980414060799845,101.83261419607724,0.2,0.2,False,44,0,0,0.30000000000000004,1.0,,0.10036850000324193,2,4,1.886446899996372
a8-dual-control,waxman-n60-load0.7-critical_link-centralised,waxman,60,0.7,critical_link,CENTRALISED,ecmp,0,511180306175207683,0.6341973545169121,0.9165719881051916,0.8276410865906099,0.536602479213254,0.40246349834187906,3234.959996013634,45.17418128007752,150.4716463240082,,0.0,True,9,0,0,0.30000000000000004,0.9313070695737268,,0.1190989000024274,2,18,1.4062092000094708
a8-dual-control,waxman-n60-load0.7-critical_link-centralised,waxman,60,0.7,critical_link,CENTRALISED,orbit,0,511180306175207683,0.7908790513573362,0.9993096696654176,0.9990631552325039,0.8153218663257158,0.4139612069566833,4034.173391932635,34.87485194787664,101.98070893597016,0.2,0.2,False,164,0,0,0.30000000000000004,1.0,,0.10145820000616368,2,6,1.9732956999941962
a8-dual-control,waxman-n60-load0.7-critical_link-centralised,waxman,60,0.7,critical_link,CENTRALISED,spf-reconverge,0,511180306175207683,0.6341973545169121,0.9165719881051916,0.8276410865906099,0.536602479213254,0.40246349834187906,3234.959996013634,45.17418128007752,150.4716463240082,,0.0,True,9,0,0,0.30000000000000004,0.9313070695737268,,0.021032299991929904,2,18,1.192673300000024
a8-dual-control,waxman-n60-load0.7-critical_link-centralised,waxman,60,0.7,critical_link,CENTRALISED,spf-static,0,511180306175207683,0.6228136610183199,0.8734472821142626,0.7999622280067901,0.5300818991113023,0.41982105028073985,3176.893224191671,43.34478983725103,150.4716463240082,,0.0,True,0,0,0,0.0,0.8794909534476658,,0.01551760001166258,2,1170,1.2695459999958985
a8-dual-control,waxman-n60-load0.7-critical_link-centralised,waxman,60,0.7,critical_link,CENTRALISED,cspf,1,14881809401974801459,0.708246166724885,0.9957875179294223,0.7785054170458665,0.6797853870800452,0.5204271832879711,4846.307167306028,48.564370347014574,151.1431590656416,0.0,0.0,True,37,0,0,0.30000000000000004,1.0,,0.160015100002056,2,4,1.7903665999911027
a8-dual-control,waxman-n60-load0.7-critical_link-centralised,waxman,60,0.7,critical_link,CENTRALISED,ecmp,1,14881809401974801459,0.5511374501305886,0.9572711171022561,0.6138050676794733,0.4928056351860586,0.3494005623495871,3771.2613215966335,51.60308086746935,150.50059333536979,0.0,0.0,False,7,0,0,0.30000000000000004,1.0,,0.2126041000155965,2,14,1.3910455000004731
a8-dual-control,waxman-n60-load0.7-critical_link-centralised,waxman,60,0.7,critical_link,CENTRALISED,orbit,1,14881809401974801459,0.6983067259310753,0.9950178140057663,0.8916500949678137,0.6864813855863428,0.35311049328543054,4778.294680375385,49.47379977546237,150.84983139711792,0.2,0.2,False,172,0,0,0.30000000000000004,1.0,,0.1137995999888517,2,4,1.780635400005849
a8-dual-control,waxman-n60-load0.7-critical_link-centralised,waxman,60,0.7,critical_link,CENTRALISED,spf-reconverge,1,14881809401974801459,0.5511374501305886,0.9572711171022561,0.6138050676794733,0.4928056351860586,0.3494005623495871,3771.2613215966335,51.60308086746935,150.50059333536979,0.0,0.0,False,7,0,0,0.30000000000000004,1.0,,0.03223739999521058,2,14,1.2049472000071546
a8-dual-control,waxman-n60-load0.7-critical_link-centralised,waxman,60,0.7,critical_link,CENTRALISED,spf-static,1,14881809401974801459,0.5464752849937962,0.9406558579048189,0.6138050676794733,0.47762252413906475,0.3607532997818982,3739.359582654532,49.91279653203111,150.78857642551213,0.0,0.0,False,0,0,0,0.0,0.9796653974110318,,0.018428099996526726,2,910,1.2324424999969779
a8-dual-control,waxman-n60-load0.7-critical_link-centralised,waxman,60,0.7,critical_link,CENTRALISED,cspf,2,6548603596439119159,0.785837043523075,1.0,0.9679093126635263,0.7408919649872403,0.5536418358259438,4532.024622421652,41.648516965415666,102.8117406586169,0.0,0.0,True,44,0,0,0.30000000000000004,0.9999999999999999,,0.08551670001179446,2,2,1.7547973999899114
a8-dual-control,waxman-n60-load0.7-critical_link-centralised,waxman,60,0.7,critical_link,CENTRALISED,ecmp,2,6548603596439119159,0.588855406778182,1.0,0.8320230356732317,0.44901917853282297,0.31415727131051474,3396.005857143683,47.93193723405552,151.206042016919,0.0,0.0,False,3,0,0,0.30000000000000004,0.9999999999999999,,0.14857390001998283,2,6,1.341659499987145
a8-dual-control,waxman-n60-load0.7-critical_link-centralised,waxman,60,0.7,critical_link,CENTRALISED,orbit,2,6548603596439119159,0.7646485212229668,1.0,0.9939075192398206,0.776346499398617,0.40057402948885645,4409.827653510245,33.949320810773976,101.07447092691731,0.0,0.0,False,158,0,0,0.30000000000000004,0.9999999999999999,,0.057386300002690405,2,2,1.7768396000028588
a8-dual-control,waxman-n60-load0.7-critical_link-centralised,waxman,60,0.7,critical_link,CENTRALISED,spf-reconverge,2,6548603596439119159,0.588855406778182,1.0,0.8320230356732317,0.44901917853282297,0.31415727131051474,3396.005857143683,47.93193723405552,151.206042016919,0.0,0.0,False,3,0,0,0.30000000000000004,0.9999999999999999,,0.018547899991972372,2,6,1.2923002000025008
a8-dual-control,waxman-n60-load0.7-critical_link-centralised,waxman,60,0.7,critical_link,CENTRALISED,spf-static,2,6548603596439119159,0.5827656403473351,1.0,0.8320230356732317,0.4357335181562335,0.3085170640448602,3360.885380657028,47.153354121697895,150.96350650202524,0.0,0.0,False,0,0,0,0.0,0.9999999999999999,,0.00947640000958927,2,390,1.1026235000026645
a8-dual-control,waxman-n60-load0.7-critical_link-centralised,waxman,60,0.7,critical_link,CENTRALISED,cspf,3,5122753169195063474,0.7428726983572418,1.0,0.9455144803845307,0.7514139174252814,0.3889167980696204,4174.0669770862,50.829344342918475,102.84734434205022,0.0,0.0,True,75,0,0,0.30000000000000004,1.0,,0.14071229999535717,2,2,1.7394644000014523
a8-dual-control,waxman-n60-load0.7-critical_link-centralised,waxman,60,0.7,critical_link,CENTRALISED,ecmp,3,5122753169195063474,0.5521810626328848,0.9859764098065612,0.6884486591934824,0.5317580495787797,0.20312478890916222,3102.6052566006542,49.62534402779119,150.8956642818966,0.2,0.2,False,15,0,0,0.30000000000000004,1.0925843322802935,,0.13623370000277646,2,30,1.0550156999961473
a8-dual-control,waxman-n60-load0.7-critical_link-centralised,waxman,60,0.7,critical_link,CENTRALISED,orbit,3,5122753169195063474,0.7470111465068788,0.9991377608042075,1.0,0.7495130517849963,0.35396479522305857,4197.320166759185,46.409671763308104,102.57382421603965,0.2,0.2,True,171,5,0,0.30000000000000004,1.0,,0.05983890002244152,2,262,1.843766099991626
a8-dual-control,waxman-n60-load0.7-critical_link-centralised,waxman,60,0.7,critical_link,CENTRALISED,spf-reconverge,3,5122753169195063474,0.5521810626328848,0.9859764098065612,0.6884486591934824,0.5317580495787797,0.20312478890916222,3102.6052566006542,49.62534402779119,150.8956642818966,0.2,0.2,False,15,0,0,0.30000000000000004,1.0925843322802935,,0.01911639999889303,2,30,1.0958387999999104
a8-dual-control,waxman-n60-load0.7-critical_link-centralised,waxman,60,0.7,critical_link,CENTRALISED,spf-static,3,5122753169195063474,0.5224621834019395,0.8115714316742246,0.7049564568102912,0.5012650241561817,0.2091686115840266,2935.6202635214663,50.935987755789476,150.8956642818966,,0.0,True,0,0,0,0.0,0.8692810355079396,,0.008305399998789653,2,1950,0.9261693000007654
a8-dual-control,waxman-n60-load0.7-critical_link-centralised,waxman,60,0.7,critical_link,CENTRALISED,cspf,4,10220708774712354407,0.7769103770492395,0.9831462351842148,0.908593739195222,0.7236547089058104,0.5883073176061128,4983.65983752865,50.25311921032397,103.87097876917905,0.2,0.2,True,60,0,0,0.30000000000000004,0.9927931256116844,,0.1744304000021657,2,2,1.9864880999957677
a8-dual-control,waxman-n60-load0.7-critical_link-centralised,waxman,60,0.7,critical_link,CENTRALISED,ecmp,4,10220708774712354407,0.5998177969963054,0.9634278861707684,0.7507795130179981,0.5301659730416846,0.3134780773313926,3847.6611370270616,47.45288234793761,150.4245586216076,0.2,0.2,False,9,0,0,0.30000000000000004,1.0127243950503304,,0.16516029999183957,2,18,1.2666564000101062
a8-dual-control,waxman-n60-load0.7-critical_link-centralised,waxman,60,0.7,critical_link,CENTRALISED,orbit,4,10220708774712354407,0.7901695818461507,0.9991596138130667,0.9753309234139989,0.8165688680123274,0.4273667693224799,5068.713877706241,44.50431475125393,102.54237579890321,0.2,0.2,False,165,3,0,0.30000000000000004,1.0,,0.10323900000366848,2,2,1.8062586000014562
a8-dual-control,waxman-n60-load0.7-critical_link-centralised,waxman,60,0.7,critical_link,CENTRALISED,spf-reconverge,4,10220708774712354407,0.5998177969963054,0.9634278861707684,0.7507795130179981,0.5301659730416846,0.3134780773313926,3847.6611370270616,47.45288234793761,150.4245586216076,0.2,0.2,False,9,0,0,0.30000000000000004,1.0127243950503304,,0.017934500006958842,2,18,1.1559668999980204
a8-dual-control,waxman-n60-load0.7-critical_link-centralised,waxman,60,0.7,critical_link,CENTRALISED,spf-static,4,10220708774712354407,0.5776270088299453,0.8816037507677035,0.7507795130179843,0.5070276468880132,0.3091055411635103,3705.313521375655,45.795830170016174,150.57714585513827,,0.0,True,0,0,0,0.0,0.9122325867218138,,0.017574500016053207,2,1170,1.1159633999923244
a8-dual-control,waxman-n60-load0.7-critical_link-centralised,waxman,60,0.7,critical_link,CENTRALISED,cspf,5,6382036507379818620,0.8004197880336928,0.9994566330355802,0.98659532561397,0.7086522345715209,0.6222708803460475,4465.342776025948,44.18063488214224,150.85491189420318,0.0,0.0,True,57,0,0,0.30000000000000004,1.0037185511518476,,0.14255659998161718,2,6,1.975571699993452
a8-dual-control,waxman-n60-load0.7-critical_link-centralised,waxman,60,0.7,critical_link,CENTRALISED,ecmp,5,6382036507379818620,0.6002696960284948,0.9800910496397623,0.7569055477107428,0.5147835347002016,0.35041205308651663,3348.7552293188705,54.203859344996786,151.2457213758508,0.0,0.2,False,12,0,0,0.30000000000000004,1.0,,0.15616929999669082,2,24,1.2884962999960408
a8-dual-control,waxman-n60-load0.7-critical_link-centralised,waxman,60,0.7,critical_link,CENTRALISED,orbit,5,6382036507379818620,0.7702638433516092,1.0,0.9808359552216901,0.8397318034553009,0.3230974994150961,4297.110266343527,39.10853270248724,102.66985666058724,0.0,0.2,False,163,0,0,0.30000000000000004,1.0,,0.08185329999832902,2,8,1.9846969000063837
a8-dual-control,waxman-n60-load0.7-critical_link-centralised,waxman,60,0.7,critical_link,CENTRALISED,spf-reconverge,5,6382036507379818620,0.6002696960284948,0.9800910496397623,0.7569055477107428,0.5147835347002016,0.35041205308651663,3348.7552293188705,54.203859344996786,151.2457213758508,0.0,0.2,False,12,0,0,0.30000000000000004,1.0,,0.018456799996783957,2,24,1.1289006000006339
a8-dual-control,waxman-n60-load0.7-critical_link-centralised,waxman,60,0.7,critical_link,CENTRALISED,spf-static,5,6382036507379818620,0.5942108860312778,0.9448217119416004,0.7375798315193768,0.531408649816407,0.3422791028344741,3314.9546363589575,49.58934451402678,151.13081673196842,0.0,0.0,True,0,0,0,0.0,0.957852866277682,,0.020663000002969056,2,1560,1.0292094000033103
a8-dual-control,waxman-n60-load0.7-critical_link-centralised,waxman,60,0.7,critical_link,CENTRALISED,cspf,6,6109729812308633356,0.7245094010748007,0.9663915265275835,0.9023220341287107,0.6857740227182466,0.46401878748740255,5518.067019024743,58.32436947579165,151.47127882218558,0.0,0.0,True,66,0,0,0.30000000000000004,1.0048596241211725,,0.14153429999714717,2,2,1.931132699988666
a8-dual-control,waxman-n60-load0.7-critical_link-centralised,waxman,60,0.7,critical_link,CENTRALISED,ecmp,6,6109729812308633356,0.5008926118090541,0.86298913792437,0.5705109386102103,0.442029592147482,0.31859673629814383,3814.938767111104,50.51927246762472,150.67058418775778,0.0,0.2,False,9,0,0,0.30000000000000004,0.9935208439161836,,0.25286720000440255,2,18,1.1311170999979367
a8-dual-control,waxman-n60-load0.7-critical_link-centralised,waxman,60,0.7,critical_link,CENTRALISED,orbit,6,6109729812308633356,0.7134221472244141,0.9878767845222706,0.9383059337872931,0.754807129883499,0.27478348812126585,5433.623380732937,54.299133258353194,103.78758439126729,0.0,0.0,False,164,0,0,0.30000000000000004,0.986439643675787,,0.07227960000454914,2,4,2.0030072999943513
a8-dual-control,waxman-n60-load0.7-critical_link-centralised,waxman,60,0.7,critical_link,CENTRALISED,spf-reconverge,6,6109729812308633356,0.5008926118090541,0.86298913792437,0.5705109386102103,0.442029592147482,0.31859673629814383,3814.938767111104,50.51927246762472,150.67058418775778,0.0,0.2,False,9,0,0,0.30000000000000004,0.9935208439161836,,0.03186139999888837,2,18,1.0318637000018498
a8-dual-control,waxman-n60-load0.7-critical_link-centralised,waxman,60,0.7,critical_link,CENTRALISED,spf-static,6,6109729812308633356,0.4922965136889186,0.8324805649289271,0.5649979897743952,0.45068950368838573,0.29430901552891064,3749.46847030246,48.96221879759732,150.67058418775778,0.0,0.0,True,0,0,0,0.0,0.9523478476416829,,0.011747099997592159,2,1170,0.8969877000054112
a8-dual-control,waxman-n60-load0.7-critical_link-centralised,waxman,60,0.7,critical_link,CENTRALISED,cspf,7,17531937474730540171,0.7254587058426492,0.9761120085485742,0.932861198712314,0.6761251108307842,0.42520542308266107,4581.255981622434,62.361000055617986,152.805799791079,0.0,0.0,True,67,0,0,0.30000000000000004,1.0256565687024053,,0.07316009998612572,2,4,1.7379704999912065
a8-dual-control,waxman-n60-load0.7-critical_link-centralised,waxman,60,0.7,critical_link,CENTRALISED,ecmp,7,17531937474730540171,0.5373144829661546,0.8919325256306538,0.6478262979069398,0.44554036943971204,0.3259622160800074,3393.1292977480275,56.50434607819384,151.18857148392934,0.0,0.0,False,10,0,0,0.30000000000000004,1.0,,0.1741289999918081,2,20,1.0873935999989044
a8-dual-control,waxman-n60-load0.7-critical_link-centralised,waxman,60,0.7,critical_link,CENTRALISED,orbit,7,17531937474730540171,0.7397770275275021,0.9995012551281636,0.9997419847599304,0.7306872393510203,0.3293066116160921,4671.675872289173,54.78466935851461,150.56899343370188,0.0,0.0,False,174,0,0,0.30000000000000004,1.0000000000000002,,0.07911489998514298,2,6,1.993222400007653
a8-dual-control,waxman-n60-load0.7-critical_link-centralised,waxman,60,0.7,critical_link,CENTRALISED,spf-reconverge,7,17531937474730540171,0.5373144829661546,0.8919325256306538,0.6478262979069398,0.44554036943971204,0.3259622160800074,3393.1292977480275,56.50434607819384,151.18857148392934,0.0,0.0,False,10,0,0,0.30000000000000004,1.0,,0.03810500001418404,2,20,1.2022527000081027
a8-dual-control,waxman-n60-load0.7-critical_link-centralised,waxman,60,0.7,critical_link,CENTRALISED,spf-static,7,17531937474730540171,0.5299282434749386,0.8630672624947539,0.6459768508901498,0.4473909279483077,0.3142847747265178,3346.4853556761977,54.68609004204084,151.2265895682744,0.0,0.0,False,0,0,0,0.0,0.9620942358103788,,0.01900069999101106,2,1300,1.0768605999910505
a8-dual-control,waxman-n60-load0.7-critical_link-centralised,waxman,60,0.7,critical_link,CENTRALISED,cspf,8,6492216598015211638,0.7678955005747896,1.0,0.940874832026102,0.6870900683442012,0.5706546403312713,4637.0869968016905,44.911387367151406,105.13372694544528,0.0,0.0,False,77,0,0,0.30000000000000004,1.0,,0.15153099999588449,2,6,2.081605400002445
a8-dual-control,waxman-n60-load0.7-critical_link-centralised,waxman,60,0.7,critical_link,CENTRALISED,ecmp,8,6492216598015211638,0.5575877966058739,0.9533916792742461,0.6756822910402218,0.45367900028945635,0.35099543296775704,3367.102840531072,49.49627424939545,151.0126427498012,0.2,0.2,True,13,0,0,0.30000000000000004,1.0,,0.13664470000367146,2,26,1.3285518000047887
a8-dual-control,waxman-n60-load0.7-critical_link-centralised,waxman,60,0.7,critical_link,CENTRALISED,orbit,8,6492216598015211638,0.7322205352469832,0.9993576534476666,0.9781485229777194,0.6612980029021659,0.42617463754064516,4421.65674918454,51.88794316221854,102.791974398348,0.0,0.0,False,176,0,0,0.30000000000000004,1.0,,0.0666845999949146,2,6,1.973816400000942
a8-dual-control,waxman-n60-load0.7-critical_link-centralised,waxman,60,0.7,critical_link,CENTRALISED,spf-reconverge,8,6492216598015211638,0.5575877966058739,0.9533916792742461,0.6756822910402218,0.45367900028945635,0.35099543296775704,3367.102840531072,49.49627424939545,151.0126427498012,0.2,0.2,True,13,0,0,0.30000000000000004,1.0,,0.029117700003553182,2,26,1.073863600002369
a8-dual-control,waxman-n60-load0.7-critical_link-centralised,waxman,60,0.7,critical_link,CENTRALISED,spf-static,8,6492216598015211638,0.5479955150923168,0.8911862255904094,0.6189267777864287,0.4596656546880484,0.3980779557884176,3309.1779746568977,46.46909530776857,151.14928405354354,,0.0,True,0,0,0,0.0,0.9236171486218252,,0.009619400021620095,2,1690,0.9153848999994807
a8-dual-control,waxman-n60-load0.7-critical_link-centralised,waxman,60,0.7,critical_link,CENTRALISED,cspf,9,16974837765539899153,0.7613207034623813,0.9741512930485668,0.8606414695013201,0.7578741935632545,0.5526048887966633,5746.737955800777,54.366114888910126,150.887705913014,0.0,0.0,True,47,0,0,0.30000000000000004,1.0,,0.10429419999127276,2,2,1.8643746000016108
a8-dual-control,waxman-n60-load0.7-critical_link-centralised,waxman,60,0.7,critical_link,CENTRALISED,ecmp,9,16974837765539899153,0.5203488776803797,0.8103413366640354,0.7231697076394393,0.44200486941795003,0.27501183682774294,3927.791050505606,57.16071187948855,151.03049444503722,0.0,0.2,False,4,0,0,0.30000000000000004,0.9999999999999999,,0.145680400004494,2,8,1.0343974999996135
a8-dual-control,waxman-n60-load0.7-critical_link-centralised,waxman,60,0.7,critical_link,CENTRALISED,orbit,9,16974837765539899153,0.6795972198028613,0.9994514133967466,1.0,0.6488326806319813,0.24428115206934103,5129.858047911033,57.081619918594974,151.87723579653772,0.0,0.0,False,167,0,0,0.30000000000000004,1.0,,0.09401490000891499,2,4,2.0192986000038218
a8-dual-control,waxman-n60-load0.7-critical_link-centralised,waxman,60,0.7,critical_link,CENTRALISED,spf-reconverge,9,16974837765539899153,0.5203488776803797,0.8103413366640354,0.7231697076394393,0.44200486941795003,0.27501183682774294,3927.791050505606,57.16071187948855,151.03049444503722,0.0,0.2,False,4,0,0,0.30000000000000004,0.9999999999999999,,0.020283000005292706,2,8,0.8961058999993838
a8-dual-control,waxman-n60-load0.7-critical_link-centralised,waxman,60,0.7,critical_link,CENTRALISED,spf-static,9,16974837765539899153,0.5138709314523627,0.8103413366640354,0.7231697076394393,0.42515978755531814,0.27306900553023844,3878.8930508914123,56.77210335244877,151.03049444503722,0.0,0.0,True,0,0,0,0.0,0.9999999999999999,,0.016174400007002987,2,520,0.870730900001945
a8-dual-control,waxman-n60-load0.7-critical_link-centralised,waxman,60,0.7,critical_link,CENTRALISED,cspf,10,4564883513547701922,0.7632757574156867,1.0,0.8626841900025617,0.7553657779821116,0.5275016433288506,3468.977152988491,50.023990259649054,104.43926062442029,0.0,0.2,True,69,0,0,0.30000000000000004,1.0,,0.10050509999564383,2,6,1.8417528999998467
a8-dual-control,waxman-n60-load0.7-critical_link-centralised,waxman,60,0.7,critical_link,CENTRALISED,ecmp,10,4564883513547701922,0.5509439099438448,0.998853327697456,0.6987742706204417,0.4335733400735935,0.28012241149383316,2503.9598305131076,62.50970931423945,155.3274875143303,0.2,0.2,True,15,0,0,0.30000000000000004,1.0,,0.11012929999560583,2,30,1.1340486999979476
a8-dual-control,waxman-n60-load0.7-critical_link-centralised,waxman,60,0.7,critical_link,CENTRALISED,orbit,10,4564883513547701922,0.7776236794615585,0.9992980314755722,0.935960316246577,0.8321720340470198,0.40908627372254613,3534.1863690371056,40.31190542478419,102.92406891998527,0.2,0.2,True,163,0,0,0.30000000000000004,1.0,,0.07207419999758713,2,8,1.8442326000076719
a8-dual-control,waxman-n60-load0.7-critical_link-centralised,waxman,60,0.7,critical_link,CENTRALISED,spf-reconverge,10,4564883513547701922,0.5509439099438448,0.998853327697456,0.6987742706204417,0.4335733400735935,0.28012241149383316,2503.9598305131076,62.50970931423945,155.3274875143303,0.2,0.2,True,15,0,0,0.30000000000000004,1.0,,0.01568730000872165,2,30,0.8475996000051964
a8-dual-control,waxman-n60-load0.7-critical_link-centralised,waxman,60,0.7,critical_link,CENTRALISED,spf-static,10,4564883513547701922,0.5422934263705383,0.9254663003346456,0.6627134301975955,0.4542216795688124,0.3006093273855347,2464.644642540015,54.63002351129296,151.6485191101529,,0.0,True,0,0,0,0.0,0.9139995773092014,,0.019661500002257526,2,1950,0.9379669000045396
a8-dual-control,waxman-n60-load0.7-critical_link-centralised,waxman,60,0.7,critical_link,CENTRALISED,cspf,11,11651706176664664731,0.8111933057715883,0.9694929693998057,0.911144372278362,0.7750873831267624,0.6541395640766436,5282.881168216482,44.835250705460936,102.61901632037969,0.0,0.0,False,58,0,0,0.30000000000000004,1.009208801241896,,0.09259440000460017,2,2,1.8292474999907427
a8-dual-control,waxman-n60-load0.7-critical_link-centralised,waxman,60,0.7,critical_link,CENTRALISED,ecmp,11,11651706176664664731,0.5584973552307478,0.8460880580299861,0.6183640310405227,0.41910913413857737,0.4975166630665194,3637.2035363886603,46.18712468565189,150.78447063084198,0.0,0.0,True,7,0,0,0.30000000000000004,0.9999999999999999,,0.14228200001525693,2,14,1.238747899988084
a8-dual-control,waxman-n60-load0.7-critical_link-centralised,waxman,60,0.7,critical_link,CENTRALISED,orbit,11,11651706176664664731,0.7416272589221287,0.9995304691536405,0.9520845454428979,0.7264627305223169,0.3784741292514708,4829.833594680715,45.60206484127768,150.6788437193702,0.0,0.2,True,168,0,0,0.30000000000000004,1.0,,0.12055710000277031,2,4,2.056917900001281
a8-dual-control,waxman-n60-load0.7-critical_link-centralised,waxman,60,0.7,critical_link,CENTRALISED,spf-reconverge,11,11651706176664664731,0.5584973552307478,0.8460880580299861,0.6183640310405227,0.41910913413857737,0.4975166630665194,3637.2035363886603,46.18712468565189,150.78447063084198,0.0,0.0,True,7,0,0,0.30000000000000004,0.9999999999999999,,0.035625100004835986,2,14,0.9490121999988332
a8-dual-control,waxman-n60-load0.7-critical_link-centralised,waxman,60,0.7,critical_link,CENTRALISED,spf-static,11,11651706176664664731,0.5558351133034193,0.8160380838629795,0.6183640310405262,0.42257784916530344,0.5013609477683239,3619.865735838466,45.22279730374055,150.84384978637365,0.0,0.0,True,0,0,0,0.0,0.9584023415067321,,0.011383299992303364,2,910,1.0234682999871438
a8-dual-control,waxman-n60-load0.7-critical_link-centralised,waxman,60,0.7,critical_link,CENTRALISED,cspf,12,117707656566462964,0.755519056228851,0.9605280942921349,0.8924940408063601,0.745004993966999,0.5179311694047039,3587.0912666843933,46.8093780759032,150.58114605568034,0.2,0.2,True,72,0,0,0.30000000000000004,0.9889312762636117,,0.06815980000828858,2,6,1.7243695999932243
a8-dual-control,waxman-n60-load0.7-critical_link-centralised,waxman,60,0.7,critical_link,CENTRALISED,ecmp,12,117707656566462964,0.5595438528926162,0.9928174012498048,0.7777193855635834,0.45467057433500035,0.24744244425393075,2656.630367547034,51.5526430899393,151.03821289061693,0.2,0.2,True,12,0,0,0.30000000000000004,1.0408663651045982,,0.11673750000772998,2,24,1.0455195999966236
a8-dual-control,waxman-n60-load0.7-critical_link-centralised,waxman,60,0.7,critical_link,CENTRALISED,orbit,12,117707656566462964,0.7697184419161603,0.9866666905347755,0.9106994927676849,0.8314519594911718,0.4175991640892615,3654.5078221919,45.07870678079804,102.24534142271645,0.2,0.2,True,166,0,0,0.30000000000000004,0.9854482720981436,,0.07670600000710692,2,6,1.9240361000120174
a8-dual-control,waxman-n60-load0.7-critical_link-centralised,waxman,60,0.7,critical_link,CENTRALISED,spf-reconverge,12,117707656566462964,0.5595438528926162,0.9928174012498048,0.7777193855635834,0.45467057433500035,0.24744244425393075,2656.630367547034,51.5526430899393,151.03821289061693,0.2,0.2,True,12,0,0,0.30000000000000004,1.0408663651045982,,0.01652950000425335,2,24,1.0062086999969324
a8-dual-control,waxman-n60-load0.7-critical_link-centralised,waxman,60,0.7,critical_link,CENTRALISED,spf-static,12,117707656566462964,0.5461654699741348,0.8681657477904824,0.7857735737712999,0.45168325297243467,0.2605378020561427,2593.1118101610928,50.83634921150227,150.44200197900312,,0.0,True,0,0,0,0.0,0.8888206071665284,,0.007935000001452863,2,1560,0.9476291999890236
a8-dual-control,waxman-n60-load0.7-critical_link-centralised,waxman,60,0.7,critical_link,CENTRALISED,cspf,13,13269864971216792171,0.761637713393222,0.9782209575622071,0.8977612961938921,0.7689209451956501,0.4848435968098084,5633.920519522689,52.7124071613585,102.87351788531205,0.0,0.0,False,5,0,0,0.30000000000000004,1.0,,0.10285500000463799,2,2,1.896015999998781
a8-dual-control,waxman-n60-load0.7-critical_link-centralised,waxman,60,0.7,critical_link,CENTRALISED,ecmp,13,13269864971216792171,0.5130241443773191,0.9756505557307785,0.6535369102355806,0.37402860228397106,0.28949873521727704,3794.897762009471,52.437144802997004,150.6811795096896,0.0,0.0,False,3,0,0,0.30000000000000004,1.0,,0.25531140000384767,2,6,1.2261692999891238
a8-dual-control,waxman-n60-load0.7-critical_link-centralised,waxman,60,0.7,critical_link,CENTRALISED,orbit,13,13269864971216792171,0.7146878649776208,1.0,0.9617176621964733,0.7064624165822831,0.30852450769692186,5286.627167676058,50.58252269366709,105.62991833560346,0.0,0.0,False,169,0,0,0.30000000000000004,1.0,,0.06797020000522025,2,0,1.85423609999998
a8-dual-control,waxman-n60-load0.7-critical_link-centralised,waxman,60,0.7,critical_link,CENTRALISED,spf-reconverge,13,13269864971216792171,0.5130241443773191,0.9756505557307785,0.6535369102355806,0.37402860228397106,0.28949873521727704,3794.897762009471,52.437144802997004,150.6811795096896,0.0,0.0,False,3,0,0,0.30000000000000004,1.0,,0.02125530000193976,2,6,0.8504697000025772
a8-dual-control,waxman-n60-load0.7-critical_link-centralised,waxman,60,0.7,critical_link,CENTRALISED,spf-static,13,13269864971216792171,0.5155484438242155,0.9756505557307785,0.6395445497639263,0.3903479130336725,0.2902809161274976,3813.5702912201496,47.75305003025514,101.45477522391435,0.0,0.0,False,0,0,0,0.0,1.0,,0.02049070000066422,2,390,1.0707197000010638
a8-dual-control,waxman-n60-load0.7-critical_link-centralised,waxman,60,0.7,critical_link,CENTRALISED,cspf,14,4225882071975508226,0.7580647319272377,1.0,0.9130023037096783,0.6599994660951783,0.5955715504174279,4680.266444953638,43.82709360057774,102.42695441300582,0.0,0.2,True,46,0,0,0.30000000000000004,1.0,,0.08164529998612124,2,6,1.8928868000075454
a8-dual-control,waxman-n60-load0.7-critical_link-centralised,waxman,60,0.7,critical_link,CENTRALISED,ecmp,14,4225882071975508226,0.5298078114331136,0.9075395376315564,0.637636473627484,0.45773588925148745,0.30849675381488667,3271.0158086641245,52.79926066987715,150.70965575810732,0.2,0.2,False,9,0,0,0.30000000000000004,0.9929263689934574,,0.1796918000036385,2,18,1.2341774000087753
a8-dual-control,waxman-n60-load0.7-critical_link-centralised,waxman,60,0.7,critical_link,CENTRALISED,orbit,14,4225882071975508226,0.7499477168689599,0.9827016162969189,0.9615956724156394,0.7288752847322454,0.44015907140195326,4630.152263920761,45.99132112446361,104.1284275911751,0.2,0.2,False,177,2,0,0.30000000000000004,0.9807828337243004,,0.09177350001118612,2,6,2.055747699996573
a8-dual-control,waxman-n60-load0.7-critical_link-centralised,waxman,60,0.7,critical_link,CENTRALISED,spf-reconverge,14,4225882071975508226,0.5298078114331136,0.9075395376315564,0.637636473627484,0.45773588925148745,0.30849675381488667,3271.0158086641245,52.79926066987715,150.70965575810732,0.2,0.2,False,9,0,0,0.30000000000000004,0.9929263689934574,,0.018855400005122647,2,18,1.056559799995739
a8-dual-control,waxman-n60-load0.7-critical_link-centralised,waxman,60,0.7,critical_link,CENTRALISED,spf-static,14,4225882071975508226,0.5273143302291832,0.816276284616609,0.637636473627484,0.4734163515996072,0.32880134689485196,3255.6211386334935,49.11541856554054,102.82676393534985,,0.0,True,0,0,0,0.0,0.8759874179555688,,0.011860900005558506,2,1170,0.9301683999947272
a8-dual-control,waxman-n60-load0.7-critical_link-centralised,waxman,60,0.7,critical_link,CENTRALISED,cspf,15,2149797930214566170,0.7743027734575514,0.9763684803010255,0.8157103573334674,0.7606967068302577,0.6410364803173225,6553.86086607573,45.25764179067844,102.28036981061072,0.0,0.0,False,59,0,0,0.30000000000000004,1.024780329604408,,0.14641470000788104,2,2,1.8187135999905877
a8-dual-control,waxman-n60-load0.7-critical_link-centralised,waxman,60,0.7,critical_link,CENTRALISED,ecmp,15,2149797930214566170,0.5878131318207913,0.8291488641054158,0.6783884831103059,0.5410622300312098,0.4324729059243703,4975.373475679403,53.92300652604869,150.84393440513597,0.2,0.2,False,7,0,0,0.30000000000000004,1.052547478595934,,0.20151180001266766,2,14,1.2203966000088258
a8-dual-control,waxman-n60-load0.7-critical_link-centralised,waxman,60,0.7,critical_link,CENTRALISED,orbit,15,2149797930214566170,0.7254293809503727,0.9785863294024681,0.8887454305875852,0.7248955383931502,0.42816288877358033,6140.1862344909105,46.2149226709991,101.95125411758256,0.0,0.0,False,178,0,0,0.30000000000000004,0.9827856389732392,,0.0819224999868311,2,4,1.8295304999919608
a8-dual-control,waxman-n60-load0.7-critical_link-centralised,waxman,60,0.7,critical_link,CENTRALISED,spf-reconverge,15,2149797930214566170,0.5878131318207913,0.8291488641054158,0.6783884831103059,0.5410622300312098,0.4324729059243703,4975.373475679403,53.92300652604869,150.84393440513597,0.2,0.2,False,7,0,0,0.30000000000000004,1.052547478595934,,0.045334900001762435,2,14,0.9367633999936515
a8-dual-control,waxman-n60-load0.7-critical_link-centralised,waxman,60,0.7,critical_link,CENTRALISED,spf-static,15,2149797930214566170,0.5809706924421186,0.7484547349510019,0.6783884831103059,0.536736289231954,0.45674370290935384,4917.457635507307,52.80563491391018,150.84393440513597,,0.0,True,0,0,0,0.0,0.9334858169633142,,0.024958299996796995,2,910,0.977038299999549
a8-dual-control,waxman-n60-load0.7-critical_link-centralised,waxman,60,0.7,critical_link,CENTRALISED,cspf,16,15830537354903270753,0.7381617716638329,0.9378411240218905,0.9206721199113075,0.6965198899050523,0.49504854946361027,5784.7123766546665,51.228287809285916,151.1025999500029,0.0,0.0,True,40,0,0,0.30000000000000004,1.0,,0.11108130001230165,2,6,1.6254058000049554
a8-dual-control,waxman-n60-load0.7-critical_link-centralised,waxman,60,0.7,critical_link,CENTRALISED,ecmp,16,15830537354903270753,0.5370076442377556,0.9602924528497065,0.6056644622984235,0.4186070911883816,0.3946989680832069,4208.338720898996,65.33920138818019,201.12839896014412,0.2,0.2,True,9,0,0,0.30000000000000004,1.0050678636070318,,0.17590170001494698,2,18,1.0961412999895401
a8-dual-control,waxman-n60-load0.7-critical_link-centralised,waxman,60,0.7,critical_link,CENTRALISED,orbit,16,15830537354903270753,0.7300367511900874,0.9782623274204585,0.9733590492787565,0.6784908845512002,0.41041815583319935,5721.039468764696,54.82222060191075,152.12406825807494,0.2,0.2,False,175,0,0,0.30000000000000004,0.975552573768604,,0.08659410000836942,2,2,1.9060458000021754
a8-dual-control,waxman-n60-load0.7-critical_link-centralised,waxman,60,0.7,critical_link,CENTRALISED,spf-reconverge,16,15830537354903270753,0.5370076442377556,0.9602924528497065,0.6056644622984235,0.4186070911883816,0.3946989680832069,4208.338720898996,65.33920138818019,201.12839896014412,0.2,0.2,True,9,0,0,0.30000000000000004,1.0050678636070318,,0.021232499988400377,2,18,1.1312860000034561
a8-dual-control,waxman-n60-load0.7-critical_link-centralised,waxman,60,0.7,critical_link,CENTRALISED,spf-static,16,15830537354903270753,0.5398747883501995,0.878296443916078,0.6567971915093828,0.42404846743576563,0.39125853941395256,4230.807513878511,62.75785424225151,200.976556907981,,0.0,True,0,0,0,0.0,0.9046999808166949,,0.010499000010895543,2,1170,0.8853412000025855
a8-dual-control,waxman-n60-load0.7-critical_link-centralised,waxman,60,0.7,critical_link,CENTRALISED,cspf,17,14064011577017627491,0.693010089275405,0.9386585654494249,0.7647112129753139,0.6462488567206824,0.5400723382988688,5782.446758559603,54.16304334216691,151.42548534129745,0.0,0.0,False,47,0,0,0.30000000000000004,1.0486178220918236,,0.17078819999005646,2,2,1.8757046999962768
a8-dual-control,waxman-n60-load0.7-critical_link-centralised,waxman,60,0.7,critical_link,CENTRALISED,ecmp,17,14064011577017627491,0.47960878486407243,0.8225400108724074,0.597730061595759,0.38589211862441747,0.28785894259498607,4001.8353359237176,55.129661637920684,150.79689144327318,0.2,0.2,True,9,0,0,0.30000000000000004,1.0,,0.12091910000890493,2,18,0.9336948999989545
a8-dual-control,waxman-n60-load0.7-critical_link-centralised,waxman,60,0.7,critical_link,CENTRALISED,orbit,17,14064011577017627491,0.6588091529902024,0.9994358378245809,0.9239896243423756,0.5345780407550418,0.35259157288580284,5497.075598424183,52.86592333800493,151.1189659357687,0.0,0.0,True,191,0,0,0.30000000000000004,1.0,,0.12819580000359565,2,2,1.9085249000054318
a8-dual-control,waxman-n60-load0.7-critical_link-centralised,waxman,60,0.7,critical_link,CENTRALISED,spf-reconverge,17,14064011577017627491,0.47960878486407243,0.8225400108724074,0.597730061595759,0.38589211862441747,0.28785894259498607,4001.8353359237176,55.129661637920684,150.79689144327318,0.2,0.2,True,9,0,0,0.30000000000000004,1.0,,0.02327770000556484,2,18,0.9345114999887301
a8-dual-control,waxman-n60-load0.7-critical_link-centralised,waxman,60,0.7,critical_link,CENTRALISED,spf-static,17,14064011577017627491,0.5028153093055043,0.7621373216698898,0.5811607543221924,0.44459689814601927,0.35136241134185187,4195.469590475623,48.53084188449724,150.55436365972284,,0.0,True,0,0,0,0.0,0.9140427520727379,,0.011350500004482456,2,1170,0.8102574000076856
a8-dual-control,waxman-n60-load0.7-critical_link-centralised,waxman,60,0.7,critical_link,CENTRALISED,cspf,18,18083901847414671028,0.7667837601420358,1.0,0.8772028285926421,0.6967230552414074,0.623331092849775,4953.501056711668,43.651297014996125,151.0492739500604,0.0,0.2,True,52,0,0,0.30000000000000004,1.0,,0.1120258000009926,2,4,2.16393799999787
a8-dual-control,waxman-n60-load0.7-critical_link-centralised,waxman,60,0.7,critical_link,CENTRALISED,ecmp,18,18083901847414671028,0.5931219016496655,0.9256032960928317,0.7195620134337828,0.5272274273109353,0.37480950028508564,3831.6277929989333,53.44561291771769,101.5427989927197,0.0,0.0,False,9,0,0,0.30000000000000004,0.9999999999999999,,0.12771180001436733,2,18,1.345387599998503
a8-dual-control,waxman-n60-load0.7-critical_link-centralised,waxman,60,0.7,critical_link,CENTRALISED,orbit,18,18083901847414671028,0.7411328894782643,1.0,0.8851489972791927,0.7422146339850316,0.4585042509762536,4787.793824055841,31.28197081147386,103.18555540897586,0.0,0.0,False,170,0,0,0.30000000000000004,1.0,,0.10692869999911636,2,4,1.9705439999961527
a8-dual-control,waxman-n60-load0.7-critical_link-centralised,waxman,60,0.7,critical_link,CENTRALISED,spf-reconverge,18,18083901847414671028,0.5931219016496655,0.9256032960928317,0.7195620134337828,0.5272274273109353,0.37480950028508564,3831.6277929989333,53.44561291771769,101.5427989927197,0.0,0.0,False,9,0,0,0.30000000000000004,0.9999999999999999,,0.030035600007977337,2,18,1.0841922000108752
a8-dual-control,waxman-n60-load0.7-critical_link-centralised,waxman,60,0.7,critical_link,CENTRALISED,spf-static,18,18083901847414671028,0.5764631162698078,0.9256032960928317,0.7156401938509407,0.4961104521206119,0.35543141713395815,3724.0103455879807,54.02648872973931,101.90629461551467,0.0,0.0,False,0,0,0,0.0,0.9999999999999999,,0.0280485000112094,2,1170,1.0313488999963738
a8-dual-control,waxman-n60-load0.7-critical_link-centralised,waxman,60,0.7,critical_link,CENTRALISED,cspf,19,14971152282559320664,0.7557714495063877,1.0,0.8818405420803282,0.6764992754239725,0.6193423304829591,4478.226264556287,52.41383958780757,150.9480490495313,0.0,0.0,True,67,0,0,0.30000000000000004,1.0,,0.0737442999961786,2,6,1.7776987999968696
a8-dual-control,waxman-n60-load0.7-critical_link-centralised,waxman,60,0.7,critical_link,CENTRALISED,ecmp,19,14971152282559320664,0.5376614204167678,0.9790215747830339,0.8010705323111207,0.3116649278673804,0.3800262898282028,3185.843413272069,52.665027415692656,150.9023962521995,0.0,0.2,True,16,0,0,0.30000000000000004,1.0,,0.18252489999576937,2,32,1.0528365000063786
a8-dual-control,waxman-n60-load0.7-critical_link-centralised,waxman,60,0.7,critical_link,CENTRALISED,orbit,19,14971152282559320664,0.7305472888400345,0.9993909522033582,0.9963872797896827,0.7006422272524261,0.3743965443480407,4328.763753275625,45.34542976914372,104.35123324823832,0.0,0.0,True,165,0,0,0.30000000000000004,1.0,,0.0836793999915244,2,8,2.0017624000029173
a8-dual-control,waxman-n60-load0.7-critical_link-centralised,waxman,60,0.7,critical_link,CENTRALISED,spf-reconverge,19,14971152282559320664,0.5376614204167678,0.9790215747830339,0.8010705323111207,0.3116649278673804,0.3800262898282028,3185.843413272069,52.665027415692656,150.9023962521995,0.0,0.2,True,16,0,0,0.30000000000000004,1.0,,0.015674499998567626,2,32,0.8504174999980023
a8-dual-control,waxman-n60-load0.7-critical_link-centralised,waxman,60,0.7,critical_link,CENTRALISED,spf-static,19,14971152282559320664,0.5161189989002116,0.9400425157979574,0.709931082736465,0.33679611438658696,0.3650130045195181,3058.1965725497944,50.58329463935121,150.71741974514083,0.0,0.0,True,0,0,0,0.0,0.953371624268083,,0.023784400007571094,2,2080,0.924600600003032
a8-dual-control,waxman-n60-load0.7-critical_link-centralised,waxman,60,0.7,critical_link,CENTRALISED,cspf,20,10124965316362573252,0.778580012124816,0.9987099864594162,0.8143817834313204,0.845436822195951,0.531312112412279,3859.512929510073,41.865068749414164,151.1256678778521,0.2,0.2,True,50,0,0,0.30000000000000004,0.9995812820029166,,0.0699558999913279,2,10,1.7066895000025397
a8-dual-control,waxman-n60-load0.7-critical_link-centralised,waxman,60,0.7,critical_link,CENTRALISED,ecmp,20,10124965316362573252,0.5683497689314917,0.9008660569113789,0.7244793380260577,0.4643836707276593,0.3825164963416345,2817.3768238523708,48.84982757043739,150.96446353701648,0.0,0.2,True,10,0,0,0.30000000000000004,1.0,,0.09710679999261629,2,20,1.1225637000025017
a8-dual-control,waxman-n60-load0.7-critical_link-centralised,waxman,60,0.7,critical_link,CENTRALISED,orbit,20,10124965316362573252,0.7877884236115485,0.9990672924835956,0.9195565528597642,0.8884668542263962,0.4135636612479028,3905.1601110968463,35.98316320243211,102.08009172775976,0.2,0.2,True,164,1,0,0.30000000000000004,1.0,,0.10724579999805428,2,10,1.9544116000033682
a8-dual-control,waxman-n60-load0.7-critical_link-centralised,waxman,60,0.7,critical_link,CENTRALISED,spf-reconverge,20,10124965316362573252,0.5683497689314917,0.9008660569113789,0.7244793380260577,0.4643836707276593,0.3825164963416345,2817.3768238523708,48.84982757043739,150.96446353701648,0.0,0.2,True,10,0,0,0.30000000000000004,1.0,,0.03747690000454895,2,20,0.9525852000078885
a8-dual-control,waxman-n60-load0.7-critical_link-centralised,waxman,60,0.7,critical_link,CENTRALISED,spf-static,20,10124965316362573252,0.560770986449072,0.8651011594110729,0.6707923090925041,0.48933447529536983,0.3878296003548768,2779.8079054042637,46.41702715456016,150.8271748762911,0.0,0.0,True,0,0,0,0.0,0.9535047345282278,,0.02222460000484716,2,1300,1.050498199998401
a8-dual-control,waxman-n60-load0.7-critical_link-centralised,waxman,60,0.7,critical_link,CENTRALISED,cspf,21,2451627220518199993,0.776512853100063,0.9749762386420207,0.9535201353166665,0.7194014451805649,0.5730232725816053,4625.028743538132,46.92105758690006,151.333883462693,0.0,0.0,True,75,0,0,0.30000000000000004,1.00618767668252,,0.09236150000651833,2,6,1.8902785999962362
a8-dual-control,waxman-n60-load0.7-critical_link-centralised,waxman,60,0.7,critical_link,CENTRALISED,ecmp,21,2451627220518199993,0.563621004090699,0.9841078442317928,0.7138881348440304,0.3738051970127102,0.445050659838827,3357.0124872683764,52.70360029945445,151.34948443580953,0.2,0.2,True,8,0,0,0.30000000000000004,1.0040656408079112,,0.10255520000646356,2,16,1.041801100000157
a8-dual-control,waxman-n60-load0.7-critical_link-centralised,waxman,60,0.7,critical_link,CENTRALISED,orbit,21,2451627220518199993,0.7313950077571091,0.9993597767193542,1.0,0.7216741659314881,0.33219264955047756,4356.29998943626,47.96994332102478,105.35135994601902,0.0,0.0,True,167,0,0,0.30000000000000004,1.0000000000000002,,0.06502240001282189,2,6,1.9643863999954192
a8-dual-control,waxman-n60-load0.7-critical_link-centralised,waxman,60,0.7,critical_link,CENTRALISED,spf-reconverge,21,2451627220518199993,0.563621004090699,0.9841078442317928,0.7138881348440304,0.3738051970127102,0.445050659838827,3357.0124872683764,52.70360029945445,151.34948443580953,0.2,0.2,True,8,0,0,0.30000000000000004,1.0040656408079112,,0.030549400005838834,2,16,1.0093003999936627
a8-dual-control,waxman-n60-load0.7-critical_link-centralised,waxman,60,0.7,critical_link,CENTRALISED,spf-static,21,2451627220518199993,0.5601469146165753,0.9077746244173325,0.7199070233503473,0.35772796148234104,0.49319457094034125,3336.3202815807326,49.19441243924502,150.8233603281866,,0.0,True,0,0,0,0.0,0.9129582274730521,,0.021624100001645274,2,1040,1.029743499995675
a8-dual-control,waxman-n60-load0.7-critical_link-centralised,waxman,60,0.7,critical_link,CENTRALISED,cspf,22,10734271674789248613,0.794919666741071,0.9497059615897924,0.9084178591639962,0.7754015306910391,0.6243226797634768,6148.484258270696,50.10757419813751,151.39200964814222,0.2,0.2,False,45,0,0,0.30000000000000004,0.9638689452610765,,0.13106400000106078,2,4,1.7092776999925263
a8-dual-control,waxman-n60-load0.7-critical_link-centralised,waxman,60,0.7,critical_link,CENTRALISED,ecmp,22,10734271674789248613,0.5542308829671801,0.8956100168498992,0.6863495462788461,0.45889357206405823,0.36229906721776317,4286.822935632763,50.992965039369274,101.23024167986983,0.0,0.0,False,4,0,0,0.30000000000000004,1.0,,0.15834470000118017,2,8,1.3152533999964362
a8-dual-control,waxman-n60-load0.7-critical_link-centralised,waxman,60,0.7,critical_link,CENTRALISED,orbit,22,10734271674789248613,0.7617522466436681,0.9996660354962028,0.981251257922863,0.7973169022190991,0.36546012967876534,5891.943416612595,45.82992838216123,102.30915398565041,0.0,0.0,False,171,0,0,0.30000000000000004,1.0,,0.07179349999933038,2,4,1.7016815999959363
a8-dual-control,waxman-n60-load0.7-critical_link-centralised,waxman,60,0.7,critical_link,CENTRALISED,spf-reconverge,22,10734271674789248613,0.5542308829671801,0.8956100168498992,0.6863495462788461,0.45889357206405823,0.36229906721776317,4286.822935632763,50.992965039369274,101.23024167986983,0.0,0.0,False,4,0,0,0.30000000000000004,1.0,,0.04238600001554005,2,8,1.0363584000006085
a8-dual-control,waxman-n60-load0.7-critical_link-centralised,waxman,60,0.7,critical_link,CENTRALISED,spf-static,22,10734271674789248613,0.5399038962901913,0.8742362886068891,0.6863495462788461,0.45889357206405823,0.3186062132797808,4176.007647324374,51.29387797321128,101.23024167986983,0.0,0.0,False,0,0,0,0.0,0.9720436340819754,,0.010408500005723909,2,520,0.8968244999996386
a8-dual-control,waxman-n60-load0.7-critical_link-centralised,waxman,60,0.7,critical_link,CENTRALISED,cspf,23,17019291737692321274,0.815722365241841,0.9569364311726676,0.9155182185332877,0.8306792407701795,0.609739576408267,6030.536258049217,53.424963421159,151.11495397538187,0.0,0.0,False,53,0,0,0.30000000000000004,0.9728574459173434,,0.1406665999966208,2,6,1.9040719000040554
a8-dual-control,waxman-n60-load0.7-critical_link-centralised,waxman,60,0.7,critical_link,CENTRALISED,ecmp,23,17019291737692321274,0.5143667219673392,0.808971200003675,0.6883807407333691,0.45637372585350044,0.2305217582294342,3802.6506308164335,50.96782928429707,151.10200405656306,0.2,0.2,True,8,0,0,0.30000000000000004,1.0108854140010357,,0.1777011000085622,2,16,1.1116050999989966
a8-dual-control,waxman-n60-load0.7-critical_link-centralised,waxman,60,0.7,critical_link,CENTRALISED,orbit,23,17019291737692321274,0.7142538126545726,0.9834092984186419,0.9870515028365305,0.7526991278546192,0.22852909077560388,5280.391586892774,56.02008093009645,151.3541803051761,0.0,0.0,False,173,0,0,0.30000000000000004,0.9812694209870263,,0.11357879999559373,2,4,2.153321500009042
a8-dual-control,waxman-n60-load0.7-critical_link-centralised,waxman,60,0.7,critical_link,CENTRALISED,spf-reconverge,23,17019291737692321274,0.5143667219673392,0.808971200003675,0.6883807407333691,0.45637372585350044,0.2305217582294342,3802.6506308164335,50.96782928429707,151.10200405656306,0.2,0.2,True,8,0,0,0.30000000000000004,1.0108854140010357,,0.028103100004955195,2,16,0.8035067000018898
a8-dual-control,waxman-n60-load0.7-critical_link-centralised,waxman,60,0.7,critical_link,CENTRALISED,spf-static,23,17019291737692321274,0.5205310710593957,0.7389653395151318,0.6879561918186327,0.46921482970738904,0.28309633909648346,3848.2229140967847,49.2402785481282,150.95464623680644,,0.0,True,0,0,0,0.0,0.908656502491186,,0.009750000011990778,2,1040,0.8937535000004573
a8-dual-control,waxman-n60-load0.7-critical_link-centralised,waxman,60,0.7,critical_link,CENTRALISED,cspf,24,10999390081445550607,0.7925222625935149,1.0,0.987947935023081,0.6608635715565669,0.6520582435504213,5034.380595847155,31.033068068419382,101.77689168326654,0.0,0.0,False,73,0,0,0.30000000000000004,0.9999999999999999,,0.14316199999302626,2,14,1.906101899992791
a8-dual-control,waxman-n60-load0.7-critical_link-centralised,waxman,60,0.7,critical_link,CENTRALISED,ecmp,24,10999390081445550607,0.560814863190901,0.9847497026963244,0.6082658660077709,0.40799418688697636,0.4709317605763608,3562.493570680991,43.269022249549266,150.73433882805642,0.0,0.0,True,12,0,0,0.30000000000000004,0.9999999999999999,,0.16923980000137817,2,24,1.376628800004255
a8-dual-control,waxman-n60-load0.7-critical_link-centralised,waxman,60,0.7,critical_link,CENTRALISED,orbit,24,10999390081445550607,0.7937171431521433,0.9996844267900986,0.9908803353792776,0.7313378102504197,0.5552430058006667,5041.970898079206,23.008136180021804,53.887660835205224,0.0,0.0,False,166,1,0,0.30000000000000004,0.9999999999999999,,0.07988720001594629,2,16,1.7453572999947937
a8-dual-control,waxman-n60-load0.7-critical_link-centralised,waxman,60,0.7,critical_link,CENTRALISED,spf-reconverge,24,10999390081445550607,0.560814863190901,0.9847497026963244,0.6082658660077709,0.40799418688697636,0.4709317605763608,3562.493570680991,43.269022249549266,150.73433882805642,0.0,0.0,True,12,0,0,0.30000000000000004,0.9999999999999999,,0.029857400004402734,2,24,0.9118015999993077
a8-dual-control,waxman-n60-load0.7-critical_link-centralised,waxman,60,0.7,critical_link,CENTRALISED,spf-static,24,10999390081445550607,0.554185368944866,0.9645530172626331,0.589898656483703,0.42955984449074114,0.44495863761366117,3520.38068784121,43.74625310568703,101.58959963411264,0.0,0.0,False,0,0,0,0.0,0.9759731752590352,,0.02605970000149682,2,1560,1.0338244999875315
a8-dual-control,waxman-n60-load0.7-critical_link-centralised,waxman,60,0.7,critical_link,CENTRALISED,cspf,25,5208151899736891984,0.7490226870264532,0.953806123105776,0.8846383474859045,0.7603486771932694,0.47657614007353044,5055.435904447806,50.2619377690608,103.26200576194775,0.0,0.0,False,34,0,0,0.30000000000000004,0.9999999999999999,,0.0776006999949459,2,4,1.4715560000040568
a8-dual-control,waxman-n60-load0.7-critical_link-centralised,waxman,60,0.7,critical_link,CENTRALISED,ecmp,25,5208151899736891984,0.5549091596244504,0.8746477883957988,0.7516306327248886,0.46029002380446876,0.2904751759117751,3745.2906805923362,65.33663895342715,151.3764237206894,0.0,0.2,False,4,0,0,0.30000000000000004,0.9999999999999999,,0.1606305000022985,2,8,1.3548957000020891
a8-dual-control,waxman-n60-load0.7-critical_link-centralised,waxman,60,0.7,critical_link,CENTRALISED,orbit,25,5208151899736891984,0.7214521566615483,0.9993681523077402,0.9741554956026703,0.6825121851528534,0.35061129952069964,4869.352022710207,55.47775653624214,151.52031009488869,0.0,0.2,False,174,0,0,0.30000000000000004,1.0000000000000002,,0.06948739998915698,2,6,2.012807700011763
a8-dual-control,waxman-n60-load0.7-critical_link-centralised,waxman,60,0.7,critical_link,CENTRALISED,spf-reconverge,25,5208151899736891984,0.5549091596244504,0.8746477883957988,0.7516306327248886,0.46029002380446876,0.2904751759117751,3745.2906805923362,65.33663895342715,151.3764237206894,0.0,0.2,False,4,0,0,0.30000000000000004,0.9999999999999999,,0.03273339998850133,2,8,1.1034266999922693
a8-dual-control,waxman-n60-load0.7-critical_link-centralised,waxman,60,0.7,critical_link,CENTRALISED,spf-static,25,5208151899736891984,0.5437164780697489,0.8746477883957988,0.7361995678578755,0.44760375903424776,0.27923864485604,3669.7470619827027,65.48516529527015,151.3764237206894,0.0,0.0,True,0,0,0,0.0,0.9999999999999999,,0.010051700010080822,2,520,1.021247399999993
a8-dual-control,waxman-n60-load0.7-critical_link-centralised,waxman,60,0.7,critical_link,CENTRALISED,cspf,26,501994365295416615,0.7796003116469716,0.9979118110351053,0.9111673437656805,0.716058477280472,0.6029427638990932,5148.200125612416,56.08551460859026,151.46084591845036,0.0,0.0,False,55,0,0,0.30000000000000004,1.0,,0.08321619998605456,2,6,1.8104917000018759
a8-dual-control,waxman-n60-load0.7-critical_link-centralised,waxman,60,0.7,critical_link,CENTRALISED,ecmp,26,501994365295416615,0.557268671078846,0.9067959107067769,0.6554342574865677,0.39303009071920486,0.4883101347559272,3680.0019184024186,48.40492199945746,151.0509041077526,0.2,0.2,False,10,0,0,0.30000000000000004,1.0473364296269398,,0.15828050000709482,2,20,1.2174546000023838
a8-dual-control,waxman-n60-load0.7-critical_link-centralised,waxman,60,0.7,critical_link,CENTRALISED,orbit,26,501994365295416615,0.7175654178321909,0.9991846366114271,0.9953955251136347,0.6197722774862845,0.3996601110205769,4738.543993671017,46.635370440915,102.59521074312053,0.2,0.2,True,173,0,0,0.30000000000000004,1.0,,0.06654670000716578,2,6,1.6893241999932798
a8-dual-control,waxman-n60-load0.7-critical_link-centralised,waxman,60,0.7,critical_link,CENTRALISED,spf-reconverge,26,501994365295416615,0.557268671078846,0.9067959107067769,0.6554342574865677,0.39303009071920486,0.4883101347559272,3680.0019184024186,48.40492199945746,151.0509041077526,0.2,0.2,False,10,0,0,0.30000000000000004,1.0473364296269398,,0.033548499981407076,2,20,1.130970799989882
a8-dual-control,waxman-n60-load0.7-critical_link-centralised,waxman,60,0.7,critical_link,CENTRALISED,spf-static,26,501994365295416615,0.5406006834269322,0.818842507376857,0.6284521177086518,0.40122961461953305,0.48859685623683624,3569.9325215059407,47.513066665782475,150.4447022505491,,0.0,True,0,0,0,0.0,0.9291880365255444,,0.009291700000176206,2,1300,0.8697991000080947
a8-dual-control,waxman-n60-load0.7-critical_link-centralised,waxman,60,0.7,critical_link,CENTRALISED,cspf,27,10409282375115474192,0.7264674878477784,0.9991593310680987,0.8610700524318002,0.5998020788878714,0.6274053575351022,4861.796197636299,45.66427954112392,102.28278981499612,0.0,0.0,False,77,0,0,0.30000000000000004,1.0057648769421101,,0.10148859999026172,2,6,1.7372056000021985
a8-dual-control,waxman-n60-load0.7-critical_link-centralised,waxman,60,0.7,critical_link,CENTRALISED,ecmp,27,10409282375115474192,0.5169209904316034,0.9910245254693076,0.6054093478426509,0.3723999430425163,0.38214891762972986,3459.431492528624,49.83589983327852,151.5926966748604,0.0,0.0,True,6,0,0,0.30000000000000004,0.9999999999999999,,0.14068959999713115,2,12,1.119513999990886
a8-dual-control,waxman-n60-load0.7-critical_link-centralised,waxman,60,0.7,critical_link,CENTRALISED,orbit,27,10409282375115474192,0.7038490822696059,1.0,0.9372642058346978,0.6449911294928395,0.4012244577025019,4710.425241501237,38.58378618642328,104.37524418352048,0.0,0.0,False,182,0,0,0.30000000000000004,1.0,,0.12480190001951996,2,4,1.7498121999960858
a8-dual-control,waxman-n60-load0.7-critical_link-centralised,waxman,60,0.7,critical_link,CENTRALISED,spf-reconverge,27,10409282375115474192,0.5169209904316034,0.9910245254693076,0.6054093478426509,0.3723999430425163,0.38214891762972986,3459.431492528624,49.83589983327852,151.5926966748604,0.0,0.0,True,6,0,0,0.30000000000000004,0.9999999999999999,,0.03241239998897072,2,12,0.977404999997816
a8-dual-control,waxman-n60-load0.7-critical_link-centralised,waxman,60,0.7,critical_link,CENTRALISED,spf-static,27,10409282375115474192,0.5153629824893466,0.9910245254693076,0.6040435516124205,0.37452769144461745,0.37445742016204114,3449.0047119551505,47.53209324286991,151.61454834790183,0.0,0.0,True,0,0,0,0.0,0.9999999999999999,,0.010592400009045377,2,780,1.0942156999954022
a8-dual-control,waxman-n60-load0.7-critical_link-centralised,waxman,60,0.7,critical_link,CENTRALISED,cspf,28,3618027426134323642,0.7467889855918786,0.956819121037417,0.9047416316625767,0.6371677802396385,0.6033769782582574,5681.33635553807,50.90309149625829,151.18732724034123,0.0,0.0,True,74,0,0,0.30000000000000004,1.0,,0.1332142000028398,2,4,1.6595925000001444
a8-dual-control,waxman-n60-load0.7-critical_link-centralised,waxman,60,0.7,critical_link,CENTRALISED,ecmp,28,3618027426134323642,0.5581139191774994,0.9124633568845579,0.6235044271437298,0.44576601730382287,0.43663176420812927,4245.9556323556035,50.66204477974415,150.67284103543338,0.0,0.0,False,10,0,0,0.30000000000000004,1.0,,0.13774679999914952,2,20,0.995488500004285
a8-dual-control,waxman-n60-load0.7-critical_link-centralised,waxman,60,0.7,critical_link,CENTRALISED,orbit,28,3618027426134323642,0.716469424142981,1.0,0.9157902391028775,0.7299734129653718,0.3323185992137134,5450.674642434376,38.749036276868736,103.14736077066502,0.0,0.0,False,168,0,0,0.30000000000000004,1.0,,0.06607099999382626,2,4,1.8545038000011118
a8-dual-control,waxman-n60-load0.7-critical_link-centralised,waxman,60,0.7,critical_link,CENTRALISED,spf-reconverge,28,3618027426134323642,0.5581139191774994,0.9124633568845579,0.6235044271437298,0.44576601730382287,0.43663176420812927,4245.9556323556035,50.66204477974415,150.67284103543338,0.0,0.0,False,10,0,0,0.30000000000000004,1.0,,0.025117899989709258,2,20,1.0259681000025012
a8-dual-control,waxman-n60-load0.7-critical_link-centralised,waxman,60,0.7,critical_link,CENTRALISED,spf-static,28,3618027426134323642,0.5514575373333724,0.9124633568845579,0.6001322354085429,0.44576601730382287,0.4355340906311774,4195.3159672065385,50.24621477283661,150.62857525249308,0.0,0.0,False,0,0,0,0.0,1.0,,0.010662900007446297,2,1300,1.1056204000051366
a8-dual-control,waxman-n60-load0.7-critical_link-centralised,waxman,60,0.7,critical_link,CENTRALISED,cspf,29,14236885258085954347,0.7525220327798943,0.9707206526183373,0.9372003869665503,0.6510162198677241,0.5625175755724516,5614.433416094866,55.773958499478624,150.5774862838694,0.0,0.0,True,60,0,0,0.30000000000000004,1.0,,0.12334439999540336,2,4,1.5330974999960745
a8-dual-control,waxman-n60-load0.7-critical_link-centralised,waxman,60,0.7,critical_link,CENTRALISED,ecmp,29,14236885258085954347,0.521657993386775,0.9694793930575317,0.6416180799813508,0.4098199418524122,0.2829002348415535,3891.9977652007897,50.103011612989185,101.19097301589916,0.0,0.2,False,7,0,0,0.30000000000000004,1.0,,0.1172225000045728,2,14,0.972482699988177
a8-dual-control,waxman-n60-load0.7-critical_link-centralised,waxman,60,0.7,critical_link,CENTRALISED,orbit,29,14236885258085954347,0.7594483169320859,1.0,0.9780213123666346,0.7145843694820385,0.4487834584242769,5666.10919367945,46.87551349550745,102.55480847678191,0.0,0.0,False,177,0,0,0.30000000000000004,1.0,,0.06771969998953864,2,4,1.811273200000869
a8-dual-control,waxman-n60-load0.7-critical_link-centralised,waxman,60,0.7,critical_link,CENTRALISED,spf-reconverge,29,14236885258085954347,0.521657993386775,0.9694793930575317,0.6416180799813508,0.4098199418524122,0.2829002348415535,3891.9977652007897,50.103011612989185,101.19097301589916,0.0,0.2,False,7,0,0,0.30000000000000004,1.0,,0.039808600005926564,2,14,1.0333546999900136
a8-dual-control,waxman-n60-load0.7-critical_link-centralised,waxman,60,0.7,critical_link,CENTRALISED,spf-static,29,14236885258085954347,0.5174255548988044,0.9694793930575317,0.6240536784669938,0.41437706695983695,0.27917701710304405,3860.42029232515,50.41735778587714,101.19097301589916,0.0,0.0,True,0,0,0,0.0,1.0,,0.009434899999178015,2,910,1.0661927000037394
a8-dual-control,waxman-n60-load0.7-critical_link-distributed,waxman,60,0.7,critical_link,DISTRIBUTED,cspf,0,8627668036489912382,0.8148553959229994,1.0,0.7882876205415834,0.8867774379330222,0.6593512480811772,3455.553526396311,30.090698067319096,102.59915974094908,0.0,0.0,True,74,0,0,0.5,1.0,,0.11410419999447186,2,1300,1.8942161000013584
a8-dual-control,waxman-n60-load0.7-critical_link-distributed,waxman,60,0.7,critical_link,DISTRIBUTED,ecmp,0,8627668036489912382,0.6080798931386456,0.9729994780397913,0.7373474061501984,0.5650746732407083,0.33573305569863565,2578.681603606266,41.963385731685456,151.1463981282895,0.0,0.0,True,0,0,0,0.0,1.0,,0.08870919999026228,2,1300,1.1328856999898562
a8-dual-control,waxman-n60-load0.7-critical_link-distributed,waxman,60,0.7,critical_link,DISTRIBUTED,orbit,0,8627668036489912382,0.7648988142382424,1.0,0.7827374072476267,0.9588649604161604,0.392564361439073,3243.702880415217,32.939810800573724,102.36212659102777,0.0,0.0,True,158,0,0,0.5,1.0,,0.051942799997050315,2,1300,1.5331743999995524
a8-dual-control,waxman-n60-load0.7-critical_link-distributed,waxman,60,0.7,critical_link,DISTRIBUTED,spf-reconverge,0,8627668036489912382,0.6080798931386456,0.9729994780397913,0.7373474061501984,0.5650746732407083,0.33573305569863565,2578.681603606266,41.963385731685456,151.1463981282895,0.0,0.0,True,0,0,0,0.0,1.0,,0.02889000001596287,2,1300,1.107302400007029
a8-dual-control,waxman-n60-load0.7-critical_link-distributed,waxman,60,0.7,critical_link,DISTRIBUTED,spf-static,0,8627668036489912382,0.6080798931386456,0.9729994780397913,0.7373474061501984,0.5650746732407083,0.33573305569863565,2578.681603606266,41.963385731685456,151.1463981282895,0.0,0.0,True,0,0,0,0.0,1.0,,0.007622299992362969,2,1300,1.2240183999965666
a8-dual-control,waxman-n60-load0.7-critical_link-distributed,waxman,60,0.7,critical_link,DISTRIBUTED,cspf,1,10652433500342272779,0.7697274501519416,0.9681228513693036,0.7930933757675154,0.6732671904109474,0.7586897438128811,3828.668854624324,41.62541066602479,104.19616439196078,0.0,0.0,False,63,0,0,0.5,1.0,,0.17068850000214297,2,12,1.9705417000077432
a8-dual-control,waxman-n60-load0.7-critical_link-distributed,waxman,60,0.7,critical_link,DISTRIBUTED,ecmp,1,10652433500342272779,0.5850279820346213,0.9975889551444276,0.713439494954324,0.48217403865867264,0.35604578387592506,2909.963018023495,41.995983021441745,102.54858683312514,0.4,0.4,False,14,0,0,0.5,1.0,,0.14642939998884685,2,56,1.2176618999947095
a8-dual-control,waxman-n60-load0.7-critical_link-distributed,waxman,60,0.7,critical_link,DISTRIBUTED,orbit,1,10652433500342272779,0.7641158854428203,0.9984269972675879,0.8873788572567404,0.724220673988216,0.56015424997062,3800.756607213529,31.318174857512478,102.1200526880753,0.4,0.4,False,167,1,0,0.5,1.0,,0.059468299994478,2,16,1.703897400002461
a8-dual-control,waxman-n60-load0.7-critical_link-distributed,waxman,60,0.7,critical_link,DISTRIBUTED,spf-reconverge,1,10652433500342272779,0.5850279820346213,0.9975889551444276,0.713439494954324,0.48217403865867264,0.35604578387592506,2909.963018023495,41.995983021441745,102.54858683312514,0.4,0.4,False,14,0,0,0.5,1.0,,0.0168130999954883,2,56,1.020800500002224
a8-dual-control,waxman-n60-load0.7-critical_link-distributed,waxman,60,0.7,critical_link,DISTRIBUTED,spf-static,1,10652433500342272779,0.5862038465932852,0.9216410421938901,0.7141349980941986,0.49837065078352816,0.38219147815908666,2915.811836344999,40.43953002671824,101.85634538381055,,0.0,True,0,0,0,0.0,0.9095858179160288,,0.0084391999989748,2,1820,1.2186376999889035
a8-dual-control,waxman-n60-load0.7-critical_link-distributed,waxman,60,0.7,critical_link,DISTRIBUTED,cspf,2,11782928412865986435,0.7404830064521479,1.0,0.8205729455106697,0.7160097398859642,0.5543030233712481,4843.233151348116,52.763169976408626,151.169292840978,0.0,0.0,False,69,0,0,0.4,0.9999999999999999,,0.07940980000421405,2,6,1.9684176000009757
a8-dual-control,waxman-n60-load0.7-critical_link-distributed,waxman,60,0.7,critical_link,DISTRIBUTED,ecmp,2,11782928412865986435,0.5751295450590204,0.9298525551782134,0.7413321730072474,0.4474099544912437,0.3873849943459902,3761.7156027599035,41.92011069256466,102.49267397528445,0.0,0.30000000000000004,False,8,0,0,0.4,1.0,,0.1405728999961866,2,24,1.0518234000046505
a8-dual-control,waxman-n60-load0.7-critical_link-distributed,waxman,60,0.7,critical_link,DISTRIBUTED,orbit,2,11782928412865986435,0.7749728069066526,1.0,0.9672010932566134,0.7945260174734884,0.4418779735073299,5068.818537493547,52.25913211504776,151.39007959638968,0.0,0.0,False,165,0,0,0.4,0.9999999999999999,,0.13850169999932405,2,3,2.108279500011122
a8-dual-control,waxman-n60-load0.7-critical_link-distributed,waxman,60,0.7,critical_link,DISTRIBUTED,spf-reconverge,2,11782928412865986435,0.5751295450590204,0.9298525551782134,0.7413321730072474,0.4474099544912437,0.3873849943459902,3761.7156027599035,41.92011069256466,102.49267397528445,0.0,0.30000000000000004,False,8,0,0,0.4,1.0,,0.018547499988926575,2,24,0.7989327999966918
a8-dual-control,waxman-n60-load0.7-critical_link-distributed,waxman,60,0.7,critical_link,DISTRIBUTED,spf-static,2,11782928412865986435,0.5673622368276141,0.9298525551782134,0.7413321730072474,0.4197606492438104,0.3935671473391616,3710.9124318629397,41.34809265281465,102.49267397528445,0.0,0.0,True,0,0,0,0.0,1.0,,0.009110300001339056,2,1040,1.0432614000019385
a8-dual-control,waxman-n60-load0.7-critical_link-distributed,waxman,60,0.7,critical_link,DISTRIBUTED,cspf,3,7239513042699204149,0.7800391548417541,1.0,0.9605595813738584,0.7079916452288029,0.5767010537045667,4012.380898454995,29.51339492812129,101.18683227299994,0.0,0.0,False,56,0,0,0.5,1.0,,0.09926209998957347,2,16,1.6547730000020238
a8-dual-control,waxman-n60-load0.7-critical_link-distributed,waxman,60,0.7,critical_link,DISTRIBUTED,ecmp,3,7239513042699204149,0.6031839841386062,0.9544659482098377,0.7972380786840835,0.4711859394197537,0.3972655965626673,3102.669758549119,52.367545783142084,151.10142906641127,0.0,0.0,False,7,0,0,0.5,1.0,,0.1704701999988174,2,28,1.0870901000016602
a8-dual-control,waxman-n60-load0.7-critical_link-distributed,waxman,60,0.7,critical_link,DISTRIBUTED,orbit,3,7239513042699204149,0.7873764548621368,0.9985368657404556,0.993768983844817,0.8221010061129442,0.4146071098590889,4050.1226480393334,40.06288531488467,101.8388984644196,0.4,0.4,False,160,1,0,0.5,1.0,,0.058165499998722225,2,12,1.8809515000029933
a8-dual-control,waxman-n60-load0.7-critical_link-distributed,waxman,60,0.7,critical_link,DISTRIBUTED,spf-reconverge,3,7239513042699204149,0.6031839841386062,0.9544659482098377,0.7972380786840835,0.4711859394197537,0.3972655965626673,3102.669758549119,52.367545783142084,151.10142906641127,0.0,0.0,False,7,0,0,0.5,1.0,,0.02395289999549277,2,28,1.1068185000040103
a8-dual-control,waxman-n60-load0.7-critical_link-distributed,waxman,60,0.7,critical_link,DISTRIBUTED,spf-static,3,7239513042699204149,0.5918472019694273,0.9544659482098377,0.7718033641182319,0.4639647469313879,0.3882618387968641,3044.355393246794,51.98449220447987,151.10142906641127,0.0,0.0,False,0,0,0,0.0,1.0,,0.008793300003162585,2,910,1.0007648000027984
a8-dual-control,waxman-n60-load0.7-critical_link-distributed,waxman,60,0.7,critical_link,DISTRIBUTED,cspf,4,1149823022794596868,0.7774552233367376,0.9987150856072534,0.9368656740111991,0.7436303510383675,0.547970220877503,4495.622304993484,55.017405594227704,151.01456544587143,0.30000000000000004,0.30000000000000004,False,78,0,0,0.4,1.0,,0.07459449999441858,2,6,1.650677400000859
a8-dual-control,waxman-n60-load0.7-critical_link-distributed,waxman,60,0.7,critical_link,DISTRIBUTED,ecmp,4,1149823022794596868,0.5616793464364463,0.9312112860318211,0.6927448366591834,0.45296651066404425,0.3816473087608533,3247.901772730338,52.100214558726236,151.5132182029116,0.30000000000000004,0.30000000000000004,False,11,0,0,0.4,1.0363213278713468,,0.15233109999098815,2,33,1.1838607999961823
a8-dual-control,waxman-n60-load0.7-critical_link-distributed,waxman,60,0.7,critical_link,DISTRIBUTED,orbit,4,1149823022794596868,0.7348790252705664,0.9987150856072534,1.0,0.7384907435641774,0.326565556695193,4249.426125531717,49.22114193174293,102.89474640037946,0.30000000000000004,0.30000000000000004,False,167,5,0,0.4,1.0,,0.07882019999669865,2,520,1.7967642999865348
a8-dual-control,waxman-n60-load0.7-critical_link-distributed,waxman,60,0.7,critical_link,DISTRIBUTED,spf-reconverge,4,1149823022794596868,0.5616793464364463,0.9312112860318211,0.6927448366591834,0.45296651066404425,0.3816473087608533,3247.901772730338,52.100214558726236,151.5132182029116,0.30000000000000004,0.30000000000000004,False,11,0,0,0.4,1.0363213278713468,,0.016602199990302324,2,33,1.0141599999915343
a8-dual-control,waxman-n60-load0.7-critical_link-distributed,waxman,60,0.7,critical_link,DISTRIBUTED,spf-static,4,1149823022794596868,0.5479313620206845,0.8034475235478756,0.7150900180231228,0.4467751094178618,0.3895276905116565,3168.40427431115,45.37609213803524,101.72081835829745,,0.0,True,0,0,0,0.0,0.8697110044190897,,0.008312100006151013,2,1430,0.9666048999933992
a8-dual-control,waxman-n60-load0.7-critical_link-distributed,waxman,60,0.7,critical_link,DISTRIBUTED,cspf,5,1290262637931953963,0.839911026593233,0.9984460372549219,0.942505355981778,0.8819076503291201,0.6014245225466935,4091.1052088008296,44.363890071996224,103.10848163171346,0.0,0.4,False,66,0,0,0.5,1.0098075204151542,,0.08091369998874143,2,16,2.022700100002112
a8-dual-control,waxman-n60-load0.7-critical_link-distributed,waxman,60,0.7,critical_link,DISTRIBUTED,ecmp,5,1290262637931953963,0.6248704719856054,0.9902877328432707,0.846065409657621,0.5249869281877945,0.3288061171774564,3043.6686289680147,43.928996367325894,150.65374607624923,0.0,0.0,True,5,0,0,0.5,1.0,,0.08851489999506157,2,20,1.2397965999989538
a8-dual-control,waxman-n60-load0.7-critical_link-distributed,waxman,60,0.7,critical_link,DISTRIBUTED,orbit,5,1290262637931953963,0.8008257796585444,0.9993483955862443,0.9905817867078299,0.9281822985601562,0.3544887389757943,3900.7256897101593,40.29713551440871,151.8370809383414,0.0,0.0,False,166,0,0,0.5,1.0,,0.09245430000009947,2,20,2.160213399998611
a8-dual-control,waxman-n60-load0.7-critical_link-distributed,waxman,60,0.7,critical_link,DISTRIBUTED,spf-reconverge,5,1290262637931953963,0.6248704719856054,0.9902877328432707,0.846065409657621,0.5249869281877945,0.3288061171774564,3043.6686289680147,43.928996367325894,150.65374607624923,0.0,0.0,True,5,0,0,0.5,1.0,,0.016518500007805414,2,20,1.139162400009809
a8-dual-control,waxman-n60-load0.7-critical_link-distributed,waxman,60,0.7,critical_link,DISTRIBUTED,spf-static,5,1290262637931953963,0.6285542476159937,0.9902877328432707,0.8399301575115362,0.5378162675459802,0.3325788240562248,3061.611855324577,43.67301639755672,150.65374607624923,0.0,0.0,True,0,0,0,0.0,1.0,,0.009794300014618784,2,650,1.3536119000054896
a8-dual-control,waxman-n60-load0.7-critical_link-distributed,waxman,60,0.7,critical_link,DISTRIBUTED,cspf,6,16424346553994783982,0.7486767694963126,0.9732087322724946,0.8202171618133937,0.7249199841502306,0.5679633300381608,8189.5910826044355,55.84557334728271,151.20716396778886,0.0,0.0,False,69,0,0,0.4,1.0019287054652446,,0.14004889999341685,2,3,1.748050099995453
a8-dual-control,waxman-n60-load0.7-critical_link-distributed,waxman,60,0.7,critical_link,DISTRIBUTED,ecmp,6,16424346553994783982,0.47820576159342887,0.8289044959036519,0.5387340455008527,0.31827944124447805,0.43026804252905476,5230.975235722065,50.47774513706641,101.68973988878484,0.0,0.0,False,8,0,0,0.4,0.9689036240506392,,0.27115800000319723,2,24,1.0712787999946158
a8-dual-control,waxman-n60-load0.7-critical_link-distributed,waxman,60,0.7,critical_link,DISTRIBUTED,orbit,6,16424346553994783982,0.7121360859222793,0.9901689278221131,0.928426196311166,0.6298711529476942,0.4279790499120026,7789.881530307919,64.75042294174426,201.22972897126377,0.0,0.0,False,192,0,0,0.4,1.0,,0.09244959999341518,2,6,1.4140558000071906
a8-dual-control,waxman-n60-load0.7-critical_link-distributed,waxman,60,0.7,critical_link,DISTRIBUTED,spf-reconverge,6,16424346553994783982,0.47820576159342887,0.8289044959036519,0.5387340455008527,0.31827944124447805,0.43026804252905476,5230.975235722065,50.47774513706641,101.68973988878484,0.0,0.0,False,8,0,0,0.4,0.9689036240506392,,0.04113669999060221,2,24,1.0288404000020819
a8-dual-control,waxman-n60-load0.7-critical_link-distributed,waxman,60,0.7,critical_link,DISTRIBUTED,spf-static,6,16424346553994783982,0.47022888475677826,0.8222189778802489,0.49448593738563407,0.3302021324013839,0.4315127054817419,5143.71814151248,50.479468977507054,101.79171338418482,0.0,0.0,False,0,0,0,0.0,0.9596359565818195,,0.01163069999893196,2,1040,0.8391798999946332
a8-dual-control,waxman-n60-load0.7-critical_link-distributed,waxman,60,0.7,critical_link,DISTRIBUTED,cspf,7,357585647205499056,0.8003838640890755,0.9729723729355844,0.8654435557924306,0.7328016205991917,0.7312967660705029,4381.818890129777,36.2431099764863,102.0133590354277,0.4,0.4,False,77,0,0,0.5,0.976672096695154,,0.1377951999893412,2,8,1.7882715000014286
a8-dual-control,waxman-n60-load0.7-critical_link-distributed,waxman,60,0.7,critical_link,DISTRIBUTED,ecmp,7,357585647205499056,0.5907421683652665,0.9642707360757335,0.6956401302986237,0.4498392482879482,0.47033389700783157,3234.1046698700943,44.295547183547654,150.75424464791033,0.4,0.4,False,7,0,0,0.5,1.0138202846983786,,0.1453592000179924,2,28,1.287544799997704
a8-dual-control,waxman-n60-load0.7-critical_link-distributed,waxman,60,0.7,critical_link,DISTRIBUTED,orbit,7,357585647205499056,0.8074605672937644,0.9926445423933666,0.9066247581195873,0.7645024878868405,0.6624414562160803,4420.5613400633965,28.740313952847078,101.81245615932202,0.4,0.4,False,160,0,0,0.5,0.9934955551664306,,0.09469800000078976,2,4,2.0531252000073437
a8-dual-control,waxman-n60-load0.7-critical_link-distributed,waxman,60,0.7,critical_link,DISTRIBUTED,spf-reconverge,7,357585647205499056,0.5907421683652665,0.9642707360757335,0.6956401302986237,0.4498392482879482,0.47033389700783157,3234.1046698700943,44.295547183547654,150.75424464791033,0.4,0.4,False,7,0,0,0.5,1.0138202846983786,,0.02541109998128377,2,28,0.8784234000049764
a8-dual-control,waxman-n60-load0.7-critical_link-distributed,waxman,60,0.7,critical_link,DISTRIBUTED,spf-static,7,357585647205499056,0.5733381082832416,0.8643426144800567,0.6743689181115958,0.4490391500115152,0.4800280902367452,3138.823589561005,40.25040673340653,101.90374226307982,,0.0,True,0,0,0,0.0,0.8893820285427094,,0.009130799982813187,2,910,0.7712481000053231
a8-dual-control,waxman-n60-load0.7-critical_link-distributed,waxman,60,0.7,critical_link,DISTRIBUTED,cspf,8,1766285313860585964,0.8743091188113379,1.0,0.954444220693003,0.8484365739038483,0.7550842023181932,3900.9724244178974,23.430594353790237,102.62464619202278,0.0,0.0,False,74,0,0,0.4,1.0,,0.12160660000517964,2,6,2.0135319999972126
a8-dual-control,waxman-n60-load0.7-critical_link-distributed,waxman,60,0.7,critical_link,DISTRIBUTED,ecmp,8,1766285313860585964,0.6854438328370337,1.0,0.8112080629628137,0.5689724960604877,0.543778967661454,3058.2976121990605,37.057465080436465,103.61482379941441,0.0,0.0,False,8,0,0,0.4,1.0,,0.10049419999995735,2,24,1.4965117999963695
a8-dual-control,waxman-n60-load0.7-critical_link-distributed,waxman,60,0.7,critical_link,DISTRIBUTED,orbit,8,1766285313860585964,0.8326115780844957,1.0,0.9556481129268122,0.8749554429201318,0.5458685576467909,3714.9272911330036,29.1607182875922,102.66216124110117,0.0,0.0,False,161,0,0,0.4,1.0,,0.07541839999612421,2,12,1.8975438000052236
a8-dual-control,waxman-n60-load0.7-critical_link-distributed,waxman,60,0.7,critical_link,DISTRIBUTED,spf-reconverge,8,1766285313860585964,0.6854438328370337,1.0,0.8112080629628137,0.5689724960604877,0.543778967661454,3058.2976121990605,37.057465080436465,103.61482379941441,0.0,0.0,False,8,0,0,0.4,1.0,,0.017056400000001304,2,24,1.1505385000054957
a8-dual-control,waxman-n60-load0.7-critical_link-distributed,waxman,60,0.7,critical_link,DISTRIBUTED,spf-static,8,1766285313860585964,0.6812014879060297,1.0,0.8033390230894959,0.5565827551256827,0.552924064199835,3039.369214639608,37.29429292750853,105.83131102847811,0.0,0.0,False,0,0,0,0.0,1.0,,0.008723300008568913,2,1040,1.2326659000100335
a8-dual-control,waxman-n60-load0.7-critical_link-distributed,waxman,60,0.7,critical_link,DISTRIBUTED,cspf,9,8638834475376336198,0.7962639988319716,0.9999618666796735,0.8647538185219145,0.7790023232737281,0.6507820886397935,5847.1137006446015,45.09402386452883,101.97840148443542,0.0,0.0,False,63,0,0,0.5,1.0002383900683216,,0.08859670000674669,2,4,1.9194110999960685
a8-dual-control,waxman-n60-load0.7-critical_link-distributed,waxman,60,0.7,critical_link,DISTRIBUTED,ecmp,9,8638834475376336198,0.5252805823498934,0.9095478201390391,0.5741081712557536,0.5307679900023652,0.2735069905163006,3857.2323930831903,54.880933473656086,101.48789969774768,0.4,0.4,False,10,0,0,0.5,0.9992464134848771,,0.11782179999863729,2,40,1.173016100001405
a8-dual-control,waxman-n60-load0.7-critical_link-distributed,waxman,60,0.7,critical_link,DISTRIBUTED,orbit,9,8638834475376336198,0.7381818567839804,0.9985801291165484,0.9437873974301983,0.7656623136211372,0.3706271139393833,5420.60579744947,44.70707128800819,109.4516392641254,0.4,0.4,False,173,0,0,0.5,1.0,,0.06465299999399576,2,4,1.6861973999912152
a8-dual-control,waxman-n60-load0.7-critical_link-distributed,waxman,60,0.7,critical_link,DISTRIBUTED,spf-reconverge,9,8638834475376336198,0.5252805823498934,0.9095478201390391,0.5741081712557536,0.5307679900023652,0.2735069905163006,3857.2323930831903,54.880933473656086,101.48789969774768,0.4,0.4,False,10,0,0,0.5,0.9992464134848771,,0.020258399992599152,2,40,0.9426138999988325
a8-dual-control,waxman-n60-load0.7-critical_link-distributed,waxman,60,0.7,critical_link,DISTRIBUTED,spf-static,9,8638834475376336198,0.5211258508430224,0.8653989066637043,0.5624925094954121,0.5250723784466237,0.2991754118669619,3826.723431794019,50.93231329056727,101.22035465544882,,0.0,True,0,0,0,0.0,0.9415879906675302,,0.017852299992227927,2,1300,0.9797675000008894
a8-dual-control,waxman-n60-load0.7-critical_link-distributed,waxman,60,0.7,critical_link,DISTRIBUTED,cspf,10,4324112768183328090,0.700392216183536,0.9402403423994683,0.8034044148899071,0.6760895827948832,0.49804662932284355,6785.1339684384675,55.12620378464153,103.87961060615113,0.0,0.0,False,51,0,0,0.4,1.0,,0.1322016999911284,2,3,1.5943391999899177
a8-dual-control,waxman-n60-load0.7-critical_link-distributed,waxman,60,0.7,critical_link,DISTRIBUTED,ecmp,10,4324112768183328090,0.4704979587734518,0.8483989288250054,0.5328018580742887,0.33720886700882857,0.38052781083604875,4558.005655103042,55.889578503876166,150.77243752783272,0.30000000000000004,0.30000000000000004,False,5,0,0,0.4,1.0,,0.17759449999721255,2,15,1.1210165999946184
a8-dual-control,waxman-n60-load0.7-critical_link-distributed,waxman,60,0.7,critical_link,DISTRIBUTED,orbit,10,4324112768183328090,0.6839687933678958,0.9991070041818818,0.9288495605290672,0.5921826621148955,0.38736405984120803,6626.030081431211,51.62025915276131,151.08682539497175,0.0,0.0,False,191,0,0,0.4,1.0,,0.07385190000059083,2,6,1.596763599998667
a8-dual-control,waxman-n60-load0.7-critical_link-distributed,waxman,60,0.7,critical_link,DISTRIBUTED,spf-reconverge,10,4324112768183328090,0.4704979587734518,0.8483989288250054,0.5328018580742887,0.33720886700882857,0.38052781083604875,4558.005655103042,55.889578503876166,150.77243752783272,0.30000000000000004,0.30000000000000004,False,5,0,0,0.4,1.0,,0.02138379999087192,2,15,0.8859761000057915
a8-dual-control,waxman-n60-load0.7-critical_link-distributed,waxman,60,0.7,critical_link,DISTRIBUTED,spf-static,10,4324112768183328090,0.46245632972586465,0.810595439191336,0.5328018580742887,0.34806429413177914,0.35517436281979636,4480.101404953485,56.83927011573848,150.83973440919627,,0.0,True,0,0,0,0.0,0.9474270393838143,,0.01533160000690259,2,650,0.8337194999912754
a8-dual-control,waxman-n60-load0.7-critical_link-distributed,waxman,60,0.7,critical_link,DISTRIBUTED,cspf,11,6509651038286092277,0.7346878188760958,0.9982133058479506,0.9245775835736302,0.6737168951815183,0.4918396648069058,4035.572735648407,57.97959780636271,151.9606776926444,0.0,0.0,False,65,0,0,0.4,1.0078112531045216,,0.07851229999505449,2,12,2.119389700004831
a8-dual-control,waxman-n60-load0.7-critical_link-distributed,waxman,60,0.7,critical_link,DISTRIBUTED,ecmp,11,6509651038286092277,0.5692058111737395,0.9626979651308406,0.8224481908477014,0.41900326616961475,0.3153674628709984,3126.595260636514,63.48803531256697,201.72135684851608,0.30000000000000004,0.30000000000000004,False,6,0,0,0.4,1.0,,0.10903689998667687,2,18,1.4903004999941913
a8-dual-control,waxman-n60-load0.7-critical_link-distributed,waxman,60,0.7,critical_link,DISTRIBUTED,orbit,11,6509651038286092277,0.7371449638303005,0.9989345899287151,0.9897433778294012,0.7113498526574983,0.38894285974391,4049.069607285525,53.27195302592626,151.82984744570373,0.30000000000000004,0.30000000000000004,False,174,5,0,0.4,1.0,,0.07108529999095481,2,387,1.775210199994035
a8-dual-control,waxman-n60-load0.7-critical_link-distributed,waxman,60,0.7,critical_link,DISTRIBUTED,spf-reconverge,11,6509651038286092277,0.5692058111737395,0.9626979651308406,0.8224481908477014,0.41900326616961475,0.3153674628709984,3126.595260636514,63.48803531256697,201.72135684851608,0.30000000000000004,0.30000000000000004,False,6,0,0,0.4,1.0,,0.01688450001529418,2,18,1.1960935999959474
a8-dual-control,waxman-n60-load0.7-critical_link-distributed,waxman,60,0.7,critical_link,DISTRIBUTED,spf-static,11,6509651038286092277,0.5649439285389697,0.8857073402862848,0.8322289357149388,0.4406395559707672,0.3038440688782016,3103.185130617316,58.62219395676482,151.6191211788816,,0.0,True,0,0,0,0.0,0.9057208502404076,,0.0087142000120366,2,780,1.0693656000075862
a8-dual-control,waxman-n60-load0.7-critical_link-distributed,waxman,60,0.7,critical_link,DISTRIBUTED,cspf,12,9912035763460662674,0.7551293305131039,1.0,0.904072964812943,0.708244994735869,0.5394172412560009,5091.703330127257,51.86563099212792,151.69126941769056,0.0,0.0,False,66,0,0,0.5,1.0,,0.09477560000959784,2,8,1.8515368999942439
a8-dual-control,waxman-n60-load0.7-critical_link-distributed,waxman,60,0.7,critical_link,DISTRIBUTED,ecmp,12,9912035763460662674,0.5383566859180404,0.8548328738079767,0.7040768635578901,0.43798191262849695,0.33673640049406617,3630.043781536827,54.35783406306534,151.2568103480063,0.4,0.4,False,4,0,0,0.5,1.0149345107661218,,0.16036490000260528,2,16,1.1260737999982666
a8-dual-control,waxman-n60-load0.7-critical_link-distributed,waxman,60,0.7,critical_link,DISTRIBUTED,orbit,12,9912035763460662674,0.7146954894628711,0.9985224260973273,0.9698808147438325,0.723571304464656,0.30560870122914086,4819.065101407661,50.572525666490435,151.40409518337538,0.4,0.4,False,170,0,0,0.5,1.0,,0.11595130000205245,2,8,1.9763510999910068
a8-dual-control,waxman-n60-load0.7-critical_link-distributed,waxman,60,0.7,critical_link,DISTRIBUTED,spf-reconverge,12,9912035763460662674,0.5383566859180404,0.8548328738079767,0.7040768635578901,0.43798191262849695,0.33673640049406617,3630.043781536827,54.35783406306534,151.2568103480063,0.4,0.4,False,4,0,0,0.5,1.0149345107661218,,0.04800140000588726,2,16,1.1335972000088077
a8-dual-control,waxman-n60-load0.7-critical_link-distributed,waxman,60,0.7,critical_link,DISTRIBUTED,spf-static,12,9912035763460662674,0.5330531972031591,0.8082892958737816,0.7057868349554983,0.4537467115828245,0.32105384849364965,3594.283296465343,53.69561463555082,151.1273534651989,,0.0,True,0,0,0,0.0,0.9493902984896134,,0.0240501999942353,2,520,1.1015373999980511
a8-dual-control,waxman-n60-load0.7-critical_link-distributed,waxman,60,0.7,critical_link,DISTRIBUTED,cspf,13,10235002781566225520,0.7268013280010598,0.884112013691499,0.8463889448575053,0.6849511250278466,0.5616631505536738,4924.683584659305,54.070762356548066,104.27029707531766,0.0,0.0,False,4,0,0,0.5,1.0,,0.1657882999861613,2,4,1.8488647999911336
a8-dual-control,waxman-n60-load0.7-critical_link-distributed,waxman,60,0.7,critical_link,DISTRIBUTED,ecmp,13,10235002781566225520,0.5084338615239942,0.7801179064746174,0.6534949513641058,0.4045968030274461,0.3281312778669491,3445.0623509709726,52.68482431348273,153.14513834039045,0.0,0.4,False,10,0,0,0.5,1.0000000000000002,,0.13579729999764822,2,40,1.1671993999916594
a8-dual-control,waxman-n60-load0.7-critical_link-distributed,waxman,60,0.7,critical_link,DISTRIBUTED,orbit,13,10235002781566225520,0.6692577989193836,0.9151088741769451,0.9302961028095106,0.6315210373917134,0.29910053570398104,4534.778307723043,49.26591712038158,102.80034437406444,0.0,0.0,False,172,0,0,0.5,0.9999999999999999,,0.10216539999237284,2,8,1.7694242999859853
a8-dual-control,waxman-n60-load0.7-critical_link-distributed,waxman,60,0.7,critical_link,DISTRIBUTED,spf-reconverge,13,10235002781566225520,0.5084338615239942,0.7801179064746174,0.6534949513641058,0.4045968030274461,0.3281312778669491,3445.0623509709726,52.68482431348273,153.14513834039045,0.0,0.4,False,10,0,0,0.5,1.0000000000000002,,0.027425500011304393,2,40,0.8104430000093998
a8-dual-control,waxman-n60-load0.7-critical_link-distributed,waxman,60,0.7,critical_link,DISTRIBUTED,spf-static,13,10235002781566225520,0.49419111670672644,0.7801179064746174,0.6168993132282233,0.3932024810803995,0.3226615479919278,3348.5559070504582,50.3987540060344,151.2808561261844,0.0,0.0,True,0,0,0,0.0,1.0000000000000002,,0.020263599988538772,2,1300,0.8092293999943649
a8-dual-control,waxman-n60-load0.7-critical_link-distributed,waxman,60,0.7,critical_link,DISTRIBUTED,cspf,14,17242363708528798911,0.7895901215166143,0.9997016501159569,0.8896498100016627,0.790724330157024,0.5802749405960749,6839.894174565515,47.17677079726726,103.20227609743657,0.0,0.0,False,51,0,0,0.4,1.0019495534767184,,0.09339349999208935,2,3,1.9013894999952754
a8-dual-control,waxman-n60-load0.7-critical_link-distributed,waxman,60,0.7,critical_link,DISTRIBUTED,ecmp,14,17242363708528798911,0.5618300467770264,0.8750013448418688,0.6624281756930962,0.4666140131005186,0.4307623631035025,4866.902408384795,55.66374406745518,150.89656379540665,0.30000000000000004,0.30000000000000004,False,9,0,0,0.4,0.9619719295384888,,0.20928409999760333,2,27,1.2712759999994887
a8-dual-control,waxman-n60-load0.7-critical_link-distributed,waxman,60,0.7,critical_link,DISTRIBUTED,orbit,14,17242363708528798911,0.722587730052103,0.9989161461496983,0.9947035253138243,0.7231403668125049,0.30581005378297677,6259.480039976539,42.75154442221285,102.74676831297559,0.30000000000000004,0.30000000000000004,False,172,1,0,0.4,1.0,,0.0882823999854736,2,3,1.7467037000023993
a8-dual-control,waxman-n60-load0.7-critical_link-distributed,waxman,60,0.7,critical_link,DISTRIBUTED,spf-reconverge,14,17242363708528798911,0.5618300467770264,0.8750013448418688,0.6624281756930962,0.4666140131005186,0.4307623631035025,4866.902408384795,55.66374406745518,150.89656379540665,0.30000000000000004,0.30000000000000004,False,9,0,0,0.4,0.9619719295384888,,0.055261500005144626,2,27,1.2033886999997776
a8-dual-control,waxman-n60-load0.7-critical_link-distributed,waxman,60,0.7,critical_link,DISTRIBUTED,spf-static,14,17242363708528798911,0.5521554839334486,0.85826401161207,0.6252147937634795,0.48767191147266764,0.41089986604330375,4783.095653168363,53.0864874344834,150.89656379540665,,0.0,True,0,0,0,0.0,0.9401338533378085,,0.02329430000099819,2,1170,1.0916390000056708
a8-dual-control,waxman-n60-load0.7-critical_link-distributed,waxman,60,0.7,critical_link,DISTRIBUTED,cspf,15,14393510694088285905,0.6849396826318239,0.9623795988017101,0.7701369823580198,0.6462965527801973,0.5070772963611444,5749.756398682768,59.6332039563389,151.42500868335895,0.0,0.0,True,47,0,0,0.4,1.0014184554750927,,0.09465840000484604,2,6,1.6959918000065954
a8-dual-control,waxman-n60-load0.7-critical_link-distributed,waxman,60,0.7,critical_link,DISTRIBUTED,ecmp,15,14393510694088285905,0.5073273976596187,0.8384342137827085,0.5784744054461903,0.44856480985158753,0.33958221407596617,4258.782232783045,55.277042272886625,150.93568317769513,0.0,0.30000000000000004,False,7,0,0,0.4,1.001124701507766,,0.11824850000266451,2,21,1.0942763999919407
a8-dual-control,waxman-n60-load0.7-critical_link-distributed,waxman,60,0.7,critical_link,DISTRIBUTED,orbit,15,14393510694088285905,0.6617021578889165,0.9987905040612153,0.9341248266883806,0.5709887345680427,0.3469556771778004,5554.68797153792,53.4507073657225,102.517112021836,0.30000000000000004,0.30000000000000004,False,180,0,0,0.4,1.0,,0.09446919999027159,2,6,1.8209596000087913
a8-dual-control,waxman-n60-load0.7-critical_link-distributed,waxman,60,0.7,critical_link,DISTRIBUTED,spf-reconverge,15,14393510694088285905,0.5073273976596187,0.8384342137827085,0.5784744054461903,0.44856480985158753,0.33958221407596617,4258.782232783045,55.277042272886625,150.93568317769513,0.0,0.30000000000000004,False,7,0,0,0.4,1.001124701507766,,0.019538000007742085,2,21,0.9532870999973966
a8-dual-control,waxman-n60-load0.7-critical_link-distributed,waxman,60,0.7,critical_link,DISTRIBUTED,spf-static,15,14393510694088285905,0.49212980268057455,0.8122800525858558,0.5801912385595392,0.4189365024660018,0.33346401566838274,4131.205350918663,50.83819442007982,150.89174062584533,0.0,0.0,True,0,0,0,0.0,0.9642725743471161,,0.019740600022487342,2,910,0.9979194000043208
a8-dual-control,waxman-n60-load0.7-critical_link-distributed,waxman,60,0.7,critical_link,DISTRIBUTED,cspf,16,3100360844283009478,0.760277425849731,1.0,0.9161420453140713,0.7116345663264632,0.5611843595417256,4374.131916609255,49.844839687087955,103.31697877435055,0.0,0.30000000000000004,False,34,0,0,0.4,1.0,,0.09798189999128226,2,6,2.0273715000075754
a8-dual-control,waxman-n60-load0.7-critical_link-distributed,waxman,60,0.7,critical_link,DISTRIBUTED,ecmp,16,3100360844283009478,0.537176535197958,0.9983074679656279,0.6361291839161874,0.3904093905284335,0.41561508430297284,3090.5574038803275,49.103826880675555,151.4382843233196,0.30000000000000004,0.30000000000000004,False,8,0,0,0.4,1.0,,0.09618539999064524,2,24,1.0508019999979297
a8-dual-control,waxman-n60-load0.7-critical_link-distributed,waxman,60,0.7,critical_link,DISTRIBUTED,orbit,16,3100360844283009478,0.7516531747965021,0.9991094667679292,0.9803184972143377,0.7497234543841795,0.41559949516121,4324.513697645805,40.175361337398776,102.03951867428108,0.0,0.0,False,166,0,0,0.4,1.0,,0.07439540000632405,2,6,1.6575905000063358
a8-dual-control,waxman-n60-load0.7-critical_link-distributed,waxman,60,0.7,critical_link,DISTRIBUTED,spf-reconverge,16,3100360844283009478,0.537176535197958,0.9983074679656279,0.6361291839161874,0.3904093905284335,0.41561508430297284,3090.5574038803275,49.103826880675555,151.4382843233196,0.30000000000000004,0.30000000000000004,False,8,0,0,0.4,1.0,,0.03091649999259971,2,24,0.8773165000020526
a8-dual-control,waxman-n60-load0.7-critical_link-distributed,waxman,60,0.7,critical_link,DISTRIBUTED,spf-static,16,3100360844283009478,0.5457888173109902,0.926656945177217,0.6403747669122375,0.39560565704570494,0.47382897277495406,3140.106761502452,42.8322993387959,151.01571376406378,,0.0,True,0,0,0,0.0,0.9153733982814019,,0.008631399992736988,2,1040,0.8624826000013854
a8-dual-control,waxman-n60-load0.7-critical_link-distributed,waxman,60,0.7,critical_link,DISTRIBUTED,cspf,17,12777442967278891116,0.7529595543097053,0.9945781762419845,0.8729593873179435,0.7356885534127511,0.5355898384434894,4498.101753085514,47.711541352754324,103.95018094235529,0.0,0.0,False,67,0,0,0.4,1.0329352605888733,,0.11413369998626877,2,6,1.8596174999984214
a8-dual-control,waxman-n60-load0.7-critical_link-distributed,waxman,60,0.7,critical_link,DISTRIBUTED,ecmp,17,12777442967278891116,0.6217801408782558,0.9543931843903075,0.7102911955736396,0.5257646935742916,0.49614909136295,3714.449635056833,51.50765445165751,151.38560358368,0.30000000000000004,0.30000000000000004,False,8,0,0,0.4,0.9857161251671589,,0.16127929999493062,2,24,1.41737359999388
a8-dual-control,waxman-n60-load0.7-critical_link-distributed,waxman,60,0.7,critical_link,DISTRIBUTED,orbit,17,12777442967278891116,0.7395007676823759,0.9718334601726871,0.9368547740370632,0.7132149030141032,0.46568562703855265,4417.70036714614,38.98199672556693,102.51536260163876,0.30000000000000004,0.30000000000000004,False,168,0,0,0.4,0.9681148840149991,,0.06151910001062788,2,9,1.746254300000146
a8-dual-control,waxman-n60-load0.7-critical_link-distributed,waxman,60,0.7,critical_link,DISTRIBUTED,spf-reconverge,17,12777442967278891116,0.6217801408782558,0.9543931843903075,0.7102911955736396,0.5257646935742916,0.49614909136295,3714.449635056833,51.50765445165751,151.38560358368,0.30000000000000004,0.30000000000000004,False,8,0,0,0.4,0.9857161251671589,,0.0225269000075059,2,24,1.1041483000008157
a8-dual-control,waxman-n60-load0.7-critical_link-distributed,waxman,60,0.7,critical_link,DISTRIBUTED,spf-static,17,12777442967278891116,0.6077083627424488,0.8808576990894207,0.7343438413932468,0.5168553597259112,0.4697158382988964,3630.38630185465,46.78130512804266,151.16103892306296,,0.0,True,0,0,0,0.0,0.8960026657122869,,0.008528800011845306,2,1040,1.0788619000086328
a8-dual-control,waxman-n60-load0.7-critical_link-distributed,waxman,60,0.7,critical_link,DISTRIBUTED,cspf,18,9922835813645141932,0.8160032846716495,0.9913066096028291,0.9671785571615452,0.7590257560339714,0.640183988943048,3973.191362102885,47.040375081409394,104.82770828297822,0.0,0.30000000000000004,False,80,0,0,0.4,1.0,,0.10658829999738373,2,6,1.7927156000077957
a8-dual-control,waxman-n60-load0.7-critical_link-distributed,waxman,60,0.7,critical_link,DISTRIBUTED,ecmp,18,9922835813645141932,0.5869879061039116,0.9842712811261647,0.8679471264331533,0.4277096650290156,0.285846614540767,2858.095453781632,53.76970182709978,150.38913925918206,0.0,0.0,False,6,0,0,0.4,1.0,,0.1424601999897277,2,18,1.3469390999962343
a8-dual-control,waxman-n60-load0.7-critical_link-distributed,waxman,60,0.7,critical_link,DISTRIBUTED,orbit,18,9922835813645141932,0.8397928057138477,0.9988461392488639,0.9908329915255608,0.8813699466001799,0.5480547277295121,4089.0246207293626,27.37525924321686,101.30523435056739,0.30000000000000004,0.30000000000000004,False,157,0,0,0.4,1.0,,0.06054730000323616,2,6,1.9799949000007473
a8-dual-control,waxman-n60-load0.7-critical_link-distributed,waxman,60,0.7,critical_link,DISTRIBUTED,spf-reconverge,18,9922835813645141932,0.5869879061039116,0.9842712811261647,0.8679471264331533,0.4277096650290156,0.285846614540767,2858.095453781632,53.76970182709978,150.38913925918206,0.0,0.0,False,6,0,0,0.4,1.0,,0.018752899995888583,2,18,1.0411413999972865
a8-dual-control,waxman-n60-load0.7-critical_link-distributed,waxman,60,0.7,critical_link,DISTRIBUTED,spf-static,18,9922835813645141932,0.589982264696526,0.9842712811261647,0.8584216241615648,0.4485190621061992,0.27985082539496636,2872.6752476607726,52.03370258085596,102.62374325586914,0.0,0.0,False,0,0,0,0.0,1.0,,0.008675899982335977,2,780,1.180346200009808
a8-dual-control,waxman-n60-load0.7-critical_link-distributed,waxman,60,0.7,critical_link,DISTRIBUTED,cspf,19,4729769118553065070,0.8241724334725542,1.0,0.948258609847062,0.8323277757553046,0.5880764120935578,4030.6883965512043,43.6794382481766,102.88977644034019,0.0,0.30000000000000004,False,50,0,0,0.4,1.0,,0.10079540000879206,2,6,1.9096911999949953
a8-dual-control,waxman-n60-load0.7-critical_link-distributed,waxman,60,0.7,critical_link,DISTRIBUTED,ecmp,19,4729769118553065070,0.650437765877556,1.0,0.8652053833592029,0.5763768864631341,0.3452813204618292,3181.0235930302556,45.66873749014476,102.96321145028892,0.0,0.0,True,7,0,0,0.4,1.0,,0.13818429999810178,2,21,1.357107800009544
a8-dual-control,waxman-n60-load0.7-critical_link-distributed,waxman,60,0.7,critical_link,DISTRIBUTED,orbit,19,4729769118553065070,0.793237438441181,1.0,0.9915835641347165,0.853083552176422,0.38864347220358636,3879.398059170031,45.10423570628831,103.27839723132047,0.0,0.0,False,160,0,0,0.4,1.0,,0.07359990000259131,2,9,2.1566140000068117
a8-dual-control,waxman-n60-load0.7-critical_link-distributed,waxman,60,0.7,critical_link,DISTRIBUTED,spf-reconverge,19,4729769118553065070,0.650437765877556,1.0,0.8652053833592029,0.5763768864631341,0.3452813204618292,3181.0235930302556,45.66873749014476,102.96321145028892,0.0,0.0,True,7,0,0,0.4,1.0,,0.017606400011572987,2,21,1.2381231000035768
a8-dual-control,waxman-n60-load0.7-critical_link-distributed,waxman,60,0.7,critical_link,DISTRIBUTED,spf-static,19,4729769118553065070,0.6374481174338947,1.0,0.8652053833592029,0.5375108296005608,0.3494967909544801,3117.4965650313407,43.850551004641495,102.96321145028892,0.0,0.0,True,0,0,0,0.0,1.0,,0.007806300010997802,2,910,1.077401300004567
a8-dual-control,waxman-n60-load0.7-critical_link-distributed,waxman,60,0.7,critical_link,DISTRIBUTED,cspf,20,17360689233951225555,0.8351506709106964,0.9796770409818361,0.9023289599692922,0.7860980085156624,0.7591583616508009,6471.02465376758,41.52593320157532,106.58573851825977,0.0,0.0,False,18,0,0,0.4,1.0,,0.13759049998770934,2,6,2.045134900006815
a8-dual-control,waxman-n60-load0.7-critical_link-distributed,waxman,60,0.7,critical_link,DISTRIBUTED,ecmp,20,17360689233951225555,0.6055558005254466,0.9949597010021927,0.7021345442984035,0.5537198879717358,0.37839599669603047,4692.047376504047,50.62970396719821,151.15616431184134,0.0,0.30000000000000004,False,2,0,0,0.4,1.0,,0.13238249999994878,2,6,1.2588631999969948
a8-dual-control,waxman-n60-load0.7-critical_link-distributed,waxman,60,0.7,critical_link,DISTRIBUTED,orbit,20,17360689233951225555,0.8080935016002433,1.0,0.999695041672043,0.820262923985987,0.5066542287601584,6261.376723438817,37.75872860010183,101.88997485638825,0.0,0.0,False,157,0,0,0.4,1.0,,0.10025779998977669,2,9,1.8644245000032242
a8-dual-control,waxman-n60-load0.7-critical_link-distributed,waxman,60,0.7,critical_link,DISTRIBUTED,spf-reconverge,20,17360689233951225555,0.6055558005254466,0.9949597010021927,0.7021345442984035,0.5537198879717358,0.37839599669603047,4692.047376504047,50.62970396719821,151.15616431184134,0.0,0.30000000000000004,False,2,0,0,0.4,1.0,,0.02336759999161586,2,6,1.1910730000090552
a8-dual-control,waxman-n60-load0.7-critical_link-distributed,waxman,60,0.7,critical_link,DISTRIBUTED,spf-static,20,17360689233951225555,0.602766116257275,0.9949597010021927,0.6892246417482295,0.5633740814038767,0.3678151053034897,4670.431976667416,49.948587681588954,151.15616431184134,0.0,0.0,True,0,0,0,0.0,1.0,,0.010973900003591552,2,260,1.1897192999895196
a8-dual-control,waxman-n60-load0.7-critical_link-distributed,waxman,60,0.7,critical_link,DISTRIBUTED,cspf,21,3523167894307149035,0.7369497414269293,0.9716785310922199,0.891299891787745,0.6721447870459076,0.515714666847286,4899.994219733169,56.512687879402314,103.04119930555562,0.0,0.0,False,85,0,0,0.4,0.967529460291732,,0.13272939997841604,2,6,1.5305971000052523
a8-dual-control,waxman-n60-load0.7-critical_link-distributed,waxman,60,0.7,critical_link,DISTRIBUTED,ecmp,21,3523167894307149035,0.513952490828038,0.9439553118968613,0.627994596337549,0.38998709374456875,0.2966903692225223,3417.280843872247,55.89738588210295,150.98716038180117,0.30000000000000004,0.30000000000000004,False,6,0,0,0.4,1.0,,0.10262689999944996,2,18,1.1680091000016546
a8-dual-control,waxman-n60-load0.7-critical_link-distributed,waxman,60,0.7,critical_link,DISTRIBUTED,orbit,21,3523167894307149035,0.7206471318500743,0.994751095866513,0.9726753457092753,0.7672381149192133,0.23464713265927922,4791.597828225545,42.63855169914472,102.85150013132152,0.30000000000000004,0.30000000000000004,False,169,0,0,0.4,0.9951160633196396,,0.08969389999401756,2,6,1.8754397999873618
a8-dual-control,waxman-n60-load0.7-critical_link-distributed,waxman,60,0.7,critical_link,DISTRIBUTED,spf-reconverge,21,3523167894307149035,0.513952490828038,0.9439553118968613,0.627994596337549,0.38998709374456875,0.2966903692225223,3417.280843872247,55.89738588210295,150.98716038180117,0.30000000000000004,0.30000000000000004,False,6,0,0,0.4,1.0,,0.018171200004871935,2,18,1.1315408999944339
a8-dual-control,waxman-n60-load0.7-critical_link-distributed,waxman,60,0.7,critical_link,DISTRIBUTED,spf-static,21,3523167894307149035,0.504860180383989,0.8968028473962012,0.6110895833872872,0.3913688812796013,0.3049860300394591,3356.825881864126,51.91573240341003,150.85090139092503,,0.0,True,0,0,0,0.0,0.9410710981025484,,0.008857899985741824,2,780,0.9953149000066333
a8-dual-control,waxman-n60-load0.7-critical_link-distributed,waxman,60,0.7,critical_link,DISTRIBUTED,cspf,22,12030776527883484873,0.7674853833649895,1.0,0.8455293267537057,0.7308714014590448,0.6230123712564298,4209.198238691143,47.41720810406279,103.89232058634676,0.0,0.0,False,70,0,0,0.5,1.0,,0.08348190000106115,2,12,1.9006802000076277
a8-dual-control,waxman-n60-load0.7-critical_link-distributed,waxman,60,0.7,critical_link,DISTRIBUTED,ecmp,22,12030776527883484873,0.4948131240291057,0.9189855615438633,0.7423519722492526,0.3712955282865074,0.20820751142114027,2713.754001428431,48.2030774487797,101.87534023023748,0.4,0.4,False,19,0,0,0.5,0.972605136788327,,0.1738807999936398,2,76,1.3811562000046251
a8-dual-control,waxman-n60-load0.7-critical_link-distributed,waxman,60,0.7,critical_link,DISTRIBUTED,orbit,22,12030776527883484873,0.7024893075964698,0.9989154112734829,0.9407399455366953,0.7475167919014918,0.26482454351374035,3852.733642001119,48.85374550897511,104.15348069948882,0.0,0.0,False,171,0,0,0.5,1.0,,0.05262709998351056,2,24,1.9421556000015698
a8-dual-control,waxman-n60-load0.7-critical_link-distributed,waxman,60,0.7,critical_link,DISTRIBUTED,spf-reconverge,22,12030776527883484873,0.4948131240291057,0.9189855615438633,0.7423519722492526,0.3712955282865074,0.20820751142114027,2713.754001428431,48.2030774487797,101.87534023023748,0.4,0.4,False,19,0,0,0.5,0.972605136788327,,0.04124099998443853,2,76,1.134407999998075
a8-dual-control,waxman-n60-load0.7-critical_link-distributed,waxman,60,0.7,critical_link,DISTRIBUTED,spf-static,22,12030776527883484873,0.4730457631287033,0.8859949938919706,0.6710509791522641,0.3778020165209012,0.2010038232293092,2594.3730475381917,40.6076328742091,101.5726312508882,,0.0,True,0,0,0,0.0,0.9309305153483082,,0.008396700010052882,2,2470,0.996570100003737
a8-dual-control,waxman-n60-load0.7-critical_link-distributed,waxman,60,0.7,critical_link,DISTRIBUTED,cspf,23,2691594313461787408,0.7994619837471605,1.0,0.9266618090859493,0.8065566584501666,0.5645686920959704,3899.7190937531223,49.5483893970618,151.78223986185907,0.0,0.4,False,57,0,0,0.5,1.0,,0.06873100000666454,2,16,1.8193042000057176
a8-dual-control,waxman-n60-load0.7-critical_link-distributed,waxman,60,0.7,critical_link,DISTRIBUTED,ecmp,23,2691594313461787408,0.5676564596353734,0.9955190722947556,0.8029026947093832,0.45889408180164015,0.26304607084934767,2768.9881186801667,47.04562661106163,102.20429367711641,0.0,0.0,True,10,0,0,0.5,1.0,,0.20143079999252222,2,40,1.4844568000116851
a8-dual-control,waxman-n60-load0.7-critical_link-distributed,waxman,60,0.7,critical_link,DISTRIBUTED,orbit,23,2691594313461787408,0.7535401099223015,1.0,0.9442778007042774,0.8321194301743541,0.34043641996782525,3675.71543652311,47.33195092609889,103.19469055370085,0.0,0.0,False,163,3,0,0.5,1.0,,0.05980679999629501,2,20,2.003047599995625
a8-dual-control,waxman-n60-load0.7-critical_link-distributed,waxman,60,0.7,critical_link,DISTRIBUTED,spf-reconverge,23,2691594313461787408,0.5676564596353734,0.9955190722947556,0.8029026947093832,0.45889408180164015,0.26304607084934767,2768.9881186801667,47.04562661106163,102.20429367711641,0.0,0.0,True,10,0,0,0.5,1.0,,0.01752130000386387,2,40,0.8164156999991974
a8-dual-control,waxman-n60-load0.7-critical_link-distributed,waxman,60,0.7,critical_link,DISTRIBUTED,spf-static,23,2691594313461787408,0.5529686531448371,0.9955190722947556,0.7866897660168637,0.44723377892536365,0.2383911665255829,2697.342035963355,49.817850443420646,102.53818591803275,0.0,0.0,True,0,0,0,0.0,1.0,,0.009432999999262393,2,1300,1.082651500008069
a8-dual-control,waxman-n60-load0.7-critical_link-distributed,waxman,60,0.7,critical_link,DISTRIBUTED,cspf,24,7670592877651218448,0.8248050834636041,1.0,0.9638329365903066,0.7430327552249044,0.6925271129170798,4623.529265825096,43.08924778926924,103.46118217581,0.0,0.0,True,65,0,0,0.5,1.0000000000000002,,0.12755509999988135,2,8,1.6912725000001956
a8-dual-control,waxman-n60-load0.7-critical_link-distributed,waxman,60,0.7,critical_link,DISTRIBUTED,ecmp,24,7670592877651218448,0.5836678313285499,0.9910249573486616,0.7362671957790624,0.4669540401648112,0.34449577029237355,3271.8097327140163,53.81109289916689,200.70831172358754,0.4,0.4,False,10,0,0,0.5,1.0123950091213012,,0.12425059999804944,2,40,1.3150738000113051
a8-dual-control,waxman-n60-load0.7-critical_link-distributed,waxman,60,0.7,critical_link,DISTRIBUTED,orbit,24,7670592877651218448,0.7859505791148904,0.998536030585923,0.9694158053167,0.8224073494891954,0.4223246038431531,4405.726367216587,43.82644518938935,151.75701998213214,0.4,0.4,False,165,6,0,0.5,1.0000000000000002,,0.07310270000016317,2,260,1.6975497000094038
a8-dual-control,waxman-n60-load0.7-critical_link-distributed,waxman,60,0.7,critical_link,DISTRIBUTED,spf-reconverge,24,7670592877651218448,0.5836678313285499,0.9910249573486616,0.7362671957790624,0.4669540401648112,0.34449577029237355,3271.8097327140163,53.81109289916689,200.70831172358754,0.4,0.4,False,10,0,0,0.5,1.0123950091213012,,0.01906889998645056,2,40,1.1156837000016822
a8-dual-control,waxman-n60-load0.7-critical_link-distributed,waxman,60,0.7,critical_link,DISTRIBUTED,spf-static,24,7670592877651218448,0.5786717007653842,0.8827476421960266,0.7805660134354137,0.4740641106811302,0.33660133503017065,3243.8034117809816,49.062379932634045,150.8459095819786,,0.0,True,0,0,0,0.0,0.8813832392299003,,0.016693600002327003,2,1300,1.2002645999891683
a8-dual-control,waxman-n60-load0.7-critical_link-distributed,waxman,60,0.7,critical_link,DISTRIBUTED,cspf,25,15593109020175222182,0.7533738984706289,1.0,0.9800235069729947,0.6777642983392589,0.4964788124939261,4268.558558766696,37.972371538589194,102.17422515061669,0.0,0.0,False,28,0,0,0.5,1.0,,0.09730639999906998,2,12,1.8168040000018664
a8-dual-control,waxman-n60-load0.7-critical_link-distributed,waxman,60,0.7,critical_link,DISTRIBUTED,ecmp,25,15593109020175222182,0.6537413065541942,1.0,0.8189868793636019,0.5234258401441024,0.4730874797392796,3704.0479567663438,48.001663232175666,151.15356370723498,0.0,0.0,True,5,0,0,0.5,1.0,,0.15348449999873992,2,20,1.5427936000050977
a8-dual-control,waxman-n60-load0.7-critical_link-distributed,waxman,60,0.7,critical_link,DISTRIBUTED,orbit,25,15593109020175222182,0.7580209500955504,1.0,0.9825733251040581,0.7270362164832833,0.44656939554144004,4294.888395819529,31.825173406897008,101.6491925426205,0.0,0.0,False,172,0,0,0.5,1.0,,0.09955570001329761,2,8,1.6870429999980843
a8-dual-control,waxman-n60-load0.7-critical_link-distributed,waxman,60,0.7,critical_link,DISTRIBUTED,spf-reconverge,25,15593109020175222182,0.6537413065541942,1.0,0.8189868793636019,0.5234258401441024,0.4730874797392796,3704.0479567663438,48.001663232175666,151.15356370723498,0.0,0.0,True,5,0,0,0.5,1.0,,0.0182084000116447,2,20,1.293739300002926
a8-dual-control,waxman-n60-load0.7-critical_link-distributed,waxman,60,0.7,critical_link,DISTRIBUTED,spf-static,25,15593109020175222182,0.6464202355384522,1.0,0.8170448848504888,0.4976592033450275,0.4809323046683983,3662.5673315322824,46.25904080698907,151.82995552649479,0.0,0.0,True,0,0,0,0.0,1.0,,0.008951400013756938,2,650,1.1708600999991177
a8-dual-control,waxman-n60-load0.7-critical_link-distributed,waxman,60,0.7,critical_link,DISTRIBUTED,cspf,26,9707041718065929922,0.7326229405919924,0.9937024805278317,0.8984913053021433,0.6591817524953681,0.5128328062697789,5581.522034142173,55.02215930145971,107.77962370107471,0.0,0.0,False,49,0,0,0.5,1.0226648000042373,,0.16591570001037326,2,12,1.6814030000095954
a8-dual-control,waxman-n60-load0.7-critical_link-distributed,waxman,60,0.7,critical_link,DISTRIBUTED,ecmp,26,9707041718065929922,0.5402185801681034,0.9135405288714171,0.639944235231346,0.4970863129670793,0.2729861341939221,4115.680442691049,54.191622348744104,150.68651009239295,0.0,0.4,False,16,0,0,0.5,1.032793842193383,,0.11684760000207461,2,64,1.1537690999975894
a8-dual-control,waxman-n60-load0.7-critical_link-distributed,waxman,60,0.7,critical_link,DISTRIBUTED,orbit,26,9707041718065929922,0.7180258738770199,0.9992225235706126,0.9986331396092183,0.6835264972537397,0.3146193377787625,5470.313600732175,53.335884392353464,103.06283543854809,0.0,0.0,False,159,0,0,0.5,1.0,,0.06353549999766983,2,8,1.4290284999879077
a8-dual-control,waxman-n60-load0.7-critical_link-distributed,waxman,60,0.7,critical_link,DISTRIBUTED,spf-reconverge,26,9707041718065929922,0.5402185801681034,0.9135405288714171,0.639944235231346,0.4970863129670793,0.2729861341939221,4115.680442691049,54.191622348744104,150.68651009239295,0.0,0.4,False,16,0,0,0.5,1.032793842193383,,0.01923920000263024,2,64,0.955698100005975
a8-dual-control,waxman-n60-load0.7-critical_link-distributed,waxman,60,0.7,critical_link,DISTRIBUTED,spf-static,26,9707041718065929922,0.5183391431964606,0.8890500213457093,0.5891108498362734,0.47924558204592377,0.2757297747399935,3948.9909319132803,48.98063735963348,101.51270465159229,0.0,0.0,True,0,0,0,0.0,1.0,,0.009613500005798414,2,2080,0.7475363999983529
a8-dual-control,waxman-n60-load0.7-critical_link-distributed,waxman,60,0.7,critical_link,DISTRIBUTED,cspf,27,10286878287101958781,0.708843270951691,0.9127370978018547,0.8049078651872152,0.7114625810560828,0.493775848624611,5394.333488378808,60.8451743627299,150.98191686234836,0.0,0.0,False,51,0,0,0.4,1.0422755803739578,,0.07953960000304505,2,9,1.376699300002656
a8-dual-control,waxman-n60-load0.7-critical_link-distributed,waxman,60,0.7,critical_link,DISTRIBUTED,ecmp,27,10286878287101958781,0.4803092367432661,0.7957914292931194,0.5582975524161898,0.4161498991371942,0.30614165085842293,3655.177818170251,60.86007238427374,151.04084233755276,0.30000000000000004,0.30000000000000004,False,15,0,0,0.4,1.0,,0.1647707999945851,2,45,1.2499561000004178
a8-dual-control,waxman-n60-load0.7-critical_link-distributed,waxman,60,0.7,critical_link,DISTRIBUTED,orbit,27,10286878287101958781,0.7047634030338541,0.9753598367616094,0.9762127808928893,0.6767268306494946,0.3187627985312288,5363.285485189329,46.91584539121267,151.1765326856129,0.30000000000000004,0.30000000000000004,False,175,0,0,0.4,0.9721063116586055,,0.09580559999449179,2,6,1.8710279999941122
a8-dual-control,waxman-n60-load0.7-critical_link-distributed,waxman,60,0.7,critical_link,DISTRIBUTED,spf-reconverge,27,10286878287101958781,0.4803092367432661,0.7957914292931194,0.5582975524161898,0.4161498991371942,0.30614165085842293,3655.177818170251,60.86007238427374,151.04084233755276,0.30000000000000004,0.30000000000000004,False,15,0,0,0.4,1.0,,0.01891569999861531,2,45,0.7307596000027843
a8-dual-control,waxman-n60-load0.7-critical_link-distributed,waxman,60,0.7,critical_link,DISTRIBUTED,spf-static,27,10286878287101958781,0.48009696030133586,0.7524629616642474,0.5434514108530631,0.41709359866962403,0.34358424276015526,3653.5623836074587,58.46727518576017,150.96105922412823,,0.0,True,0,0,0,0.0,0.935775105197925,,0.0095904000045266,2,1950,0.8864591000019573
a8-dual-control,waxman-n60-load0.7-critical_link-distributed,waxman,60,0.7,critical_link,DISTRIBUTED,cspf,28,14583450936877547465,0.6145389664375001,0.7977757564376835,0.7058432449600326,0.5301519551089998,0.5334140349849238,5385.251638890931,60.86006575539597,151.6544088196102,0.0,0.30000000000000004,False,58,0,0,0.4,1.03331879449376,,0.16335819999221712,2,6,1.5315945000038482
a8-dual-control,waxman-n60-load0.7-critical_link-distributed,waxman,60,0.7,critical_link,DISTRIBUTED,ecmp,28,14583450936877547465,0.4553124795536025,0.8005727105789657,0.6540165208916419,0.2422374202919001,0.35193448923206666,3989.937840618447,59.84850832635606,151.6360811724068,0.30000000000000004,0.30000000000000004,True,8,0,0,0.4,0.9636935655859412,,0.205635499994969,2,24,1.1402967000030912
a8-dual-control,waxman-n60-load0.7-critical_link-distributed,waxman,60,0.7,critical_link,DISTRIBUTED,orbit,28,14583450936877547465,0.5883717090028677,0.8793667240935161,0.8276439555284443,0.4490108246016086,0.36736729126844014,5155.945974512908,46.3213896034341,151.922694755462,0.30000000000000004,0.30000000000000004,False,196,1,0,0.4,0.9766538710392828,,0.1612064999935683,2,18,1.6249833000038052
a8-dual-control,waxman-n60-load0.7-critical_link-distributed,waxman,60,0.7,critical_link,DISTRIBUTED,spf-reconverge,28,14583450936877547465,0.4553124795536025,0.8005727105789657,0.6540165208916419,0.2422374202919001,0.35193448923206666,3989.937840618447,59.84850832635606,151.6360811724068,0.30000000000000004,0.30000000000000004,True,8,0,0,0.4,0.9636935655859412,,0.023012300007394515,2,24,0.902029599994421
a8-dual-control,waxman-n60-load0.7-critical_link-distributed,waxman,60,0.7,critical_link,DISTRIBUTED,spf-static,28,14583450936877547465,0.4487455636438018,0.7860047653936829,0.6371645573243748,0.24464115770082048,0.34798285232101983,3932.3914577247438,58.54558832439502,151.6360811724068,,0.0,True,0,0,0,0.0,0.9428863735653862,,0.010492199988220818,2,1040,0.6814534000004642
a8-dual-control,waxman-n60-load0.7-critical_link-distributed,waxman,60,0.7,critical_link,DISTRIBUTED,cspf,29,5807054168336245337,0.7582713772721295,0.9933124556652406,0.9078938477975275,0.7709871748168184,0.48662113619977754,4575.137802140411,43.408128903811246,104.40653502966192,0.0,0.0,False,30,0,0,0.5,1.0,,0.08028219998232089,2,4,1.893428399998811
a8-dual-control,waxman-n60-load0.7-critical_link-distributed,waxman,60,0.7,critical_link,DISTRIBUTED,ecmp,29,5807054168336245337,0.5973109770211378,0.9540664172414183,0.7886114216646813,0.5586596450088375,0.2932957242126624,3603.9604190705013,47.757849164341216,151.14755438526825,0.0,0.0,True,5,0,0,0.5,1.0,,0.19151549998787232,2,20,1.4320435000117868
a8-dual-control,waxman-n60-load0.7-critical_link-distributed,waxman,60,0.7,critical_link,DISTRIBUTED,orbit,29,5807054168336245337,0.7639946797701525,1.0,0.9505755964585477,0.8823360452196876,0.320550269311322,4609.670158756573,29.046672384554014,101.7211633372944,0.0,0.4,False,160,0,0,0.5,1.0,,0.06238580000353977,2,8,1.9758113000134472
a8-dual-control,waxman-n60-load0.7-critical_link-distributed,waxman,60,0.7,critical_link,DISTRIBUTED,spf-reconverge,29,5807054168336245337,0.5973109770211378,0.9540664172414183,0.7886114216646813,0.5586596450088375,0.2932957242126624,3603.9604190705013,47.757849164341216,151.14755438526825,0.0,0.0,True,5,0,0,0.5,1.0,,0.048260799987474456,2,20,1.1425658999942243
a8-dual-control,waxman-n60-load0.7-critical_link-distributed,waxman,60,0.7,critical_link,DISTRIBUTED,spf-static,29,5807054168336245337,0.5849062256848385,0.9540664172414183,0.7661924901514557,0.5511610917896536,0.2775661461424597,3529.1145941245245,46.38168950326227,151.14755438526825,0.0,0.0,True,0,0,0,0.0,1.0,,0.009154300001682714,2,650,1.059629199997289
a8-dual-control,waxman-n60-load0.7-random_node_30-centralised,waxman,60,0.7,random_node_30,CENTRALISED,cspf,0,1428555626129902228,0.4566433636700436,0.5125307727880997,0.44803063704163476,0.4357426383272029,0.46433079299491187,2873.49084966216,44.87555902477233,102.91977567188418,,,True,52,0,0,0.30000000000000004,0.4462242485125581,,0.05601109999406617,2,10088,0.7720236999884946
a8-dual-control,waxman-n60-load0.7-random_node_30-centralised,waxman,60,0.7,random_node_30,CENTRALISED,ecmp,0,1428555626129902228,0.36957435013440204,0.4721057439951955,0.4341909171727344,0.32957285106191236,0.303973395683128,2325.597168096347,45.196918682139966,150.7958721735549,,,True,31,0,0,0.30000000000000004,0.44080768337177256,,0.07425889998557977,2,10072,0.597935800004052
a8-dual-control,waxman-n60-load0.7-random_node_30-centralised,waxman,60,0.7,random_node_30,CENTRALISED,orbit,0,1428555626129902228,0.45103112133549195,0.5158205983840699,0.4779258532008092,0.4593913344032888,0.37353256323727657,2838.175046833427,38.73008308539493,102.08666767199225,,,True,189,0,0,0.30000000000000004,0.4417267435299255,,0.07574959998601116,2,10086,0.9856900000013411
a8-dual-control,waxman-n60-load0.7-random_node_30-centralised,waxman,60,0.7,random_node_30,CENTRALISED,spf-reconverge,0,1428555626129902228,0.36957435013440204,0.4721057439951955,0.4341909171727344,0.32957285106191236,0.303973395683128,2325.597168096347,45.196918682139966,150.7958721735549,,,True,31,0,0,0.30000000000000004,0.44080768337177256,,0.021239499998046085,2,10072,0.7423856000095839
a8-dual-control,waxman-n60-load0.7-random_node_30-centralised,waxman,60,0.7,random_node_30,CENTRALISED,spf-static,0,1428555626129902228,0.2806897364710185,0.42336990790275886,0.2935879661806556,0.25741218973563523,0.21969165371119118,1766.2785742931542,30.110751796048692,101.3025998337867,,,True,0,0,0,0.0,0.37856234950761514,,0.009743900009198114,2,14040,0.4023069000104442
a8-dual-control,waxman-n60-load0.7-random_node_30-centralised,waxman,60,0.7,random_node_30,CENTRALISED,cspf,1,11304132374568548005,0.425662763577406,0.32670054334020987,0.5029940507451887,0.48714028898151074,0.3242879276802444,2671.414981664275,44.084798934311415,102.77260531665972,,,True,45,0,0,0.30000000000000004,0.2264086906591408,,0.05564499998581596,2,10600,0.8271775000030175
a8-dual-control,waxman-n60-load0.7-random_node_30-centralised,waxman,60,0.7,random_node_30,CENTRALISED,ecmp,1,11304132374568548005,0.35310050425436784,0.31999821223632335,0.41089256975642513,0.38289870044207314,0.27503758095539865,2216.0218318621964,40.25139112210597,101.11070472797462,,,True,24,0,0,0.30000000000000004,0.2413149621539117,,0.11779240000760183,2,10578,0.6657586999936029
a8-dual-control,waxman-n60-load0.7-random_node_30-centralised,waxman,60,0.7,random_node_30,CENTRALISED,orbit,1,11304132374568548005,0.4272776028287691,0.3282301133405936,0.5057992664608322,0.5051887380840551,0.30220024963170733,2681.549543900387,45.049166410435824,103.5268890541439,,0.0,True,179,1,0,0.30000000000000004,0.22547869137367174,,0.05528839999169577,2,10588,0.673805699989316
a8-dual-control,waxman-n60-load0.7-random_node_30-centralised,waxman,60,0.7,random_node_30,CENTRALISED,spf-reconverge,1,11304132374568548005,0.35310050425436784,0.31999821223632335,0.41089256975642513,0.38289870044207314,0.27503758095539865,2216.0218318621964,40.25139112210597,101.11070472797462,,,True,24,0,0,0.30000000000000004,0.2413149621539117,,0.014261400006944314,2,10578,0.4787475000048289
a8-dual-control,waxman-n60-load0.7-random_node_30-centralised,waxman,60,0.7,random_node_30,CENTRALISED,spf-static,1,11304132374568548005,0.31374328046119226,0.31999821223632335,0.3356640145799515,0.3358128107713626,0.2580649286471537,1969.0200119374815,32.11202778567582,100.74232405543036,,,True,0,0,0,0.0,0.2413149621539117,,0.009735999992699362,2,13650,0.43504650000249967
a8-dual-control,waxman-n60-load0.7-random_node_30-centralised,waxman,60,0.7,random_node_30,CENTRALISED,cspf,2,4510836712127593378,0.3856449944846127,0.5408614919249599,0.5801432322305771,0.29520056478488754,0.23473200700728578,1611.0066849651184,45.744644401914194,151.50942289347816,,,True,45,0,0,0.30000000000000004,0.47410495712850637,,0.07036949999746867,2,10864,0.8176958000112791
a8-dual-control,waxman-n60-load0.7-random_node_30-centralised,waxman,60,0.7,random_node_30,CENTRALISED,ecmp,2,4510836712127593378,0.3207613939634176,0.5417589230109204,0.47946786837326566,0.24190481595714777,0.1544479403609637,1339.9596969860684,38.54941738146641,101.60599054454106,,,True,33,0,0,0.30000000000000004,0.47410495712850637,,0.059191499996813945,2,10856,0.5497583999967901
a8-dual-control,waxman-n60-load0.7-random_node_30-centralised,waxman,60,0.7,random_node_30,CENTRALISED,orbit,2,4510836712127593378,0.41743255971309834,0.5405809458808857,0.6356315497014174,0.345747557974149,0.23343788022403572,1743.797154993891,31.371978144433854,101.78927760869294,,,True,188,1,0,0.30000000000000004,0.47410495712850637,,0.06148109999776352,2,10866,0.7816474999999627
a8-dual-control,waxman-n60-load0.7-random_node_30-centralised,waxman,60,0.7,random_node_30,CENTRALISED,spf-reconverge,2,4510836712127593378,0.3207613939634176,0.5417589230109204,0.47946786837326566,0.24190481595714777,0.1544479403609637,1339.9596969860684,38.54941738146641,101.60599054454106,,,True,33,0,0,0.30000000000000004,0.47410495712850637,,0.016843399993376806,2,10856,0.6221127000026172
a8-dual-control,waxman-n60-load0.7-random_node_30-centralised,waxman,60,0.7,random_node_30,CENTRALISED,spf-static,2,4510836712127593378,0.25960725126334894,0.3839750403148567,0.3074040894614506,0.21721484613401587,0.20491716570028987,1084.4922745843178,19.609915341087,101.02915395405324,,,True,0,0,0,0.0,0.28920196959405425,,0.007563899984234013,2,15080,0.5196673000027658
a8-dual-control,waxman-n60-load0.7-random_node_30-centralised,waxman,60,0.7,random_node_30,CENTRALISED,cspf,3,3377497651003445033,0.3216172001171998,0.3879313700848965,0.3651386116478353,0.3303653873797039,0.22395479389579157,1506.638837441994,55.58792540180933,206.01654099991072,,,True,55,0,0,0.30000000000000004,0.29641674588856237,,0.06109229999128729,2,9846,0.7279388000024483
a8-dual-control,waxman-n60-load0.7-random_node_30-centralised,waxman,60,0.7,random_node_30,CENTRALISED,ecmp,3,3377497651003445033,0.26894286058666045,0.37953050677971417,0.30779382710992553,0.2479814124970123,0.18868561408844498,1259.8821165813033,70.94194317069001,252.4272728238911,,,True,47,0,0,0.30000000000000004,0.31451242483602554,,0.09133089998795185,2,9844,0.6725905000057537
a8-dual-control,waxman-n60-load0.7-random_node_30-centralised,waxman,60,0.7,random_node_30,CENTRALISED,orbit,3,3377497651003445033,0.31289428747693715,0.38753761386026325,0.40601621147606204,0.3228916937883129,0.15832723360547035,1465.7757276498426,65.98274571538077,205.17433139049834,,,True,202,6,0,0.30000000000000004,0.29641674588856237,,0.07373150000057649,2,9854,0.7572460999945179
a8-dual-control,waxman-n60-load0.7-random_node_30-centralised,waxman,60,0.7,random_node_30,CENTRALISED,spf-reconverge,3,3377497651003445033,0.26894286058666045,0.37953050677971417,0.30779382710992553,0.2479814124970123,0.18868561408844498,1259.8821165813033,70.94194317069001,252.4272728238911,,,True,47,0,0,0.30000000000000004,0.31451242483602554,,0.011550099996384233,2,9844,0.5859114000049885
a8-dual-control,waxman-n60-load0.7-random_node_30-centralised,waxman,60,0.7,random_node_30,CENTRALISED,spf-static,3,3377497651003445033,0.21970065818551784,0.1858717071019665,0.2104174448646933,0.24679186527041017,0.21333165620435932,1029.2034882252785,31.93439883914354,101.44539187617275,,,True,0,0,0,0.0,0.07371402485457391,,0.010534200016991235,2,15860,0.38830330000200775
a8-dual-control,waxman-n60-load0.7-random_node_30-centralised,waxman,60,0.7,random_node_30,CENTRALISED,cspf,4,15973740485715476768,0.40983764433840064,0.5441882507888248,0.47035981429277884,0.3341043734822068,0.37300791131919014,2650.2242429380444,42.12868332818993,151.1034241075557,,,True,54,0,0,0.30000000000000004,0.4769401281291731,,0.11107570001331624,2,10608,0.7509071999957087
a8-dual-control,waxman-n60-load0.7-random_node_30-centralised,waxman,60,0.7,random_node_30,CENTRALISED,ecmp,4,15973740485715476768,0.25187232589790093,0.5399260104001715,0.3045053636382084,0.13595557579568013,0.1869305472580739,1628.737997695114,50.59919421533101,150.51132133198587,,,True,40,0,0,0.30000000000000004,0.5237152706593847,,0.08136909999302588,2,10610,0.5116887999902247
a8-dual-control,waxman-n60-load0.7-random_node_30-centralised,waxman,60,0.7,random_node_30,CENTRALISED,orbit,4,15973740485715476768,0.38910609143122943,0.5595030616763886,0.5057715715596176,0.3301623403644104,0.24378778609795787,2516.163194941752,43.110231986136995,151.6458774232535,,,True,192,4,0,0.30000000000000004,0.4961562737124077,,0.06849039999360684,2,10606,0.662978500011377
a8-dual-control,waxman-n60-load0.7-random_node_30-centralised,waxman,60,0.7,random_node_30,CENTRALISED,spf-reconverge,4,15973740485715476768,0.25187232589790093,0.5399260104001715,0.3045053636382084,0.13595557579568013,0.1869305472580739,1628.737997695114,50.59919421533101,150.51132133198587,,,True,40,0,0,0.30000000000000004,0.5237152706593847,,0.01485760000650771,2,10610,0.49638470000354573
a8-dual-control,waxman-n60-load0.7-random_node_30-centralised,waxman,60,0.7,random_node_30,CENTRALISED,spf-static,4,15973740485715476768,0.21394005047030554,0.32590609183304275,0.2618795873492727,0.19561851316947043,0.11902783164950682,1383.4480949330093,37.7408929589373,102.2879305295559,,,True,0,0,0,0.0,0.25262091910670065,,0.009562499995809048,2,15730,0.34443899999314453
a8-dual-control,waxman-n60-load0.7-random_node_30-centralised,waxman,60,0.7,random_node_30,CENTRALISED,cspf,5,7967857110547322664,0.2985222447337278,0.42519878306531717,0.33361738218375925,0.28862976996828266,0.20495852250268168,1913.1382690465723,45.09372236218789,151.817695250142,,,True,39,0,0,0.30000000000000004,0.3397515721337794,,0.051707500009797513,2,12534,0.4385228999890387
a8-dual-control,waxman-n60-load0.7-random_node_30-centralised,waxman,60,0.7,random_node_30,CENTRALISED,ecmp,5,7967857110547322664,0.22737648778226163,0.41997938337813073,0.2574171904122379,0.15498610198159443,0.18497102167393684,1457.1867521820811,50.07711612707893,151.96877097398522,,,True,28,0,0,0.30000000000000004,0.35222731897297144,,0.12005079998925794,2,12536,0.5477266999951098
a8-dual-control,waxman-n60-load0.7-random_node_30-centralised,waxman,60,0.7,random_node_30,CENTRALISED,orbit,5,7967857110547322664,0.28850991369367196,0.4247019952321529,0.35170466184412497,0.2970829578673539,0.13667285262994913,1848.9722847254395,43.08153073317242,102.6391891461409,,,True,180,0,0,0.30000000000000004,0.3397515721337794,,0.0939862999948673,2,12538,0.6456061000062618
a8-dual-control,waxman-n60-load0.7-random_node_30-centralised,waxman,60,0.7,random_node_30,CENTRALISED,spf-reconverge,5,7967857110547322664,0.22737648778226163,0.41997938337813073,0.2574171904122379,0.15498610198159443,0.18497102167393684,1457.1867521820811,50.07711612707893,151.96877097398522,,,True,28,0,0,0.30000000000000004,0.35222731897297144,,0.022770700001274236,2,12536,0.5290916000085417
a8-dual-control,waxman-n60-load0.7-random_node_30-centralised,waxman,60,0.7,random_node_30,CENTRALISED,spf-static,5,7967857110547322664,0.17902683930917,0.22268654388194584,0.20329896191130387,0.19665028282682656,0.10650451544537348,1147.3285609731565,37.09339872382585,151.3177469663222,,,True,0,0,0,0.0,0.11253496815883095,,0.009464100003242493,2,16120,0.4696780999947805
a8-dual-control,waxman-n60-load0.7-random_node_30-centralised,waxman,60,0.7,random_node_30,CENTRALISED,cspf,6,10847209302654392244,0.3638765363687432,0.554816451983355,0.4972943663476427,0.26774932620855874,0.24197690818881995,1986.2224583927066,50.24463179567771,151.48497274781317,,,True,48,0,0,0.30000000000000004,0.4949857968981458,,0.07846520000020973,2,10742,0.784400699994876
a8-dual-control,waxman-n60-load0.7-random_node_30-centralised,waxman,60,0.7,random_node_30,CENTRALISED,ecmp,6,10847209302654392244,0.29001381260808834,0.49448397598758,0.42555063148790134,0.207460363131313,0.13925911317021353,1583.0422966941262,59.329183127120565,151.4545658077324,,,True,40,0,0,0.30000000000000004,0.4586243789940146,,0.13282090000575408,2,10740,0.7674759000074118
a8-dual-control,waxman-n60-load0.7-random_node_30-centralised,waxman,60,0.7,random_node_30,CENTRALISED,orbit,6,10847209302654392244,0.36072032494662265,0.5537892981272721,0.497287049677533,0.3161914317023906,0.16401150150796368,1968.9942576611857,45.681723988458394,102.10549186810982,,,True,193,3,0,0.30000000000000004,0.4949857968981458,,0.08183110000391025,2,10744,0.7254917999962345
a8-dual-control,waxman-n60-load0.7-random_node_30-centralised,waxman,60,0.7,random_node_30,CENTRALISED,spf-reconverge,6,10847209302654392244,0.29001381260808834,0.49448397598758,0.42555063148790134,0.207460363131313,0.13925911317021353,1583.0422966941262,59.329183127120565,151.4545658077324,,,True,40,0,0,0.30000000000000004,0.4586243789940146,,0.01277289999416098,2,10740,0.4845964999985881
a8-dual-control,waxman-n60-load0.7-random_node_30-centralised,waxman,60,0.7,random_node_30,CENTRALISED,spf-static,6,10847209302654392244,0.23140696846285783,0.30710509761683275,0.21406084896365032,0.1904922338786822,0.2591900194301994,1263.1364538540295,23.24005069137223,100.9332528564563,,,True,0,0,0,0.0,0.2242969335429839,,0.008815099994535558,2,15860,0.42914039999595843
a8-dual-control,waxman-n60-load0.7-random_node_30-centralised,waxman,60,0.7,random_node_30,CENTRALISED,cspf,7,7847198283375491658,0.41713078791098884,0.26442467623572025,0.5002147033855749,0.4553515952608509,0.37226302178829646,2653.0047664437707,25.732559976335747,101.23304417689148,,,True,47,0,0,0.30000000000000004,0.159618000927011,,0.1144112000183668,2,11508,0.7838840999902459
a8-dual-control,waxman-n60-load0.7-random_node_30-centralised,waxman,60,0.7,random_node_30,CENTRALISED,ecmp,7,7847198283375491658,0.3036459204300507,0.2571034512249873,0.46568392419603666,0.2799850754185407,0.19182590571660058,1931.226602204273,54.38860125416177,151.09737660418938,,,True,25,0,0,0.30000000000000004,0.15983950969014152,,0.12018779999925755,2,11490,0.7427125999965938
a8-dual-control,waxman-n60-load0.7-random_node_30-centralised,waxman,60,0.7,random_node_30,CENTRALISED,orbit,7,7847198283375491658,0.39177672493587007,0.2675634359105189,0.5166767338888067,0.41837163227136315,0.2993010118207222,2491.7497071886883,36.42211505024242,104.6725668832818,,,True,184,3,0,0.30000000000000004,0.15639760992768045,,0.09745420001854654,2,11506,0.8313250999926822
a8-dual-control,waxman-n60-load0.7-random_node_30-centralised,waxman,60,0.7,random_node_30,CENTRALISED,spf-reconverge,7,7847198283375491658,0.3036459204300507,0.2571034512249873,0.46568392419603666,0.2799850754185407,0.19182590571660058,1931.226602204273,54.38860125416177,151.09737660418938,,,True,25,0,0,0.30000000000000004,0.15983950969014152,,0.01390720000199508,2,11490,0.4827113999926951
a8-dual-control,waxman-n60-load0.7-random_node_30-centralised,waxman,60,0.7,random_node_30,CENTRALISED,spf-static,7,7847198283375491658,0.24148658869231693,0.12709189334782148,0.3589937083673779,0.26356599769065064,0.1570908433376843,1535.885361139236,31.925231715695777,101.23303160219882,,,True,0,0,0,0.0,0.0,,0.00943409999308642,2,14690,0.3813090000039665
a8-dual-control,waxman-n60-load0.7-random_node_30-centralised,waxman,60,0.7,random_node_30,CENTRALISED,cspf,8,10574278205198784553,0.3677826812016146,0.5881423388507596,0.4436786737295869,0.3185125481662031,0.2369627977267717,3088.2586755814705,71.32923376746407,201.71755120236787,,,True,54,0,0,0.30000000000000004,0.5290767172422842,,0.06305250000150409,2,9964,0.7078615999926114
a8-dual-control,waxman-n60-load0.7-random_node_30-centralised,waxman,60,0.7,random_node_30,CENTRALISED,ecmp,8,10574278205198784553,0.26472598219140714,0.5144941102314075,0.31179265434340725,0.20013858069141735,0.1707945002493228,2222.895076199281,60.21721996098044,200.68165161090093,,,True,44,0,0,0.30000000000000004,0.46353055044539815,,0.1724767999985488,2,9968,0.7699386000022059
a8-dual-control,waxman-n60-load0.7-random_node_30-centralised,waxman,60,0.7,random_node_30,CENTRALISED,orbit,8,10574278205198784553,0.3548125363309563,0.6137036641365372,0.4471526040745116,0.3084066173361106,0.18020382036248,2979.348809870852,56.64127852090288,151.0911648952963,,,True,193,2,0,0.30000000000000004,0.5596300158501737,,0.10996179998619482,2,9962,0.9008259999973234
a8-dual-control,waxman-n60-load0.7-random_node_30-centralised,waxman,60,0.7,random_node_30,CENTRALISED,spf-reconverge,8,10574278205198784553,0.26472598219140714,0.5144941102314075,0.31179265434340725,0.20013858069141735,0.1707945002493228,2222.895076199281,60.21721996098044,200.68165161090093,,,True,44,0,0,0.30000000000000004,0.46353055044539815,,0.015859299994190224,2,9968,0.43301310000242665
a8-dual-control,waxman-n60-load0.7-random_node_30-centralised,waxman,60,0.7,random_node_30,CENTRALISED,spf-static,8,10574278205198784553,0.20824071568804872,0.2709693541855388,0.1934240449206758,0.22517930295768893,0.1618819593948008,1748.5902129262295,32.12021133846827,100.53355479098124,,,True,0,0,0,0.0,0.16892141330342378,,0.011244699999224395,2,15600,0.3818685000005644
a8-dual-control,waxman-n60-load0.7-random_node_30-centralised,waxman,60,0.7,random_node_30,CENTRALISED,cspf,9,13622570460281137237,0.3664402915204542,0.5458660457471632,0.4425369070580962,0.3408831429195884,0.23844409098596367,2346.0255816374206,52.792761687569595,151.40837714971858,,,True,53,0,0,0.30000000000000004,0.5060438437280741,,0.06095060000370722,2,9968,0.6625685000035446
a8-dual-control,waxman-n60-load0.7-random_node_30-centralised,waxman,60,0.7,random_node_30,CENTRALISED,ecmp,9,13622570460281137237,0.27808883022383807,0.565643299091586,0.3034019393600592,0.2146978993016886,0.20134745325546147,1780.3814830671624,56.342405942187526,201.28877687968742,,,True,43,0,0,0.30000000000000004,0.5736332840775882,,0.09018669999204576,2,9966,0.6905391999898711
a8-dual-control,waxman-n60-load0.7-random_node_30-centralised,waxman,60,0.7,random_node_30,CENTRALISED,orbit,9,13622570460281137237,0.36121074296500716,0.6177672473375164,0.42307737379289323,0.34486405135819603,0.1995453644075679,2312.544943794382,57.76626333893157,201.27336744926967,,,True,200,1,0,0.30000000000000004,0.5639280575358953,,0.11937339998257812,2,9980,0.9601273000007495
a8-dual-control,waxman-n60-load0.7-random_node_30-centralised,waxman,60,0.7,random_node_30,CENTRALISED,spf-reconverge,9,13622570460281137237,0.27808883022383807,0.565643299091586,0.3034019393600592,0.2146978993016886,0.20134745325546147,1780.3814830671624,56.342405942187526,201.28877687968742,,,True,43,0,0,0.30000000000000004,0.5736332840775882,,0.02054860000498593,2,9966,0.5930574999947567
a8-dual-control,waxman-n60-load0.7-random_node_30-centralised,waxman,60,0.7,random_node_30,CENTRALISED,spf-static,9,13622570460281137237,0.21075767422858932,0.3492796283464564,0.2286456053268133,0.15681854024404737,0.19883440798304852,1349.3136718538963,35.689123671888936,101.35571667191174,,,True,0,0,0,0.0,0.2926969726167307,,0.00834289999329485,2,15470,0.42822019998857286
a8-dual-control,waxman-n60-load0.7-random_node_30-centralised,waxman,60,0.7,random_node_30,CENTRALISED,cspf,10,4641888081621052389,0.41639101122953215,0.6146810360679571,0.4858823304014875,0.374022634251181,0.2868463712291221,2830.5755059616567,53.194005732978134,111.47753591644101,,,True,44,0,0,0.30000000000000004,0.6093407395872528,,0.08404860000882763,2,10984,0.7639133000047877
a8-dual-control,waxman-n60-load0.7-random_node_30-centralised,waxman,60,0.7,random_node_30,CENTRALISED,ecmp,10,4641888081621052389,0.31230211080532255,0.5555287170667044,0.415380586616759,0.2233162890725122,0.1871792265046514,2122.9918068965576,51.95570985039337,150.9869269057721,,,True,24,0,0,0.30000000000000004,0.5404636023084551,,0.11615190000156872,2,10968,0.7528148999990663
a8-dual-control,waxman-n60-load0.7-random_node_30-centralised,waxman,60,0.7,random_node_30,CENTRALISED,orbit,10,4641888081621052389,0.3973490211699863,0.6622034587260547,0.5028501404484033,0.35044630531503873,0.19973065911600263,2701.1303709954655,48.93389853998666,102.76621098390774,,,True,181,1,0,0.30000000000000004,0.6145530255659654,,0.05953310000768397,2,10978,0.7735341999941738
a8-dual-control,waxman-n60-load0.7-random_node_30-centralised,waxman,60,0.7,random_node_30,CENTRALISED,spf-reconverge,10,4641888081621052389,0.31230211080532255,0.5555287170667044,0.415380586616759,0.2233162890725122,0.1871792265046514,2122.9918068965576,51.95570985039337,150.9869269057721,,,True,24,0,0,0.30000000000000004,0.5404636023084551,,0.014058700005989522,2,10968,0.5278603000042494
a8-dual-control,waxman-n60-load0.7-random_node_30-centralised,waxman,60,0.7,random_node_30,CENTRALISED,spf-static,10,4641888081621052389,0.24236619873493886,0.3883505917603325,0.21949842652930904,0.20911177761988892,0.21695401337570586,1647.5759733295044,53.74418778255909,150.87583955022794,,,True,0,0,0,0.0,0.32924981101208894,,0.009558000005199574,2,14040,0.524672899991856
a8-dual-control,waxman-n60-load0.7-random_node_30-centralised,waxman,60,0.7,random_node_30,CENTRALISED,cspf,11,6662292004511640578,0.3608539537578556,0.4844138194234429,0.43057924670016934,0.38050286400881206,0.19563817770880385,2171.8508415845313,36.60312896452203,102.83061065118531,,,True,43,0,0,0.30000000000000004,0.4091988619686381,,0.06614429999899585,2,11892,0.7274441000045044
a8-dual-control,waxman-n60-load0.7-random_node_30-centralised,waxman,60,0.7,random_node_30,CENTRALISED,ecmp,11,6662292004511640578,0.2410220055761378,0.4477171971443589,0.3127934663636333,0.19732317206711406,0.10680821525425793,1450.6252188723063,54.84605252984801,151.27109033772985,,,True,35,0,0,0.30000000000000004,0.4489119413515695,,0.09507409999787342,2,11900,0.6533821000048192
a8-dual-control,waxman-n60-load0.7-random_node_30-centralised,waxman,60,0.7,random_node_30,CENTRALISED,orbit,11,6662292004511640578,0.3415506932655422,0.48407737655401406,0.43270413444709177,0.35048167709571226,0.1571606488353485,2055.671422988806,43.98468750850269,103.65307389870682,,,True,180,0,0,0.30000000000000004,0.4091988619686381,,0.09824479999952018,2,11888,0.9330789000086952
a8-dual-control,waxman-n60-load0.7-random_node_30-centralised,waxman,60,0.7,random_node_30,CENTRALISED,spf-reconverge,11,6662292004511640578,0.2410220055761378,0.4477171971443589,0.3127934663636333,0.19732317206711406,0.10680821525425793,1450.6252188723063,54.84605252984801,151.27109033772985,,,True,35,0,0,0.30000000000000004,0.4489119413515695,,0.012762799990014173,2,11900,0.522019600000931
a8-dual-control,waxman-n60-load0.7-random_node_30-centralised,waxman,60,0.7,random_node_30,CENTRALISED,spf-static,11,6662292004511640578,0.18567373969669002,0.21753436084516403,0.27979141268404467,0.17896601803611334,0.07950513515380592,1117.503809009117,32.61902268763671,101.18607464213676,,,True,0,0,0,0.0,0.13668472695593617,,0.008522899996023625,2,16380,0.287048500002129
a8-dual-control,waxman-n60-load0.7-random_node_30-centralised,waxman,60,0.7,random_node_30,CENTRALISED,cspf,12,9579993374177440702,0.26763737484208294,0.32007379353556314,0.3543050836451226,0.20303609764057368,0.2295956835533205,1612.012883564182,49.08050634696433,104.91261653189284,,,True,30,0,0,0.30000000000000004,0.21914020577295862,,0.06755530000373255,2,13952,0.4976113000011537
a8-dual-control,waxman-n60-load0.7-random_node_30-centralised,waxman,60,0.7,random_node_30,CENTRALISED,ecmp,12,9579993374177440702,0.2292062498200825,0.3157969294866161,0.2827886982802221,0.1699548296357643,0.19857025017741523,1380.5374825598026,54.1623465527696,151.82332622957315,,,True,25,0,0,0.30000000000000004,0.22777174054958724,,0.0769877999991877,2,13960,0.5082674000004772
a8-dual-control,waxman-n60-load0.7-random_node_30-centralised,waxman,60,0.7,random_node_30,CENTRALISED,orbit,12,9579993374177440702,0.25977175541969755,0.32115282366097425,0.34842900570702695,0.1992275617310423,0.20838502510938217,1564.6372886810707,41.63735758078219,102.74393621842472,,,True,174,3,0,0.30000000000000004,0.21826542855371756,,0.055035600016708486,2,13958,0.6137420000013663
a8-dual-control,waxman-n60-load0.7-random_node_30-centralised,waxman,60,0.7,random_node_30,CENTRALISED,spf-reconverge,12,9579993374177440702,0.2292062498200825,0.3157969294866161,0.2827886982802221,0.1699548296357643,0.19857025017741523,1380.5374825598026,54.1623465527696,151.82332622957315,,,True,25,0,0,0.30000000000000004,0.22777174054958724,,0.011504299996886402,2,13960,0.2983256000006804
a8-dual-control,waxman-n60-load0.7-random_node_30-centralised,waxman,60,0.7,random_node_30,CENTRALISED,spf-static,12,9579993374177440702,0.160201923697861,0.24315966047112866,0.1797111444356224,0.089732183139186,0.18447171269623683,964.9159244858632,23.26447321798731,101.23660197266445,,,True,0,0,0,0.0,0.13894255404787698,,0.008614599995780736,2,17160,0.2887231999920914
a8-dual-control,waxman-n60-load0.7-random_node_30-centralised,waxman,60,0.7,random_node_30,CENTRALISED,cspf,13,10945605557588484684,0.35003370677544604,0.48523013777436597,0.4673177351882159,0.3302242777100042,0.1865673073284793,1756.0931968511823,49.81387627337647,151.51281373679805,,,True,51,0,0,0.30000000000000004,0.41058003932615716,,0.050292500003706664,2,11274,0.6159023999935016
a8-dual-control,waxman-n60-load0.7-random_node_30-centralised,waxman,60,0.7,random_node_30,CENTRALISED,ecmp,13,10945605557588484684,0.29519477266151917,0.45402780512798624,0.42831934347515105,0.2151779744965852,0.18213711102317612,1480.9703236650946,47.22466255388103,150.77754549432893,,0.2,True,51,0,0,0.30000000000000004,0.3907582292759776,,0.06296680000377819,2,11282,0.5527333000063663
a8-dual-control,waxman-n60-load0.7-random_node_30-centralised,waxman,60,0.7,random_node_30,CENTRALISED,orbit,13,10945605557588484684,0.346681332232586,0.48519550797587363,0.4731107639662163,0.31438488160741007,0.18879988758074204,1739.2745819176487,48.14472810819603,151.51297540924725,,,True,195,0,0,0.30000000000000004,0.41058003932615716,,0.05839879999984987,2,11270,0.6372498999990057
a8-dual-control,waxman-n60-load0.7-random_node_30-centralised,waxman,60,0.7,random_node_30,CENTRALISED,spf-reconverge,13,10945605557588484684,0.29519477266151917,0.45402780512798624,0.42831934347515105,0.2151779744965852,0.18213711102317612,1480.9703236650946,47.22466255388103,150.77754549432893,,0.2,True,51,0,0,0.30000000000000004,0.3907582292759776,,0.012333100006799214,2,11282,0.5684037000028184
a8-dual-control,waxman-n60-load0.7-random_node_30-centralised,waxman,60,0.7,random_node_30,CENTRALISED,spf-static,13,10945605557588484684,0.13797273308175054,0.20527207662099853,0.23498869103020317,0.13420111324611453,0.01075364116861497,692.1989889141224,37.43085676419424,101.53188869910016,,,True,0,0,0,0.0,0.09028685565482175,,0.008371800009626895,2,17810,0.27738019998651
a8-dual-control,waxman-n60-load0.7-random_node_30-centralised,waxman,60,0.7,random_node_30,CENTRALISED,cspf,14,65192698855409722,0.34941352175141444,0.412482602259677,0.4557101646129175,0.37204428643943577,0.18737951360756128,2749.7860100946896,61.33135400305112,102.50939860528646,,,True,50,0,0,0.30000000000000004,0.3382290010016888,,0.11029820000112522,2,10608,0.7527676000026986
a8-dual-control,waxman-n60-load0.7-random_node_30-centralised,waxman,60,0.7,random_node_30,CENTRALISED,ecmp,14,65192698855409722,0.23360203994094328,0.38895253051764056,0.38373362865820754,0.17850491696030554,0.08425273436896726,1838.382264485408,69.81233119002268,151.66750881522455,,,True,46,0,0,0.30000000000000004,0.3596408089828334,,0.07711509999353439,2,10622,0.4531124999921303
a8-dual-control,waxman-n60-load0.7-random_node_30-centralised,waxman,60,0.7,random_node_30,CENTRALISED,orbit,14,65192698855409722,0.33258365654516314,0.4143917661487071,0.5100433665505367,0.3176763168935716,0.14679804657131137,2617.3397107529786,58.3386654872774,151.63171173308706,,,True,192,2,0,0.30000000000000004,0.3343517670525875,,0.11951220000628382,2,10610,0.9345375999982934
a8-dual-control,waxman-n60-load0.7-random_node_30-centralised,waxman,60,0.7,random_node_30,CENTRALISED,spf-reconverge,14,65192698855409722,0.23360203994094328,0.38895253051764056,0.38373362865820754,0.17850491696030554,0.08425273436896726,1838.382264485408,69.81233119002268,151.66750881522455,,,True,46,0,0,0.30000000000000004,0.3596408089828334,,0.014235000009648502,2,10622,0.5371985000092536
a8-dual-control,waxman-n60-load0.7-random_node_30-centralised,waxman,60,0.7,random_node_30,CENTRALISED,spf-static,14,65192698855409722,0.16894829968148536,0.19962836119005317,0.21249547678264402,0.16347106725367042,0.11971113211771947,1329.5755372167503,38.11776696187044,101.5787325985395,,,True,0,0,0,0.0,0.10770974518231752,,0.009504100002232008,2,16510,0.2792302000016207
a8-dual-control,waxman-n60-load0.7-random_node_30-centralised,waxman,60,0.7,random_node_30,CENTRALISED,cspf,15,1645589638339839011,0.375208931059796,0.5173344022594222,0.32082458052021945,0.3908784775726644,0.32326280159361476,2346.806125489874,41.4707417119954,103.40797386986956,,,True,40,0,0,0.30000000000000004,0.44726504746447915,,0.10527209998690523,2,12408,0.8491376000019955
a8-dual-control,waxman-n60-load0.7-random_node_30-centralised,waxman,60,0.7,random_node_30,CENTRALISED,ecmp,15,1645589638339839011,0.30746415574448965,0.45091311543074974,0.31549949269559563,0.2839901979647371,0.2427502495106383,1923.0852582097734,57.569858061341925,102.48658016379343,,,True,30,0,0,0.30000000000000004,0.41735477964038115,,0.06965829999535345,2,12410,0.6400440000143135
a8-dual-control,waxman-n60-load0.7-random_node_30-centralised,waxman,60,0.7,random_node_30,CENTRALISED,orbit,15,1645589638339839011,0.3618883694696183,0.5127948401790915,0.3554313749059286,0.36507726600115226,0.27124583334753016,2263.490476668572,43.58656759419873,102.5579391544712,,0.0,True,179,0,0,0.30000000000000004,0.4427544130420461,,0.06557240000984166,2,12406,0.6989414000126999
a8-dual-control,waxman-n60-load0.7-random_node_30-centralised,waxman,60,0.7,random_node_30,CENTRALISED,spf-reconverge,15,1645589638339839011,0.30746415574448965,0.45091311543074974,0.31549949269559563,0.2839901979647371,0.2427502495106383,1923.0852582097734,57.569858061341925,102.48658016379343,,,True,30,0,0,0.30000000000000004,0.41735477964038115,,0.028106199999456294,2,12410,0.5427170000039041
a8-dual-control,waxman-n60-load0.7-random_node_30-centralised,waxman,60,0.7,random_node_30,CENTRALISED,spf-static,15,1645589638339839011,0.21809890159696488,0.262814015361544,0.24895525888746822,0.16292120374122002,0.23375618970987627,1364.1355411894515,36.75176736066696,101.04281845233706,,,True,0,0,0,0.0,0.17692149002273647,,0.02307599998312071,2,16250,0.5071685000002617
a8-dual-control,waxman-n60-load0.7-random_node_30-centralised,waxman,60,0.7,random_node_30,CENTRALISED,cspf,16,2225776954191645267,0.37357452236468197,0.4187417352475541,0.3541444099480328,0.459356027790391,0.2463875366510057,2473.3473761644245,38.37026390597786,105.78709151985476,,,True,43,0,0,0.30000000000000004,0.3326855317098979,,0.11801440000999719,2,11876,0.7237679999961983
a8-dual-control,waxman-n60-load0.7-random_node_30-centralised,waxman,60,0.7,random_node_30,CENTRALISED,ecmp,16,2225776954191645267,0.2999536070160839,0.41001279046324146,0.3063719015774807,0.30594245615296584,0.22292986240450055,1985.9209407221203,48.058903424915385,151.67477554377382,,,True,10,0,0,0.30000000000000004,0.3773633882291129,,0.0737265999923693,2,11850,0.4803262000059476
a8-dual-control,waxman-n60-load0.7-random_node_30-centralised,waxman,60,0.7,random_node_30,CENTRALISED,orbit,16,2225776954191645267,0.37235028893735805,0.4235517162227484,0.3593477071061244,0.4319799518199736,0.2723486976329585,2465.242020060058,34.17785302140285,150.81767767154528,,,True,171,0,0,0.30000000000000004,0.33607732101787463,,0.08237940001708921,2,11868,0.7992606999905547
a8-dual-control,waxman-n60-load0.7-random_node_30-centralised,waxman,60,0.7,random_node_30,CENTRALISED,spf-reconverge,16,2225776954191645267,0.2999536070160839,0.41001279046324146,0.3063719015774807,0.30594245615296584,0.22292986240450055,1985.9209407221203,48.058903424915385,151.67477554377382,,,True,10,0,0,0.30000000000000004,0.3773633882291129,,0.013255600002594292,2,11850,0.3958857999969041
a8-dual-control,waxman-n60-load0.7-random_node_30-centralised,waxman,60,0.7,random_node_30,CENTRALISED,spf-static,16,2225776954191645267,0.2892944525535075,0.41001279046324146,0.2724712988897867,0.28426666746680007,0.24785816950508965,1915.3492337564926,53.03627775754803,177.59893347664175,,,True,0,0,0,0.0,0.3773633882291129,,0.009347600003820844,2,13130,0.4332001000002492
a8-dual-control,waxman-n60-load0.7-random_node_30-centralised,waxman,60,0.7,random_node_30,CENTRALISED,cspf,17,9230717576376409552,0.35376079178528796,0.599496588491466,0.35903298115862287,0.3016548686437876,0.27299454457987776,2419.4604721674154,51.56204057328477,102.82112213951295,,,True,41,0,0,0.30000000000000004,0.5757229723826081,,0.09575520000362303,2,12282,0.7685734999977285
a8-dual-control,waxman-n60-load0.7-random_node_30-centralised,waxman,60,0.7,random_node_30,CENTRALISED,ecmp,17,9230717576376409552,0.2807638827174399,0.5072219402316855,0.365414064985052,0.1517592679849944,0.23745538435727911,1920.2159538906376,60.2864072494865,202.00552088554136,,,True,36,0,0,0.30000000000000004,0.5282066450995657,,0.13891539999167435,2,12292,0.5260422999999719
a8-dual-control,waxman-n60-load0.7-random_node_30-centralised,waxman,60,0.7,random_node_30,CENTRALISED,orbit,17,9230717576376409552,0.36438596054668765,0.6112738971857208,0.438624499918407,0.281593008868923,0.25714083588873304,2492.1287169963034,45.00162824933997,103.9131647882032,,,True,179,0,0,0.30000000000000004,0.5561458107129568,,0.0925100000022212,2,12278,0.8082798999967054
a8-dual-control,waxman-n60-load0.7-random_node_30-centralised,waxman,60,0.7,random_node_30,CENTRALISED,spf-reconverge,17,9230717576376409552,0.2807638827174399,0.5072219402316855,0.365414064985052,0.1517592679849944,0.23745538435727911,1920.2159538906376,60.2864072494865,202.00552088554136,,,True,36,0,0,0.30000000000000004,0.5282066450995657,,0.028721499984385446,2,12292,0.44846669999242295
a8-dual-control,waxman-n60-load0.7-random_node_30-centralised,waxman,60,0.7,random_node_30,CENTRALISED,spf-static,17,9230717576376409552,0.17786737828554064,0.26567740206888313,0.10680718800230161,0.1411592007931871,0.2440461159917578,1216.4804609299592,27.68337715271955,101.28753466450306,,,True,0,0,0,0.0,0.20076716912274106,,0.019170999992638826,2,16900,0.39769389999855775
a8-dual-control,waxman-n60-load0.7-random_node_30-centralised,waxman,60,0.7,random_node_30,CENTRALISED,cspf,18,15850582050463284390,0.3418391661061096,0.6658932024221608,0.4108950718933675,0.266225690274113,0.19758364521285138,2292.632865659822,65.8278383095089,152.36816230782924,,,True,61,0,0,0.30000000000000004,0.6442243140012661,,0.05379809999431018,2,9592,0.710080899996683
a8-dual-control,waxman-n60-load0.7-random_node_30-centralised,waxman,60,0.7,random_node_30,CENTRALISED,ecmp,18,15850582050463284390,0.28176461023213323,0.6047265240632236,0.31197560770099986,0.22472282864007073,0.15244337053259527,1889.727304089843,71.44939008475087,200.78219571718017,,,True,53,0,0,0.30000000000000004,0.5940177740593812,,0.08988629998930264,2,9596,0.800515599999926
a8-dual-control,waxman-n60-load0.7-random_node_30-centralised,waxman,60,0.7,random_node_30,CENTRALISED,orbit,18,15850582050463284390,0.331915445522246,0.6693703449845787,0.44773703572884155,0.25046520163746533,0.14019356156244275,2226.0768644287396,75.84201641256479,202.1389818285829,,,True,203,5,0,0.30000000000000004,0.6244978559887199,,0.061836999986553565,2,9590,0.7483362999919336
a8-dual-control,waxman-n60-load0.7-random_node_30-centralised,waxman,60,0.7,random_node_30,CENTRALISED,spf-reconverge,18,15850582050463284390,0.28176461023213323,0.6047265240632236,0.31197560770099986,0.22472282864007073,0.15244337053259527,1889.727304089843,71.44939008475087,200.78219571718017,,,True,53,0,0,0.30000000000000004,0.5940177740593812,,0.021870900003705174,2,9596,0.7042203000019072
a8-dual-control,waxman-n60-load0.7-random_node_30-centralised,waxman,60,0.7,random_node_30,CENTRALISED,spf-static,18,15850582050463284390,0.18881553760154834,0.27529097147105586,0.16387875613849057,0.22022472086482517,0.12363456806943028,1266.340285063084,35.062413851131566,101.2165139323009,,,True,0,0,0,0.0,0.18373210424751618,,0.016628400000627153,2,16380,0.37122690000978764
a8-dual-control,waxman-n60-load0.7-random_node_30-centralised,waxman,60,0.7,random_node_30,CENTRALISED,cspf,19,409344437012759231,0.38292383869515545,0.6720537917904783,0.5019600299959557,0.30559970377070866,0.22468885011325557,3068.1509953247632,58.80587112805298,102.94970394013481,,,True,48,0,0,0.30000000000000004,0.6543155740108992,,0.09528440001304261,2,10208,0.948915399989346
a8-dual-control,waxman-n60-load0.7-random_node_30-centralised,waxman,60,0.7,random_node_30,CENTRALISED,ecmp,19,409344437012759231,0.29226070036271784,0.6512806956229213,0.4090393052383592,0.20531354546758082,0.11331784865221005,2341.7188174227126,59.323262446598235,151.19548872370615,,,True,27,0,0,0.30000000000000004,0.657330446173518,,0.14310549999936484,2,10194,0.733169099999941
a8-dual-control,waxman-n60-load0.7-random_node_30-centralised,waxman,60,0.7,random_node_30,CENTRALISED,orbit,19,409344437012759231,0.37399644707094937,0.6859792391045052,0.5600946652362919,0.28400007884688494,0.15717824457142776,2996.620882206714,51.418678497396684,104.78953594338893,,,True,192,1,0,0.30000000000000004,0.6393812283857513,,0.06960509998316411,2,10216,0.842745100002503
a8-dual-control,waxman-n60-load0.7-random_node_30-centralised,waxman,60,0.7,random_node_30,CENTRALISED,spf-reconverge,19,409344437012759231,0.29226070036271784,0.6512806956229213,0.4090393052383592,0.20531354546758082,0.11331784865221005,2341.7188174227126,59.323262446598235,151.19548872370615,,,True,27,0,0,0.30000000000000004,0.657330446173518,,0.014764399995328858,2,10194,0.49018840001372155
a8-dual-control,waxman-n60-load0.7-random_node_30-centralised,waxman,60,0.7,random_node_30,CENTRALISED,spf-static,19,409344437012759231,0.24447359096742632,0.5813662044262906,0.2772860639524451,0.18320304154970316,0.12272901946927084,1958.8278807955492,46.74907727462545,101.35136431382874,,,True,0,0,0,0.0,0.5690387323805296,,0.013604500010842457,2,13650,0.47050759999547154
a8-dual-control,waxman-n60-load0.7-random_node_30-centralised,waxman,60,0.7,random_node_30,CENTRALISED,cspf,20,18216851593321320925,0.29721620302782004,0.37650296245387205,0.47228031198946846,0.2015487462459303,0.19479275489296582,2759.8207643210326,59.79965840746975,151.911170408874,,,True,48,0,0,0.30000000000000004,0.31934777610039944,,0.09877299999061506,2,11766,0.6929186000052141
a8-dual-control,waxman-n60-load0.7-random_node_30-centralised,waxman,60,0.7,random_node_30,CENTRALISED,ecmp,20,18216851593321320925,0.22615796165756766,0.3047306535898115,0.3375368834109006,0.15639050683547284,0.15618738922266717,2100.004751560106,51.31914104369813,101.12731903286374,,,True,35,0,0,0.30000000000000004,0.24719469358914653,,0.11258519999682903,2,11770,0.5673339000059059
a8-dual-control,waxman-n60-load0.7-random_node_30-centralised,waxman,60,0.7,random_node_30,CENTRALISED,orbit,20,18216851593321320925,0.31119297727277306,0.3823877223224655,0.5264065984861218,0.19264959262484396,0.20125728267241233,2889.6030284994035,45.86583497102603,102.84610910616934,,,True,189,1,0,0.30000000000000004,0.3040779595868092,,0.07124920001660939,2,11772,0.7275416000047699
a8-dual-control,waxman-n60-load0.7-random_node_30-centralised,waxman,60,0.7,random_node_30,CENTRALISED,spf-reconverge,20,18216851593321320925,0.22615796165756766,0.3047306535898115,0.3375368834109006,0.15639050683547284,0.15618738922266717,2100.004751560106,51.31914104369813,101.12731903286374,,,True,35,0,0,0.30000000000000004,0.24719469358914653,,0.02490129999932833,2,11770,0.4572639999969397
a8-dual-control,waxman-n60-load0.7-random_node_30-centralised,waxman,60,0.7,random_node_30,CENTRALISED,spf-static,20,18216851593321320925,0.1797945974708756,0.21557007604585393,0.2574198869617856,0.12923255719625487,0.1441404662885478,1669.4946586287522,41.13802543925716,100.86817723295059,,,True,0,0,0,0.0,0.1285638040763256,,0.016363900009309873,2,16250,0.33274709999386687
a8-dual-control,waxman-n60-load0.7-random_node_30-centralised,waxman,60,0.7,random_node_30,CENTRALISED,cspf,21,6374112976204793819,0.36839542092952055,0.5074768411805987,0.4787295307329618,0.3298050747850351,0.24081523182989767,1723.647129953058,46.804243330917515,151.30353535705848,,,True,42,0,0,0.30000000000000004,0.43546793905342773,,0.049134300017612986,2,12016,0.6384429999889107
a8-dual-control,waxman-n60-load0.7-random_node_30-centralised,waxman,60,0.7,random_node_30,CENTRALISED,ecmp,21,6374112976204793819,0.28123841948302114,0.49978998399999713,0.4340440153616431,0.19509270207678858,0.13215537969396973,1315.8572746407303,57.267487160123245,152.31036539814255,,,True,19,0,0,0.30000000000000004,0.4597001755805061,,0.08253479999257252,2,11998,0.640490999998292
a8-dual-control,waxman-n60-load0.7-random_node_30-centralised,waxman,60,0.7,random_node_30,CENTRALISED,orbit,21,6374112976204793819,0.3711732675260917,0.5075344274166127,0.4887643519505595,0.3538014540726851,0.21126914280503203,1736.6441083127477,43.50021676242194,102.33358222404698,,,True,178,4,0,0.30000000000000004,0.43546793905342773,,0.09022710000863299,2,12012,0.7207554999913555
a8-dual-control,waxman-n60-load0.7-random_node_30-centralised,waxman,60,0.7,random_node_30,CENTRALISED,spf-reconverge,21,6374112976204793819,0.28123841948302114,0.49978998399999713,0.4340440153616431,0.19509270207678858,0.13215537969396973,1315.8572746407303,57.267487160123245,152.31036539814255,,,True,19,0,0,0.30000000000000004,0.4597001755805061,,0.011101800002506934,2,11998,0.4377544000017224
a8-dual-control,waxman-n60-load0.7-random_node_30-centralised,waxman,60,0.7,random_node_30,CENTRALISED,spf-static,21,6374112976204793819,0.24364209469399298,0.24887934268923503,0.36281437507027176,0.2291578771465813,0.15149659348346076,1139.9517295721093,39.61657724108186,151.23989445850498,,,True,0,0,0,0.0,0.14930221900525262,,0.008051600001635961,2,14430,0.349826400008169
a8-dual-control,waxman-n60-load0.7-random_node_30-centralised,waxman,60,0.7,random_node_30,CENTRALISED,cspf,22,4132683471019955451,0.36235168757509073,0.29770742594345323,0.39773761160818394,0.38219482710210284,0.3414944782452567,3683.6205749451487,42.731745464634216,102.44494074160608,,,True,40,0,0,0.30000000000000004,0.21810877331075962,,0.10676039999816567,2,11110,0.6949853000114672
a8-dual-control,waxman-n60-load0.7-random_node_30-centralised,waxman,60,0.7,random_node_30,CENTRALISED,ecmp,22,4132683471019955451,0.24396653716591837,0.23905992729300332,0.3195668149281898,0.2089366636245524,0.22193025148239648,2480.1323871749937,51.71705919148443,150.78196470403924,,,True,23,0,0,0.30000000000000004,0.2686546310650878,,0.09017890000541229,2,11096,0.5595179999945685
a8-dual-control,waxman-n60-load0.7-random_node_30-centralised,waxman,60,0.7,random_node_30,CENTRALISED,orbit,22,4132683471019955451,0.3689725297482914,0.3079587013615403,0.4692767671478196,0.3673132718318812,0.31219350079234315,3750.9272035298786,34.05117801995222,101.46814213574537,,0.0,True,184,0,0,0.30000000000000004,0.20244393237762173,,0.07250619998376351,2,11112,0.7417942000029143
a8-dual-control,waxman-n60-load0.7-random_node_30-centralised,waxman,60,0.7,random_node_30,CENTRALISED,spf-reconverge,22,4132683471019955451,0.24396653716591837,0.23905992729300332,0.3195668149281898,0.2089366636245524,0.22193025148239648,2480.1323871749937,51.71705919148443,150.78196470403924,,,True,23,0,0,0.30000000000000004,0.2686546310650878,,0.016713800010620616,2,11096,0.44385839998722076
a8-dual-control,waxman-n60-load0.7-random_node_30-centralised,waxman,60,0.7,random_node_30,CENTRALISED,spf-static,22,4132683471019955451,0.21565056815918168,0.20293570477755435,0.24731718512562284,0.19261069134839237,0.22493209265397518,2192.2758941343504,48.665152126681406,150.5128926559243,,,True,0,0,0,0.0,0.2039659300170906,,0.011732700004358776,2,14040,0.3969834000017727
a8-dual-control,waxman-n60-load0.7-random_node_30-centralised,waxman,60,0.7,random_node_30,CENTRALISED,cspf,23,13521626491579481475,0.3383340292303954,0.5239764739881824,0.4963994501217151,0.23503724868307996,0.20959861660671544,2346.442755781514,66.4423168153875,200.9973960456263,,,True,58,0,0,0.30000000000000004,0.47063516899306757,,0.12406629999168217,2,10242,0.7085162000003038
a8-dual-control,waxman-n60-load0.7-random_node_30-centralised,waxman,60,0.7,random_node_30,CENTRALISED,ecmp,23,13521626491579481475,0.281891527905345,0.5246069520109631,0.3422640388034055,0.19144939310659298,0.19613664017820928,1954.9979500266486,66.13766702155587,151.45595330557896,,,True,45,0,0,0.30000000000000004,0.5117354303991448,,0.1261477000080049,2,10230,0.6076345999899786
a8-dual-control,waxman-n60-load0.7-random_node_30-centralised,waxman,60,0.7,random_node_30,CENTRALISED,orbit,23,13521626491579481475,0.330393419953461,0.6188928500614893,0.476243240902037,0.23604673962174622,0.1384945096775456,2291.3723711774683,59.24463821880476,152.41620560339825,,,True,198,5,0,0.30000000000000004,0.5676229781377821,,0.06674999999813735,2,10232,0.9319940999994287
a8-dual-control,waxman-n60-load0.7-random_node_30-centralised,waxman,60,0.7,random_node_30,CENTRALISED,spf-reconverge,23,13521626491579481475,0.281891527905345,0.5246069520109631,0.3422640388034055,0.19144939310659298,0.19613664017820928,1954.9979500266486,66.13766702155587,151.45595330557896,,,True,45,0,0,0.30000000000000004,0.5117354303991448,,0.037720899999840185,2,10230,0.5798265999910655
a8-dual-control,waxman-n60-load0.7-random_node_30-centralised,waxman,60,0.7,random_node_30,CENTRALISED,spf-static,23,13521626491579481475,0.21231658482301,0.19964821232656127,0.2280300914231525,0.19020175780933907,0.2345443672336419,1472.4759242321777,38.07749346679015,150.81497980032256,,,True,0,0,0,0.0,0.09702429909580385,,0.010818299997481517,2,15990,0.4372462000028463
a8-dual-control,waxman-n60-load0.7-random_node_30-centralised,waxman,60,0.7,random_node_30,CENTRALISED,cspf,24,17598907420612181385,0.43459216307415677,0.6421048912766331,0.4929014422392913,0.3819868139846587,0.32729480249467324,2933.866099248428,50.8351006150523,102.60913706275396,,,True,59,0,0,0.30000000000000004,0.5913694287933863,,0.13773930000024848,2,9712,1.049659199998132
a8-dual-control,waxman-n60-load0.7-random_node_30-centralised,waxman,60,0.7,random_node_30,CENTRALISED,ecmp,24,17598907420612181385,0.30969601796824736,0.6138063140548441,0.3833637288846653,0.24660935586836905,0.1432665785020001,2090.7110744061724,53.904305050992974,150.90951264941515,,,True,45,0,0,0.30000000000000004,0.5764777579945445,,0.1170682000083616,2,9710,0.5656480000034207
a8-dual-control,waxman-n60-load0.7-random_node_30-centralised,waxman,60,0.7,random_node_30,CENTRALISED,orbit,24,17598907420612181385,0.41631945999385767,0.6430766046350793,0.5048289927864277,0.39205890553376926,0.22243102602000464,2810.509838680576,50.620870974142825,103.4367261153562,,,True,197,3,0,0.30000000000000004,0.5913694287933863,,0.11843319999752566,2,9708,0.7616256999899633
a8-dual-control,waxman-n60-load0.7-random_node_30-centralised,waxman,60,0.7,random_node_30,CENTRALISED,spf-reconverge,24,17598907420612181385,0.30969601796824736,0.6138063140548441,0.3833637288846653,0.24660935586836905,0.1432665785020001,2090.7110744061724,53.904305050992974,150.90951264941515,,,True,45,0,0,0.30000000000000004,0.5764777579945445,,0.014661599998362362,2,9710,0.5921744000079343
a8-dual-control,waxman-n60-load0.7-random_node_30-centralised,waxman,60,0.7,random_node_30,CENTRALISED,spf-static,24,17598907420612181385,0.23462264764559498,0.4819513753220082,0.17905085674265464,0.2383587986208596,0.1351101539395786,1583.9020822974735,30.30990194144308,100.75152854456421,,,True,0,0,0,0.0,0.4176747627983209,,0.012052000005496666,2,15470,0.468526099997689
a8-dual-control,waxman-n60-load0.7-random_node_30-centralised,waxman,60,0.7,random_node_30,CENTRALISED,cspf,25,6460386673538441598,0.4203387826407804,0.6290912452314437,0.5597812656801389,0.3619365113698101,0.25374134343998384,2886.9842843808033,52.16784169100677,103.41327120704926,,,True,49,0,0,0.30000000000000004,0.5907699499769159,,0.09108350001042709,2,9556,0.8432205999997677
a8-dual-control,waxman-n60-load0.7-random_node_30-centralised,waxman,60,0.7,random_node_30,CENTRALISED,ecmp,25,6460386673538441598,0.3353018248520327,0.6545952902295734,0.42027083192616366,0.27371879708005187,0.16731885176684472,2302.9307283769745,53.86271495412882,151.011025351306,,,True,32,0,0,0.30000000000000004,0.6039332343589897,,0.0832075999933295,2,9554,0.6757745999930194
a8-dual-control,waxman-n60-load0.7-random_node_30-centralised,waxman,60,0.7,random_node_30,CENTRALISED,orbit,25,6460386673538441598,0.4305401827033608,0.653610925943948,0.5692282769635257,0.37986603553811965,0.24662722571904014,2957.049866895753,41.71725945309643,151.62389333777554,,,True,189,0,0,0.30000000000000004,0.6039332343589897,,0.06089059999794699,2,9564,0.7718702999991365
a8-dual-control,waxman-n60-load0.7-random_node_30-centralised,waxman,60,0.7,random_node_30,CENTRALISED,spf-reconverge,25,6460386673538441598,0.3353018248520327,0.6545952902295734,0.42027083192616366,0.27371879708005187,0.16731885176684472,2302.9307283769745,53.86271495412882,151.011025351306,,,True,32,0,0,0.30000000000000004,0.6039332343589897,,0.014595499989809468,2,9554,0.6875272000033874
a8-dual-control,waxman-n60-load0.7-random_node_30-centralised,waxman,60,0.7,random_node_30,CENTRALISED,spf-static,25,6460386673538441598,0.29529022317808906,0.517197132477199,0.31615359364833784,0.248160297919465,0.2214376850972504,2028.1217647598896,39.924615319182514,100.9434018260982,,,True,0,0,0,0.0,0.44291976824292595,,0.009909200001857243,2,13650,0.6373312999930931
a8-dual-control,waxman-n60-load0.7-random_node_30-centralised,waxman,60,0.7,random_node_30,CENTRALISED,cspf,26,15770243681622471077,0.4119691159779178,0.49860137114007974,0.4391373435819634,0.36587360554976234,0.3924903022397884,2551.934288132084,42.901576606575546,102.48983902536978,,,True,50,0,0,0.30000000000000004,0.42567714605161316,,0.08994109999912325,2,10220,0.8763394999987213
a8-dual-control,waxman-n60-load0.7-random_node_30-centralised,waxman,60,0.7,random_node_30,CENTRALISED,ecmp,26,15770243681622471077,0.3178283588352288,0.49938648711849987,0.3741284941224667,0.24040813247668155,0.2511494033283019,1968.7812877114875,46.222500915795955,150.87126491683503,,,True,36,0,0,0.30000000000000004,0.42567714605161316,,0.11113039999327157,2,10212,0.6724220999894897
a8-dual-control,waxman-n60-load0.7-random_node_30-centralised,waxman,60,0.7,random_node_30,CENTRALISED,orbit,26,15770243681622471077,0.3993210059243891,0.49938648711849987,0.46464572320888076,0.3942332866286478,0.27665915051240764,2473.5858283232715,43.03519988233345,102.42206595234688,,0.2,True,189,2,0,0.30000000000000004,0.42567714605161316,,0.1205638999963412,2,10214,0.7580511999985902
a8-dual-control,waxman-n60-load0.7-random_node_30-centralised,waxman,60,0.7,random_node_30,CENTRALISED,spf-reconverge,26,15770243681622471077,0.3178283588352288,0.49938648711849987,0.3741284941224667,0.24040813247668155,0.2511494033283019,1968.7812877114875,46.222500915795955,150.87126491683503,,,True,36,0,0,0.30000000000000004,0.42567714605161316,,0.01364330000069458,2,10212,0.42482050000398885
a8-dual-control,waxman-n60-load0.7-random_node_30-centralised,waxman,60,0.7,random_node_30,CENTRALISED,spf-static,26,15770243681622471077,0.24923785872481088,0.3158959617062015,0.25726867070166837,0.19059463264260176,0.2790204670824175,1543.8988334614817,36.42234614269294,100.92329932226772,,,True,0,0,0,0.0,0.21064918658407703,,0.00970819998474326,2,14820,0.38129159998788964
a8-dual-control,waxman-n60-load0.7-random_node_30-centralised,waxman,60,0.7,random_node_30,CENTRALISED,cspf,27,16626814036336062045,0.36525276903465914,0.5408680698673025,0.3783707054683827,0.3493472479544771,0.26961963080776,2819.838438751145,53.85944036921186,103.1896022357674,,,True,48,0,0,0.30000000000000004,0.4839380939041319,,0.07410979999986012,2,10484,0.6665276999992784
a8-dual-control,waxman-n60-load0.7-random_node_30-centralised,waxman,60,0.7,random_node_30,CENTRALISED,ecmp,27,16626814036336062045,0.2839853495835825,0.5547195622214879,0.3118895864254547,0.19024289983536902,0.23726074727623805,2192.434589652569,57.43085350839027,151.81844426144528,,,True,40,0,0,0.30000000000000004,0.5396525958634225,,0.12425989999610465,2,10480,0.7150167999934638
a8-dual-control,waxman-n60-load0.7-random_node_30-centralised,waxman,60,0.7,random_node_30,CENTRALISED,orbit,27,16626814036336062045,0.3670301349329902,0.5706709039758584,0.40367100938744166,0.3281025183277566,0.265292020441408,2833.5601271399432,51.02762495153612,103.61621510578553,,,True,197,2,0,0.30000000000000004,0.5100714594952073,,0.07859899998584297,2,10490,0.6135499000083655
a8-dual-control,waxman-n60-load0.7-random_node_30-centralised,waxman,60,0.7,random_node_30,CENTRALISED,spf-reconverge,27,16626814036336062045,0.2839853495835825,0.5547195622214879,0.3118895864254547,0.19024289983536902,0.23726074727623805,2192.434589652569,57.43085350839027,151.81844426144528,,,True,40,0,0,0.30000000000000004,0.5396525958634225,,0.03160290000960231,2,10480,0.6863566000101855
a8-dual-control,waxman-n60-load0.7-random_node_30-centralised,waxman,60,0.7,random_node_30,CENTRALISED,spf-static,27,16626814036336062045,0.20128224233556222,0.3086662368307995,0.2169942655212976,0.11914504372543724,0.24852286908290955,1553.9468885504407,36.564392623132,100.85528334338184,,,True,0,0,0,0.0,0.22938583673329094,,0.010680699997465126,2,15600,0.4133888999931514
a8-dual-control,waxman-n60-load0.7-random_node_30-centralised,waxman,60,0.7,random_node_30,CENTRALISED,cspf,28,14128360472144169180,0.3662703196373,0.4222519081729804,0.4887497747663464,0.33123288847383064,0.26172950963179853,2351.79350070215,49.51633421745808,105.1316710305693,,,True,45,0,0,0.30000000000000004,0.33982663661188256,,0.10616979999758769,2,11496,0.9351730999915162
a8-dual-control,waxman-n60-load0.7-random_node_30-centralised,waxman,60,0.7,random_node_30,CENTRALISED,ecmp,28,14128360472144169180,0.2585371686786522,0.417969124469509,0.33970607801584785,0.20678150889660235,0.15801684900178095,1660.0472394009123,52.3810417321497,150.85689849236013,,,True,38,0,0,0.30000000000000004,0.3500756348039944,,0.11507920001167804,2,11516,0.48947499999485444
a8-dual-control,waxman-n60-load0.7-random_node_30-centralised,waxman,60,0.7,random_node_30,CENTRALISED,orbit,28,14128360472144169180,0.3721588832159663,0.4228187583768836,0.5016891237409713,0.3373433236300917,0.2634329391658576,2389.6035137179265,36.70048334913234,129.36641180146233,,,True,178,0,0,0.30000000000000004,0.3374414606693119,,0.07038440000906121,2,11496,0.7930158999952255
a8-dual-control,waxman-n60-load0.7-random_node_30-centralised,waxman,60,0.7,random_node_30,CENTRALISED,spf-reconverge,28,14128360472144169180,0.2585371686786522,0.417969124469509,0.33970607801584785,0.20678150889660235,0.15801684900178095,1660.0472394009123,52.3810417321497,150.85689849236013,,,True,38,0,0,0.30000000000000004,0.3500756348039944,,0.013474600011250004,2,11516,0.4795487000083085
a8-dual-control,waxman-n60-load0.7-random_node_30-centralised,waxman,60,0.7,random_node_30,CENTRALISED,spf-static,28,14128360472144169180,0.17621080233575767,0.22587338525740802,0.192580322783142,0.17892114803233644,0.1269967742840338,1131.4359844857697,38.47676328518447,101.73871071161687,,,True,0,0,0,0.0,0.11653499579477883,,0.009335200011264533,2,16380,0.2729718999908073
a8-dual-control,waxman-n60-load0.7-random_node_30-centralised,waxman,60,0.7,random_node_30,CENTRALISED,cspf,29,6293417332136381495,0.3786955567570329,0.5281156146251859,0.3947807811763419,0.3842245325332897,0.2752679592267117,2608.8515958040234,60.09626125878018,151.85263758165087,,,True,47,0,0,0.30000000000000004,0.5143658232952334,,0.06076100000063889,2,10206,0.6088380000001052
a8-dual-control,waxman-n60-load0.7-random_node_30-centralised,waxman,60,0.7,random_node_30,CENTRALISED,ecmp,29,6293417332136381495,0.2916270232374081,0.4617663535702306,0.261014978828945,0.2995750548477588,0.21910676051528258,2009.032351653964,55.15033134258239,150.94800523276317,,,True,40,0,0,0.30000000000000004,0.44075133653068854,,0.11807549999502953,2,10220,0.6537303000077372
a8-dual-control,waxman-n60-load0.7-random_node_30-centralised,waxman,60,0.7,random_node_30,CENTRALISED,orbit,29,6293417332136381495,0.3814294083414676,0.5120164285116908,0.37537996262387036,0.43463452134766817,0.24339575100133382,2627.685228629876,40.49549735443931,102.8970881958403,,,True,185,2,0,0.30000000000000004,0.43997593262956086,,0.1086488000000827,2,10202,0.8975844999949913
a8-dual-control,waxman-n60-load0.7-random_node_30-centralised,waxman,60,0.7,random_node_30,CENTRALISED,spf-reconverge,29,6293417332136381495,0.2916270232374081,0.4617663535702306,0.261014978828945,0.2995750548477588,0.21910676051528258,2009.032351653964,55.15033134258239,150.94800523276317,,,True,40,0,0,0.30000000000000004,0.44075133653068854,,0.027417399993282743,2,10220,0.49766330000420567
a8-dual-control,waxman-n60-load0.7-random_node_30-centralised,waxman,60,0.7,random_node_30,CENTRALISED,spf-static,29,6293417332136381495,0.21913237412800557,0.353204141808354,0.16887701331904473,0.18757025680796674,0.2399111452363082,1509.61328628146,41.98710514130392,150.73029802355416,,,True,0,0,0,0.0,0.2992956509771608,,0.009795200006919913,2,15340,0.3513442999974359
a8-dual-control,waxman-n60-load0.7-random_node_30-distributed,waxman,60,0.7,random_node_30,DISTRIBUTED,cspf,0,6559874875952091233,0.3597368216609953,0.6233438040768957,0.39762730081744524,0.2882605219396281,0.26676575315166795,1882.2223169766144,55.25603809419855,151.83300937514997,,,True,116,0,0,0.5,0.5744385017885681,,0.10608409999986179,3,11579,0.8248144999961369
a8-dual-control,waxman-n60-load0.7-random_node_30-distributed,waxman,60,0.7,random_node_30,DISTRIBUTED,ecmp,0,6559874875952091233,0.317242485012092,0.6157260262223188,0.33308923158731474,0.22495910728257973,0.2533886832743086,1659.8825842342787,54.0416935678312,151.35318558215542,,,True,84,0,0,0.5,0.5979952790945018,,0.13392100000055507,3,11557,0.6676380999997491
a8-dual-control,waxman-n60-load0.7-random_node_30-distributed,waxman,60,0.7,random_node_30,DISTRIBUTED,orbit,0,6559874875952091233,0.36932448366888493,0.6219178938641277,0.3872107115957706,0.2775785496835106,0.33007133015324935,1932.3870771909158,45.41314403935243,151.76671485367328,,,True,236,6,0,0.5,0.5744385017885681,,0.13034850000985898,3,11567,0.7803771999897435
a8-dual-control,waxman-n60-load0.7-random_node_30-distributed,waxman,60,0.7,random_node_30,DISTRIBUTED,spf-reconverge,0,6559874875952091233,0.317242485012092,0.6157260262223188,0.33308923158731474,0.22495910728257973,0.2533886832743086,1659.8825842342787,54.0416935678312,151.35318558215542,,,True,84,0,0,0.5,0.5979952790945018,,0.03562880000390578,3,11557,0.5476995000062743
a8-dual-control,waxman-n60-load0.7-random_node_30-distributed,waxman,60,0.7,random_node_30,DISTRIBUTED,spf-static,0,6559874875952091233,0.23904916710183766,0.23460240104711877,0.22886027213251717,0.24758172426894431,0.23944608461611178,1250.7579154567713,27.214675954757965,101.48133448865548,,,True,0,0,0,0.0,0.12794968381552774,,0.008978099998785183,3,15860,0.4142614999873331
a8-dual-control,waxman-n60-load0.7-random_node_30-distributed,waxman,60,0.7,random_node_30,DISTRIBUTED,cspf,1,8782312978865815916,0.3793142628144858,0.40014169045859166,0.5356816414566002,0.36733921582978846,0.23956285917329978,2157.949321998395,55.920563632421,202.17944340810223,,,True,121,0,0,0.5,0.317440777106535,,0.1731924999912735,3,9788,0.8463736999983666
a8-dual-control,waxman-n60-load0.7-random_node_30-distributed,waxman,60,0.7,random_node_30,DISTRIBUTED,ecmp,1,8782312978865815916,0.32793067294981953,0.40021023413002693,0.5296824724438035,0.2548043657389472,0.19699242546772885,1865.6239501878163,53.37335937192251,152.7344982145903,,,True,61,0,0,0.5,0.317440777106535,,0.10657680001168046,3,9750,0.719420599998557
a8-dual-control,waxman-n60-load0.7-random_node_30-distributed,waxman,60,0.7,random_node_30,DISTRIBUTED,orbit,1,8782312978865815916,0.3914831750601304,0.4011604042041878,0.5742759992146392,0.38614478073556396,0.22532253970548005,2227.17924163047,48.227902599303164,151.36312004548716,,,True,229,16,0,0.5,0.317440777106535,,0.07593540000380017,3,9771,0.7158418000035454
a8-dual-control,waxman-n60-load0.7-random_node_30-distributed,waxman,60,0.7,random_node_30,DISTRIBUTED,spf-reconverge,1,8782312978865815916,0.32793067294981953,0.40021023413002693,0.5296824724438035,0.2548043657389472,0.19699242546772885,1865.6239501878163,53.37335937192251,152.7344982145903,,,True,61,0,0,0.5,0.317440777106535,,0.020047200014232658,3,9750,0.6626075000094716
a8-dual-control,waxman-n60-load0.7-random_node_30-distributed,waxman,60,0.7,random_node_30,DISTRIBUTED,spf-static,1,8782312978865815916,0.26094534944212083,0.27236596752756764,0.31910205875442355,0.21851916147892517,0.25691148062923247,1484.5390619615641,29.638267286726922,150.43170900786794,,,True,0,0,0,0.0,0.16367161294581323,,0.01887049998913426,3,14430,0.44624439999461174
a8-dual-control,waxman-n60-load0.7-random_node_30-distributed,waxman,60,0.7,random_node_30,DISTRIBUTED,cspf,2,13637958190746314665,0.37920727955463884,0.6332259889353998,0.2879684575639009,0.3987621311446296,0.30279816862417475,2632.2470080172434,51.53494403037973,102.51112040925426,,,True,101,0,0,0.5,0.5877482306274565,,0.08284310001181439,3,11557,0.634098799986532
a8-dual-control,waxman-n60-load0.7-random_node_30-distributed,waxman,60,0.7,random_node_30,DISTRIBUTED,ecmp,2,13637958190746314665,0.27925401967869257,0.5317078258556496,0.22206351002018138,0.32623583518590543,0.12751547165803526,1938.4268114244194,58.132613534877684,152.03808415661916,,,True,61,0,0,0.5,0.5144712830127813,,0.14160820000688545,3,11573,0.661025299996254
a8-dual-control,waxman-n60-load0.7-random_node_30-distributed,waxman,60,0.7,random_node_30,DISTRIBUTED,orbit,2,13637958190746314665,0.3526514077694026,0.6357697790833678,0.3126388866909483,0.3724195071039662,0.20225294711542316,2447.910847239756,45.4436815935667,107.46339748457332,,,True,210,7,0,0.5,0.5939894333752902,,0.12456379999639466,3,11916,0.8054657999891788
a8-dual-control,waxman-n60-load0.7-random_node_30-distributed,waxman,60,0.7,random_node_30,DISTRIBUTED,spf-reconverge,2,13637958190746314665,0.27925401967869257,0.5317078258556496,0.22206351002018138,0.32623583518590543,0.12751547165803526,1938.4268114244194,58.132613534877684,152.03808415661916,,,True,61,0,0,0.5,0.5144712830127813,,0.02032479998888448,3,11573,0.572972199996002
a8-dual-control,waxman-n60-load0.7-random_node_30-distributed,waxman,60,0.7,random_node_30,DISTRIBUTED,spf-static,2,13637958190746314665,0.20607645357340654,0.22848681365005105,0.15326996572089907,0.23950581356661244,0.20405695660082684,1430.4686581398937,31.114185227395932,100.90751724135332,,,True,0,0,0,0.0,0.12884922499634568,,0.01935349999985192,3,16120,0.46024149999720976
a8-dual-control,waxman-n60-load0.7-random_node_30-distributed,waxman,60,0.7,random_node_30,DISTRIBUTED,cspf,3,15695817006291123517,0.31932286615595296,0.421867089759286,0.3852218393319084,0.2994062659943263,0.21989482757726972,1954.7881581180322,46.427898519690324,153.12241454115366,,,True,118,0,0,0.5,0.35342376753365795,,0.09251139998377766,3,12239,0.5320588000031421
a8-dual-control,waxman-n60-load0.7-random_node_30-distributed,waxman,60,0.7,random_node_30,DISTRIBUTED,ecmp,3,15695817006291123517,0.24196580781195948,0.4117225314189677,0.30518446760741613,0.19085516382646386,0.14782867635602517,1481.2340296021243,64.13750991237194,202.595171107691,,,True,33,0,0,0.5,0.3818042921902618,,0.20129400001314934,3,12222,0.6900405000051251
a8-dual-control,waxman-n60-load0.7-random_node_30-distributed,waxman,60,0.7,random_node_30,DISTRIBUTED,orbit,3,15695817006291123517,0.3088084440975787,0.42622109467383135,0.38268326733695646,0.28373519694719757,0.19969113664612098,1890.4223706735243,51.685308749415434,152.65842018116837,,,True,199,1,0,0.5,0.3441579423915232,,0.11458029999630526,3,12241,0.7195259000000078
a8-dual-control,waxman-n60-load0.7-random_node_30-distributed,waxman,60,0.7,random_node_30,DISTRIBUTED,spf-reconverge,3,15695817006291123517,0.24196580781195948,0.4117225314189677,0.30518446760741613,0.19085516382646386,0.14782867635602517,1481.2340296021243,64.13750991237194,202.595171107691,,,True,33,0,0,0.5,0.3818042921902618,,0.022736999992048368,3,12222,0.4121006000059424
a8-dual-control,waxman-n60-load0.7-random_node_30-distributed,waxman,60,0.7,random_node_30,DISTRIBUTED,spf-static,3,15695817006291123517,0.20563807069220738,0.21548528511250856,0.19002807205192634,0.21908446688616354,0.19614499269727217,1258.8477307824387,21.790859976307846,100.99838742683625,,,True,0,0,0,0.0,0.12232122973506857,,0.009301199985202402,3,16380,0.45231730000523385
a8-dual-control,waxman-n60-load0.7-random_node_30-distributed,waxman,60,0.7,random_node_30,DISTRIBUTED,cspf,4,10281878773124365289,0.37516721039435935,0.5546265442616112,0.3541006264544628,0.41528446031828137,0.24521701685019628,1627.838477964022,27.120800561216633,102.92666589202389,,,True,88,0,0,0.5,0.49591925125016423,,0.07695909999893047,3,12332,0.6268729000003077
a8-dual-control,waxman-n60-load0.7-random_node_30-distributed,waxman,60,0.7,random_node_30,DISTRIBUTED,ecmp,4,10281878773124365289,0.32953401299295726,0.5507678290142063,0.3302237372041998,0.3231839550869628,0.2114033565900347,1429.8374998816182,39.54325103373744,102.91253853360345,,,True,41,0,0,0.5,0.49011212195562764,,0.09298950000084005,3,12321,0.6145911000057822
a8-dual-control,waxman-n60-load0.7-random_node_30-distributed,waxman,60,0.7,random_node_30,DISTRIBUTED,orbit,4,10281878773124365289,0.3863729808495345,0.5583552707472266,0.37965721366246624,0.42989320691304433,0.24216722691941928,1676.4599561123714,25.01254719693278,101.70990343599414,,,True,200,2,0,0.5,0.4998032601572275,,0.08905010001035407,3,12334,0.7376906999998027
a8-dual-control,waxman-n60-load0.7-random_node_30-distributed,waxman,60,0.7,random_node_30,DISTRIBUTED,spf-reconverge,4,10281878773124365289,0.32953401299295726,0.5507678290142063,0.3302237372041998,0.3231839550869628,0.2114033565900347,1429.8374998816182,39.54325103373744,102.91253853360345,,,True,41,0,0,0.5,0.49011212195562764,,0.02935940001043491,3,12321,0.6343357000005199
a8-dual-control,waxman-n60-load0.7-random_node_30-distributed,waxman,60,0.7,random_node_30,DISTRIBUTED,spf-static,4,10281878773124365289,0.23623536664243242,0.2971475232119035,0.25563643772498057,0.24015831306918298,0.17758753714474618,1025.017669513987,21.578768146891797,100.9430241149898,,,True,0,0,0,0.0,0.18901637293680473,,0.008737000011024065,3,15990,0.4482687999989139
a8-dual-control,waxman-n60-load0.7-random_node_30-distributed,waxman,60,0.7,random_node_30,DISTRIBUTED,cspf,5,11018498700896378200,0.3016290612466794,0.4228285236909178,0.44395544868318465,0.23355500791347344,0.17111157262850124,1511.4094475526247,36.346144952061465,102.0414868646438,,,True,122,0,0,0.5,0.34905255803018015,,0.08030670000880491,3,12227,0.7063095000048634
a8-dual-control,waxman-n60-load0.7-random_node_30-distributed,waxman,60,0.7,random_node_30,DISTRIBUTED,ecmp,5,11018498700896378200,0.2674075620311097,0.4178543283599675,0.39472011050408995,0.19021709620635696,0.14628753823434548,1339.9316164376492,41.55563643095702,150.96684820690425,,,True,67,0,0,0.5,0.3623188352170962,,0.10975110001163557,3,12205,0.610220999995363
a8-dual-control,waxman-n60-load0.7-random_node_30-distributed,waxman,60,0.7,random_node_30,DISTRIBUTED,orbit,5,11018498700896378200,0.30168352472884874,0.4254574080818186,0.44433149080155293,0.24496009482970565,0.1551491053368663,1511.682354351317,33.06377850066874,102.16312362159468,,,True,239,9,0,0.5,0.34223688816079745,,0.08119760001136456,3,12230,0.6747625999996671
a8-dual-control,waxman-n60-load0.7-random_node_30-distributed,waxman,60,0.7,random_node_30,DISTRIBUTED,spf-reconverge,5,11018498700896378200,0.2674075620311097,0.4178543283599675,0.39472011050408995,0.19021709620635696,0.14628753823434548,1339.9316164376492,41.55563643095702,150.96684820690425,,,True,67,0,0,0.5,0.3623188352170962,,0.019144000005326234,3,12205,0.6123054999916349
a8-dual-control,waxman-n60-load0.7-random_node_30-distributed,waxman,60,0.7,random_node_30,DISTRIBUTED,spf-static,5,11018498700896378200,0.2216450947171706,0.23023459989689649,0.290611784442901,0.20688467517827605,0.1651316840089018,1110.6240518557324,23.192209339354363,100.95679798052007,,,True,0,0,0,0.0,0.1273974085485268,,0.0088672999991104,3,16250,0.2958517000079155
a8-dual-control,waxman-n60-load0.7-random_node_30-distributed,waxman,60,0.7,random_node_30,DISTRIBUTED,cspf,6,8318892101522011333,0.442523998240531,0.5162574475494758,0.5344619754045663,0.39101874639715345,0.3673839636747237,2334.218236782407,33.765492902414834,101.70883457813835,,,True,43,0,0,0.5,0.44736293713329417,,0.05460329999914393,2,10382,0.6402978999976767
a8-dual-control,waxman-n60-load0.7-random_node_30-distributed,waxman,60,0.7,random_node_30,DISTRIBUTED,ecmp,6,8318892101522011333,0.3653865706719855,0.5064795406384585,0.45750353866113297,0.30396505434225773,0.26061505079052527,1927.33501488963,39.54146020142516,101.49848337118333,,,True,24,0,0,0.5,0.48956221407651873,,0.10686210000130814,2,10366,0.7430938999896171
a8-dual-control,waxman-n60-load0.7-random_node_30-distributed,waxman,60,0.7,random_node_30,DISTRIBUTED,orbit,6,8318892101522011333,0.42669829374408713,0.516055274231307,0.5379918257069043,0.3761660850772751,0.32026863795788313,2250.741073527072,39.28949095756971,102.14627143867881,,,True,181,1,0,0.5,0.44736293713329417,,0.1383304000046337,2,10390,0.9220338000013726
a8-dual-control,waxman-n60-load0.7-random_node_30-distributed,waxman,60,0.7,random_node_30,DISTRIBUTED,spf-reconverge,6,8318892101522011333,0.3653865706719855,0.5064795406384585,0.45750353866113297,0.30396505434225773,0.26061505079052527,1927.33501488963,39.54146020142516,101.49848337118333,,,True,24,0,0,0.5,0.48956221407651873,,0.01944379998894874,2,10366,0.4449640999955591
a8-dual-control,waxman-n60-load0.7-random_node_30-distributed,waxman,60,0.7,random_node_30,DISTRIBUTED,spf-static,6,8318892101522011333,0.32460397026460563,0.40960842879572706,0.45282001551858186,0.27891139527841546,0.196947841729485,1712.215631550395,24.702281171541372,100.87694626209077,,,True,0,0,0,0.0,0.3633611875472742,,0.008507000005920418,2,13390,0.4652385000081267
a8-dual-control,waxman-n60-load0.7-random_node_30-distributed,waxman,60,0.7,random_node_30,DISTRIBUTED,cspf,7,8136064835642907979,0.3839131423672565,0.4984401755872369,0.3548561038743248,0.31204970478213767,0.45143255542233024,3335.6174846771373,52.065063877989544,151.83489622335327,,,True,94,0,0,0.5,0.46044303392926667,,0.1807453999936115,3,11287,0.9730956999992486
a8-dual-control,waxman-n60-load0.7-random_node_30-distributed,waxman,60,0.7,random_node_30,DISTRIBUTED,ecmp,7,8136064835642907979,0.2924214272660824,0.5004656647380119,0.21755494729026506,0.2426841860361892,0.3221718271933841,2540.694542699196,48.215003271137846,101.14681198127958,,,True,23,0,0,0.5,0.47570069436031365,,0.15019859999301843,3,11217,0.6434166000108235
a8-dual-control,waxman-n60-load0.7-random_node_30-distributed,waxman,60,0.7,random_node_30,DISTRIBUTED,orbit,7,8136064835642907979,0.37733069355416243,0.5100760508804081,0.42090622177743997,0.30569030581117246,0.357508552963906,3278.4260813884607,37.82370123881484,102.35252430105457,,0.0,True,216,3,0,0.5,0.4373546307772611,,0.10527199998614378,3,11277,0.6815349000098649
a8-dual-control,waxman-n60-load0.7-random_node_30-distributed,waxman,60,0.7,random_node_30,DISTRIBUTED,spf-reconverge,7,8136064835642907979,0.2924214272660824,0.5004656647380119,0.21755494729026506,0.2426841860361892,0.3221718271933841,2540.694542699196,48.215003271137846,101.14681198127958,,,True,23,0,0,0.5,0.47570069436031365,,0.022280100005446002,3,11217,0.4752015999983996
a8-dual-control,waxman-n60-load0.7-random_node_30-distributed,waxman,60,0.7,random_node_30,DISTRIBUTED,spf-static,7,8136064835642907979,0.2782149150639329,0.46391318821409144,0.2041075665832051,0.2287742082940832,0.3196888649455492,2417.261700036995,50.58129296935461,150.7894231719029,,,True,0,0,0,0.0,0.4283705774880679,,0.010512299995752983,3,12480,0.5408763000014005
a8-dual-control,waxman-n60-load0.7-random_node_30-distributed,waxman,60,0.7,random_node_30,DISTRIBUTED,cspf,8,165106632765943618,0.38162520912710407,0.5519223986620329,0.4452195117251835,0.35602329660827636,0.2602333221921212,3533.304285603885,55.70642365859967,151.219579735202,,,True,130,0,0,0.5,0.5752041873027259,,0.160631500009913,3,9866,0.8258262999879662
a8-dual-control,waxman-n60-load0.7-random_node_30-distributed,waxman,60,0.7,random_node_30,DISTRIBUTED,ecmp,8,165106632765943618,0.31495512707482876,0.5558632845804015,0.34190643324536624,0.2837598775527265,0.1982992863425078,2916.0345638900617,51.82276457574891,151.13974080050292,,,True,48,0,0,0.5,0.6137351241856519,,0.13237139998818748,3,9850,0.676399300005869
a8-dual-control,waxman-n60-load0.7-random_node_30-distributed,waxman,60,0.7,random_node_30,DISTRIBUTED,orbit,8,165106632765943618,0.3958815039740739,0.6190282576254965,0.48452686854845384,0.3695557608621843,0.22188268706307912,3665.2972107957166,42.73208263948565,102.06749354224986,,0.30000000000000004,True,235,3,0,0.5,0.5657334252654954,,0.1460578000114765,3,9886,1.012308999997913
a8-dual-control,waxman-n60-load0.7-random_node_30-distributed,waxman,60,0.7,random_node_30,DISTRIBUTED,spf-reconverge,8,165106632765943618,0.31495512707482876,0.5558632845804015,0.34190643324536624,0.2837598775527265,0.1982992863425078,2916.0345638900617,51.82276457574891,151.13974080050292,,,True,48,0,0,0.5,0.6137351241856519,,0.04076509999867994,3,9850,0.5626227000029758
a8-dual-control,waxman-n60-load0.7-random_node_30-distributed,waxman,60,0.7,random_node_30,DISTRIBUTED,spf-static,8,165106632765943618,0.25143983008382725,0.46248395090506644,0.29734780740022776,0.2158333130008436,0.1385076190391657,2327.9736452389457,42.90408973251149,150.37422858989237,,,True,0,0,0,0.0,0.48157388789444316,,0.010632200006511994,3,13520,0.42930980000528507
a8-dual-control,waxman-n60-load0.7-random_node_30-distributed,waxman,60,0.7,random_node_30,DISTRIBUTED,cspf,9,17884125364721916557,0.327724836349059,0.45787221208568074,0.29997863154121074,0.27956068638037157,0.34268793912068396,2520.3945389440855,58.18002929097937,152.9453284756641,,,True,99,0,0,0.5,0.39354496260775695,,0.08879029999661725,3,11696,0.7592979000037303
a8-dual-control,waxman-n60-load0.7-random_node_30-distributed,waxman,60,0.7,random_node_30,DISTRIBUTED,ecmp,9,17884125364721916557,0.2505189907048035,0.4326614370100265,0.20796864948589497,0.20855322104994845,0.23960635999422708,1926.6366965293435,59.9876004163873,152.57281308698845,,,True,67,0,0,0.5,0.40080291279200164,,0.1535664000111865,3,11702,0.5647904000070412
a8-dual-control,waxman-n60-load0.7-random_node_30-distributed,waxman,60,0.7,random_node_30,DISTRIBUTED,orbit,9,17884125364721916557,0.31708605636254067,0.4622904059544829,0.3332821572066773,0.28773630079530055,0.2557142546416028,2438.5761351948836,53.93606964755951,150.84762143223216,,,True,228,8,0,0.5,0.3834991377351091,,0.08118719999038149,3,11678,0.614281200003461
a8-dual-control,waxman-n60-load0.7-random_node_30-distributed,waxman,60,0.7,random_node_30,DISTRIBUTED,spf-reconverge,9,17884125364721916557,0.2505189907048035,0.4326614370100265,0.20796864948589497,0.20855322104994845,0.23960635999422708,1926.6366965293435,59.9876004163873,152.57281308698845,,,True,67,0,0,0.5,0.40080291279200164,,0.051407299979473464,3,11702,0.47077709999575745
a8-dual-control,waxman-n60-load0.7-random_node_30-distributed,waxman,60,0.7,random_node_30,DISTRIBUTED,spf-static,9,17884125364721916557,0.18995790364800008,0.34238310670275607,0.08794180425291806,0.16713955631090338,0.22597579317014746,1460.886725331218,41.0622302131775,100.99629130381506,,,True,0,0,0,0.0,0.28218258670594326,,0.011823299995739944,3,16250,0.283921599999303
a8-dual-control,waxman-n60-load0.7-random_node_30-distributed,waxman,60,0.7,random_node_30,DISTRIBUTED,cspf,10,13313504676282915926,0.3277905720060153,0.460011157252781,0.43185426601569205,0.2540028635286806,0.2531587309787856,1565.9927751306427,34.08025324489652,101.65935989314369,,,True,92,0,0,0.5,0.3838095503859996,,0.10787069998332299,3,12624,0.7961891000013566
a8-dual-control,waxman-n60-load0.7-random_node_30-distributed,waxman,60,0.7,random_node_30,DISTRIBUTED,ecmp,10,13313504676282915926,0.26855217807090426,0.45679591000949793,0.3051797846817301,0.15786245671961235,0.2792257999100233,1282.9861701968546,40.14650152495469,101.58197605120407,,,True,41,0,0,0.5,0.39613345643732106,,0.15360750000400003,3,12625,0.6950520999962464
a8-dual-control,waxman-n60-load0.7-random_node_30-distributed,waxman,60,0.7,random_node_30,DISTRIBUTED,orbit,10,13313504676282915926,0.32078983490516516,0.46348091074606645,0.44041315743799925,0.26522712193135994,0.2017338845961185,1532.5473235014872,38.81882835227449,102.15472508217222,,,True,208,9,0,0.5,0.3838095503859996,,0.12006220000330359,3,12599,0.724981299994397
a8-dual-control,waxman-n60-load0.7-random_node_30-distributed,waxman,60,0.7,random_node_30,DISTRIBUTED,spf-reconverge,10,13313504676282915926,0.26855217807090426,0.45679591000949793,0.3051797846817301,0.15786245671961235,0.2792257999100233,1282.9861701968546,40.14650152495469,101.58197605120407,,,True,41,0,0,0.5,0.39613345643732106,,0.02001269998436328,3,12625,0.3696736999991117
a8-dual-control,waxman-n60-load0.7-random_node_30-distributed,waxman,60,0.7,random_node_30,DISTRIBUTED,spf-static,10,13313504676282915926,0.1841084158313573,0.29853040900252004,0.1970685715375601,0.18000675715963296,0.11751589513240941,879.5629699421701,19.00496326743354,100.91359173870764,,,True,0,0,0,0.0,0.2016723658433902,,0.023134699993534014,3,17290,0.389391999997315
a8-dual-control,waxman-n60-load0.7-random_node_30-distributed,waxman,60,0.7,random_node_30,DISTRIBUTED,cspf,11,9448745402876888544,0.40082081772447925,0.5299653368252518,0.45918510692982095,0.3402661155365429,0.34715866625278435,2851.8231278776866,49.74498332611233,151.77306731284537,,,True,122,0,0,0.5,0.48387677673553375,,0.11198509999667294,3,9915,0.8316938000061782
a8-dual-control,waxman-n60-load0.7-random_node_30-distributed,waxman,60,0.7,random_node_30,DISTRIBUTED,ecmp,11,9448745402876888544,0.3217736112605608,0.5176973244626563,0.4213601544042559,0.2104023764682772,0.25541116291005844,2289.40560458706,56.39958726693961,151.09459103164758,,,True,52,0,0,0.5,0.5398722439454383,,0.15509390000079293,3,9891,0.7413451000029454
a8-dual-control,waxman-n60-load0.7-random_node_30-distributed,waxman,60,0.7,random_node_30,DISTRIBUTED,orbit,11,9448745402876888544,0.4136216099030352,0.5485380317418437,0.5279786698317138,0.36577744765399806,0.28625990586446304,2942.9002216204954,40.27241163969694,102.407912581458,,,True,230,3,0,0.5,0.4852803123772544,,0.1661366999906022,3,9911,0.8318293999909656
a8-dual-control,waxman-n60-load0.7-random_node_30-distributed,waxman,60,0.7,random_node_30,DISTRIBUTED,spf-reconverge,11,9448745402876888544,0.3217736112605608,0.5176973244626563,0.4213601544042559,0.2104023764682772,0.25541116291005844,2289.40560458706,56.39958726693961,151.09459103164758,,,True,52,0,0,0.5,0.5398722439454383,,0.037716300023021176,3,9891,0.5802656000014395
a8-dual-control,waxman-n60-load0.7-random_node_30-distributed,waxman,60,0.7,random_node_30,DISTRIBUTED,spf-static,11,9448745402876888544,0.2620455457410103,0.35606212681451055,0.2535231428251391,0.23628636997546384,0.24770870208129495,1864.442950204338,32.69043319805619,101.23894866511311,,,True,0,0,0,0.0,0.3189220862974333,,0.010386400012066588,3,14690,0.3509019999910379
a8-dual-control,waxman-n60-load0.7-random_node_30-distributed,waxman,60,0.7,random_node_30,DISTRIBUTED,cspf,12,11637730615841531746,0.3424451527059099,0.37988779209845763,0.4107982090743603,0.35885116565806247,0.23791988896932237,2311.07190619628,47.5361778704189,151.1443139368081,,,True,101,0,0,0.5,0.29058782160687036,,0.09002259999397211,3,11575,0.5965628999983892
a8-dual-control,waxman-n60-load0.7-random_node_30-distributed,waxman,60,0.7,random_node_30,DISTRIBUTED,ecmp,12,11637730615841531746,0.28243983411894313,0.38017199349100156,0.39060530680684763,0.2525459062572329,0.16880424614946618,1906.1118566440787,51.0450987610548,151.15037363586177,,,True,49,0,0,0.5,0.29058782160687036,,0.14235729999199975,3,11547,0.7483590999909211
a8-dual-control,waxman-n60-load0.7-random_node_30-distributed,waxman,60,0.7,random_node_30,DISTRIBUTED,orbit,12,11637730615841531746,0.3463250371448326,0.38017199349100156,0.41986991126888884,0.39134277789084276,0.20192175531936918,2337.256221714342,43.08743011125326,102.5786500601838,,,True,228,6,0,0.5,0.29058782160687036,,0.14150309999240562,3,11592,0.8876449000090361
a8-dual-control,waxman-n60-load0.7-random_node_30-distributed,waxman,60,0.7,random_node_30,DISTRIBUTED,spf-reconverge,12,11637730615841531746,0.28243983411894313,0.38017199349100156,0.39060530680684763,0.2525459062572329,0.16880424614946618,1906.1118566440787,51.0450987610548,151.15037363586177,,,True,49,0,0,0.5,0.29058782160687036,,0.02152689998911228,3,11547,0.4219613000022946
a8-dual-control,waxman-n60-load0.7-random_node_30-distributed,waxman,60,0.7,random_node_30,DISTRIBUTED,spf-static,12,11637730615841531746,0.2247276561704901,0.2225422585901136,0.2734471295795665,0.24745965732694106,0.15125912556412638,1516.6276077120644,36.02118081353177,100.72001854387577,,,True,0,0,0,0.0,0.10293337529628886,,0.0257397000095807,3,15340,0.4859874000103446
a8-dual-control,waxman-n60-load0.7-random_node_30-distributed,waxman,60,0.7,random_node_30,DISTRIBUTED,cspf,13,7209151090768566911,0.3338904823488575,0.42766692213245106,0.3710104511983896,0.35341833977466236,0.22463760721301412,1315.2875726191455,57.50473700451873,202.8981816626591,,,True,103,0,0,0.5,0.34756549593319896,,0.0748664999846369,3,12248,0.6922725999902468
a8-dual-control,waxman-n60-load0.7-random_node_30-distributed,waxman,60,0.7,random_node_30,DISTRIBUTED,ecmp,13,7209151090768566911,0.2667937361880779,0.4294501191316735,0.3410295464811886,0.2114280173340436,0.17921991104811716,1050.974808243169,50.09056017610253,153.99416374020677,,,True,40,0,0,0.5,0.34756549593319896,,0.12591769998834934,3,12234,0.6435386999946786
a8-dual-control,waxman-n60-load0.7-random_node_30-distributed,waxman,60,0.7,random_node_30,DISTRIBUTED,orbit,13,7209151090768566911,0.33327862260373464,0.4294501191316735,0.37763034057264444,0.3821042472141485,0.17951573393880588,1312.8772867275427,56.1955006381016,104.01300420708823,,,True,202,0,0,0.5,0.34756549593319896,,0.1184437999909278,3,12240,0.9038298999948893
a8-dual-control,waxman-n60-load0.7-random_node_30-distributed,waxman,60,0.7,random_node_30,DISTRIBUTED,spf-reconverge,13,7209151090768566911,0.2667937361880779,0.4294501191316735,0.3410295464811886,0.2114280173340436,0.17921991104811716,1050.974808243169,50.09056017610253,153.99416374020677,,,True,40,0,0,0.5,0.34756549593319896,,0.02913589999661781,3,12234,0.5702454000129364
a8-dual-control,waxman-n60-load0.7-random_node_30-distributed,waxman,60,0.7,random_node_30,DISTRIBUTED,spf-static,13,7209151090768566911,0.19146999947342175,0.26859083280323526,0.23601582692057133,0.18361837837107317,0.1183200870206581,754.2536374955994,29.703675846087673,101.5682936730839,,,True,0,0,0,0.0,0.1560663455421936,,0.00757319999684114,3,16770,0.3001726999937091
a8-dual-control,waxman-n60-load0.7-random_node_30-distributed,waxman,60,0.7,random_node_30,DISTRIBUTED,cspf,14,9275469409196245100,0.3448423204774339,0.5671138022505956,0.37753172705823385,0.2806493693571052,0.26610553754249355,2480.381223194839,50.092856793208504,102.55456799143758,,,True,115,0,0,0.5,0.5099471535541434,,0.12024999999266583,3,11796,0.806151900003897
a8-dual-control,waxman-n60-load0.7-random_node_30-distributed,waxman,60,0.7,random_node_30,DISTRIBUTED,ecmp,14,9275469409196245100,0.2675693531213093,0.49673894808817043,0.3548752935838594,0.22430307303526795,0.10978761321437726,1924.5723624224222,61.097250854754826,201.19087533432463,,,True,59,0,0,0.5,0.5287038935961379,,0.11739340001076926,3,11815,0.49274240000522695
a8-dual-control,waxman-n60-load0.7-random_node_30-distributed,waxman,60,0.7,random_node_30,DISTRIBUTED,orbit,14,9275469409196245100,0.3298376165318444,0.5438538650884572,0.4187544402433844,0.2567999460557065,0.21930044660543213,2372.4554156120857,57.50106341641386,151.72251363921197,,,True,233,1,0,0.5,0.4778318326332311,,0.12449059999198653,3,11819,0.8285452999989502
a8-dual-control,waxman-n60-load0.7-random_node_30-distributed,waxman,60,0.7,random_node_30,DISTRIBUTED,spf-reconverge,14,9275469409196245100,0.2675693531213093,0.49673894808817043,0.3548752935838594,0.22430307303526795,0.10978761321437726,1924.5723624224222,61.097250854754826,201.19087533432463,,,True,59,0,0,0.5,0.5287038935961379,,0.02474849999998696,3,11815,0.39858179999282584
a8-dual-control,waxman-n60-load0.7-random_node_30-distributed,waxman,60,0.7,random_node_30,DISTRIBUTED,spf-static,14,9275469409196245100,0.22183739729813576,0.3943924892322156,0.24166661520654276,0.18449043105065122,0.14897536538177555,1595.6316327384086,41.84810127673833,150.4797671202703,,,True,0,0,0,0.0,0.38455194693384226,,0.010650799988070503,3,15730,0.3647270999936154
a8-dual-control,waxman-n60-load0.7-random_node_30-distributed,waxman,60,0.7,random_node_30,DISTRIBUTED,cspf,15,13264386959139420233,0.40965854050412015,0.5524225152143963,0.5251086057645907,0.3766161879442191,0.26718310100633885,2674.0994188138584,48.61846984871976,151.30124722276238,,,True,124,0,0,0.5,0.48951463033319287,,0.12373249999654945,3,8893,0.7675058000022545
a8-dual-control,waxman-n60-load0.7-random_node_30-distributed,waxman,60,0.7,random_node_30,DISTRIBUTED,ecmp,15,13264386959139420233,0.3432384489760489,0.5489853756015116,0.410840556575194,0.3147974841064636,0.2044355812121165,2240.5336302568585,54.538606018624094,102.4831294577946,,,True,43,0,0,0.5,0.49966998144753955,,0.19147720001637936,3,8870,0.8138945999962743
a8-dual-control,waxman-n60-load0.7-random_node_30-distributed,waxman,60,0.7,random_node_30,DISTRIBUTED,orbit,15,13264386959139420233,0.40515854784986866,0.5533901253455051,0.5519405114905972,0.3965113390684913,0.19624199152839752,2644.725131324106,50.30465331805519,150.74297173332255,,,True,222,5,0,0.5,0.48951463033319287,,0.1311258000205271,3,8884,1.0326265000039712
a8-dual-control,waxman-n60-load0.7-random_node_30-distributed,waxman,60,0.7,random_node_30,DISTRIBUTED,spf-reconverge,15,13264386959139420233,0.3432384489760489,0.5489853756015116,0.410840556575194,0.3147974841064636,0.2044355812121165,2240.5336302568585,54.538606018624094,102.4831294577946,,,True,43,0,0,0.5,0.49966998144753955,,0.028201899986015633,3,8870,0.7060129000019515
a8-dual-control,waxman-n60-load0.7-random_node_30-distributed,waxman,60,0.7,random_node_30,DISTRIBUTED,spf-static,15,13264386959139420233,0.2810182116728076,0.36363658993281534,0.3146172408587774,0.3162267445525159,0.15448782882765438,1834.3829365442136,31.90885376071394,100.76650891134523,,,True,0,0,0,0.0,0.2744390452995223,,0.009742599970195442,3,13910,0.5432419999997364
a8-dual-control,waxman-n60-load0.7-random_node_30-distributed,waxman,60,0.7,random_node_30,DISTRIBUTED,cspf,16,468981465409718283,0.337762972146071,0.6281546651462746,0.3417553376070096,0.25893615568552525,0.2903370556675725,2160.12511016946,52.74958911553166,152.49946777537318,,,True,98,0,0,0.5,0.5786745885111376,,0.07794409997586627,3,11175,0.6711783000064315
a8-dual-control,waxman-n60-load0.7-random_node_30-distributed,waxman,60,0.7,random_node_30,DISTRIBUTED,ecmp,16,468981465409718283,0.24401445181595177,0.5675945807049975,0.264276292890088,0.16443135992079153,0.164936867359296,1560.5669895157118,59.87119228806012,251.9761968051645,,,True,59,0,0,0.5,0.5568944824090419,,0.15705030001117848,3,11183,0.6230303999909665
a8-dual-control,waxman-n60-load0.7-random_node_30-distributed,waxman,60,0.7,random_node_30,DISTRIBUTED,orbit,16,468981465409718283,0.3344027751907269,0.618910261137554,0.37529811612677527,0.2698114138755037,0.23553902272795074,2138.635348363318,57.02171099381483,151.9009365403487,,,True,224,7,0,0.5,0.5671870378490522,,0.08163920002698433,3,11174,0.7028354000067338
a8-dual-control,waxman-n60-load0.7-random_node_30-distributed,waxman,60,0.7,random_node_30,DISTRIBUTED,spf-reconverge,16,468981465409718283,0.24401445181595177,0.5675945807049975,0.264276292890088,0.16443135992079153,0.164936867359296,1560.5669895157118,59.87119228806012,251.9761968051645,,,True,59,0,0,0.5,0.5568944824090419,,0.018273800000315532,3,11183,0.3857237000047462
a8-dual-control,waxman-n60-load0.7-random_node_30-distributed,waxman,60,0.7,random_node_30,DISTRIBUTED,spf-static,16,468981465409718283,0.21747868208480634,0.36516364077999947,0.24267875876513506,0.14278481525649306,0.2176553883727094,1390.8604578917161,27.407332198168586,100.96822919017019,,,True,0,0,0,0.0,0.29864383294725033,,0.009501699983957224,3,15990,0.39309709999361075
a8-dual-control,waxman-n60-load0.7-random_node_30-distributed,waxman,60,0.7,random_node_30,DISTRIBUTED,cspf,17,262616642234751487,0.3734851023504683,0.5539055494677235,0.3630182169774139,0.367795268045514,0.2896967701745808,2292.013012530747,57.7465443765731,152.69873507630274,,,True,120,0,0,0.5,0.49567244776172026,,0.08149860001867637,3,9798,0.7239112999959616
a8-dual-control,waxman-n60-load0.7-random_node_30-distributed,waxman,60,0.7,random_node_30,DISTRIBUTED,ecmp,17,262616642234751487,0.29202962980963193,0.4937263019659966,0.353839026159038,0.23704631569786727,0.19204696796827914,1792.1349669795577,64.67853752890578,201.65927414812367,,,True,54,0,0,0.5,0.4286065082844676,,0.1831295999872964,3,9788,0.8070869999937713
a8-dual-control,waxman-n60-load0.7-random_node_30-distributed,waxman,60,0.7,random_node_30,DISTRIBUTED,orbit,17,262616642234751487,0.3721477904890192,0.5655487226470114,0.4178256212456741,0.3466038410832192,0.2534815275662424,2283.8061625949313,61.66621143771369,152.07451419806867,,,True,227,3,0,0.5,0.5092593283286873,,0.08323970000492409,3,9810,0.8106759000074817
a8-dual-control,waxman-n60-load0.7-random_node_30-distributed,waxman,60,0.7,random_node_30,DISTRIBUTED,spf-reconverge,17,262616642234751487,0.29202962980963193,0.4937263019659966,0.353839026159038,0.23704631569786727,0.19204696796827914,1792.1349669795577,64.67853752890578,201.65927414812367,,,True,54,0,0,0.5,0.4286065082844676,,0.01937700000416953,3,9788,0.5260425000014948
a8-dual-control,waxman-n60-load0.7-random_node_30-distributed,waxman,60,0.7,random_node_30,DISTRIBUTED,spf-static,17,262616642234751487,0.22230722335868708,0.3091057903188484,0.22647440723621973,0.21380351581839788,0.18078469227926722,1364.2607041379656,47.460924437616576,151.24577343048858,,,True,0,0,0,0.0,0.20673267784461552,,0.008556899992981926,3,15210,0.4929400999972131
a8-dual-control,waxman-n60-load0.7-random_node_30-distributed,waxman,60,0.7,random_node_30,DISTRIBUTED,cspf,18,3365495711448876071,0.3745734008544871,0.6279473345270222,0.4897147010007807,0.31843816686821313,0.23069599668404617,2577.2628899213455,50.781337859233105,102.70904229555639,,,True,129,0,0,0.5,0.5811165434367845,,0.13716900000872556,3,10683,0.7543842000013683
a8-dual-control,waxman-n60-load0.7-random_node_30-distributed,waxman,60,0.7,random_node_30,DISTRIBUTED,ecmp,18,3365495711448876071,0.28988901561504804,0.6303995350098409,0.4043107947523397,0.2152134092828106,0.13182974422788757,1994.5895796021334,53.4942857155415,151.16919652298267,,,True,49,0,0,0.5,0.5811165434367845,,0.13419350000913255,3,10647,0.6119690999912564
a8-dual-control,waxman-n60-load0.7-random_node_30-distributed,waxman,60,0.7,random_node_30,DISTRIBUTED,orbit,18,3365495711448876071,0.3811392120775002,0.6281420751000009,0.5294136188361408,0.33970152178774504,0.19150118717789116,2622.439139939895,50.11268778049228,152.7578902531267,,,True,215,1,0,0.5,0.5811165434367845,,0.08505240001250058,3,10664,0.8374947999982396
a8-dual-control,waxman-n60-load0.7-random_node_30-distributed,waxman,60,0.7,random_node_30,DISTRIBUTED,spf-reconverge,18,3365495711448876071,0.28988901561504804,0.6303995350098409,0.4043107947523397,0.2152134092828106,0.13182974422788757,1994.5895796021334,53.4942857155415,151.16919652298267,,,True,49,0,0,0.5,0.5811165434367845,,0.05376919999253005,3,10647,0.6097456999996211
a8-dual-control,waxman-n60-load0.7-random_node_30-distributed,waxman,60,0.7,random_node_30,DISTRIBUTED,spf-static,18,3365495711448876071,0.1988093102207528,0.40076105023179603,0.2975660663366603,0.16019020048802798,0.0700306699595029,1367.9130878859592,46.48219107601515,151.36671823071725,,,True,0,0,0,0.0,0.30857044257515187,,0.024059900009888224,3,14820,0.4010796999937156
a8-dual-control,waxman-n60-load0.7-random_node_30-distributed,waxman,60,0.7,random_node_30,DISTRIBUTED,cspf,19,1576275438511226437,0.3748824510003434,0.7241932727514284,0.4648697053714477,0.2772585778505935,0.18992446583592462,2285.31890840675,44.235398478328946,102.1062071100087,,,True,108,0,0,0.5,0.7118515890626074,,0.1256621000211453,3,11051,0.8250169999955688
a8-dual-control,waxman-n60-load0.7-random_node_30-distributed,waxman,60,0.7,random_node_30,DISTRIBUTED,ecmp,19,1576275438511226437,0.28509716531607243,0.6815771012524974,0.3019184307007361,0.21245802188387405,0.11199199336964116,1737.9793076240546,43.08078807133026,101.03485632509889,,,True,50,0,0,0.5,0.6993106506921798,,0.12608420000469778,3,11003,0.6133784000121523
a8-dual-control,waxman-n60-load0.7-random_node_30-distributed,waxman,60,0.7,random_node_30,DISTRIBUTED,orbit,19,1576275438511226437,0.37071531770282573,0.6986429029306607,0.48606232290551266,0.3109063142103262,0.1262180600317278,2259.915669356065,44.02066806873253,151.01746729605182,,,True,225,7,0,0.5,0.6625628043526393,,0.09574690001318231,3,11059,0.7297980000003008
a8-dual-control,waxman-n60-load0.7-random_node_30-distributed,waxman,60,0.7,random_node_30,DISTRIBUTED,spf-reconverge,19,1576275438511226437,0.28509716531607243,0.6815771012524974,0.3019184307007361,0.21245802188387405,0.11199199336964116,1737.9793076240546,43.08078807133026,101.03485632509889,,,True,50,0,0,0.5,0.6993106506921798,,0.019893899996532127,3,11003,0.5522067999991123
a8-dual-control,waxman-n60-load0.7-random_node_30-distributed,waxman,60,0.7,random_node_30,DISTRIBUTED,spf-static,19,1576275438511226437,0.23851710697125428,0.4358092014954441,0.28723729901416395,0.20480833610315866,0.10913688219132518,1454.0228625942898,39.65598707059493,101.26876808290058,,,True,0,0,0,0.0,0.3862760289753331,,0.009332200002972968,3,13910,0.3735108999971999
a8-dual-control,waxman-n60-load0.7-random_node_30-distributed,waxman,60,0.7,random_node_30,DISTRIBUTED,cspf,20,850315884395121074,0.3627363184899965,0.4521238188089351,0.40527486358272524,0.37597597396804183,0.24875371329022078,2953.9516014457495,59.83137568118475,151.10592560218484,,,True,116,0,0,0.5,0.3861525560431766,,0.09535170000162907,3,11189,0.6131441000034101
a8-dual-control,waxman-n60-load0.7-random_node_30-distributed,waxman,60,0.7,random_node_30,DISTRIBUTED,ecmp,20,850315884395121074,0.23237787426463363,0.43587333885129287,0.2646651529346945,0.20902016248854235,0.11692020841213781,1892.374595083464,62.55567697041375,151.02004571531165,,,True,54,0,0,0.5,0.39912391757601645,,0.14490030000160914,3,11159,0.7456742999929702
a8-dual-control,waxman-n60-load0.7-random_node_30-distributed,waxman,60,0.7,random_node_30,DISTRIBUTED,orbit,20,850315884395121074,0.3368892941319036,0.45300159758982256,0.41152136827583413,0.34696734985868666,0.17796963370949723,2743.4657606205737,54.55516648218497,151.07491077165747,,,True,229,5,0,0.5,0.37555879486287785,,0.14299029999529012,3,11186,0.8189869000052568
a8-dual-control,waxman-n60-load0.7-random_node_30-distributed,waxman,60,0.7,random_node_30,DISTRIBUTED,spf-reconverge,20,850315884395121074,0.23237787426463363,0.43587333885129287,0.2646651529346945,0.20902016248854235,0.11692020841213781,1892.374595083464,62.55567697041375,151.02004571531165,,,True,54,0,0,0.5,0.39912391757601645,,0.029049000004306436,3,11159,0.5016728000045987
a8-dual-control,waxman-n60-load0.7-random_node_30-distributed,waxman,60,0.7,random_node_30,DISTRIBUTED,spf-static,20,850315884395121074,0.20551126077589887,0.28856289284278436,0.22821700030030725,0.20623023360327053,0.1338411296531953,1673.5857065849425,37.71057582220506,101.07784482732332,,,True,0,0,0,0.0,0.20933926281119733,,0.022220799990464002,3,14950,0.37165790000290144
a8-dual-control,waxman-n60-load0.7-random_node_30-distributed,waxman,60,0.7,random_node_30,DISTRIBUTED,cspf,21,14814316865808765324,0.39208702772444354,0.580604772557904,0.4873762960981526,0.3188480318500142,0.29848396798386934,2070.983798139043,44.94253565350411,102.15932824905387,,,True,103,0,0,0.5,0.5235314937931187,,0.09452909999527037,3,10518,0.812143199989805
a8-dual-control,waxman-n60-load0.7-random_node_30-distributed,waxman,60,0.7,random_node_30,DISTRIBUTED,ecmp,21,14814316865808765324,0.3212916971285306,0.43988119454820657,0.4052671730756316,0.24063927181704028,0.28615890185066667,1697.0464518846961,47.61035197742185,151.615877881876,,,True,47,0,0,0.5,0.4299306864560545,,0.1837243999907514,3,10530,0.742998699992313
a8-dual-control,waxman-n60-load0.7-random_node_30-distributed,waxman,60,0.7,random_node_30,DISTRIBUTED,orbit,21,14814316865808765324,0.397400748456704,0.5779845152715718,0.4906391191471135,0.36856900732538006,0.25049001967861817,2099.050601593915,46.940491065293635,152.22763862171968,,,True,213,4,0,0.5,0.5235314937931187,,0.09516890000668354,3,10535,0.8352697000082117
a8-dual-control,waxman-n60-load0.7-random_node_30-distributed,waxman,60,0.7,random_node_30,DISTRIBUTED,spf-reconverge,21,14814316865808765324,0.3212916971285306,0.43988119454820657,0.4052671730756316,0.24063927181704028,0.28615890185066667,1697.0464518846961,47.61035197742185,151.615877881876,,,True,47,0,0,0.5,0.4299306864560545,,0.03283189999638125,3,10530,0.5037179000064498
a8-dual-control,waxman-n60-load0.7-random_node_30-distributed,waxman,60,0.7,random_node_30,DISTRIBUTED,spf-static,21,14814316865808765324,0.2589495484952409,0.275984384195677,0.32287878974064865,0.17467530234116652,0.30255472385485715,1367.758384105375,18.615426292561267,100.9446496564123,,,True,0,0,0,0.0,0.20833813137196197,,0.00896530001773499,3,15080,0.3386074000009103
a8-dual-control,waxman-n60-load0.7-random_node_30-distributed,waxman,60,0.7,random_node_30,DISTRIBUTED,cspf,22,11177954575218568801,0.35301335616593366,0.41868345520370553,0.36228292594147427,0.39971657895510704,0.24321645638088935,2256.7942386079153,58.906266096652786,152.33957830349485,,,True,127,0,0,0.5,0.3351239963404675,,0.14169779999065213,3,10451,1.0095608999981778
a8-dual-control,waxman-n60-load0.7-random_node_30-distributed,waxman,60,0.7,random_node_30,DISTRIBUTED,ecmp,22,11177954575218568801,0.25206958135318985,0.42073607427131043,0.2972296396132476,0.2527190025200877,0.11071199369387903,1611.4664473453847,57.61578566151585,151.46473438667374,,,True,55,0,0,0.5,0.3364000447491503,,0.1955686000001151,3,10413,0.8186375000077533
a8-dual-control,waxman-n60-load0.7-random_node_30-distributed,waxman,60,0.7,random_node_30,DISTRIBUTED,orbit,22,11177954575218568801,0.3681566102622485,0.4203560676261284,0.3743347847566295,0.46810455412917895,0.1968798291496962,2353.6041977820237,59.13853472070889,152.3083885139647,,,True,227,3,0,0.5,0.3357636318775511,,0.08617190000950359,3,10442,0.92093510000268
a8-dual-control,waxman-n60-load0.7-random_node_30-distributed,waxman,60,0.7,random_node_30,DISTRIBUTED,spf-reconverge,22,11177954575218568801,0.25206958135318985,0.42073607427131043,0.2972296396132476,0.2527190025200877,0.11071199369387903,1611.4664473453847,57.61578566151585,151.46473438667374,,,True,55,0,0,0.5,0.3364000447491503,,0.054816600008052774,3,10413,0.5236345000012079
a8-dual-control,waxman-n60-load0.7-random_node_30-distributed,waxman,60,0.7,random_node_30,DISTRIBUTED,spf-static,22,11177954575218568801,0.23897539702015436,0.3409689504752902,0.1739247722274686,0.2969244495698036,0.16676325248912138,1527.7560742223513,43.993896664984774,200.5603407550712,,,True,0,0,0,0.0,0.24107760153014676,,0.01474199999938719,3,14950,0.33919779999996535
a8-dual-control,waxman-n60-load0.7-random_node_30-distributed,waxman,60,0.7,random_node_30,DISTRIBUTED,cspf,23,2871235975491471115,0.3756092972380962,0.5710072838974236,0.38391321490121677,0.39462594050381505,0.2505195276230474,2027.864109976012,38.12026060212456,101.33151459522473,,,True,103,0,0,0.5,0.5112176683906751,,0.10279170000285376,3,12061,0.7056965000083437
a8-dual-control,waxman-n60-load0.7-random_node_30-distributed,waxman,60,0.7,random_node_30,DISTRIBUTED,ecmp,23,2871235975491471115,0.29319230839970045,0.5707075493390666,0.3302813496962106,0.27538938988859996,0.15128209944593526,1582.9058649415888,44.91130226025684,101.68617059227756,,,True,32,0,0,0.5,0.5112176683906751,,0.1488392000028398,3,12063,0.716225600001053
a8-dual-control,waxman-n60-load0.7-random_node_30-distributed,waxman,60,0.7,random_node_30,DISTRIBUTED,orbit,23,2871235975491471115,0.3790789981332495,0.5699787655681346,0.3859813177628879,0.44168595553427903,0.20051414542800353,2046.5965587449064,30.224471487718397,102.49853409214579,,,True,198,4,0,0.5,0.5112176683906751,,0.07088530001055915,3,12077,0.6725504000060027
a8-dual-control,waxman-n60-load0.7-random_node_30-distributed,waxman,60,0.7,random_node_30,DISTRIBUTED,spf-reconverge,23,2871235975491471115,0.29319230839970045,0.5707075493390666,0.3302813496962106,0.27538938988859996,0.15128209944593526,1582.9058649415888,44.91130226025684,101.68617059227756,,,True,32,0,0,0.5,0.5112176683906751,,0.01984690000244882,3,12063,0.4491700999933528
a8-dual-control,waxman-n60-load0.7-random_node_30-distributed,waxman,60,0.7,random_node_30,DISTRIBUTED,spf-static,23,2871235975491471115,0.25739186676691067,0.391753006454164,0.24630949036542427,0.2840391892298676,0.16875013079228304,1389.6240925194174,26.748550411780055,100.69111699366691,,,True,0,0,0,0.0,0.29817654590865467,,0.016592399988439865,3,15340,0.5433887999970466
a8-dual-control,waxman-n60-load0.7-random_node_30-distributed,waxman,60,0.7,random_node_30,DISTRIBUTED,cspf,24,5746752368414614220,0.33324832327169424,0.5493264663373305,0.34172601046395146,0.3081496470107687,0.22643024624901206,2811.665584156631,63.31284684411294,151.97822928358033,,,True,124,0,0,0.5,0.4936242700010566,,0.13957280000613537,3,10553,0.7884107999998378
a8-dual-control,waxman-n60-load0.7-random_node_30-distributed,waxman,60,0.7,random_node_30,DISTRIBUTED,ecmp,24,5746752368414614220,0.2725829301526257,0.5293968710464311,0.25620019572078717,0.22181641674709743,0.20089908820893188,2299.8226548130597,49.17739989154739,150.79919590458695,,,True,39,0,0,0.5,0.4884448467166526,,0.17907759999798145,3,10542,0.692339199988055
a8-dual-control,waxman-n60-load0.7-random_node_30-distributed,waxman,60,0.7,random_node_30,DISTRIBUTED,orbit,24,5746752368414614220,0.3532386194135891,0.559713317111737,0.3556386002198765,0.3288326035304076,0.2575150507767174,2980.326680865108,53.07742468850968,151.51787022537562,,,True,223,1,0,0.5,0.49531007984536146,,0.11815460000070743,3,10539,0.8810626000049524
a8-dual-control,waxman-n60-load0.7-random_node_30-distributed,waxman,60,0.7,random_node_30,DISTRIBUTED,spf-reconverge,24,5746752368414614220,0.2725829301526257,0.5293968710464311,0.25620019572078717,0.22181641674709743,0.20089908820893188,2299.8226548130597,49.17739989154739,150.79919590458695,,,True,39,0,0,0.5,0.4884448467166526,,0.022518700003274716,3,10542,0.5733588000002783
a8-dual-control,waxman-n60-load0.7-random_node_30-distributed,waxman,60,0.7,random_node_30,DISTRIBUTED,spf-static,24,5746752368414614220,0.20570742471353065,0.4626964267607234,0.19685438822481577,0.12354463550485574,0.16900893874173847,1735.584085747904,33.25682288544237,150.7149451639929,,,True,0,0,0,0.0,0.4052840999933671,,0.009396399997058325,3,15080,0.414496199999121
a8-dual-control,waxman-n60-load0.7-random_node_30-distributed,waxman,60,0.7,random_node_30,DISTRIBUTED,cspf,25,17261442158824024084,0.40382364478860866,0.5986992123902706,0.39501940767752663,0.35856259364218934,0.35861066156825505,3911.4411154726195,55.195703020588084,151.76233619491342,,,True,98,0,0,0.5,0.6077528131427115,,0.11131599999498576,3,10629,0.807022799999686
a8-dual-control,waxman-n60-load0.7-random_node_30-distributed,waxman,60,0.7,random_node_30,DISTRIBUTED,ecmp,25,17261442158824024084,0.31118205532359516,0.6478875144874632,0.24934328879067408,0.2531087283295483,0.2524996312185899,3014.1134658599376,53.53945179622456,150.60827219243208,,,True,45,0,0,0.5,0.778188561238535,,0.1745136999816168,3,10611,0.8073283000121592
a8-dual-control,waxman-n60-load0.7-random_node_30-distributed,waxman,60,0.7,random_node_30,DISTRIBUTED,orbit,25,17261442158824024084,0.38730940896970034,0.6934406036549023,0.45485602276283427,0.2937808677359424,0.2661796251409029,3751.484010914014,39.79353691592566,101.87806635447632,,0.30000000000000004,True,219,4,0,0.5,0.6526302581809382,,0.13744819999556057,3,10630,0.8689107999962289
a8-dual-control,waxman-n60-load0.7-random_node_30-distributed,waxman,60,0.7,random_node_30,DISTRIBUTED,spf-reconverge,25,17261442158824024084,0.31118205532359516,0.6478875144874632,0.24934328879067408,0.2531087283295483,0.2524996312185899,3014.1134658599376,53.53945179622456,150.60827219243208,,,True,45,0,0,0.5,0.778188561238535,,0.023757999995723367,3,10611,0.5161302000051364
a8-dual-control,waxman-n60-load0.7-random_node_30-distributed,waxman,60,0.7,random_node_30,DISTRIBUTED,spf-static,25,17261442158824024084,0.2711382032709662,0.4625788247616172,0.2642639653519282,0.22194810748503968,0.23102797198532843,2626.248190109314,33.91946882412532,150.51798630947712,,,True,0,0,0,0.0,0.506854736022,,0.01089119998505339,3,13780,0.4423296000022674
a8-dual-control,waxman-n60-load0.7-random_node_30-distributed,waxman,60,0.7,random_node_30,DISTRIBUTED,cspf,26,15360302943866158124,0.33471904864118246,0.5864239185323322,0.4301966409351447,0.2534734633540461,0.21154716298709747,2073.0753715330275,68.58802337244572,153.26781085391883,,,True,117,0,0,0.5,0.5619613003426159,,0.10264049998659175,3,10448,0.7666617000068072
a8-dual-control,waxman-n60-load0.7-random_node_30-distributed,waxman,60,0.7,random_node_30,DISTRIBUTED,ecmp,26,15360302943866158124,0.2749248522646758,0.6250637187987178,0.3192577112756711,0.20205382618230625,0.13334801745291985,1702.7412767990652,66.89727979655132,251.30449903808523,,,True,67,0,0,0.5,0.58138858578264,,0.16426679999858607,3,10424,0.6249831999884918
a8-dual-control,waxman-n60-load0.7-random_node_30-distributed,waxman,60,0.7,random_node_30,DISTRIBUTED,orbit,26,15360302943866158124,0.3220863599321334,0.63205189596523,0.41365151823687624,0.2674313839267632,0.13265876991701372,1994.8350803237665,60.007702582548404,202.40939174729863,,0.0,True,248,9,0,0.5,0.5847834194527045,,0.13264679998974316,3,10463,0.8991600000008475
a8-dual-control,waxman-n60-load0.7-random_node_30-distributed,waxman,60,0.7,random_node_30,DISTRIBUTED,spf-reconverge,26,15360302943866158124,0.2749248522646758,0.6250637187987178,0.3192577112756711,0.20205382618230625,0.13334801745291985,1702.7412767990652,66.89727979655132,251.30449903808523,,,True,67,0,0,0.5,0.58138858578264,,0.04933619999792427,3,10424,0.5242685000121128
a8-dual-control,waxman-n60-load0.7-random_node_30-distributed,waxman,60,0.7,random_node_30,DISTRIBUTED,spf-static,26,15360302943866158124,0.24015039911617367,0.40100771612975716,0.21527160102598158,0.21071964125328976,0.2131408159809693,1487.3664343055054,28.137514707747783,200.97780950235168,,,True,0,0,0,0.0,0.3128618768896023,,0.02455599998938851,3,15730,0.42001149999850895
a8-dual-control,waxman-n60-load0.7-random_node_30-distributed,waxman,60,0.7,random_node_30,DISTRIBUTED,cspf,27,4419632217363942568,0.4070778262618515,0.4788478630741666,0.5667978843888496,0.2941722286282244,0.35328685260871173,2592.202959966484,40.48430479410105,102.7598492288324,,,True,110,0,0,0.5,0.40426728581558546,,0.14990180000313558,3,11024,0.965615599998273
a8-dual-control,waxman-n60-load0.7-random_node_30-distributed,waxman,60,0.7,random_node_30,DISTRIBUTED,ecmp,27,4419632217363942568,0.2950446569645983,0.4698076664372708,0.4192579676299077,0.19077558826824456,0.20735638896573116,1878.7946278704023,42.61427946572612,150.56448915157176,,,True,41,0,0,0.5,0.46839196502680147,,0.11060120000911411,3,11023,0.7195642000006046
a8-dual-control,waxman-n60-load0.7-random_node_30-distributed,waxman,60,0.7,random_node_30,DISTRIBUTED,orbit,27,4419632217363942568,0.40795605176885796,0.47625094485565167,0.5767711715136726,0.3363154822594974,0.2901467575539113,2597.7953519169014,37.92814296428464,104.21632619698865,,,True,209,4,0,0.5,0.40379770451995345,,0.10007920001226012,3,11034,0.9024695999978576
a8-dual-control,waxman-n60-load0.7-random_node_30-distributed,waxman,60,0.7,random_node_30,DISTRIBUTED,spf-reconverge,27,4419632217363942568,0.2950446569645983,0.4698076664372708,0.4192579676299077,0.19077558826824456,0.20735638896573116,1878.7946278704023,42.61427946572612,150.56448915157176,,,True,41,0,0,0.5,0.46839196502680147,,0.019662299993797205,3,11023,0.46175420000508893
a8-dual-control,waxman-n60-load0.7-random_node_30-distributed,waxman,60,0.7,random_node_30,DISTRIBUTED,spf-static,27,4419632217363942568,0.2380805019725212,0.19608192249789932,0.3229872395032045,0.1538768079584666,0.288685702376982,1516.0564936457483,33.01222622522701,150.56448915157176,,,True,0,0,0,0.0,0.10195499971574329,,0.008957400001236238,3,14560,0.4065948000061326
a8-dual-control,waxman-n60-load0.7-random_node_30-distributed,waxman,60,0.7,random_node_30,DISTRIBUTED,cspf,28,960938409721597852,0.39222171426960667,0.6299935583917823,0.39954816869835796,0.40048060090856297,0.24191239371043405,2709.030253678979,47.196309515714965,102.19816877410831,,,True,134,0,0,0.5,0.6088913745893272,,0.11029480000433978,3,11039,0.8402277999994112
a8-dual-control,waxman-n60-load0.7-random_node_30-distributed,waxman,60,0.7,random_node_30,DISTRIBUTED,ecmp,28,960938409721597852,0.3067083713860867,0.6354621713154132,0.3227449216081352,0.26891440070619804,0.15591652393187508,2118.3994330573505,49.19257707866728,150.824497947937,,,True,59,0,0,0.5,0.6045399750135194,,0.14402530001825653,3,11036,0.77939399999741
a8-dual-control,waxman-n60-load0.7-random_node_30-distributed,waxman,60,0.7,random_node_30,DISTRIBUTED,orbit,28,960938409721597852,0.41809910170554354,0.6373521081031461,0.4173764244219095,0.44553495689740563,0.2619502193403444,2887.7623913951943,39.26570692868342,102.1453690507171,,,True,210,3,0,0.5,0.5879860122190429,,0.14669459998549428,3,11024,0.8917038000072353
a8-dual-control,waxman-n60-load0.7-random_node_30-distributed,waxman,60,0.7,random_node_30,DISTRIBUTED,spf-reconverge,28,960938409721597852,0.3067083713860867,0.6354621713154132,0.3227449216081352,0.26891440070619804,0.15591652393187508,2118.3994330573505,49.19257707866728,150.824497947937,,,True,59,0,0,0.5,0.6045399750135194,,0.022565899998880923,3,11036,0.661800999994739
a8-dual-control,waxman-n60-load0.7-random_node_30-distributed,waxman,60,0.7,random_node_30,DISTRIBUTED,spf-static,28,960938409721597852,0.2536407340179155,0.4742565472025956,0.18705902168237898,0.20857464120375815,0.2600463310540935,1751.8673674134238,39.9247558986252,150.90229410746142,,,True,0,0,0,0.0,0.40877916357587335,,0.00919930002419278,3,15210,0.503640800001449
a8-dual-control,waxman-n60-load0.7-random_node_30-distributed,waxman,60,0.7,random_node_30,DISTRIBUTED,cspf,29,17465361317113517562,0.3732004848445624,0.42479470184212853,0.38953312045984295,0.4413609927474148,0.22949298368068455,2576.9874059885,46.03745443611274,150.66549371643075,,,True,112,0,0,0.5,0.39588211118408945,,0.14282509998884052,3,10657,0.7383594999992056
a8-dual-control,waxman-n60-load0.7-random_node_30-distributed,waxman,60,0.7,random_node_30,DISTRIBUTED,ecmp,29,17465361317113517562,0.26954069539791525,0.3806982039130402,0.2864041049829633,0.24996481381616378,0.20742169388201254,1861.2059888697936,58.852017103691765,152.49496664093078,,,True,35,0,0,0.5,0.3645176744753805,,0.1866671000025235,3,10635,0.5823365000105696
a8-dual-control,waxman-n60-load0.7-random_node_30-distributed,waxman,60,0.7,random_node_30,DISTRIBUTED,orbit,29,17465361317113517562,0.3605461364920645,0.435148917371245,0.3719553587243089,0.4376818920904134,0.19504162897263536,2489.607840152833,51.97558822898818,151.40164780023173,,,True,213,3,0,0.5,0.36345151799682085,,0.10248720001254696,3,10669,0.6502825999923516
a8-dual-control,waxman-n60-load0.7-random_node_30-distributed,waxman,60,0.7,random_node_30,DISTRIBUTED,spf-reconverge,29,17465361317113517562,0.26954069539791525,0.3806982039130402,0.2864041049829633,0.24996481381616378,0.20742169388201254,1861.2059888697936,58.852017103691765,152.49496664093078,,,True,35,0,0,0.5,0.3645176744753805,,0.028952799999387935,3,10635,0.47513200000685174
a8-dual-control,waxman-n60-load0.7-random_node_30-distributed,waxman,60,0.7,random_node_30,DISTRIBUTED,spf-static,29,17465361317113517562,0.24878564724522878,0.2749859823128342,0.23147619414193124,0.2751281583412932,0.21426918958215146,1717.890264822879,41.37193188890076,150.5318935749964,,,True,0,0,0,0.0,0.21745055343894343,,0.009748500000569038,3,14170,0.4731815999984974
