experiment,scenario,family,nodes,offered_load,failure,control_mode,algorithm,trial,seed,pdr,pdr_critical,pdr_high,pdr_normal,pdr_low,throughput_mbps,mean_latency_ms,p95_latency_ms,time_to_restore_critical_s,time_to_restore_overall_s,censored,reroutes,preemptions,cascade_depth,control_seconds,control_calls,blackholed_flow_ticks,wall_clock_s
a8-load-sweep,waxman-n60-load0.3-critical_link-centralised,waxman,60,0.3,critical_link,CENTRALISED,cspf,0,5629283266842178116,0.9730958013681219,0.9996531290259263,0.9994848167803508,1.0,0.8956503543079626,2472.11155042026,3.176663706205964,3.0358591751832913,0.0,0.0,False,77,0,0,0.0837965999962762,2,6,2.269352000002982
a8-load-sweep,waxman-n60-load0.3-critical_link-centralised,waxman,60,0.3,critical_link,CENTRALISED,ecmp,0,5629283266842178116,0.8579674452128393,0.9996531290259263,0.934634071394366,0.8614519220852181,0.6990616331867461,2179.632496834555,17.565721534961465,100.78893968757974,0.0,0.0,True,15,0,0,0.18411600001854822,2,30,1.4011789999931352
a8-load-sweep,waxman-n60-load0.3-critical_link-centralised,waxman,60,0.3,critical_link,CENTRALISED,orbit,0,5629283266842178116,0.9730560710973167,0.9995696528129531,0.9997914431599475,0.9996908543912458,0.8956503543079626,2472.0106172323653,3.1608985211779688,2.5843322586369557,0.0,0.0,False,155,0,0,0.0474880999972811,2,8,2.2703200000105426
a8-load-sweep,waxman-n60-load0.3-critical_link-centralised,waxman,60,0.3,critical_link,CENTRALISED,spf-reconverge,0,5629283266842178116,0.8579674452128393,0.9996531290259263,0.934634071394366,0.8614519220852181,0.6990616331867461,2179.632496834555,17.565721534961465,100.78893968757974,0.0,0.0,True,15,0,0,0.030575400000088848,2,30,1.5875518999964697
a8-load-sweep,waxman-n60-load0.3-critical_link-centralised,waxman,60,0.3,critical_link,CENTRALISED,spf-static,0,5629283266842178116,0.7927921787271528,0.9774533866851978,0.8753674511431434,0.7917494641021371,0.6107239759036209,2014.0572997630466,21.016832558185875,101.27143262288995,0.0,0.0,True,0,0,0,0.011409099999582395,2,1950,1.6518027999991318
a8-load-sweep,waxman-n60-load0.3-critical_link-centralised,waxman,60,0.3,critical_link,CENTRALISED,cspf,1,2452100683025622335,0.9947276861419693,0.9991384491475124,1.0,1.0,0.9801415926217797,3318.6780680846437,2.7001487232088053,2.801180716915753,0.2,0.2,False,54,0,0,0.09768520000216085,2,2,1.6930277999927057
a8-load-sweep,waxman-n60-load0.3-critical_link-centralised,waxman,60,0.3,critical_link,CENTRALISED,ecmp,1,2452100683025622335,0.8552525543825006,0.998800938442773,0.9726824051109302,0.915001071604913,0.582348249950985,2853.3516604035544,29.086064391263456,100.96446490328576,0.2,0.2,True,3,0,0,0.13834840001072735,2,6,1.8580899000080535
a8-load-sweep,waxman-n60-load0.3-critical_link-centralised,waxman,60,0.3,critical_link,CENTRALISED,orbit,1,2452100683025622335,0.9947276861419693,0.9991384491475124,1.0,1.0,0.9801415926217797,3318.6780680846437,2.6453924469116115,2.415514727648826,0.2,0.2,False,151,0,0,0.0750975999981165,2,2,2.314139399997657
a8-load-sweep,waxman-n60-load0.3-critical_link-centralised,waxman,60,0.3,critical_link,CENTRALISED,spf-reconverge,1,2452100683025622335,0.8552525543825006,0.998800938442773,0.9726824051109302,0.915001071604913,0.582348249950985,2853.3516604035544,29.086064391263456,100.96446490328576,0.2,0.2,True,3,0,0,0.026140300004044548,2,6,1.8434110999951372
a8-load-sweep,waxman-n60-load0.3-critical_link-centralised,waxman,60,0.3,critical_link,CENTRALISED,spf-static,1,2452100683025622335,0.864843350150062,0.9220609987802503,0.9726824051109302,0.9128087029861661,0.666225407771195,2885.349124646992,27.322208486581324,100.95564637796157,,0.0,True,0,0,0,0.009806099988054484,2,390,1.6275834999978542
a8-load-sweep,waxman-n60-load0.3-critical_link-centralised,waxman,60,0.3,critical_link,CENTRALISED,cspf,2,4892830376211141685,0.9997893918920555,1.0,0.9995493719945703,0.9997394367067576,1.0,2796.0597286496727,1.2983905211407814,2.4324113853986886,0.0,0.0,False,68,0,0,0.14225569998961873,2,4,2.3242851000104565
a8-load-sweep,waxman-n60-load0.3-critical_link-centralised,waxman,60,0.3,critical_link,CENTRALISED,ecmp,2,4892830376211141685,0.8971468204290469,0.9994412629691477,0.9717026356955012,0.8962343714917217,0.7585039442902174,2509.00451198085,21.236015481439143,51.641717624828516,0.0,0.0,False,5,0,0,0.2423568000085652,2,10,1.9809602000023006
a8-load-sweep,waxman-n60-load0.3-critical_link-centralised,waxman,60,0.3,critical_link,CENTRALISED,orbit,2,4892830376211141685,0.9997187725707382,0.9994412629691477,1.0,0.9997520860520817,0.999527051249861,2795.8622312147118,1.304317059351192,2.6921908550338185,0.0,0.0,False,153,0,0,0.09702589998778421,2,6,2.3394188999955077
a8-load-sweep,waxman-n60-load0.3-critical_link-centralised,waxman,60,0.3,critical_link,CENTRALISED,spf-reconverge,2,4892830376211141685,0.8971468204290469,0.9994412629691477,0.9717026356955012,0.8962343714917217,0.7585039442902174,2509.00451198085,21.236015481439143,51.641717624828516,0.0,0.0,False,5,0,0,0.029647799994563684,2,10,1.3307140999968396
a8-load-sweep,waxman-n60-load0.3-critical_link-centralised,waxman,60,0.3,critical_link,CENTRALISED,spf-static,2,4892830376211141685,0.8800209340757671,0.9636820929946003,0.9507061706005948,0.8701193149018425,0.7696401294525264,2461.1094237370985,21.611375255563594,51.81479465654324,0.0,0.0,False,0,0,0,0.01006299999426119,2,650,1.3089856000005966
a8-load-sweep,waxman-n60-load0.3-critical_link-centralised,waxman,60,0.3,critical_link,CENTRALISED,cspf,3,2424266111996093201,0.9945758127594396,1.0,1.0,0.9996669210357226,0.9777189487181519,2780.884316958161,2.9858886852590354,2.8641764066266058,0.0,0.0,False,41,0,0,0.1430168000078993,2,2,2.568514500002493
a8-load-sweep,waxman-n60-load0.3-critical_link-centralised,waxman,60,0.3,critical_link,CENTRALISED,ecmp,3,2424266111996093201,0.7874099549224449,1.0,0.8274215985778128,0.7857969306483803,0.5985999498789037,2201.6380919070134,25.841083133922435,101.07014717034826,0.0,0.2,False,5,0,0,0.15843429998494685,2,10,1.6582026999967638
a8-load-sweep,waxman-n60-load0.3-critical_link-centralised,waxman,60,0.3,critical_link,CENTRALISED,orbit,3,2424266111996093201,0.994572052993254,1.0,0.9995656389785772,1.0,0.9777189487181519,2780.87380446159,3.0145850077158842,2.896466700381808,0.0,0.0,False,151,0,0,0.0909768000128679,2,2,2.1712385000137147
a8-load-sweep,waxman-n60-load0.3-critical_link-centralised,waxman,60,0.3,critical_link,CENTRALISED,spf-reconverge,3,2424266111996093201,0.7874099549224449,1.0,0.8274215985778128,0.7857969306483803,0.5985999498789037,2201.6380919070134,25.841083133922435,101.07014717034826,0.0,0.2,False,5,0,0,0.03284870000788942,2,10,1.528119999988121
a8-load-sweep,waxman-n60-load0.3-critical_link-centralised,waxman,60,0.3,critical_link,CENTRALISED,spf-static,3,2424266111996093201,0.7709967115597126,1.0,0.7877956433326578,0.7444113175898247,0.6314142378793332,2155.745832642028,22.537480318031697,101.02549228806821,0.0,0.0,True,0,0,0,0.00945639998826664,2,650,1.3104238999949303
a8-load-sweep,waxman-n60-load0.3-critical_link-centralised,waxman,60,0.3,critical_link,CENTRALISED,cspf,4,8584562566166299177,0.980077475554928,0.9995221947792425,0.9995000357374493,0.9869805392700537,0.937712852816439,2365.6406448017997,5.240714450805219,51.270075412431034,0.0,0.0,False,61,0,0,0.11360909999348223,2,8,2.33644829998957
a8-load-sweep,waxman-n60-load0.3-critical_link-centralised,waxman,60,0.3,critical_link,CENTRALISED,ecmp,4,8584562566166299177,0.8814044434468506,0.9986853548387755,0.9872214280458972,0.8805930558526887,0.6985051187288536,2127.4707642333947,24.255305927796055,100.68019275695221,0.2,0.2,True,7,0,0,0.09798370000498835,2,14,1.3174526000075275
a8-load-sweep,waxman-n60-load0.3-critical_link-centralised,waxman,60,0.3,critical_link,CENTRALISED,orbit,4,8584562566166299177,0.9799705530491557,0.999163160059533,1.0,0.9862175532109565,0.9380086013396861,2365.38256293398,5.209115394795185,51.290693199278806,0.2,0.2,False,155,1,0,0.05097360000945628,2,10,2.17449370000395
a8-load-sweep,waxman-n60-load0.3-critical_link-centralised,waxman,60,0.3,critical_link,CENTRALISED,spf-reconverge,4,8584562566166299177,0.8814044434468506,0.9986853548387755,0.9872214280458972,0.8805930558526887,0.6985051187288536,2127.4707642333947,24.255305927796055,100.68019275695221,0.2,0.2,True,7,0,0,0.02756770000269171,2,14,1.8450548999971943
a8-load-sweep,waxman-n60-load0.3-critical_link-centralised,waxman,60,0.3,critical_link,CENTRALISED,spf-static,4,8584562566166299177,0.8769898745850939,0.9145480645204034,0.9675023229342232,0.8895609085022699,0.7376812255500609,2116.815194863499,18.34011829696517,51.84681646826745,,0.0,True,0,0,0,0.022213999996893108,2,910,1.6528950000065379
a8-load-sweep,waxman-n60-load0.3-critical_link-centralised,waxman,60,0.3,critical_link,CENTRALISED,cspf,5,7084224949769929904,0.9980410536212864,1.0,0.9997678790250729,0.9998438747803983,0.9930688090867991,2465.296055732719,3.25857611543403,3.0766737145878347,0.0,0.0,False,67,0,0,0.1409364999999525,2,6,2.0527688000001945
a8-load-sweep,waxman-n60-load0.3-critical_link-centralised,waxman,60,0.3,critical_link,CENTRALISED,ecmp,5,7084224949769929904,0.908504371321694,1.0,0.999080943596054,0.965186362322055,0.7016813386489333,2244.1283703798304,18.332426359985256,52.04723013015324,0.0,0.2,False,11,0,0,0.1609593000030145,2,22,2.0239375999954063
a8-load-sweep,waxman-n60-load0.3-critical_link-centralised,waxman,60,0.3,critical_link,CENTRALISED,orbit,5,7084224949769929904,0.998036740725957,0.9995032172780706,0.9997678790250729,0.9998438747803983,0.9933218673640648,2465.2854022993706,3.2612735374577704,3.1076833795628565,0.0,0.0,False,154,0,0,0.043324400001438335,2,8,1.970227400001022
a8-load-sweep,waxman-n60-load0.3-critical_link-centralised,waxman,60,0.3,critical_link,CENTRALISED,spf-reconverge,5,7084224949769929904,0.908504371321694,1.0,0.999080943596054,0.965186362322055,0.7016813386489333,2244.1283703798304,18.332426359985256,52.04723013015324,0.0,0.2,False,11,0,0,0.017724100005580112,2,22,1.4701016999897547
a8-load-sweep,waxman-n60-load0.3-critical_link-centralised,waxman,60,0.3,critical_link,CENTRALISED,spf-static,5,7084224949769929904,0.866306439768058,1.0,0.9402613337435208,0.9068183165339171,0.6727599263167108,2139.893786199355,13.186305112067156,51.443240613219764,0.0,0.0,True,0,0,0,0.008628800002043135,2,1430,1.260180399985984
a8-load-sweep,waxman-n60-load0.3-critical_link-centralised,waxman,60,0.3,critical_link,CENTRALISED,cspf,6,11765874687403831950,0.9917019026841452,1.0,0.999540110671991,1.0,0.9670098824880567,2268.8174921270697,3.4812483164497805,3.57985594141575,0.0,0.0,False,37,0,0,0.07776379999995697,2,4,2.116376699996181
a8-load-sweep,waxman-n60-load0.3-critical_link-centralised,waxman,60,0.3,critical_link,CENTRALISED,ecmp,6,11765874687403831950,0.8904630435014621,0.998040092642223,1.0,0.9434370493571074,0.6400185123073142,2037.2030382523985,23.40469431936994,100.42718107311384,0.2,0.2,False,7,0,0,0.2071981000044616,2,14,1.8066523000015877
a8-load-sweep,waxman-n60-load0.3-critical_link-centralised,waxman,60,0.3,critical_link,CENTRALISED,orbit,6,11765874687403831950,0.9916249153702822,0.9991730098371567,1.0,1.0,0.9667667834758449,2268.6413604045315,3.475218630235477,3.514433669311366,0.2,0.2,False,153,0,0,0.04877920000581071,2,6,2.2076914999925066
a8-load-sweep,waxman-n60-load0.3-critical_link-centralised,waxman,60,0.3,critical_link,CENTRALISED,spf-reconverge,6,11765874687403831950,0.8904630435014621,0.998040092642223,1.0,0.9434370493571074,0.6400185123073142,2037.2030382523985,23.40469431936994,100.42718107311384,0.2,0.2,False,7,0,0,0.017086199994082563,2,14,1.7182682000129716
a8-load-sweep,waxman-n60-load0.3-critical_link-centralised,waxman,60,0.3,critical_link,CENTRALISED,spf-static,6,11765874687403831950,0.8552177523208256,0.872606021744508,1.0,0.9222351267060386,0.6068401395566573,1956.5687943033793,24.25809138764339,100.92355148850771,,0.0,True,0,0,0,0.008671500007039867,2,910,1.557928099995479
a8-load-sweep,waxman-n60-load0.3-critical_link-centralised,waxman,60,0.3,critical_link,CENTRALISED,cspf,7,7059460148165412401,0.9998164602635665,1.0,1.0,0.9996203815314826,0.9997950361230203,2491.197082611045,1.1497806503180272,2.4830786150125586,0.0,0.0,False,56,0,0,0.12375649999012239,2,4,2.2337299000064377
a8-load-sweep,waxman-n60-load0.3-critical_link-centralised,waxman,60,0.3,critical_link,CENTRALISED,ecmp,7,7059460148165412401,0.8690580889806311,0.9993163531570893,0.9859730442603535,0.8555943044044263,0.6930821132793754,2165.3924114405486,30.85973405694612,100.78630209894149,0.2,0.2,True,5,0,0,0.12525290000485256,2,10,1.8025072000018554
a8-load-sweep,waxman-n60-load0.3-critical_link-centralised,waxman,60,0.3,critical_link,CENTRALISED,orbit,7,7059460148165412401,0.999627739204079,0.9995593198503567,0.9996833403537656,1.0,0.9990922556475711,2490.726854952762,1.10762199317918,2.0137816826123824,0.0,0.2,False,155,0,0,0.10558940000191797,2,10,2.191655599992373
a8-load-sweep,waxman-n60-load0.3-critical_link-centralised,waxman,60,0.3,critical_link,CENTRALISED,spf-reconverge,7,7059460148165412401,0.8690580889806311,0.9993163531570893,0.9859730442603535,0.8555943044044263,0.6930821132793754,2165.3924114405486,30.85973405694612,100.78630209894149,0.2,0.2,True,5,0,0,0.018849400003091432,2,10,1.455191900007776
a8-load-sweep,waxman-n60-load0.3-critical_link-centralised,waxman,60,0.3,critical_link,CENTRALISED,spf-static,7,7059460148165412401,0.8543704035620137,0.9555629552108182,0.9638021079865134,0.8312987224193159,0.7159694237941926,2128.7957754384543,31.36816462541609,100.78630209894149,,0.0,True,0,0,0,0.009305800005677156,2,650,1.5362640999956056
a8-load-sweep,waxman-n60-load0.3-critical_link-centralised,waxman,60,0.3,critical_link,CENTRALISED,cspf,8,530521908966173765,0.9998037490606615,0.9993952494476412,1.0,0.9996921512359099,1.0,2522.119965383562,1.0932938558923073,2.2401741726054074,0.0,0.0,False,10,0,0,0.08150669999304228,2,6,1.6113530000002356
a8-load-sweep,waxman-n60-load0.3-critical_link-centralised,waxman,60,0.3,critical_link,CENTRALISED,ecmp,8,530521908966173765,0.9062781392062594,0.9974541083356238,0.9967059475131359,0.8812087811196051,0.7838913659273574,2286.190856185803,14.266744580573185,51.301044685116246,0.2,0.2,False,12,0,0,0.2221469999931287,2,24,1.7865812000090955
a8-load-sweep,waxman-n60-load0.3-critical_link-centralised,waxman,60,0.3,critical_link,CENTRALISED,orbit,8,530521908966173765,0.9998137434591521,0.9991767706027022,1.0,0.9998178159290705,1.0,2522.1451774034194,1.152935680972839,2.5286963175579573,0.2,0.2,False,152,0,0,0.04768570000305772,2,4,2.513612299997476
a8-load-sweep,waxman-n60-load0.3-critical_link-centralised,waxman,60,0.3,critical_link,CENTRALISED,spf-reconverge,8,530521908966173765,0.9062781392062594,0.9974541083356238,0.9967059475131359,0.8812087811196051,0.7838913659273574,2286.190856185803,14.266744580573185,51.301044685116246,0.2,0.2,False,12,0,0,0.0173944999842206,2,24,1.3803145999991102
a8-load-sweep,waxman-n60-load0.3-critical_link-centralised,waxman,60,0.3,critical_link,CENTRALISED,spf-static,8,530521908966173765,0.8564453532581925,0.834517041815542,0.9460402008746113,0.8322585732369052,0.8047088580606562,2160.481921318947,15.015494781272203,51.27484452156572,,0.0,True,0,0,0,0.008670499999425374,2,1560,1.383628100011265
a8-load-sweep,waxman-n60-load0.3-critical_link-centralised,waxman,60,0.3,critical_link,CENTRALISED,cspf,9,5631942550801531918,0.9826733664123135,0.999591059173364,1.0,0.9996237575081719,0.9331963767537947,2619.007968571711,7.063283788123775,52.43190653145332,0.0,0.0,False,50,0,0,0.12753350001003128,2,6,2.4468193000066094
a8-load-sweep,waxman-n60-load0.3-critical_link-centralised,waxman,60,0.3,critical_link,CENTRALISED,ecmp,9,5631942550801531918,0.9034947783093694,1.0,0.9958269671410224,0.8719206814338928,0.8001043931865158,2407.982250088099,19.82064338181593,52.77956975173062,0.0,0.0,True,4,0,0,0.12182359999860637,2,8,2.0861894999979995
a8-load-sweep,waxman-n60-load0.3-critical_link-centralised,waxman,60,0.3,critical_link,CENTRALISED,orbit,9,5631942550801531918,0.9827451752548078,0.999591059173364,0.9997723554452909,1.0,0.9331963767537945,2619.1993525423513,7.095882465232303,52.5065021955992,0.0,0.0,False,155,0,0,0.05679369998688344,2,8,2.0705910000106087
a8-load-sweep,waxman-n60-load0.3-critical_link-centralised,waxman,60,0.3,critical_link,CENTRALISED,spf-reconverge,9,5631942550801531918,0.9034947783093694,1.0,0.9958269671410224,0.8719206814338928,0.8001043931865158,2407.982250088099,19.82064338181593,52.77956975173062,0.0,0.0,True,4,0,0,0.02276510000228882,2,8,1.6279902999958722
a8-load-sweep,waxman-n60-load0.3-critical_link-centralised,waxman,60,0.3,critical_link,CENTRALISED,spf-static,9,5631942550801531918,0.9035184966523135,1.0,0.9711151205484319,0.8955594714411671,0.7929340724757844,2408.045463899825,19.816051734582754,52.78374998334796,0.0,0.0,False,0,0,0,0.008835400003590621,2,520,1.853027999997721
a8-load-sweep,waxman-n60-load0.3-critical_link-centralised,waxman,60,0.3,critical_link,CENTRALISED,cspf,10,14182737888209800641,0.9867042420587816,1.0,1.0,1.0,0.9505417635344877,2675.8900331307373,3.075804333797511,2.9832619126926665,0.0,0.0,False,63,0,0,0.08112010001786985,2,2,2.026105400000233
a8-load-sweep,waxman-n60-load0.3-critical_link-centralised,waxman,60,0.3,critical_link,CENTRALISED,ecmp,10,14182737888209800641,0.8656807828077977,1.0,0.9841986522220647,0.8308068269497766,0.7300321916548471,2347.680773880974,20.319666407903945,100.78330706294011,0.0,0.0,False,6,0,0,0.16936810000333935,2,12,1.68937909998931
a8-load-sweep,waxman-n60-load0.3-critical_link-centralised,waxman,60,0.3,critical_link,CENTRALISED,orbit,10,14182737888209800641,0.9867453860055887,0.9993075796408258,1.0,0.9997753615845526,0.9513160473229374,2676.0016133515287,3.0200816386860834,3.155205961121647,0.2,0.2,False,152,0,0,0.04519839999557007,2,4,2.1432053000025917
a8-load-sweep,waxman-n60-load0.3-critical_link-centralised,waxman,60,0.3,critical_link,CENTRALISED,spf-reconverge,10,14182737888209800641,0.8656807828077977,1.0,0.9841986522220647,0.8308068269497766,0.7300321916548471,2347.680773880974,20.319666407903945,100.78330706294011,0.0,0.0,False,6,0,0,0.023676799988606945,2,12,1.5161401999939699
a8-load-sweep,waxman-n60-load0.3-critical_link-centralised,waxman,60,0.3,critical_link,CENTRALISED,spf-static,10,14182737888209800641,0.861825760819556,1.0,0.9628962236186726,0.8377768213380051,0.7274493171530774,2337.226156908504,19.040415605621984,100.62879818852625,0.0,0.0,False,0,0,0,0.009302599995862693,2,780,1.5644515000021784
a8-load-sweep,waxman-n60-load0.3-critical_link-centralised,waxman,60,0.3,critical_link,CENTRALISED,cspf,11,5352527161545073220,0.9998749142972748,1.0,1.0,0.999637746716715,1.0,2963.4142559058178,1.3802625818587009,2.6450606923305613,0.0,0.0,False,21,0,0,0.12979590000759345,2,2,2.3185792000003858
a8-load-sweep,waxman-n60-load0.3-critical_link-centralised,waxman,60,0.3,critical_link,CENTRALISED,ecmp,11,5352527161545073220,0.8189928460377611,0.9992194977333574,0.9347289789205485,0.7990824626691453,0.6335778188705304,2427.3186982982947,27.541456385322967,101.2197433716699,0.2,0.2,True,11,0,0,0.18985179999435786,2,22,1.5309338999941247
a8-load-sweep,waxman-n60-load0.3-critical_link-centralised,waxman,60,0.3,critical_link,CENTRALISED,orbit,11,5352527161545073220,0.999938989519587,0.9995530640656242,1.0,1.0,1.0,2963.6041610874913,1.434921316801318,2.446613317699854,0.0,0.0,False,151,0,0,0.04706060000171419,2,2,2.2643225000065286
a8-load-sweep,waxman-n60-load0.3-critical_link-centralised,waxman,60,0.3,critical_link,CENTRALISED,spf-reconverge,11,5352527161545073220,0.8189928460377611,0.9992194977333574,0.9347289789205485,0.7990824626691453,0.6335778188705304,2427.3186982982947,27.541456385322967,101.2197433716699,0.2,0.2,True,11,0,0,0.020438200008356944,2,22,1.3701062999898568
a8-load-sweep,waxman-n60-load0.3-critical_link-centralised,waxman,60,0.3,critical_link,CENTRALISED,spf-static,11,5352527161545073220,0.8037949984382723,0.949267352668252,0.9377585136487223,0.7479651928280509,0.6664581237505594,2382.275545808503,24.457308199502148,101.2197433716699,,0.0,True,0,0,0,0.025846199991065077,2,1430,1.6420367999962764
a8-load-sweep,waxman-n60-load0.3-critical_link-centralised,waxman,60,0.3,critical_link,CENTRALISED,cspf,12,17429962228232331082,0.9686871543371838,0.9996116231951011,1.0,0.9243640242530853,0.97993444680003,2911.0945206051183,6.385578129721321,51.804885195035915,0.0,0.0,False,61,0,0,0.08472959999926388,2,4,1.8821198999939952
a8-load-sweep,waxman-n60-load0.3-critical_link-centralised,waxman,60,0.3,critical_link,CENTRALISED,ecmp,12,17429962228232331082,0.7539254181973419,0.9976544953889456,0.9309630553393824,0.6353258959952081,0.600703714559683,2265.6934636042974,25.0458847727481,101.47787985202875,0.2,0.2,True,11,0,0,0.14955950000148732,2,22,1.5512353000085568
a8-load-sweep,waxman-n60-load0.3-critical_link-centralised,waxman,60,0.3,critical_link,CENTRALISED,orbit,12,17429962228232331082,0.9687703098753828,0.9991679440075701,1.0,0.924416499374468,0.9804335739363388,2911.3444192752154,6.269402526547637,51.64710225223131,0.2,0.2,False,153,1,0,0.08306209999136627,2,2,2.380209399998421
a8-load-sweep,waxman-n60-load0.3-critical_link-centralised,waxman,60,0.3,critical_link,CENTRALISED,spf-reconverge,12,17429962228232331082,0.7539254181973419,0.9976544953889456,0.9309630553393824,0.6353258959952081,0.600703714559683,2265.6934636042974,25.0458847727481,101.47787985202875,0.2,0.2,True,11,0,0,0.025174099995638244,2,22,1.540503099997295
a8-load-sweep,waxman-n60-load0.3-critical_link-centralised,waxman,60,0.3,critical_link,CENTRALISED,spf-static,12,17429962228232331082,0.7566277144710946,0.8475422002814486,0.9347671165766082,0.7043968972413993,0.5964253773369593,2273.8143928850777,21.056262105590275,101.27317649351957,,0.0,True,0,0,0,0.009663000018917955,2,1430,1.1030447999946773
a8-load-sweep,waxman-n60-load0.3-critical_link-centralised,waxman,60,0.3,critical_link,CENTRALISED,cspf,13,1898860098198704260,0.9996752900710685,1.0,0.9991678237096338,0.999696538599932,1.0,2292.165614827107,1.3139450855470154,2.2548252014306347,0.0,0.2,False,45,0,0,0.09904029998870101,2,6,2.433261999991373
a8-load-sweep,waxman-n60-load0.3-critical_link-centralised,waxman,60,0.3,critical_link,CENTRALISED,ecmp,13,1898860098198704260,0.875363578779274,0.9984910358658887,0.9849752015095334,0.7579591743071287,0.868005485254315,2007.1300307995086,18.033945051125,101.16445441478395,0.2,0.2,True,13,0,0,0.09824129998742137,2,26,1.766864599994733
a8-load-sweep,waxman-n60-load0.3-critical_link-centralised,waxman,60,0.3,critical_link,CENTRALISED,orbit,13,1898860098198704260,0.9997173560948525,0.9991966691290968,0.9996200023693946,0.9997640534663091,1.0,2292.262068439823,1.3188520964760002,2.356992933487392,0.2,0.2,False,153,0,0,0.0842558000003919,2,6,2.435334800000419
a8-load-sweep,waxman-n60-load0.3-critical_link-centralised,waxman,60,0.3,critical_link,CENTRALISED,spf-reconverge,13,1898860098198704260,0.875363578779274,0.9984910358658887,0.9849752015095334,0.7579591743071287,0.868005485254315,2007.1300307995086,18.033945051125,101.16445441478395,0.2,0.2,True,13,0,0,0.018372100006672554,2,26,1.2772444000001997
a8-load-sweep,waxman-n60-load0.3-critical_link-centralised,waxman,60,0.3,critical_link,CENTRALISED,spf-static,13,1898860098198704260,0.8464626114887599,0.9019173312827814,0.8093548215312614,0.8206305654318037,0.8927227628492173,1940.8627096838195,12.01066084256516,51.93351729817478,,0.0,True,0,0,0,0.00899119999667164,2,1690,1.4404825999954483
a8-load-sweep,waxman-n60-load0.3-critical_link-centralised,waxman,60,0.3,critical_link,CENTRALISED,cspf,14,17956382866553172105,0.9998175540048959,0.9996078887673138,1.0,0.9996442084456594,1.0,2579.3329763086267,1.183370301247292,2.226387833921879,0.0,0.0,False,56,0,0,0.07921599999826867,2,4,2.061550200000056
a8-load-sweep,waxman-n60-load0.3-critical_link-centralised,waxman,60,0.3,critical_link,CENTRALISED,ecmp,14,17956382866553172105,0.9408857230300899,0.9996078887673138,0.978840114900624,0.9549508789066863,0.8429489470473976,2427.300423590694,19.428813471598627,100.78873123380548,0.0,0.2,False,5,0,0,0.09794659999897704,2,10,1.8831527000002097
a8-load-sweep,waxman-n60-load0.3-critical_link-centralised,waxman,60,0.3,critical_link,CENTRALISED,orbit,14,17956382866553172105,0.9997601116594618,0.9993602118973821,1.0,0.9997938860684131,0.9996957126614749,2579.184786336145,1.1962661074989673,2.232943527133857,0.0,0.0,False,153,0,0,0.04765959999349434,2,6,2.1932522999995854
a8-load-sweep,waxman-n60-load0.3-critical_link-centralised,waxman,60,0.3,critical_link,CENTRALISED,spf-reconverge,14,17956382866553172105,0.9408857230300899,0.9996078887673138,0.978840114900624,0.9549508789066863,0.8429489470473976,2427.300423590694,19.428813471598627,100.78873123380548,0.0,0.2,False,5,0,0,0.016686499991919845,2,10,1.3669239000009838
a8-load-sweep,waxman-n60-load0.3-critical_link-centralised,waxman,60,0.3,critical_link,CENTRALISED,spf-static,14,17956382866553172105,0.9223190677018588,0.9745127698753997,0.978840114900624,0.904994768589155,0.8538398049440337,2379.4020983852256,16.224114519006804,100.78873123380548,0.0,0.0,True,0,0,0,0.00859259998833295,2,650,1.7077107000077376
a8-load-sweep,waxman-n60-load0.3-critical_link-centralised,waxman,60,0.3,critical_link,CENTRALISED,cspf,15,4259669751961775275,0.9898594155565688,1.0,0.9995492244269647,0.9818555751033549,0.984026878794811,2613.4680950630695,3.229317983954631,3.1853381474225717,0.0,0.0,False,30,0,0,0.16292010000324808,2,2,2.411069099995075
a8-load-sweep,waxman-n60-load0.3-critical_link-centralised,waxman,60,0.3,critical_link,CENTRALISED,ecmp,15,4259669751961775275,0.8420524758089148,0.9981928137293917,0.9712776729314184,0.8337619611301958,0.6063565182655866,2223.222050838492,26.913056788717363,101.48375671166576,0.2,0.2,False,14,0,0,0.10588259999349248,2,28,1.4326893999968888
a8-load-sweep,waxman-n60-load0.3-critical_link-centralised,waxman,60,0.3,critical_link,CENTRALISED,orbit,15,4259669751961775275,0.9898594155565688,1.0,0.9995492244269647,0.9818555751033549,0.984026878794811,2613.4680950630695,3.1911121765026595,3.3370263050023046,0.0,0.0,False,151,0,0,0.045324300008360296,2,2,2.1355149999872083
a8-load-sweep,waxman-n60-load0.3-critical_link-centralised,waxman,60,0.3,critical_link,CENTRALISED,spf-reconverge,15,4259669751961775275,0.8420524758089148,0.9981928137293917,0.9712776729314184,0.8337619611301958,0.6063565182655866,2223.222050838492,26.913056788717363,101.48375671166576,0.2,0.2,False,14,0,0,0.03517200000351295,2,28,1.6685886999912327
a8-load-sweep,waxman-n60-load0.3-critical_link-centralised,waxman,60,0.3,critical_link,CENTRALISED,spf-static,15,4259669751961775275,0.8173664717677209,0.8825328924104724,0.9142801332846018,0.8672028616102673,0.5926178754547174,2158.045033837565,17.8289550840436,100.82522324896843,,0.0,True,0,0,0,0.00995500001590699,2,1820,1.2065369000047212
a8-load-sweep,waxman-n60-load0.3-critical_link-centralised,waxman,60,0.3,critical_link,CENTRALISED,cspf,16,14053098592942537291,0.9998033561905887,1.0,1.0,0.9994418643294966,1.0,2148.5617145555248,1.2782218789807163,2.400740345094392,0.0,0.0,False,50,0,0,0.09614150000561494,2,4,2.4864090999908512
a8-load-sweep,waxman-n60-load0.3-critical_link-centralised,waxman,60,0.3,critical_link,CENTRALISED,ecmp,16,14053098592942537291,0.9126024757116098,0.9989896667930357,0.9998087577434485,0.9471968845084795,0.7242642152839552,1961.1683915459632,24.236930744434943,100.77690701341176,0.2,0.2,False,7,0,0,0.09359860001131892,2,14,1.7513046000094619
a8-load-sweep,waxman-n60-load0.3-critical_link-centralised,waxman,60,0.3,critical_link,CENTRALISED,orbit,16,14053098592942537291,0.9997075497510797,1.0,0.9996806755448931,0.9996852200768498,0.9995961235295067,2148.355828021275,1.1863958715749616,2.459485070719089,0.0,0.0,False,153,0,0,0.04034759999194648,2,6,1.5282055999996373
a8-load-sweep,waxman-n60-load0.3-critical_link-centralised,waxman,60,0.3,critical_link,CENTRALISED,spf-reconverge,16,14053098592942537291,0.9126024757116098,0.9989896667930357,0.9998087577434485,0.9471968845084795,0.7242642152839552,1961.1683915459632,24.236930744434943,100.77690701341176,0.2,0.2,False,7,0,0,0.016577499991399236,2,14,1.7898837999964599
a8-load-sweep,waxman-n60-load0.3-critical_link-centralised,waxman,60,0.3,critical_link,CENTRALISED,spf-static,16,14053098592942537291,0.8970627850898739,0.9343283415473332,0.9875692533241521,0.9422556768493267,0.7189811221144761,1927.773840388311,22.390121846780254,52.24964743456279,,0.0,True,0,0,0,0.008107299989205785,2,910,1.5063012000027811
a8-load-sweep,waxman-n60-load0.3-critical_link-centralised,waxman,60,0.3,critical_link,CENTRALISED,cspf,17,8537215993759628451,0.9886970777107037,1.0,1.0,0.9861482346629348,0.975235816963637,2921.9973738124686,2.957974967645985,3.026297182853657,0.0,0.0,False,60,0,0,0.1127618999889819,2,2,2.389460100006545
a8-load-sweep,waxman-n60-load0.3-critical_link-centralised,waxman,60,0.3,critical_link,CENTRALISED,ecmp,17,8537215993759628451,0.8862457427409478,0.9996133842714073,0.9798049281456597,0.8825204904389174,0.7415476694241765,2619.212488053149,18.83741037034967,100.74780199925651,0.0,0.2,False,10,0,0,0.10733939999772701,2,20,1.816770200006431
a8-load-sweep,waxman-n60-load0.3-critical_link-centralised,waxman,60,0.3,critical_link,CENTRALISED,orbit,17,8537215993759628451,0.9887006982854358,1.0,0.9995674250083686,0.9861482346629348,0.9756548599238845,2922.0080740664666,2.928393630752924,2.8277719559444954,0.0,0.0,False,151,0,0,0.10825600002135616,2,2,1.953140200013877
a8-load-sweep,waxman-n60-load0.3-critical_link-centralised,waxman,60,0.3,critical_link,CENTRALISED,spf-reconverge,17,8537215993759628451,0.8862457427409478,0.9996133842714073,0.9798049281456597,0.8825204904389174,0.7415476694241765,2619.212488053149,18.83741037034967,100.74780199925651,0.0,0.2,False,10,0,0,0.01874909999605734,2,20,1.7954534000018612
a8-load-sweep,waxman-n60-load0.3-critical_link-centralised,waxman,60,0.3,critical_link,CENTRALISED,spf-static,17,8537215993759628451,0.85583770064562,0.9748699776414793,0.9319971049824802,0.8415977190044517,0.7379540175658047,2529.344497999956,17.789889296204787,101.14287824551967,0.0,0.0,True,0,0,0,0.009270899987313896,2,1300,1.503002600002219
a8-load-sweep,waxman-n60-load0.3-critical_link-centralised,waxman,60,0.3,critical_link,CENTRALISED,cspf,18,5502280812962927999,0.9997890984016682,1.0,1.0,0.9994056274615272,1.0,2510.452047691079,1.2542574028210451,2.530053291904463,0.0,0.0,False,41,0,0,0.10718559999077115,2,4,2.2354779000015697
a8-load-sweep,waxman-n60-load0.3-critical_link-centralised,waxman,60,0.3,critical_link,CENTRALISED,ecmp,18,5502280812962927999,0.9061286418810731,0.9990030909923319,0.998793657066087,0.8687015029828725,0.8166455619924261,2275.2723630598857,16.571029829179658,100.11502604373517,0.2,0.2,False,8,0,0,0.15402570000151172,2,16,1.6256084999913583
a8-load-sweep,waxman-n60-load0.3-critical_link-centralised,waxman,60,0.3,critical_link,CENTRALISED,orbit,18,5502280812962927999,0.9996976472187178,0.9994647623829959,0.9996618663641934,0.9997497824687105,0.9997917164824008,2510.2224154517708,1.2350843029465042,2.6151194868615804,0.0,0.0,False,154,0,0,0.04938360000960529,2,8,2.1877327999973204
a8-load-sweep,waxman-n60-load0.3-critical_link-centralised,waxman,60,0.3,critical_link,CENTRALISED,spf-reconverge,18,5502280812962927999,0.9061286418810731,0.9990030909923319,0.998793657066087,0.8687015029828725,0.8166455619924261,2275.2723630598857,16.571029829179658,100.11502604373517,0.2,0.2,False,8,0,0,0.017663999999058433,2,16,1.280811900011031
a8-load-sweep,waxman-n60-load0.3-critical_link-centralised,waxman,60,0.3,critical_link,CENTRALISED,spf-static,18,5502280812962927999,0.8645651254782949,0.9352009145015856,0.921587709295673,0.8404752883260668,0.8033154168660894,2170.9071374043883,17.310138132119558,100.34804252627532,,0.0,True,0,0,0,0.008811400010017678,2,1040,1.5103182000020752
a8-load-sweep,waxman-n60-load0.3-critical_link-centralised,waxman,60,0.3,critical_link,CENTRALISED,cspf,19,7777722302613478987,0.9996537207535556,1.0,0.9996744140108149,0.9996165738198893,0.9994795669489467,2159.3241653038594,1.128402361018793,2.3192219358144524,0.0,0.0,False,58,0,0,0.07084640000539366,2,6,2.263503199996194
a8-load-sweep,waxman-n60-load0.3-critical_link-centralised,waxman,60,0.3,critical_link,CENTRALISED,ecmp,19,7777722302613478987,0.941986552220509,1.0,0.9719240936857223,0.9653915262653356,0.8437075118455285,2034.7589203866585,17.35597534577997,52.269501343382196,0.0,0.2,False,8,0,0,0.08957569999620318,2,16,1.563125200002105
a8-load-sweep,waxman-n60-load0.3-critical_link-centralised,waxman,60,0.3,critical_link,CENTRALISED,orbit,19,7777722302613478987,0.9996254589406982,0.9993980023247079,0.9996744140108149,1.0,0.9991807769704442,2159.2631177488997,1.112677526118199,2.1229740419620673,0.0,0.2,False,154,0,0,0.042280600013327785,2,8,2.1336914999992587
a8-load-sweep,waxman-n60-load0.3-critical_link-centralised,waxman,60,0.3,critical_link,CENTRALISED,spf-reconverge,19,7777722302613478987,0.941986552220509,1.0,0.9719240936857223,0.9653915262653356,0.8437075118455285,2034.7589203866585,17.35597534577997,52.269501343382196,0.0,0.2,False,8,0,0,0.030256999991252087,2,16,1.6737801999988733
a8-load-sweep,waxman-n60-load0.3-critical_link-centralised,waxman,60,0.3,critical_link,CENTRALISED,spf-static,19,7777722302613478987,0.9160698085463329,1.0,0.93130500678761,0.9275099681147229,0.8344572575457205,1978.776884067673,11.331243234348339,51.501622149231565,0.0,0.0,True,0,0,0,0.008466000013868324,2,1040,2.0440117999969516
a8-load-sweep,waxman-n60-load0.3-critical_link-centralised,waxman,60,0.3,critical_link,CENTRALISED,cspf,20,10871105039610148963,0.9821696762920117,0.9986759466147598,1.0,0.995914345764678,0.937187049786448,2362.2820102299647,3.3610280412552394,2.9988222600392236,0.2,0.2,False,83,0,0,0.07545789999130648,2,8,1.951021100001526
a8-load-sweep,waxman-n60-load0.3-critical_link-centralised,waxman,60,0.3,critical_link,CENTRALISED,ecmp,20,10871105039610148963,0.8760587150108934,0.9981540100552233,0.9993838075599707,0.9466406765622216,0.5941260046093931,2107.0674368489917,23.998172670146502,100.67357994896473,0.2,0.2,False,13,0,0,0.12645200001134071,2,26,1.4487635999976192
a8-load-sweep,waxman-n60-load0.3-critical_link-centralised,waxman,60,0.3,critical_link,CENTRALISED,orbit,20,10871105039610148963,0.9822156547892573,0.9991438846209493,1.0,0.995647360079409,0.9374887621188049,2362.3925961903365,3.30428722287134,2.9839242051983277,0.2,0.2,False,154,0,0,0.04328549999627285,2,6,2.3404237999930046
a8-load-sweep,waxman-n60-load0.3-critical_link-centralised,waxman,60,0.3,critical_link,CENTRALISED,spf-reconverge,20,10871105039610148963,0.8760587150108934,0.9981540100552233,0.9993838075599707,0.9466406765622216,0.5941260046093931,2107.0674368489917,23.998172670146502,100.67357994896473,0.2,0.2,False,13,0,0,0.035056799999438226,2,26,1.9516502000042237
a8-load-sweep,waxman-n60-load0.3-critical_link-centralised,waxman,60,0.3,critical_link,CENTRALISED,spf-static,20,10871105039610148963,0.8371891691779125,0.8800106535895119,0.9599474913981132,0.9253238606420294,0.5724444048176479,2013.5796912145395,18.702539431251555,52.01826544039911,,0.0,True,0,0,0,0.008000400019227527,2,1690,1.5016182000108529
a8-load-sweep,waxman-n60-load0.3-critical_link-centralised,waxman,60,0.3,critical_link,CENTRALISED,cspf,21,10712694215116472820,0.9996168771566567,0.9990045027849339,1.0,0.9993610447493516,1.0,2974.240888219283,1.2962967394706992,2.5224315829400634,0.2,0.2,False,66,0,0,0.11237750000145752,2,8,2.112138100012089
a8-load-sweep,waxman-n60-load0.3-critical_link-centralised,waxman,60,0.3,critical_link,CENTRALISED,ecmp,21,10712694215116472820,0.7878444997353129,0.993392990868008,0.8917285275419756,0.6832845974133288,0.6840495962751315,2344.1374172639235,30.262237510895808,101.05490375673747,0.2,0.2,True,15,0,0,0.11572869999508839,2,30,1.5692677999904845
a8-load-sweep,waxman-n60-load0.3-critical_link-centralised,waxman,60,0.3,critical_link,CENTRALISED,orbit,21,10712694215116472820,0.9996796638195126,0.9993681037595314,0.999668793722114,0.9996129454449798,1.0,2974.427702451984,1.290697342771619,2.4980503349619374,0.0,0.0,False,153,0,0,0.047519500003545545,2,6,1.8521504000091227
a8-load-sweep,waxman-n60-load0.3-critical_link-centralised,waxman,60,0.3,critical_link,CENTRALISED,spf-reconverge,21,10712694215116472820,0.7878444997353129,0.993392990868008,0.8917285275419756,0.6832845974133288,0.6840495962751315,2344.1374172639235,30.262237510895808,101.05490375673747,0.2,0.2,True,15,0,0,0.018650500001967885,2,30,1.5826988000044366
a8-load-sweep,waxman-n60-load0.3-critical_link-centralised,waxman,60,0.3,critical_link,CENTRALISED,spf-static,21,10712694215116472820,0.7756285629772001,0.799075726050322,0.9165275762492656,0.7011481132549157,0.717062985069201,2307.790353279542,25.14401511771711,100.9120907964683,,0.0,True,0,0,0,0.020181600004434586,2,1950,1.2961912999890046
a8-load-sweep,waxman-n60-load0.3-critical_link-centralised,waxman,60,0.3,critical_link,CENTRALISED,cspf,22,9894017619124199093,0.996823269904688,0.9990693539717697,0.9996936421033987,1.0,0.9884844760199952,2784.2247927846333,3.074402439810186,2.885706197501757,0.2,0.2,False,63,0,0,0.08452620000753086,2,6,2.424289000002318
a8-load-sweep,waxman-n60-load0.3-critical_link-centralised,waxman,60,0.3,critical_link,CENTRALISED,ecmp,22,9894017619124199093,0.8601201819282374,0.9985213542426004,0.9989566148184291,0.9088892680561009,0.583644322144525,2402.3997107611717,27.897850367567017,101.40674910377545,0.2,0.2,False,14,0,0,0.14293370000086725,2,28,1.7322284999972908
a8-load-sweep,waxman-n60-load0.3-critical_link-centralised,waxman,60,0.3,critical_link,CENTRALISED,orbit,22,9894017619124199093,0.9969022163125497,0.9990693539717697,1.0,1.0,0.9884844760199952,2784.4452978156714,3.1144440427573294,3.0252557503309503,0.2,0.2,False,152,0,0,0.09890549999545328,2,4,2.115757100007613
a8-load-sweep,waxman-n60-load0.3-critical_link-centralised,waxman,60,0.3,critical_link,CENTRALISED,spf-reconverge,22,9894017619124199093,0.8601201819282374,0.9985213542426004,0.9989566148184291,0.9088892680561009,0.583644322144525,2402.3997107611717,27.897850367567017,101.40674910377545,0.2,0.2,False,14,0,0,0.0354244999907678,2,28,1.7135849000042072
a8-load-sweep,waxman-n60-load0.3-critical_link-centralised,waxman,60,0.3,critical_link,CENTRALISED,spf-static,22,9894017619124199093,0.8303623321046412,0.9038880257690368,0.9321799631978666,0.9009519826212867,0.5948628551481405,2319.283128554237,23.352000178903797,101.40674910377545,,0.0,True,0,0,0,0.00981419999152422,2,1820,1.625700600008713
a8-load-sweep,waxman-n60-load0.3-critical_link-centralised,waxman,60,0.3,critical_link,CENTRALISED,cspf,23,14552772249172778300,0.9998376960293436,1.0,1.0,0.9996777795097079,0.999813615532345,2753.766580800438,1.2686977038540364,2.6065111151646616,0.0,0.0,False,51,0,0,0.17310109997924883,2,4,2.2876071000064258
a8-load-sweep,waxman-n60-load0.3-critical_link-centralised,waxman,60,0.3,critical_link,CENTRALISED,ecmp,23,14552772249172778300,0.846044857675249,0.999631254544671,0.9996702426154143,0.8186395199039594,0.6388418821428649,2330.188253730121,22.738772801380158,101.27367988665637,0.0,0.0,False,3,0,0,0.1890579000028083,2,6,1.8379440999997314
a8-load-sweep,waxman-n60-load0.3-critical_link-centralised,waxman,60,0.3,critical_link,CENTRALISED,orbit,23,14552772249172778300,0.9998014296034559,1.0,0.9996153551210657,0.9997209255425887,1.0,2753.666695317013,1.2944673217998235,2.207132208081208,0.0,0.0,False,152,0,0,0.09132119998685084,2,4,1.965624399992521
a8-load-sweep,waxman-n60-load0.3-critical_link-centralised,waxman,60,0.3,critical_link,CENTRALISED,spf-reconverge,23,14552772249172778300,0.846044857675249,0.999631254544671,0.9996702426154143,0.8186395199039594,0.6388418821428649,2330.188253730121,22.738772801380158,101.27367988665637,0.0,0.0,False,3,0,0,0.0188858000037726,2,6,1.5782835999998497
a8-load-sweep,waxman-n60-load0.3-critical_link-centralised,waxman,60,0.3,critical_link,CENTRALISED,spf-static,23,14552772249172778300,0.8469319433764392,0.976031545403617,0.978565770001935,0.8358209367536601,0.6524245000191302,2332.6314772332403,22.713939023341233,101.27707031635383,0.0,0.0,False,0,0,0,0.009391600004164502,2,390,1.5684989000001224
a8-load-sweep,waxman-n60-load0.3-critical_link-centralised,waxman,60,0.3,critical_link,CENTRALISED,cspf,24,1366359241991137145,0.9648890879348463,0.9987262301729345,1.0,0.9889294801895162,0.8757430915902819,2778.8257944001703,6.466399664148123,51.63079555360682,0.2,0.2,False,37,0,0,0.09257300000172108,2,6,2.091973999995389
a8-load-sweep,waxman-n60-load0.3-critical_link-centralised,waxman,60,0.3,critical_link,CENTRALISED,ecmp,24,1366359241991137145,0.8679884034917841,0.9995202310211667,1.0,0.8133892774361288,0.7253321417487206,2499.7573244667697,22.538216445031384,100.9405584359961,0.0,0.0,False,3,0,0,0.1958590999856824,2,6,2.0508384999993723
a8-load-sweep,waxman-n60-load0.3-critical_link-centralised,waxman,60,0.3,critical_link,CENTRALISED,orbit,24,1366359241991137145,0.964944633747254,0.9995202310211667,1.0,0.9888174734564863,0.8756563318796126,2778.9857631864484,6.435141824115353,51.11153701756871,0.0,0.0,False,156,0,0,0.05116620000626426,2,6,1.8729638999939198
a8-load-sweep,waxman-n60-load0.3-critical_link-centralised,waxman,60,0.3,critical_link,CENTRALISED,spf-reconverge,24,1366359241991137145,0.8679884034917841,0.9995202310211667,1.0,0.8133892774361288,0.7253321417487206,2499.7573244667697,22.538216445031384,100.9405584359961,0.0,0.0,False,3,0,0,0.03873530001146719,2,6,1.6460965999867767
a8-load-sweep,waxman-n60-load0.3-critical_link-centralised,waxman,60,0.3,critical_link,CENTRALISED,spf-static,24,1366359241991137145,0.8541684924367446,0.9688150163758504,1.0,0.8133892774361288,0.6880121171298491,2459.956765214665,21.14881220904803,100.94055843599611,0.0,0.0,False,0,0,0,0.010689899994758889,2,390,1.3422398999973666
a8-load-sweep,waxman-n60-load0.3-critical_link-centralised,waxman,60,0.3,critical_link,CENTRALISED,cspf,25,3048996312461698200,0.9997480015186946,0.9993371248769146,0.9996717234095609,0.9997995289701436,1.0,2234.39479750459,1.2030622010510863,2.4879008426067983,0.0,0.0,False,21,0,0,0.08221899998898152,2,6,1.997937299995101
a8-load-sweep,waxman-n60-load0.3-critical_link-centralised,waxman,60,0.3,critical_link,CENTRALISED,ecmp,25,3048996312461698200,0.9404341790136728,0.998322380769358,0.9992763444476618,0.976435269445916,0.8042703495014706,2101.830895177196,19.250697543734475,77.98871973618712,0.2,0.2,False,11,0,0,0.15186719999474008,2,22,2.2241184000013163
a8-load-sweep,waxman-n60-load0.3-critical_link-centralised,waxman,60,0.3,critical_link,CENTRALISED,orbit,25,3048996312461698200,0.9998214370799584,0.9992593089649622,0.9997451553457036,1.0,1.0,2234.55892289998,1.2108958376616479,2.308012777146823,0.2,0.2,False,152,0,0,0.07587929999863263,2,4,2.464137800008757
a8-load-sweep,waxman-n60-load0.3-critical_link-centralised,waxman,60,0.3,critical_link,CENTRALISED,spf-reconverge,25,3048996312461698200,0.9404341790136728,0.998322380769358,0.9992763444476618,0.976435269445916,0.8042703495014706,2101.830895177196,19.250697543734475,77.98871973618712,0.2,0.2,False,11,0,0,0.018093700011377223,2,22,1.636864100000821
a8-load-sweep,waxman-n60-load0.3-critical_link-centralised,waxman,60,0.3,critical_link,CENTRALISED,spf-static,25,3048996312461698200,0.8888532307430229,0.8909547500082652,0.952962389098021,0.9455690539931348,0.7546393838102083,1986.5496420101815,14.76132028640974,53.00049332521862,,0.0,True,0,0,0,0.008958299993537366,2,1430,1.6857511999987764
a8-load-sweep,waxman-n60-load0.3-critical_link-centralised,waxman,60,0.3,critical_link,CENTRALISED,cspf,26,12815287522723337158,0.9971460979244179,0.999195647720063,1.0,1.0,0.9893886342865538,2713.9531428704454,2.9585630168403694,2.732074946983581,0.2,0.2,False,48,0,0,0.13262659999600146,2,4,2.4872801000019535
a8-load-sweep,waxman-n60-load0.3-critical_link-centralised,waxman,60,0.3,critical_link,CENTRALISED,ecmp,26,12815287522723337158,0.9051206559152347,0.999195647720063,0.9631367821409466,0.9048977224956184,0.7909744413731139,2463.485595452138,23.372591201373314,100.63264081639554,0.2,0.2,False,9,0,0,0.13861639999959152,2,18,2.001880899988464
a8-load-sweep,waxman-n60-load0.3-critical_link-centralised,waxman,60,0.3,critical_link,CENTRALISED,orbit,26,12815287522723337158,0.9971932785847932,0.999195647720063,1.0,1.0,0.989571766328231,2714.081555448878,2.934995227598014,2.5084887180163147,0.2,0.2,False,151,0,0,0.05080100000486709,2,2,2.02002939999511
a8-load-sweep,waxman-n60-load0.3-critical_link-centralised,waxman,60,0.3,critical_link,CENTRALISED,spf-reconverge,26,12815287522723337158,0.9051206559152347,0.999195647720063,0.9631367821409466,0.9048977224956184,0.7909744413731139,2463.485595452138,23.372591201373314,100.63264081639554,0.2,0.2,False,9,0,0,0.018370599995250814,2,18,1.6393293000000995
a8-load-sweep,waxman-n60-load0.3-critical_link-centralised,waxman,60,0.3,critical_link,CENTRALISED,spf-static,26,12815287522723337158,0.8594097291141253,0.9477171018040959,0.9144262177816235,0.8477084902592636,0.7662726588362914,2339.0732212638222,22.72026850217896,100.46896388108891,,0.0,True,0,0,0,0.00944520000484772,2,1170,1.0986670999991475
a8-load-sweep,waxman-n60-load0.3-critical_link-centralised,waxman,60,0.3,critical_link,CENTRALISED,cspf,27,10907803738485341110,0.9997716439801202,0.999276821101974,0.9994889422221198,1.0,1.0,3400.609451456541,1.082306881477851,2.385937952062817,0.2,0.2,False,64,0,0,0.09003110000048764,2,4,1.8367731999896932
a8-load-sweep,waxman-n60-load0.3-critical_link-centralised,waxman,60,0.3,critical_link,CENTRALISED,ecmp,27,10907803738485341110,0.8480973707388585,0.9975020120789032,0.9583477754833917,0.8150355361889784,0.705839272292553,2884.706674824788,34.660419931098524,101.40771453937674,0.2,0.2,False,14,0,0,0.14077309999265708,2,28,1.714717800001381
a8-load-sweep,waxman-n60-load0.3-critical_link-centralised,waxman,60,0.3,critical_link,CENTRALISED,orbit,27,10907803738485341110,0.9998781629836871,0.9991004468433187,1.0,1.0,1.0,3400.971763723018,1.1051733448159509,2.249139519368118,0.2,0.2,False,151,0,0,0.09503280000353698,2,2,2.158462799998233
a8-load-sweep,waxman-n60-load0.3-critical_link-centralised,waxman,60,0.3,critical_link,CENTRALISED,spf-reconverge,27,10907803738485341110,0.8480973707388585,0.9975020120789032,0.9583477754833917,0.8150355361889784,0.705839272292553,2884.706674824788,34.660419931098524,101.40771453937674,0.2,0.2,False,14,0,0,0.041644800003268756,2,28,1.4210262000124203
a8-load-sweep,waxman-n60-load0.3-critical_link-centralised,waxman,60,0.3,critical_link,CENTRALISED,spf-static,27,10907803738485341110,0.8016682831468868,0.8376307851287277,0.8647449625392924,0.803087937511166,0.7186152900550535,2726.783418010653,28.765121652243554,100.99577290440823,,0.0,True,0,0,0,0.010393100019427948,2,1820,1.1457313999999315
a8-load-sweep,waxman-n60-load0.3-critical_link-centralised,waxman,60,0.3,critical_link,CENTRALISED,cspf,28,6737044825850597023,0.9102470014560192,0.9743338356326268,0.9416138143978972,0.8474377768084471,0.916041273314136,2930.063124431448,3.066580239290607,2.9285791062264943,0.0,0.0,True,44,0,0,0.0897061000141548,2,910,1.6640416000009282
a8-load-sweep,waxman-n60-load0.3-critical_link-centralised,waxman,60,0.3,critical_link,CENTRALISED,ecmp,28,6737044825850597023,0.8604084693956382,0.9743338356326268,0.9401990050562441,0.8265803257625899,0.7540707296636173,2769.6340928253794,19.402274894607935,53.263378236684304,0.0,0.0,False,0,0,0,0.1416449999960605,2,910,1.888060299999779
a8-load-sweep,waxman-n60-load0.3-critical_link-centralised,waxman,60,0.3,critical_link,CENTRALISED,orbit,28,6737044825850597023,0.9102470014560192,0.9743338356326268,0.9416138143978972,0.8474377768084471,0.916041273314136,2930.063124431448,3.0892585204607212,2.7425916809075606,0.0,0.0,True,153,0,0,0.10205140001198743,2,910,1.8469431999983499
a8-load-sweep,waxman-n60-load0.3-critical_link-centralised,waxman,60,0.3,critical_link,CENTRALISED,spf-reconverge,28,6737044825850597023,0.8604084693956382,0.9743338356326268,0.9401990050562441,0.8265803257625899,0.7540707296636173,2769.6340928253794,19.402274894607935,53.263378236684304,0.0,0.0,False,0,0,0,0.018981300017912872,2,910,1.5817349999997532
a8-load-sweep,waxman-n60-load0.3-critical_link-centralised,waxman,60,0.3,critical_link,CENTRALISED,spf-static,28,6737044825850597023,0.8604084693956382,0.9743338356326268,0.9401990050562441,0.8265803257625899,0.7540707296636173,2769.6340928253794,19.402274894607935,53.263378236684304,0.0,0.0,False,0,0,0,0.012908699995023198,2,910,1.5270480000035604
a8-load-sweep,waxman-n60-load0.3-critical_link-centralised,waxman,60,0.3,critical_link,CENTRALISED,cspf,29,3477480617090163351,0.9657592122870677,0.9992165890549844,0.9876661120365022,0.9591190971622197,0.9335375953470905,2525.2802015889756,5.248289166422198,51.945437167266654,0.2,0.2,False,64,0,0,0.11171199999807868,2,6,2.077485900008469
a8-load-sweep,waxman-n60-load0.3-critical_link-centralised,waxman,60,0.3,critical_link,CENTRALISED,ecmp,29,3477480617090163351,0.8741835237068236,1.0,0.9873969414897829,0.8236496806791709,0.7546521096634891,2285.826857135836,24.754821998002605,100.80209305956994,0.0,0.2,False,6,0,0,0.10333040001569316,2,12,1.7163201000075787
a8-load-sweep,waxman-n60-load0.3-critical_link-centralised,waxman,60,0.3,critical_link,CENTRALISED,orbit,29,3477480617090163351,0.9658086714498473,0.9996254555978266,0.9876661120365022,0.9591190971622197,0.9334844208538914,2525.409528074258,5.290805754242207,51.97751310173723,0.0,0.2,False,154,0,0,0.08936150000954513,2,6,2.2078460000047926
a8-load-sweep,waxman-n60-load0.3-critical_link-centralised,waxman,60,0.3,critical_link,CENTRALISED,spf-reconverge,29,3477480617090163351,0.8741835237068236,1.0,0.9873969414897829,0.8236496806791709,0.7546521096634891,2285.826857135836,24.754821998002605,100.80209305956994,0.0,0.2,False,6,0,0,0.017501900001661852,2,12,1.5342143000016222
a8-load-sweep,waxman-n60-load0.3-critical_link-centralised,waxman,60,0.3,critical_link,CENTRALISED,spf-static,29,3477480617090163351,0.8508031412193864,1.0,0.9701700264997565,0.813655616114404,0.6956713465834289,2224.691517964406,23.488341666074792,100.74402565888808,0.0,0.0,True,0,0,0,0.008710199996130541,2,780,1.1761436000087997
a8-load-sweep,waxman-n60-load0.5-critical_link-centralised,waxman,60,0.5,critical_link,CENTRALISED,cspf,0,6054284776092034995,0.984408483471464,0.9996152675542964,0.9985051917442557,0.9922527204945361,0.9518523039330751,5064.74338467042,6.332952892248138,51.66678676775195,0.0,0.0,False,68,0,0,0.12710680000600405,2,6,2.376195299992105
a8-load-sweep,waxman-n60-load0.5-critical_link-centralised,waxman,60,0.5,critical_link,CENTRALISED,ecmp,0,6054284776092034995,0.6990946121160837,0.9988864830926076,0.847582343048475,0.6474296290191757,0.4689705156695545,3596.8146063587906,38.759048637778676,101.25273944208924,0.2,0.2,True,9,0,0,0.15953560000343714,2,18,1.1684056000085548
a8-load-sweep,waxman-n60-load0.5-critical_link-centralised,waxman,60,0.5,critical_link,CENTRALISED,orbit,0,6054284776092034995,0.9783777986359141,0.9992712155383114,1.0,0.9902743243636161,0.929906030174463,5033.715745597083,8.42542434022961,51.84276587792907,0.2,0.2,False,154,0,0,0.059093799980473705,2,4,1.9850437999994028
a8-load-sweep,waxman-n60-load0.5-critical_link-centralised,waxman,60,0.5,critical_link,CENTRALISED,spf-reconverge,0,6054284776092034995,0.6990946121160837,0.9988864830926076,0.847582343048475,0.6474296290191757,0.4689705156695545,3596.8146063587906,38.759048637778676,101.25273944208924,0.2,0.2,True,9,0,0,0.0196210999856703,2,18,1.3338613999949303
a8-load-sweep,waxman-n60-load0.5-critical_link-centralised,waxman,60,0.5,critical_link,CENTRALISED,spf-static,0,6054284776092034995,0.7009380376371035,0.9276214010194946,0.8107222774274921,0.6751767355125196,0.5109159198029465,3606.298959012674,36.18011980698892,101.10890116619413,,0.0,True,0,0,0,0.02461540000513196,2,1170,1.2912565000005998
a8-load-sweep,waxman-n60-load0.5-critical_link-centralised,waxman,60,0.5,critical_link,CENTRALISED,cspf,1,12187153252510939188,0.9667991141457104,0.998965104630138,0.9996966746243989,0.9599755354549229,0.9236920874945806,4421.304115421446,8.404874033538029,51.68057991511279,0.2,0.2,False,56,0,0,0.11105700000189245,2,4,2.413097500000731
a8-load-sweep,waxman-n60-load0.5-critical_link-centralised,waxman,60,0.5,critical_link,CENTRALISED,ecmp,1,12187153252510939188,0.7619856122566764,0.9947155395971334,0.8581142168730674,0.7033955368662258,0.6144091741109596,3484.6640569579813,30.917167458632093,101.12998339147882,0.2,0.2,False,11,0,0,0.15199949998350348,2,22,1.4331369000137784
a8-load-sweep,waxman-n60-load0.5-critical_link-centralised,waxman,60,0.5,critical_link,CENTRALISED,orbit,1,12187153252510939188,0.9620980884663024,0.998965104630138,1.0,0.9599755354549229,0.9047999330379617,4399.805684280004,10.18976727889465,52.027615979637325,0.2,0.2,False,153,0,0,0.05042489999323152,2,4,1.5485003000067081
a8-load-sweep,waxman-n60-load0.5-critical_link-centralised,waxman,60,0.5,critical_link,CENTRALISED,spf-reconverge,1,12187153252510939188,0.7619856122566764,0.9947155395971334,0.8581142168730674,0.7033955368662258,0.6144091741109596,3484.6640569579813,30.917167458632093,101.12998339147882,0.2,0.2,False,11,0,0,0.020812499991734512,2,22,1.0022265000006882
a8-load-sweep,waxman-n60-load0.5-critical_link-centralised,waxman,60,0.5,critical_link,CENTRALISED,spf-static,1,12187153252510939188,0.7316101302083968,0.8717589015954799,0.8344623899653291,0.6921024271667734,0.6003045997884202,3345.752837633335,27.046242392984617,101.105929157135,,0.0,True,0,0,0,0.009909599990351126,2,1430,1.3211630000005243
a8-load-sweep,waxman-n60-load0.5-critical_link-centralised,waxman,60,0.5,critical_link,CENTRALISED,cspf,2,15852117742967123369,0.9147593479190667,0.9995333144472432,0.9997288074830826,0.8384803736481462,0.8907896340574586,4337.949313752152,17.145744499457276,53.28827532756333,0.0,0.0,False,60,0,0,0.0737100999976974,2,6,2.197117799994885
a8-load-sweep,waxman-n60-load0.5-critical_link-centralised,waxman,60,0.5,critical_link,CENTRALISED,ecmp,2,15852117742967123369,0.6316804035383811,0.9995333144472432,0.8259534785238691,0.5057793422900159,0.4126518457074726,2995.5392959618503,47.48613225207125,101.39998678718011,0.0,0.0,True,4,0,0,0.18655270000454038,2,8,1.6018926999968244
a8-load-sweep,waxman-n60-load0.5-critical_link-centralised,waxman,60,0.5,critical_link,CENTRALISED,orbit,2,15852117742967123369,0.8907679979254254,1.0,0.9995387694524046,0.8317008115881066,0.8053736092493687,4224.178123025701,18.044514110962407,53.85904329964762,0.0,0.0,False,157,0,0,0.04769510000187438,2,4,1.9413930000009714
a8-load-sweep,waxman-n60-load0.5-critical_link-centralised,waxman,60,0.5,critical_link,CENTRALISED,spf-reconverge,2,15852117742967123369,0.6316804035383811,0.9995333144472432,0.8259534785238691,0.5057793422900159,0.4126518457074726,2995.5392959618503,47.48613225207125,101.39998678718011,0.0,0.0,True,4,0,0,0.04104309999092948,2,8,1.10769989999244
a8-load-sweep,waxman-n60-load0.5-critical_link-centralised,waxman,60,0.5,critical_link,CENTRALISED,spf-static,2,15852117742967123369,0.6315062543389506,0.9696654390708217,0.8269954213708794,0.5007724386135405,0.43443981492563893,2994.713449905313,44.66410643756649,101.20002038469903,0.0,0.0,False,0,0,0,0.008623099987744354,2,520,1.4427137000020593
a8-load-sweep,waxman-n60-load0.5-critical_link-centralised,waxman,60,0.5,critical_link,CENTRALISED,cspf,3,9818490343136869136,0.9344653072281933,0.9993185530638169,0.9978517011956418,0.9164983565762705,0.859690666028772,5057.389506380696,17.23944734541097,52.828519450247015,0.2,0.2,False,87,0,0,0.08713709999574348,2,6,1.5698281999939354
a8-load-sweep,waxman-n60-load0.5-critical_link-centralised,waxman,60,0.5,critical_link,CENTRALISED,ecmp,3,9818490343136869136,0.6439819168847238,0.9873501005464315,0.8194315331371687,0.5579173379647918,0.39799360721863675,3485.2737320042756,38.50652558347391,101.37243397033686,0.2,0.2,False,7,0,0,0.1839884999935748,2,14,1.380485799993039
a8-load-sweep,waxman-n60-load0.5-critical_link-centralised,waxman,60,0.5,critical_link,CENTRALISED,orbit,3,9818490343136869136,0.9111897892090691,0.9993185530638169,1.0,0.9009765501780455,0.7882374905146566,4931.420827099649,18.53492510460264,57.684683542130834,0.2,0.2,False,159,2,0,0.05618280000635423,2,4,1.8761329999979353
a8-load-sweep,waxman-n60-load0.5-critical_link-centralised,waxman,60,0.5,critical_link,CENTRALISED,spf-reconverge,3,9818490343136869136,0.6439819168847238,0.9873501005464315,0.8194315331371687,0.5579173379647918,0.39799360721863675,3485.2737320042756,38.50652558347391,101.37243397033686,0.2,0.2,False,7,0,0,0.021599600004265085,2,14,0.9662886000005528
a8-load-sweep,waxman-n60-load0.5-critical_link-centralised,waxman,60,0.5,critical_link,CENTRALISED,spf-static,3,9818490343136869136,0.627749867775459,0.9437374966307213,0.7946923825688343,0.5423456612019907,0.4039773517435311,3397.4247833089494,38.21893800820626,115.83656434949195,,0.0,True,0,0,0,0.010702400002628565,2,910,1.2827314000023762
a8-load-sweep,waxman-n60-load0.5-critical_link-centralised,waxman,60,0.5,critical_link,CENTRALISED,cspf,4,3614474584561918819,0.9270343057621478,0.998383229153068,1.0,0.9132793139434671,0.8235255188551901,4520.961163897135,17.154666421981663,54.356873278041796,0.2,0.2,True,76,0,0,0.1287037000147393,2,6,2.4089223999908427
a8-load-sweep,waxman-n60-load0.5-critical_link-centralised,waxman,60,0.5,critical_link,CENTRALISED,ecmp,4,3614474584561918819,0.7265807969290299,0.9499410513001426,0.8155180829482345,0.6729696797483286,0.5677685377016837,3543.389435463219,37.48836239706764,101.11985855007731,0.2,0.2,False,9,0,0,0.11351779999677092,2,18,1.3127078999968944
a8-load-sweep,waxman-n60-load0.5-critical_link-centralised,waxman,60,0.5,critical_link,CENTRALISED,orbit,4,3614474584561918819,0.918176541524851,0.9991285851340653,0.9783656426148082,0.9349624687160921,0.7811825700907318,4477.763616765528,14.80320927235918,52.98360910575363,0.2,0.2,True,158,3,0,0.08947259999695234,2,6,1.8655678000068292
a8-load-sweep,waxman-n60-load0.5-critical_link-centralised,waxman,60,0.5,critical_link,CENTRALISED,spf-reconverge,4,3614474584561918819,0.7265807969290299,0.9499410513001426,0.8155180829482345,0.6729696797483286,0.5677685377016837,3543.389435463219,37.48836239706764,101.11985855007731,0.2,0.2,False,9,0,0,0.020193100004689768,2,18,1.124248499996611
a8-load-sweep,waxman-n60-load0.5-critical_link-centralised,waxman,60,0.5,critical_link,CENTRALISED,spf-static,4,3614474584561918819,0.714366094227475,0.8544359727999,0.8441650608604063,0.6603888827521538,0.5623451223387003,3483.8207698819824,35.72038235810123,101.11985855007731,,0.0,True,0,0,0,0.009783000001334585,2,1170,1.2398666000080993
a8-load-sweep,waxman-n60-load0.5-critical_link-centralised,waxman,60,0.5,critical_link,CENTRALISED,cspf,5,1526873803973663589,0.9244120959035809,1.0,0.9864448046040499,0.904245728361307,0.8458230845099596,4132.283400782356,18.447233946986668,53.30895988253409,0.0,0.2,False,86,0,0,0.11710360000142828,2,6,1.705762199999299
a8-load-sweep,waxman-n60-load0.5-critical_link-centralised,waxman,60,0.5,critical_link,CENTRALISED,ecmp,5,1526873803973663589,0.664575124875871,0.9979747176893755,0.8954543434158678,0.5996436416534652,0.32720136609511097,2970.7667925018823,44.38575932558283,101.53259100094745,0.2,0.2,False,14,0,0,0.16025580001587514,2,28,1.4526885000086622
a8-load-sweep,waxman-n60-load0.5-critical_link-centralised,waxman,60,0.5,critical_link,CENTRALISED,orbit,5,1526873803973663589,0.8910902922754755,0.999094400358337,1.0,0.902590021972501,0.7002791928867171,3983.3291231103867,21.865453413251394,53.31425421818895,0.2,0.2,True,163,2,0,0.09543889999622479,2,6,2.337216300002183
a8-load-sweep,waxman-n60-load0.5-critical_link-centralised,waxman,60,0.5,critical_link,CENTRALISED,spf-reconverge,5,1526873803973663589,0.664575124875871,0.9979747176893755,0.8954543434158678,0.5996436416534652,0.32720136609511097,2970.7667925018823,44.38575932558283,101.53259100094745,0.2,0.2,False,14,0,0,0.028334499991615303,2,28,1.3396585000009509
a8-load-sweep,waxman-n60-load0.5-critical_link-centralised,waxman,60,0.5,critical_link,CENTRALISED,spf-static,5,1526873803973663589,0.649659458399961,0.9078499908304122,0.8785990563006596,0.5963476949223255,0.34146288102331934,2904.091160212841,42.4929637696987,101.84442009563608,,0.0,True,0,0,0,0.02394450001884252,2,1820,1.1620091999939177
a8-load-sweep,waxman-n60-load0.5-critical_link-centralised,waxman,60,0.5,critical_link,CENTRALISED,cspf,6,15176463673846062243,0.9424610894980912,0.9990704154749558,0.9975209355500058,0.9192348678280758,0.8945785724606165,4793.124273570636,11.013907090995186,52.851915587129476,0.2,0.2,False,26,0,0,0.08729049999965355,2,2,1.9277660000079777
a8-load-sweep,waxman-n60-load0.5-critical_link-centralised,waxman,60,0.5,critical_link,CENTRALISED,ecmp,6,15176463673846062243,0.6478490920990153,1.0,0.7895052156464174,0.5612526787021697,0.44990311669711525,3294.8004363810696,40.035231779442306,101.39954858555886,0.0,0.2,False,10,0,0,0.1179582000040682,2,20,1.2484012999921106
a8-load-sweep,waxman-n60-load0.5-critical_link-centralised,waxman,60,0.5,critical_link,CENTRALISED,orbit,6,15176463673846062243,0.9261859955052337,1.0,0.9994564473556512,0.9289222063538252,0.8192389262378627,4710.353166157223,16.719548221842693,101.37849165950475,0.0,0.0,False,158,0,0,0.1077437999920221,2,4,1.9368128000060096
a8-load-sweep,waxman-n60-load0.5-critical_link-centralised,waxman,60,0.5,critical_link,CENTRALISED,spf-reconverge,6,15176463673846062243,0.6478490920990153,1.0,0.7895052156464174,0.5612526787021697,0.44990311669711525,3294.8004363810696,40.035231779442306,101.39954858555886,0.0,0.2,False,10,0,0,0.03278100000170525,2,20,1.312226299996837
a8-load-sweep,waxman-n60-load0.5-critical_link-centralised,waxman,60,0.5,critical_link,CENTRALISED,spf-static,6,15176463673846062243,0.6184907324253752,1.0,0.6989609064097847,0.5500287804582761,0.43470531899235654,3145.491071833318,37.811245726524646,101.29181071719813,0.0,0.0,True,0,0,0,0.010150100002647378,2,1300,0.9585966000013286
a8-load-sweep,waxman-n60-load0.5-critical_link-centralised,waxman,60,0.5,critical_link,CENTRALISED,cspf,7,6796311660129181453,0.8952755413320934,0.9992342047498955,1.0,0.8113411753421321,0.8518152172055138,4363.718466765759,22.014951988111473,102.25470283419088,0.2,0.2,False,77,0,0,0.07835980001254939,2,4,1.990804000000935
a8-load-sweep,waxman-n60-load0.5-critical_link-centralised,waxman,60,0.5,critical_link,CENTRALISED,ecmp,7,6796311660129181453,0.6167402876875294,0.9921859329089546,0.7836341675025373,0.553291717851558,0.3202832755153577,3006.0923797561845,40.31116856076343,150.2892278122893,0.2,0.2,False,6,0,0,0.1635684999928344,2,12,1.4799191000056453
a8-load-sweep,waxman-n60-load0.5-critical_link-centralised,waxman,60,0.5,critical_link,CENTRALISED,orbit,7,6796311660129181453,0.8584144270390209,0.9992342047498955,1.0,0.8516622918712005,0.6536150701710364,4184.051405933392,18.657277044444193,100.5308490131521,0.2,0.2,False,159,0,0,0.0789671999955317,2,4,2.015428700004122
a8-load-sweep,waxman-n60-load0.5-critical_link-centralised,waxman,60,0.5,critical_link,CENTRALISED,spf-reconverge,7,6796311660129181453,0.6167402876875294,0.9921859329089546,0.7836341675025373,0.553291717851558,0.3202832755153577,3006.0923797561845,40.31116856076343,150.2892278122893,0.2,0.2,False,6,0,0,0.028203399997437373,2,12,1.0347723000013502
a8-load-sweep,waxman-n60-load0.5-critical_link-centralised,waxman,60,0.5,critical_link,CENTRALISED,spf-static,7,6796311660129181453,0.5862110349926671,0.8807373138987886,0.7862565124406026,0.5421826759874523,0.2842704104572012,2857.2878412529803,39.35938605296279,101.60897553529091,,0.0,True,0,0,0,0.010714200005168095,2,780,1.2178199000045424
a8-load-sweep,waxman-n60-load0.5-critical_link-centralised,waxman,60,0.5,critical_link,CENTRALISED,cspf,8,12647504714158074624,0.9996402970915617,0.9991481492642778,0.9990764872709538,1.0,1.0,3361.770306578575,1.587876473326244,3.1359807542306286,0.2,0.2,False,71,0,0,0.07031969999661669,2,8,2.0974330000026384
a8-load-sweep,waxman-n60-load0.5-critical_link-centralised,waxman,60,0.5,critical_link,CENTRALISED,ecmp,8,12647504714158074624,0.7365389573780688,0.9981848974065481,0.9215089795474695,0.7211301186655672,0.4328239485612406,2476.9657683429095,29.53225354367534,101.77205929499402,0.2,0.2,False,14,0,0,0.09123090001230594,2,28,1.44725599999947
a8-load-sweep,waxman-n60-load0.5-critical_link-centralised,waxman,60,0.5,critical_link,CENTRALISED,orbit,8,12647504714158074624,0.9947445339807001,0.9991481492642778,0.9996981828154025,0.999457462051986,0.9817102835008683,3345.305953248659,3.1288213526776265,4.109132154499672,0.2,0.2,False,154,1,0,0.046266599994851276,2,8,2.4105393000063486
a8-load-sweep,waxman-n60-load0.5-critical_link-centralised,waxman,60,0.5,critical_link,CENTRALISED,spf-reconverge,8,12647504714158074624,0.7365389573780688,0.9981848974065481,0.9215089795474695,0.7211301186655672,0.4328239485612406,2476.9657683429095,29.53225354367534,101.77205929499402,0.2,0.2,False,14,0,0,0.016576000009081326,2,28,1.2585885000007693
a8-load-sweep,waxman-n60-load0.5-critical_link-centralised,waxman,60,0.5,critical_link,CENTRALISED,spf-static,8,12647504714158074624,0.7140842413407775,0.8820183314256281,0.8731029590713488,0.7443771759566906,0.4314218614074719,2401.4510078471094,26.834193814709494,101.45891579647015,,0.0,True,0,0,0,0.014857800008030608,2,1820,1.2403186000010464
a8-load-sweep,waxman-n60-load0.5-critical_link-centralised,waxman,60,0.5,critical_link,CENTRALISED,cspf,9,4480820424031832348,0.9376200744074392,1.0,0.9996003854441654,0.9330634460614249,0.8451790133781278,3908.3652123938587,11.865936028644665,52.29825915845444,0.0,0.0,False,59,0,0,0.0848963000025833,2,4,2.1536597999947844
a8-load-sweep,waxman-n60-load0.5-critical_link-centralised,waxman,60,0.5,critical_link,CENTRALISED,ecmp,9,4480820424031832348,0.6641917113854593,0.9994627918190632,0.9476409346289869,0.564545308807928,0.32613965277266665,2768.6094293361207,44.465409660349,101.85292560906991,0.0,0.2,False,7,0,0,0.10063600000285078,2,14,1.329632799999672
a8-load-sweep,waxman-n60-load0.5-critical_link-centralised,waxman,60,0.5,critical_link,CENTRALISED,orbit,9,4480820424031832348,0.9365916772012378,0.9994627918190632,1.0,0.938833033634577,0.8326972306705126,3904.0784527830633,14.238504551057565,52.99226212970076,0.0,0.0,False,155,0,0,0.08208500000182539,2,6,2.0430962000100408
a8-load-sweep,waxman-n60-load0.5-critical_link-centralised,waxman,60,0.5,critical_link,CENTRALISED,spf-reconverge,9,4480820424031832348,0.6641917113854593,0.9994627918190632,0.9476409346289869,0.564545308807928,0.32613965277266665,2768.6094293361207,44.465409660349,101.85292560906991,0.0,0.2,False,7,0,0,0.01792369999748189,2,14,1.5572022999986075
a8-load-sweep,waxman-n60-load0.5-critical_link-centralised,waxman,60,0.5,critical_link,CENTRALISED,spf-static,9,4480820424031832348,0.6373538617797763,0.9650814682391261,0.9445400946125394,0.5023023378388645,0.3293584395683082,2656.738832025584,46.27451002966351,101.61855786954948,0.0,0.0,True,0,0,0,0.008880900000804104,2,910,1.0518259999953443
a8-load-sweep,waxman-n60-load0.5-critical_link-centralised,waxman,60,0.5,critical_link,CENTRALISED,cspf,10,12218879515488659594,0.9420216556644313,1.0,0.9696011242810739,0.9530054223293776,0.865833400225827,3226.8106929095693,10.031946504884319,53.319223034202224,0.0,0.2,False,59,0,0,0.1173246999969706,2,8,2.28967399999965
a8-load-sweep,waxman-n60-load0.5-critical_link-centralised,waxman,60,0.5,critical_link,CENTRALISED,ecmp,10,12218879515488659594,0.7423553685894354,0.9996227114020203,0.9526366188308267,0.7451816393682216,0.37864052976646595,2542.8717343166077,34.164713507552605,101.97714336593367,0.0,0.2,True,9,0,0,0.10087819999898784,2,18,1.3656556999922032
a8-load-sweep,waxman-n60-load0.5-critical_link-centralised,waxman,60,0.5,critical_link,CENTRALISED,orbit,10,12218879515488659594,0.9450228771687149,0.9996227114020203,0.9702780812499824,0.9777102593257451,0.8445587396173352,3237.091107997248,9.654713306530038,52.646244900566664,0.0,0.0,False,158,0,0,0.045278700010385364,2,8,1.5994828000111738
a8-load-sweep,waxman-n60-load0.5-critical_link-centralised,waxman,60,0.5,critical_link,CENTRALISED,spf-reconverge,10,12218879515488659594,0.7423553685894354,0.9996227114020203,0.9526366188308267,0.7451816393682216,0.37864052976646595,2542.8717343166077,34.164713507552605,101.97714336593367,0.0,0.2,True,9,0,0,0.030076300012296997,2,18,1.4321993999910774
a8-load-sweep,waxman-n60-load0.5-critical_link-centralised,waxman,60,0.5,critical_link,CENTRALISED,spf-static,10,12218879515488659594,0.7466085535273884,0.9754762411313219,0.8725895885827463,0.7825466075513527,0.43886748572614914,2557.440637859519,28.98704169244074,101.54283193794123,0.0,0.0,True,0,0,0,0.008590500001446344,2,1170,1.4274646999983815
a8-load-sweep,waxman-n60-load0.5-critical_link-centralised,waxman,60,0.5,critical_link,CENTRALISED,cspf,11,8226747012892652428,0.838065029152708,0.9492017553391606,0.9436947397166554,0.8132237626991043,0.7061285118063653,4335.054097822688,8.225952835158312,51.769622058546155,,0.0,True,67,0,0,0.10315239999908954,2,1300,1.7125821000081487
a8-load-sweep,waxman-n60-load0.5-critical_link-centralised,waxman,60,0.5,critical_link,CENTRALISED,ecmp,11,8226747012892652428,0.6711672361088712,0.9210396308590105,0.8361871773877422,0.6322050440912127,0.4216418586564459,3471.7428552766005,36.61177784687515,150.58643208618614,,0.0,True,0,0,0,0.14767189999110997,2,1300,1.5920163999981014
a8-load-sweep,waxman-n60-load0.5-critical_link-centralised,waxman,60,0.5,critical_link,CENTRALISED,orbit,11,8226747012892652428,0.829187122331459,0.9492017553391606,0.9458000356961478,0.8119403945943992,0.6704934239590711,4289.131400887758,10.913973942896776,51.93225524561578,,0.0,True,154,0,0,0.11022529999900144,2,1300,1.7831625000108033
a8-load-sweep,waxman-n60-load0.5-critical_link-centralised,waxman,60,0.5,critical_link,CENTRALISED,spf-reconverge,11,8226747012892652428,0.6711672361088712,0.9210396308590105,0.8361871773877422,0.6322050440912127,0.4216418586564459,3471.7428552766005,36.61177784687515,150.58643208618614,,0.0,True,0,0,0,0.018840700009604916,2,1300,1.002751400010311
a8-load-sweep,waxman-n60-load0.5-critical_link-centralised,waxman,60,0.5,critical_link,CENTRALISED,spf-static,11,8226747012892652428,0.6711672361088712,0.9210396308590105,0.8361871773877422,0.6322050440912127,0.4216418586564459,3471.7428552766005,36.61177784687515,150.58643208618614,,0.0,True,0,0,0,0.011078199997427873,2,1300,1.4260560999973677
a8-load-sweep,waxman-n60-load0.5-critical_link-centralised,waxman,60,0.5,critical_link,CENTRALISED,cspf,12,16865645544477164316,0.9705430652348727,1.0,0.9996830473506503,0.9532713030415705,0.9486684194131499,4310.343535631588,9.342021530694637,52.020015243862744,0.0,0.0,False,71,0,0,0.07135890000790823,2,4,1.7384240000101272
a8-load-sweep,waxman-n60-load0.5-critical_link-centralised,waxman,60,0.5,critical_link,CENTRALISED,ecmp,12,16865645544477164316,0.7088173786229912,0.9992741782034491,0.9125397285466694,0.6225052812214703,0.4522595745233588,3147.976133497553,41.59728698901213,151.47368895612024,0.2,0.2,False,10,0,0,0.16772620000119787,2,20,1.884971499996027
a8-load-sweep,waxman-n60-load0.5-critical_link-centralised,waxman,60,0.5,critical_link,CENTRALISED,orbit,12,16865645544477164316,0.9663672994737555,0.9992741782034491,1.0,0.9593715007797253,0.9224191967070842,4291.798263814734,9.582622960379558,52.36134179385359,0.2,0.2,False,155,0,0,0.043574199997237884,2,6,1.956943199998932
a8-load-sweep,waxman-n60-load0.5-critical_link-centralised,waxman,60,0.5,critical_link,CENTRALISED,spf-reconverge,12,16865645544477164316,0.7088173786229912,0.9992741782034491,0.9125397285466694,0.6225052812214703,0.4522595745233588,3147.976133497553,41.59728698901213,151.47368895612024,0.2,0.2,False,10,0,0,0.0184719000098994,2,20,1.2249645999982022
a8-load-sweep,waxman-n60-load0.5-critical_link-centralised,waxman,60,0.5,critical_link,CENTRALISED,spf-static,12,16865645544477164316,0.7090877725403046,0.952821583224203,0.8843814897257765,0.652769405685598,0.4652699542990192,3149.1769979571673,41.31104056199283,151.2990323377251,,0.0,True,0,0,0,0.00927399999636691,2,1300,1.1529351999924984
a8-load-sweep,waxman-n60-load0.5-critical_link-centralised,waxman,60,0.5,critical_link,CENTRALISED,cspf,13,16214008477858357265,0.9441434778060904,1.0,0.9368666787511961,0.9516998506066187,0.9051313650185921,3838.1636242749737,19.484280925900496,101.0381348201777,0.0,0.0,False,78,0,0,0.11274819998652674,2,8,2.1618939000036335
a8-load-sweep,waxman-n60-load0.5-critical_link-centralised,waxman,60,0.5,critical_link,CENTRALISED,ecmp,13,16214008477858357265,0.6511856045710772,0.9995827826345245,0.8925147158212622,0.5371906777264679,0.3472767996354876,2647.221485789406,44.18772880760418,151.07244660145082,0.0,0.2,False,8,0,0,0.14496720001625363,2,16,1.324513500003377
a8-load-sweep,waxman-n60-load0.5-critical_link-centralised,waxman,60,0.5,critical_link,CENTRALISED,orbit,13,16214008477858357265,0.9293118228516721,0.9995827826345245,0.936641457583126,0.9645804926322555,0.8265487866927194,3777.869484801463,23.580542665470904,101.58572869511845,0.0,0.0,False,158,0,0,0.04632409999612719,2,8,1.848011599999154
a8-load-sweep,waxman-n60-load0.5-critical_link-centralised,waxman,60,0.5,critical_link,CENTRALISED,spf-reconverge,13,16214008477858357265,0.6511856045710772,0.9995827826345245,0.8925147158212622,0.5371906777264679,0.3472767996354876,2647.221485789406,44.18772880760418,151.07244660145082,0.0,0.2,False,8,0,0,0.01678729998820927,2,16,1.2710841999942204
a8-load-sweep,waxman-n60-load0.5-critical_link-centralised,waxman,60,0.5,critical_link,CENTRALISED,spf-static,13,16214008477858357265,0.6510834932428029,0.9728808712440914,0.8519661583725419,0.5811318970691243,0.34211651114004366,2646.8063794046016,40.944847529029474,101.39205754834758,0.0,0.0,True,0,0,0,0.008347399983904324,2,1040,1.1923505000013392
a8-load-sweep,waxman-n60-load0.5-critical_link-centralised,waxman,60,0.5,critical_link,CENTRALISED,cspf,14,7795993919947388635,0.9767158011465172,1.0,0.9942476381272425,0.9920293256773208,0.9277804550843658,4475.2037292843515,13.21396716000352,52.00830599200906,0.0,0.2,False,66,0,0,0.154308300014236,2,4,2.5571121999964816
a8-load-sweep,waxman-n60-load0.5-critical_link-centralised,waxman,60,0.5,critical_link,CENTRALISED,ecmp,14,7795993919947388635,0.6870920706407176,0.9995238978863056,0.8810680079296054,0.6775795095868217,0.34732535518199437,3148.1798423692994,45.45218560605269,101.50812194629181,0.0,0.0,False,8,0,0,0.21228489998611622,2,16,1.4588342000060948
a8-load-sweep,waxman-n60-load0.5-critical_link-centralised,waxman,60,0.5,critical_link,CENTRALISED,orbit,14,7795993919947388635,0.9287476183318075,1.0,0.9997004900240457,1.0,0.7308905346370839,4255.418823206867,24.70185399326801,100.16145135286612,0.0,0.0,False,156,0,0,0.044645000001764856,2,4,2.084215700000641
a8-load-sweep,waxman-n60-load0.5-critical_link-centralised,waxman,60,0.5,critical_link,CENTRALISED,spf-reconverge,14,7795993919947388635,0.6870920706407176,0.9995238978863056,0.8810680079296054,0.6775795095868217,0.34732535518199437,3148.1798423692994,45.45218560605269,101.50812194629181,0.0,0.0,False,8,0,0,0.027341200009686872,2,16,1.487519300004351
a8-load-sweep,waxman-n60-load0.5-critical_link-centralised,waxman,60,0.5,critical_link,CENTRALISED,spf-static,14,7795993919947388635,0.6812292803473405,0.9690533626098679,0.8852297783394074,0.6781531957354281,0.33651301640672676,3121.31718595058,44.467305882274765,101.50812194629181,0.0,0.0,False,0,0,0,0.00897409999743104,2,1040,1.4010891999932937
a8-load-sweep,waxman-n60-load0.5-critical_link-centralised,waxman,60,0.5,critical_link,CENTRALISED,cspf,15,16745444253699137524,0.892802515760642,0.9991787672891835,0.9415970790664117,0.8261162894868986,0.8742658035688795,3401.7034264394915,11.143526068572552,52.20110538183063,0.2,0.2,False,58,0,0,0.12225409998791292,2,8,1.9200401999987662
a8-load-sweep,waxman-n60-load0.5-critical_link-centralised,waxman,60,0.5,critical_link,CENTRALISED,ecmp,15,16745444253699137524,0.6163863807782787,0.9804598568133763,0.688570666078005,0.5322065111839114,0.43057350568349306,2348.518991030985,45.02179575260502,151.58810613911427,0.2,0.2,False,12,0,0,0.09659010000177659,2,24,1.1085143999953289
a8-load-sweep,waxman-n60-load0.5-critical_link-centralised,waxman,60,0.5,critical_link,CENTRALISED,orbit,15,16745444253699137524,0.8806329914446342,0.9991787672891835,0.9411576034915865,0.8250249155243318,0.8264150787487139,3355.335823489098,14.65600548086318,55.04090171577237,0.2,0.2,False,163,3,0,0.0504229999933159,2,8,1.5654772999987472
a8-load-sweep,waxman-n60-load0.5-critical_link-centralised,waxman,60,0.5,critical_link,CENTRALISED,spf-reconverge,15,16745444253699137524,0.6163863807782787,0.9804598568133763,0.688570666078005,0.5322065111839114,0.43057350568349306,2348.518991030985,45.02179575260502,151.58810613911427,0.2,0.2,False,12,0,0,0.01697610001428984,2,24,0.9831148000084795
a8-load-sweep,waxman-n60-load0.5-critical_link-centralised,waxman,60,0.5,critical_link,CENTRALISED,spf-static,15,16745444253699137524,0.5938276872173374,0.8050620906705155,0.6937498635226187,0.5482508560380908,0.42563788401474123,2262.5671888937854,39.137111652061755,102.29691120580392,,0.0,True,0,0,0,0.008672700001625344,2,1560,1.1814769000047818
a8-load-sweep,waxman-n60-load0.5-critical_link-centralised,waxman,60,0.5,critical_link,CENTRALISED,cspf,16,8256676645310279286,0.9852635162639767,1.0,1.0,0.9995534935725618,0.9402619840070027,4531.563442001434,8.279237016210546,52.02599306889488,0.0,0.0,False,82,0,0,0.10502970000379719,2,6,2.2474653999961447
a8-load-sweep,waxman-n60-load0.5-critical_link-centralised,waxman,60,0.5,critical_link,CENTRALISED,ecmp,16,8256676645310279286,0.6798963658868538,0.9992787253125697,0.8596076157392557,0.6405595901842256,0.3501838714931198,3127.075614943426,43.981740773702775,150.82982534447734,0.2,0.2,False,16,0,0,0.1081763999973191,2,32,1.3299709999992047
a8-load-sweep,waxman-n60-load0.5-critical_link-centralised,waxman,60,0.5,critical_link,CENTRALISED,orbit,16,8256676645310279286,0.9196911542118603,0.9992787253125697,1.0,0.9652355039475268,0.7206053666871172,4229.973751755114,18.654169534919177,100.22784033038874,0.2,0.2,True,159,2,0,0.09659560000000056,2,8,1.8389193000039086
a8-load-sweep,waxman-n60-load0.5-critical_link-centralised,waxman,60,0.5,critical_link,CENTRALISED,spf-reconverge,16,8256676645310279286,0.6798963658868538,0.9992787253125697,0.8596076157392557,0.6405595901842256,0.3501838714931198,3127.075614943426,43.981740773702775,150.82982534447734,0.2,0.2,False,16,0,0,0.04929209999681916,2,32,1.2164130999881309
a8-load-sweep,waxman-n60-load0.5-critical_link-centralised,waxman,60,0.5,critical_link,CENTRALISED,spf-static,16,8256676645310279286,0.6706431817083403,0.9531171453170282,0.866730272719366,0.6297792206364775,0.3472203532586619,3084.517060350379,41.81680214836261,150.82982534447734,,0.0,True,0,0,0,0.009648499995819293,2,2080,1.2788137000025017
a8-load-sweep,waxman-n60-load0.5-critical_link-centralised,waxman,60,0.5,critical_link,CENTRALISED,cspf,17,123567435695171357,0.9646158186872907,0.9871612022452645,0.9945913155467914,0.9287600015134696,0.9674125435461368,5436.740353512321,7.185925889469374,51.338497855156604,0.0,0.0,False,54,0,0,0.09522860001015943,2,4,2.0450265999970725
a8-load-sweep,waxman-n60-load0.5-critical_link-centralised,waxman,60,0.5,critical_link,CENTRALISED,ecmp,17,123567435695171357,0.6999780911348058,0.9483909562028423,0.8887316644548062,0.57003604995986,0.5320947342832169,3945.196689627193,38.63013458396092,101.2423410041386,0.2,0.2,False,10,0,0,0.19042220000119414,2,20,1.6412944000039715
a8-load-sweep,waxman-n60-load0.5-critical_link-centralised,waxman,60,0.5,critical_link,CENTRALISED,orbit,17,123567435695171357,0.9647725140279624,0.9863185982834234,1.0,0.9714969237764656,0.905367337207171,5437.623515352852,7.351209446215473,51.300432759663636,0.2,0.2,False,156,0,0,0.048925499999313615,2,4,2.0311098999954993
a8-load-sweep,waxman-n60-load0.5-critical_link-centralised,waxman,60,0.5,critical_link,CENTRALISED,spf-reconverge,17,123567435695171357,0.6999780911348058,0.9483909562028423,0.8887316644548062,0.57003604995986,0.5320947342832169,3945.196689627193,38.63013458396092,101.2423410041386,0.2,0.2,False,10,0,0,0.037608900005579926,2,20,1.2409099000069546
a8-load-sweep,waxman-n60-load0.5-critical_link-centralised,waxman,60,0.5,critical_link,CENTRALISED,spf-static,17,123567435695171357,0.6669276278494154,0.8645725168409538,0.871541441429964,0.5574942670341185,0.481468720656821,3758.918604647736,37.04160387606205,101.24876039604999,,0.0,True,0,0,0,0.010678099992219359,2,1300,0.9016479999991134
a8-load-sweep,waxman-n60-load0.5-critical_link-centralised,waxman,60,0.5,critical_link,CENTRALISED,cspf,18,3569996446381673784,0.8842145093406019,0.999674447643579,0.9626858806958163,0.8215085611307933,0.8126293425473348,2620.9438567207103,12.649823863678167,52.74384430029493,0.0,0.2,False,66,0,0,0.10881270001118537,2,14,1.9289392000064254
a8-load-sweep,waxman-n60-load0.5-critical_link-centralised,waxman,60,0.5,critical_link,CENTRALISED,ecmp,18,3569996446381673784,0.7371326699274645,0.9988948078283112,0.7961080393011339,0.7079018946547827,0.5428847516315297,2184.9713190923426,38.374989370130564,102.02230765465458,0.2,0.2,True,12,0,0,0.12030710000544786,2,24,1.523671300004935
a8-load-sweep,waxman-n60-load0.5-critical_link-centralised,waxman,60,0.5,critical_link,CENTRALISED,orbit,18,3569996446381673784,0.8867611788317736,0.999674447643579,0.9725001362186625,0.821351344257724,0.8124711201689351,2628.4925654191934,11.092498390919172,52.72023487295719,0.0,0.0,False,161,1,0,0.050437700003385544,2,12,1.7031246999977157
a8-load-sweep,waxman-n60-load0.5-critical_link-centralised,waxman,60,0.5,critical_link,CENTRALISED,spf-reconverge,18,3569996446381673784,0.7371326699274645,0.9988948078283112,0.7961080393011339,0.7079018946547827,0.5428847516315297,2184.9713190923426,38.374989370130564,102.02230765465458,0.2,0.2,True,12,0,0,0.037982999987434596,2,24,1.5970419999939622
a8-load-sweep,waxman-n60-load0.5-critical_link-centralised,waxman,60,0.5,critical_link,CENTRALISED,spf-static,18,3569996446381673784,0.7063194240427564,0.9281625088402262,0.7677563768398189,0.6975835998123745,0.5043085594186779,2093.6362565548857,37.88906631067857,101.72253025906076,,0.0,True,0,0,0,0.00834380001469981,2,1560,0.9160178999882191
a8-load-sweep,waxman-n60-load0.5-critical_link-centralised,waxman,60,0.5,critical_link,CENTRALISED,cspf,19,1917409259785177676,0.9851488359621272,1.0,0.9994907370086639,0.9946324890981071,0.9483120576601717,5558.508270550158,8.149253797816415,52.146519320130764,0.0,0.0,False,83,0,0,0.16521429999556858,2,4,2.584766200001468
a8-load-sweep,waxman-n60-load0.5-critical_link-centralised,waxman,60,0.5,critical_link,CENTRALISED,ecmp,19,1917409259785177676,0.5776761898652217,0.9817076152675902,0.759143940406854,0.4555884808478276,0.3318354680768675,3259.4241213610717,46.79502123022762,101.64269112722215,0.2,0.2,True,8,0,0,0.16302740000537597,2,16,1.4171421000064583
a8-load-sweep,waxman-n60-load0.5-critical_link-centralised,waxman,60,0.5,critical_link,CENTRALISED,orbit,19,1917409259785177676,0.9576738514049041,0.9993719645657825,1.0,0.9998277202735484,0.8302931966906811,5403.486081699464,17.92841705615556,52.10306135307458,0.0,0.0,False,153,0,0,0.06595040000684094,2,4,2.232955999992555
a8-load-sweep,waxman-n60-load0.5-critical_link-centralised,waxman,60,0.5,critical_link,CENTRALISED,spf-reconverge,19,1917409259785177676,0.5776761898652217,0.9817076152675902,0.759143940406854,0.4555884808478276,0.3318354680768675,3259.4241213610717,46.79502123022762,101.64269112722215,0.2,0.2,True,8,0,0,0.03633889998309314,2,16,0.8394799999950919
a8-load-sweep,waxman-n60-load0.5-critical_link-centralised,waxman,60,0.5,critical_link,CENTRALISED,spf-static,19,1917409259785177676,0.5770315791244655,0.9222296388170989,0.7380762114266369,0.48118879508205603,0.3486899669099947,3255.787032219835,46.958113732313414,105.71788216105521,,0.0,True,0,0,0,0.010072200006106868,2,1040,1.188189099993906
a8-load-sweep,waxman-n60-load0.5-critical_link-centralised,waxman,60,0.5,critical_link,CENTRALISED,cspf,20,5362690240019757703,0.9147394879873911,0.9991983838259347,0.947166254349635,0.8999196724981657,0.8452247159519959,3898.4590603016213,21.08082268406318,101.44677496486337,0.2,0.2,False,74,0,0,0.1022231999959331,2,6,2.394700399992871
a8-load-sweep,waxman-n60-load0.5-critical_link-centralised,waxman,60,0.5,critical_link,CENTRALISED,ecmp,20,5362690240019757703,0.6015219591947704,0.7991830997481502,0.7572187544503677,0.5022804231758725,0.4486155831066288,2563.5809567516544,44.080203963199196,150.69579737628908,,0.0,True,21,0,0,0.1595387999986997,2,42,1.073528399996576
a8-load-sweep,waxman-n60-load0.5-critical_link-centralised,waxman,60,0.5,critical_link,CENTRALISED,orbit,20,5362690240019757703,0.9027893324234129,0.9991983838259347,0.947166254349635,0.927152999857039,0.753365145428891,3847.52959585606,18.31414985682522,54.15804348941323,0.2,0.2,False,156,0,0,0.04962330000125803,2,6,2.2460743999981787
a8-load-sweep,waxman-n60-load0.5-critical_link-centralised,waxman,60,0.5,critical_link,CENTRALISED,spf-reconverge,20,5362690240019757703,0.6015219591947704,0.7991830997481502,0.7572187544503677,0.5022804231758725,0.4486155831066288,2563.5809567516544,44.080203963199196,150.69579737628908,,0.0,True,21,0,0,0.018418300009216182,2,42,1.1296537999878637
a8-load-sweep,waxman-n60-load0.5-critical_link-centralised,waxman,60,0.5,critical_link,CENTRALISED,spf-static,20,5362690240019757703,0.6011183928080247,0.7991830997481434,0.7693128203799153,0.5179777503390149,0.4100907018314332,2561.8610276816817,42.44167214094503,150.71140877941875,,0.0,True,0,0,0,0.009112500018090941,2,2730,0.872686499991687
a8-load-sweep,waxman-n60-load0.5-critical_link-centralised,waxman,60,0.5,critical_link,CENTRALISED,cspf,21,14251001797459234983,0.90585210362936,1.0,0.9680453009888654,0.8804140057451966,0.8130779312930567,5669.152027551022,28.347433903644202,101.92189849944627,0.0,0.0,False,80,0,0,0.08533450000686571,2,4,1.754122999991523
a8-load-sweep,waxman-n60-load0.5-critical_link-centralised,waxman,60,0.5,critical_link,CENTRALISED,ecmp,21,14251001797459234983,0.596308572920064,0.9867395906579435,0.6601827647108619,0.5474218581802169,0.34544185932200383,3731.915995637004,42.49869568595,101.36539491266375,0.0,0.0,True,8,0,0,0.12199689999397378,2,16,1.0104499000008218
a8-load-sweep,waxman-n60-load0.5-critical_link-centralised,waxman,60,0.5,critical_link,CENTRALISED,orbit,21,14251001797459234983,0.889082299534669,1.0,0.983865781136158,0.8940096635723119,0.7067381230103033,5564.200492411738,20.332177358373833,52.84500778583389,0.0,0.0,True,165,0,0,0.06804040000133682,2,6,2.0722038999956567
a8-load-sweep,waxman-n60-load0.5-critical_link-centralised,waxman,60,0.5,critical_link,CENTRALISED,spf-reconverge,21,14251001797459234983,0.596308572920064,0.9867395906579435,0.6601827647108619,0.5474218581802169,0.34544185932200383,3731.915995637004,42.49869568595,101.36539491266375,0.0,0.0,True,8,0,0,0.020966500014765188,2,16,1.0511652999994112
a8-load-sweep,waxman-n60-load0.5-critical_link-centralised,waxman,60,0.5,critical_link,CENTRALISED,spf-static,21,14251001797459234983,0.5897652477680607,0.9646444820291004,0.6634069097276332,0.5481237743884158,0.3278305316711728,3690.965486272638,40.64563136061768,101.08950860774402,0.0,0.0,True,0,0,0,0.01031279999006074,2,1040,1.1306212000054074
a8-load-sweep,waxman-n60-load0.5-critical_link-centralised,waxman,60,0.5,critical_link,CENTRALISED,cspf,22,5286176429144595767,0.8815070280058943,1.0,0.9749056712274465,0.8557211977947699,0.7546517436574539,5006.804863316113,32.87795625478506,101.85648090755456,0.0,0.0,False,98,0,0,0.13826579999295063,2,4,2.1912709000025643
a8-load-sweep,waxman-n60-load0.5-critical_link-centralised,waxman,60,0.5,critical_link,CENTRALISED,ecmp,22,5286176429144595767,0.6237174141887871,0.9379919424988985,0.85921990071005,0.46788552999480865,0.40663291532919627,3542.605201639401,45.19151784169753,101.8599148398107,0.2,0.2,False,8,0,0,0.23925350001081824,2,16,1.7822584000095958
a8-load-sweep,waxman-n60-load0.5-critical_link-centralised,waxman,60,0.5,critical_link,CENTRALISED,orbit,22,5286176429144595767,0.858720794712146,0.9992879112477566,0.9979326160555344,0.9094938049441724,0.5802356915555706,4877.38306627171,23.893458365834682,100.51262685475264,0.2,0.2,True,159,0,0,0.09147549999761395,2,4,2.4881867000076454
a8-load-sweep,waxman-n60-load0.5-critical_link-centralised,waxman,60,0.5,critical_link,CENTRALISED,spf-reconverge,22,5286176429144595767,0.6237174141887871,0.9379919424988985,0.85921990071005,0.46788552999480865,0.40663291532919627,3542.605201639401,45.19151784169753,101.8599148398107,0.2,0.2,False,8,0,0,0.028502200002549216,2,16,0.9914386000018567
a8-load-sweep,waxman-n60-load0.5-critical_link-centralised,waxman,60,0.5,critical_link,CENTRALISED,spf-static,22,5286176429144595767,0.6124314710427162,0.8924182623553256,0.8362412271798814,0.481782969181543,0.3950949878418697,3478.5030297501044,46.011156602517744,150.69519706987387,,0.0,True,0,0,0,0.026007699998444878,2,1040,1.1695991000015056
a8-load-sweep,waxman-n60-load0.5-critical_link-centralised,waxman,60,0.5,critical_link,CENTRALISED,cspf,23,11733931027280541226,0.9633233222127813,1.0,0.9997531706584687,0.9466142473828812,0.9338661688637823,4619.014892838455,7.027190669580289,51.37312177389595,0.0,0.0,False,74,0,0,0.12769089998619165,2,6,2.297991400002502
a8-load-sweep,waxman-n60-load0.5-critical_link-centralised,waxman,60,0.5,critical_link,CENTRALISED,ecmp,23,11733931027280541226,0.7206713331176121,1.0,0.9051478034757817,0.6365505056846616,0.5231754287512514,3455.5289421060247,44.36214492588732,102.0791379535382,0.0,0.2,False,6,0,0,0.10744300001533702,2,12,1.1936370999901555
a8-load-sweep,waxman-n60-load0.5-critical_link-centralised,waxman,60,0.5,critical_link,CENTRALISED,orbit,23,11733931027280541226,0.9536207059765028,1.0,1.0,0.9541858842644064,0.8881252507320574,4572.492061031662,9.736165165979584,51.840182164017016,0.0,0.0,False,152,0,0,0.05096079999930225,2,2,2.1737839999987045
a8-load-sweep,waxman-n60-load0.5-critical_link-centralised,waxman,60,0.5,critical_link,CENTRALISED,spf-reconverge,23,11733931027280541226,0.7206713331176121,1.0,0.9051478034757817,0.6365505056846616,0.5231754287512514,3455.5289421060247,44.36214492588732,102.0791379535382,0.0,0.2,False,6,0,0,0.019603400010964833,2,12,1.4666551999980584
a8-load-sweep,waxman-n60-load0.5-critical_link-centralised,waxman,60,0.5,critical_link,CENTRALISED,spf-static,23,11733931027280541226,0.7007545490293714,1.0,0.8687954505702619,0.5995144334941913,0.5297575697252704,3360.03045245074,43.0239051057868,101.58402937329937,0.0,0.0,True,0,0,0,0.009716499989735894,2,780,1.0192995999968844
a8-load-sweep,waxman-n60-load0.5-critical_link-centralised,waxman,60,0.5,critical_link,CENTRALISED,cspf,24,11126451670191956738,0.9577078901874827,0.999533920415513,1.0,0.9485267463758714,0.9021221493677044,2980.7977026846556,14.822585088509925,53.52026965478389,0.0,0.0,False,51,0,0,0.1140220999950543,2,8,2.1761877999961143
a8-load-sweep,waxman-n60-load0.5-critical_link-centralised,waxman,60,0.5,critical_link,CENTRALISED,ecmp,24,11126451670191956738,0.6735980113228718,0.999533920415513,0.9125038937202089,0.565773392317677,0.38834445851306737,2096.525908637034,41.68844849370012,150.44700611992818,0.0,0.2,False,12,0,0,0.08669159999408294,2,24,1.0715976000064984
a8-load-sweep,waxman-n60-load0.5-critical_link-centralised,waxman,60,0.5,critical_link,CENTRALISED,orbit,24,11126451670191956738,0.9555135084415214,0.999533920415513,0.9995979955638731,0.945723607499845,0.8976418760666883,2973.9678455495177,14.895409639718897,53.120882473293356,0.0,0.0,False,157,0,0,0.08304289999068715,2,8,1.8081385999976192
a8-load-sweep,waxman-n60-load0.5-critical_link-centralised,waxman,60,0.5,critical_link,CENTRALISED,spf-reconverge,24,11126451670191956738,0.6735980113228718,0.999533920415513,0.9125038937202089,0.565773392317677,0.38834445851306737,2096.525908637034,41.68844849370012,150.44700611992818,0.0,0.2,False,12,0,0,0.037865300007979386,2,24,1.4653203999914695
a8-load-sweep,waxman-n60-load0.5-critical_link-centralised,waxman,60,0.5,critical_link,CENTRALISED,spf-static,24,11126451670191956738,0.6413506891928972,0.969704827008351,0.9125038937202089,0.5039133566737625,0.36575123887284644,1996.1584117127438,39.409597176742444,150.44700611992818,0.0,0.0,True,0,0,0,0.013618099997984245,2,1560,1.1627905999921495
a8-load-sweep,waxman-n60-load0.5-critical_link-centralised,waxman,60,0.5,critical_link,CENTRALISED,cspf,25,13068660229419128284,0.9436286215561417,1.0,0.9968676820601894,0.9277825568458772,0.878587308113875,5517.149173178981,13.791152360451404,52.154791168989384,0.0,0.2,False,71,0,0,0.09105480001016986,2,6,1.9174548000009963
a8-load-sweep,waxman-n60-load0.5-critical_link-centralised,waxman,60,0.5,critical_link,CENTRALISED,ecmp,25,13068660229419128284,0.6310231428043922,0.908086199968739,0.7639048083432225,0.5777720698915206,0.40391702015833386,3689.426890039413,49.533936635659614,150.7871300995683,0.0,0.0,True,11,0,0,0.14681610000843648,2,22,1.6268574999994598
a8-load-sweep,waxman-n60-load0.5-critical_link-centralised,waxman,60,0.5,critical_link,CENTRALISED,orbit,25,13068660229419128284,0.9399535467674174,0.9992978254752689,0.985801902958892,0.9774849646546218,0.8069962720762714,5495.661974328924,16.644499446050503,53.79618297885853,0.2,0.2,False,154,3,0,0.10810629998741206,2,4,1.916421799993259
a8-load-sweep,waxman-n60-load0.5-critical_link-centralised,waxman,60,0.5,critical_link,CENTRALISED,spf-reconverge,25,13068660229419128284,0.6310231428043922,0.908086199968739,0.7639048083432225,0.5777720698915206,0.40391702015833386,3689.426890039413,49.533936635659614,150.7871300995683,0.0,0.0,True,11,0,0,0.040312299999641255,2,22,1.25836610000988
a8-load-sweep,waxman-n60-load0.5-critical_link-centralised,waxman,60,0.5,critical_link,CENTRALISED,spf-static,25,13068660229419128284,0.6210122101304033,0.9080861999687346,0.743960042499562,0.5371706154453174,0.43955604034806994,3630.8955911117,47.2127083266556,150.7806383765493,0.0,0.0,False,0,0,0,0.010949000003165565,2,1430,1.1092443000088679
a8-load-sweep,waxman-n60-load0.5-critical_link-centralised,waxman,60,0.5,critical_link,CENTRALISED,cspf,26,6449400250584879907,0.9335746466270598,1.0,0.9283798658071872,0.9768826922756855,0.8468663129785035,4131.474290154397,8.879423210698018,51.81698373139669,0.0,0.0,True,69,0,0,0.10533479999867268,2,520,2.093271600009757
a8-load-sweep,waxman-n60-load0.5-critical_link-centralised,waxman,60,0.5,critical_link,CENTRALISED,ecmp,26,6449400250584879907,0.7446553216814348,1.0,0.8666958319315453,0.7844771272976854,0.44984628292084405,3295.4240217092097,34.49840170323637,101.36454925866349,0.0,0.0,False,0,0,0,0.16543240001192316,2,520,1.3968776000110665
a8-load-sweep,waxman-n60-load0.5-critical_link-centralised,waxman,60,0.5,critical_link,CENTRALISED,orbit,26,6449400250584879907,0.9317533604859556,1.0,0.9242251244857668,0.9808536854576168,0.8385949872719232,4123.414305991189,8.988975058133517,51.994905994254545,0.0,0.0,True,153,0,0,0.048821899996255524,2,520,1.8764085000002524
a8-load-sweep,waxman-n60-load0.5-critical_link-centralised,waxman,60,0.5,critical_link,CENTRALISED,spf-reconverge,26,6449400250584879907,0.7446553216814348,1.0,0.8666958319315453,0.7844771272976854,0.44984628292084405,3295.4240217092097,34.49840170323637,101.36454925866349,0.0,0.0,False,0,0,0,0.03224689999478869,2,520,1.4655539999948815
a8-load-sweep,waxman-n60-load0.5-critical_link-centralised,waxman,60,0.5,critical_link,CENTRALISED,spf-static,26,6449400250584879907,0.7446553216814348,1.0,0.8666958319315453,0.7844771272976854,0.44984628292084405,3295.4240217092097,34.49840170323637,101.36454925866349,0.0,0.0,False,0,0,0,0.023934999990160577,2,520,1.5028090000123484
a8-load-sweep,waxman-n60-load0.5-critical_link-centralised,waxman,60,0.5,critical_link,CENTRALISED,cspf,27,11389131961595080532,0.8833862918561213,0.9990507757803073,1.0,0.8418448209335242,0.7567254196881888,3235.8798250613413,10.819846849332311,52.3978767194283,0.2,0.2,False,57,0,0,0.07726320000074338,2,2,1.5868803000048501
a8-load-sweep,waxman-n60-load0.5-critical_link-centralised,waxman,60,0.5,critical_link,CENTRALISED,ecmp,27,11389131961595080532,0.6935148408429908,0.9970024999104147,0.9029534279191713,0.6183798375010373,0.41259227957350086,2540.372997128154,38.24911376082532,150.71807403516456,0.2,0.2,False,12,0,0,0.17448370000056457,2,24,1.7199189999955706
a8-load-sweep,waxman-n60-load0.5-critical_link-centralised,waxman,60,0.5,critical_link,CENTRALISED,orbit,27,11389131961595080532,0.8817869623249223,0.9990507757803073,1.0,0.8489582329010958,0.7404569782560252,3230.0214161055515,10.641426557086696,52.410099890772536,0.2,0.2,False,157,0,0,0.04841869999654591,2,4,1.977997599999071
a8-load-sweep,waxman-n60-load0.5-critical_link-centralised,waxman,60,0.5,critical_link,CENTRALISED,spf-reconverge,27,11389131961595080532,0.6935148408429908,0.9970024999104147,0.9029534279191713,0.6183798375010373,0.41259227957350086,2540.372997128154,38.24911376082532,150.71807403516456,0.2,0.2,False,12,0,0,0.032243499998003244,2,24,1.4982329000049504
a8-load-sweep,waxman-n60-load0.5-critical_link-centralised,waxman,60,0.5,critical_link,CENTRALISED,spf-static,27,11389131961595080532,0.6825768526979431,0.8306080967988939,0.9029534279191571,0.6635174068157363,0.4003570043846021,2500.3067028109167,35.29310691987469,102.04849794423961,,0.0,True,0,0,0,0.008858199988026172,2,1560,0.9949108000000706
a8-load-sweep,waxman-n60-load0.5-critical_link-centralised,waxman,60,0.5,critical_link,CENTRALISED,cspf,28,5372448293682316019,0.9335009040797363,1.0,0.9529123243727912,0.9402020029417759,0.8700513944315225,5398.269118978244,21.070155563819167,100.83602631358323,0.0,0.0,False,65,0,0,0.08202990000427235,2,4,2.0536361999984365
a8-load-sweep,waxman-n60-load0.5-critical_link-centralised,waxman,60,0.5,critical_link,CENTRALISED,ecmp,28,5372448293682316019,0.6030307534503764,1.0,0.5977608634073741,0.5645755709891931,0.4464314317204982,3487.2192195191396,41.22977007634219,101.34208620198017,0.0,0.2,False,6,0,0,0.12169960000028368,2,12,1.0604281999985687
a8-load-sweep,waxman-n60-load0.5-critical_link-centralised,waxman,60,0.5,critical_link,CENTRALISED,orbit,28,5372448293682316019,0.8890199992309382,1.0,0.99961625444911,0.9551778654030888,0.634239538405649,5141.043985097745,25.49577378455767,101.27804485861051,0.0,0.0,True,157,1,0,0.08475110000290442,2,4,2.139740900005563
a8-load-sweep,waxman-n60-load0.5-critical_link-centralised,waxman,60,0.5,critical_link,CENTRALISED,spf-reconverge,28,5372448293682316019,0.6030307534503764,1.0,0.5977608634073741,0.5645755709891931,0.4464314317204982,3487.2192195191396,41.22977007634219,101.34208620198017,0.0,0.2,False,6,0,0,0.019989600012195297,2,12,1.3163812999991933
a8-load-sweep,waxman-n60-load0.5-critical_link-centralised,waxman,60,0.5,critical_link,CENTRALISED,spf-static,28,5372448293682316019,0.5936720161728546,1.0,0.5678061427005815,0.5802455062880704,0.42130136460420353,3433.099312171347,40.647932130102795,101.34208620198017,0.0,0.0,True,0,0,0,0.010527899998123758,2,780,1.37490589999652
a8-load-sweep,waxman-n60-load0.5-critical_link-centralised,waxman,60,0.5,critical_link,CENTRALISED,cspf,29,3788234917307188199,0.8690860970037106,1.0,0.9981868772641986,0.846377065029878,0.6975907824992311,3806.961308672321,17.161938464754343,52.43702696826265,0.0,0.0,False,72,0,0,0.0919240999937756,2,2,1.6513529999938328
a8-load-sweep,waxman-n60-load0.5-critical_link-centralised,waxman,60,0.5,critical_link,CENTRALISED,ecmp,29,3788234917307188199,0.6660579293055827,0.9994870755197914,0.9300820850148291,0.5864990209797819,0.3209086068092092,2917.6128521015003,42.1904156488251,102.0429280322247,0.0,0.0,False,5,0,0,0.10038999999233056,2,10,1.1445643000042764
a8-load-sweep,waxman-n60-load0.5-critical_link-centralised,waxman,60,0.5,critical_link,CENTRALISED,orbit,29,3788234917307188199,0.8710374952013857,0.9994870755197914,0.9981868772641986,0.8767355665378459,0.6670524898062351,3815.5092505413418,18.730831748763528,54.58211354038728,0.0,0.0,False,160,1,0,0.058480499996221624,2,4,2.0148501000076067
a8-load-sweep,waxman-n60-load0.5-critical_link-centralised,waxman,60,0.5,critical_link,CENTRALISED,spf-reconverge,29,3788234917307188199,0.6660579293055827,0.9994870755197914,0.9300820850148291,0.5864990209797819,0.3209086068092092,2917.6128521015003,42.1904156488251,102.0429280322247,0.0,0.0,False,5,0,0,0.036966200001188554,2,10,1.420222200002172
a8-load-sweep,waxman-n60-load0.5-critical_link-centralised,waxman,60,0.5,critical_link,CENTRALISED,spf-static,29,3788234917307188199,0.6558687031043526,0.9666599087864317,0.9043894237126441,0.5939443184117188,0.31634126574911264,2872.9797713893286,41.3307907862356,101.49368249478493,0.0,0.0,False,0,0,0,0.00883699998666998,2,650,1.1990949000028195
a8-load-sweep,waxman-n60-load0.7-critical_link-centralised,waxman,60,0.7,critical_link,CENTRALISED,cspf,0,511180306175207683,0.7999340084766446,0.9993096696654176,0.938377197454432,0.787077499878233,0.5556725918644813,4080.3615758440837,35.980414060799845,101.83261419607724,0.2,0.2,False,44,0,0,0.11449210000864696,2,4,1.8127797000051942
a8-load-sweep,waxman-n60-load0.7-critical_link-centralised,waxman,60,0.7,critical_link,CENTRALISED,ecmp,0,511180306175207683,0.6341973545169121,0.9165719881051916,0.8276410865906099,0.536602479213254,0.40246349834187906,3234.959996013634,45.17418128007752,150.4716463240082,,0.0,True,9,0,0,0.13572520000161603,2,18,1.5887209000065923
a8-load-sweep,waxman-n60-load0.7-critical_link-centralised,waxman,60,0.7,critical_link,CENTRALISED,orbit,0,511180306175207683,0.7908790513573362,0.9993096696654176,0.9990631552325039,0.8153218663257158,0.4139612069566833,4034.173391932635,34.87485194787664,101.98070893597016,0.2,0.2,False,164,0,0,0.10366290000092704,2,6,1.6060646000114502
a8-load-sweep,waxman-n60-load0.7-critical_link-centralised,waxman,60,0.7,critical_link,CENTRALISED,spf-reconverge,0,511180306175207683,0.6341973545169121,0.9165719881051916,0.8276410865906099,0.536602479213254,0.40246349834187906,3234.959996013634,45.17418128007752,150.4716463240082,,0.0,True,9,0,0,0.03247549998923205,2,18,1.1757131000049412
a8-load-sweep,waxman-n60-load0.7-critical_link-centralised,waxman,60,0.7,critical_link,CENTRALISED,spf-static,0,511180306175207683,0.6228136610183199,0.8734472821142626,0.7999622280067901,0.5300818991113023,0.41982105028073985,3176.893224191671,43.34478983725103,150.4716463240082,,0.0,True,0,0,0,0.008960799998021685,2,1170,1.1492905000050087
a8-load-sweep,waxman-n60-load0.7-critical_link-centralised,waxman,60,0.7,critical_link,CENTRALISED,cspf,1,14881809401974801459,0.708246166724885,0.9957875179294223,0.7785054170458665,0.6797853870800452,0.5204271832879711,4846.307167306028,48.564370347014574,151.1431590656416,0.0,0.0,True,37,0,0,0.11645029998908285,2,4,1.3966913000040222
a8-load-sweep,waxman-n60-load0.7-critical_link-centralised,waxman,60,0.7,critical_link,CENTRALISED,ecmp,1,14881809401974801459,0.5511374501305886,0.9572711171022561,0.6138050676794733,0.4928056351860586,0.3494005623495871,3771.2613215966335,51.60308086746935,150.50059333536979,0.0,0.0,False,7,0,0,0.16279080000822432,2,14,1.5271085999993375
a8-load-sweep,waxman-n60-load0.7-critical_link-centralised,waxman,60,0.7,critical_link,CENTRALISED,orbit,1,14881809401974801459,0.6983067259310753,0.9950178140057663,0.8916500949678137,0.6864813855863428,0.35311049328543054,4778.294680375385,49.47379977546237,150.84983139711792,0.2,0.2,False,172,0,0,0.061101900006178766,2,4,1.3514367000025231
a8-load-sweep,waxman-n60-load0.7-critical_link-centralised,waxman,60,0.7,critical_link,CENTRALISED,spf-reconverge,1,14881809401974801459,0.5511374501305886,0.9572711171022561,0.6138050676794733,0.4928056351860586,0.3494005623495871,3771.2613215966335,51.60308086746935,150.50059333536979,0.0,0.0,False,7,0,0,0.01814209998701699,2,14,0.8428242999943905
a8-load-sweep,waxman-n60-load0.7-critical_link-centralised,waxman,60,0.7,critical_link,CENTRALISED,spf-static,1,14881809401974801459,0.5464752849937962,0.9406558579048189,0.6138050676794733,0.47762252413906475,0.3607532997818982,3739.359582654532,49.91279653203111,150.78857642551213,0.0,0.0,False,0,0,0,0.008619600019301288,2,910,1.2001015999994706
a8-load-sweep,waxman-n60-load0.7-critical_link-centralised,waxman,60,0.7,critical_link,CENTRALISED,cspf,2,6548603596439119159,0.785837043523075,1.0,0.9679093126635263,0.7408919649872403,0.5536418358259438,4532.024622421652,41.648516965415666,102.8117406586169,0.0,0.0,True,44,0,0,0.11865030002081767,2,2,1.9385844000062207
a8-load-sweep,waxman-n60-load0.7-critical_link-centralised,waxman,60,0.7,critical_link,CENTRALISED,ecmp,2,6548603596439119159,0.588855406778182,1.0,0.8320230356732317,0.44901917853282297,0.31415727131051474,3396.005857143683,47.93193723405552,151.206042016919,0.0,0.0,False,3,0,0,0.13421490001201164,2,6,1.2822445000056177
a8-load-sweep,waxman-n60-load0.7-critical_link-centralised,waxman,60,0.7,critical_link,CENTRALISED,orbit,2,6548603596439119159,0.7646485212229668,1.0,0.9939075192398206,0.776346499398617,0.40057402948885645,4409.827653510245,33.949320810773976,101.07447092691731,0.0,0.0,False,158,0,0,0.08548269998573232,2,2,2.1097727000014856
a8-load-sweep,waxman-n60-load0.7-critical_link-centralised,waxman,60,0.7,critical_link,CENTRALISED,spf-reconverge,2,6548603596439119159,0.588855406778182,1.0,0.8320230356732317,0.44901917853282297,0.31415727131051474,3396.005857143683,47.93193723405552,151.206042016919,0.0,0.0,False,3,0,0,0.017997200004174374,2,6,1.202685800002655
a8-load-sweep,waxman-n60-load0.7-critical_link-centralised,waxman,60,0.7,critical_link,CENTRALISED,spf-static,2,6548603596439119159,0.5827656403473351,1.0,0.8320230356732317,0.4357335181562335,0.3085170640448602,3360.885380657028,47.153354121697895,150.96350650202524,0.0,0.0,False,0,0,0,0.009261900006094947,2,390,1.2592081000038888
a8-load-sweep,waxman-n60-load0.7-critical_link-centralised,waxman,60,0.7,critical_link,CENTRALISED,cspf,3,5122753169195063474,0.7428726983572418,1.0,0.9455144803845307,0.7514139174252814,0.3889167980696204,4174.0669770862,50.829344342918475,102.84734434205022,0.0,0.0,True,75,0,0,0.07169040000007953,2,2,1.7205340000073193
a8-load-sweep,waxman-n60-load0.7-critical_link-centralised,waxman,60,0.7,critical_link,CENTRALISED,ecmp,3,5122753169195063474,0.5521810626328848,0.9859764098065612,0.6884486591934824,0.5317580495787797,0.20312478890916222,3102.6052566006542,49.62534402779119,150.8956642818966,0.2,0.2,False,15,0,0,0.1190496999915922,2,30,1.3899421999958577
a8-load-sweep,waxman-n60-load0.7-critical_link-centralised,waxman,60,0.7,critical_link,CENTRALISED,orbit,3,5122753169195063474,0.7470111465068788,0.9991377608042075,1.0,0.7495130517849963,0.35396479522305857,4197.320166759185,46.409671763308104,102.57382421603965,0.2,0.2,True,171,5,0,0.059133799994015135,2,262,1.8606369000044651
a8-load-sweep,waxman-n60-load0.7-critical_link-centralised,waxman,60,0.7,critical_link,CENTRALISED,spf-reconverge,3,5122753169195063474,0.5521810626328848,0.9859764098065612,0.6884486591934824,0.5317580495787797,0.20312478890916222,3102.6052566006542,49.62534402779119,150.8956642818966,0.2,0.2,False,15,0,0,0.016468499990878627,2,30,1.0123564999958035
a8-load-sweep,waxman-n60-load0.7-critical_link-centralised,waxman,60,0.7,critical_link,CENTRALISED,spf-static,3,5122753169195063474,0.5224621834019395,0.8115714316742246,0.7049564568102912,0.5012650241561817,0.2091686115840266,2935.6202635214663,50.935987755789476,150.8956642818966,,0.0,True,0,0,0,0.021003599991672672,2,1950,1.1152105000073789
a8-load-sweep,waxman-n60-load0.7-critical_link-centralised,waxman,60,0.7,critical_link,CENTRALISED,cspf,4,10220708774712354407,0.7769103770492395,0.9831462351842148,0.908593739195222,0.7236547089058104,0.5883073176061128,4983.65983752865,50.25311921032397,103.87097876917905,0.2,0.2,True,60,0,0,0.1002742999990005,2,2,1.9664934000029461
a8-load-sweep,waxman-n60-load0.7-critical_link-centralised,waxman,60,0.7,critical_link,CENTRALISED,ecmp,4,10220708774712354407,0.5998177969963054,0.9634278861707684,0.7507795130179981,0.5301659730416846,0.3134780773313926,3847.6611370270616,47.45288234793761,150.4245586216076,0.2,0.2,False,9,0,0,0.0984020000178134,2,18,1.2051009999995586
a8-load-sweep,waxman-n60-load0.7-critical_link-centralised,waxman,60,0.7,critical_link,CENTRALISED,orbit,4,10220708774712354407,0.7901695818461507,0.9991596138130667,0.9753309234139989,0.8165688680123274,0.4273667693224799,5068.713877706241,44.50431475125393,102.54237579890321,0.2,0.2,False,165,3,0,0.07546469999942929,2,2,1.9517535000049975
a8-load-sweep,waxman-n60-load0.7-critical_link-centralised,waxman,60,0.7,critical_link,CENTRALISED,spf-reconverge,4,10220708774712354407,0.5998177969963054,0.9634278861707684,0.7507795130179981,0.5301659730416846,0.3134780773313926,3847.6611370270616,47.45288234793761,150.4245586216076,0.2,0.2,False,9,0,0,0.029674499994143844,2,18,1.1082668000017293
a8-load-sweep,waxman-n60-load0.7-critical_link-centralised,waxman,60,0.7,critical_link,CENTRALISED,spf-static,4,10220708774712354407,0.5776270088299453,0.8816037507677035,0.7507795130179843,0.5070276468880132,0.3091055411635103,3705.313521375655,45.795830170016174,150.57714585513827,,0.0,True,0,0,0,0.009300499994424172,2,1170,0.980816600000253
a8-load-sweep,waxman-n60-load0.7-critical_link-centralised,waxman,60,0.7,critical_link,CENTRALISED,cspf,5,6382036507379818620,0.8004197880336928,0.9994566330355802,0.98659532561397,0.7086522345715209,0.6222708803460475,4465.342776025948,44.18063488214224,150.85491189420318,0.0,0.0,True,57,0,0,0.07252849999349564,2,6,1.7374839999974938
a8-load-sweep,waxman-n60-load0.7-critical_link-centralised,waxman,60,0.7,critical_link,CENTRALISED,ecmp,5,6382036507379818620,0.6002696960284948,0.9800910496397623,0.7569055477107428,0.5147835347002016,0.35041205308651663,3348.7552293188705,54.203859344996786,151.2457213758508,0.0,0.2,False,12,0,0,0.09844219998922199,2,24,1.0646859999978915
a8-load-sweep,waxman-n60-load0.7-critical_link-centralised,waxman,60,0.7,critical_link,CENTRALISED,orbit,5,6382036507379818620,0.7702638433516092,1.0,0.9808359552216901,0.8397318034553009,0.3230974994150961,4297.110266343527,39.10853270248724,102.66985666058724,0.0,0.2,False,163,0,0,0.10312519999570213,2,8,2.219049100007396
a8-load-sweep,waxman-n60-load0.7-critical_link-centralised,waxman,60,0.7,critical_link,CENTRALISED,spf-reconverge,5,6382036507379818620,0.6002696960284948,0.9800910496397623,0.7569055477107428,0.5147835347002016,0.35041205308651663,3348.7552293188705,54.203859344996786,151.2457213758508,0.0,0.2,False,12,0,0,0.03563949999806937,2,24,1.4094702000002144
a8-load-sweep,waxman-n60-load0.7-critical_link-centralised,waxman,60,0.7,critical_link,CENTRALISED,spf-static,5,6382036507379818620,0.5942108860312778,0.9448217119416004,0.7375798315193768,0.531408649816407,0.3422791028344741,3314.9546363589575,49.58934451402678,151.13081673196842,0.0,0.0,True,0,0,0,0.01753110000572633,2,1560,1.2363828999950783
a8-load-sweep,waxman-n60-load0.7-critical_link-centralised,waxman,60,0.7,critical_link,CENTRALISED,cspf,6,6109729812308633356,0.7245094010748007,0.9663915265275835,0.9023220341287107,0.6857740227182466,0.46401878748740255,5518.067019024743,58.32436947579165,151.47127882218558,0.0,0.0,True,66,0,0,0.1580130999936955,2,2,1.9277866000047652
a8-load-sweep,waxman-n60-load0.7-critical_link-centralised,waxman,60,0.7,critical_link,CENTRALISED,ecmp,6,6109729812308633356,0.5008926118090541,0.86298913792437,0.5705109386102103,0.442029592147482,0.31859673629814383,3814.938767111104,50.51927246762472,150.67058418775778,0.0,0.2,False,9,0,0,0.11817260000680108,2,18,0.934891199998674
a8-load-sweep,waxman-n60-load0.7-critical_link-centralised,waxman,60,0.7,critical_link,CENTRALISED,orbit,6,6109729812308633356,0.7134221472244141,0.9878767845222706,0.9383059337872931,0.754807129883499,0.27478348812126585,5433.623380732937,54.299133258353194,103.78758439126729,0.0,0.0,False,164,0,0,0.10158270000829361,2,4,2.117304300001706
a8-load-sweep,waxman-n60-load0.7-critical_link-centralised,waxman,60,0.7,critical_link,CENTRALISED,spf-reconverge,6,6109729812308633356,0.5008926118090541,0.86298913792437,0.5705109386102103,0.442029592147482,0.31859673629814383,3814.938767111104,50.51927246762472,150.67058418775778,0.0,0.2,False,9,0,0,0.053874800010817125,2,18,1.0774724000075366
a8-load-sweep,waxman-n60-load0.7-critical_link-centralised,waxman,60,0.7,critical_link,CENTRALISED,spf-static,6,6109729812308633356,0.4922965136889186,0.8324805649289271,0.5649979897743952,0.45068950368838573,0.29430901552891064,3749.46847030246,48.96221879759732,150.67058418775778,0.0,0.0,True,0,0,0,0.022529299996676855,2,1170,0.8805564999929629
a8-load-sweep,waxman-n60-load0.7-critical_link-centralised,waxman,60,0.7,critical_link,CENTRALISED,cspf,7,17531937474730540171,0.7254587058426492,0.9761120085485742,0.932861198712314,0.6761251108307842,0.42520542308266107,4581.255981622434,62.361000055617986,152.805799791079,0.0,0.0,True,67,0,0,0.07368020000285469,2,4,1.5477611000096658
a8-load-sweep,waxman-n60-load0.7-critical_link-centralised,waxman,60,0.7,critical_link,CENTRALISED,ecmp,7,17531937474730540171,0.5373144829661546,0.8919325256306538,0.6478262979069398,0.44554036943971204,0.3259622160800074,3393.1292977480275,56.50434607819384,151.18857148392934,0.0,0.0,False,10,0,0,0.14248320000478998,2,20,1.4209009000041988
a8-load-sweep,waxman-n60-load0.7-critical_link-centralised,waxman,60,0.7,critical_link,CENTRALISED,orbit,7,17531937474730540171,0.7397770275275021,0.9995012551281636,0.9997419847599304,0.7306872393510203,0.3293066116160921,4671.675872289173,54.78466935851461,150.56899343370188,0.0,0.0,False,174,0,0,0.07696249999571592,2,6,2.1024818000005325
a8-load-sweep,waxman-n60-load0.7-critical_link-centralised,waxman,60,0.7,critical_link,CENTRALISED,spf-reconverge,7,17531937474730540171,0.5373144829661546,0.8919325256306538,0.6478262979069398,0.44554036943971204,0.3259622160800074,3393.1292977480275,56.50434607819384,151.18857148392934,0.0,0.0,False,10,0,0,0.020015599991893396,2,20,1.0588726999994833
a8-load-sweep,waxman-n60-load0.7-critical_link-centralised,waxman,60,0.7,critical_link,CENTRALISED,spf-static,7,17531937474730540171,0.5299282434749386,0.8630672624947539,0.6459768508901498,0.4473909279483077,0.3142847747265178,3346.4853556761977,54.68609004204084,151.2265895682744,0.0,0.0,False,0,0,0,0.008988500005216338,2,1300,1.031605700001819
a8-load-sweep,waxman-n60-load0.7-critical_link-centralised,waxman,60,0.7,critical_link,CENTRALISED,cspf,8,6492216598015211638,0.7678955005747896,1.0,0.940874832026102,0.6870900683442012,0.5706546403312713,4637.0869968016905,44.911387367151406,105.13372694544528,0.0,0.0,False,77,0,0,0.07953410000482108,2,6,1.3856902999978047
a8-load-sweep,waxman-n60-load0.7-critical_link-centralised,waxman,60,0.7,critical_link,CENTRALISED,ecmp,8,6492216598015211638,0.5575877966058739,0.9533916792742461,0.6756822910402218,0.45367900028945635,0.35099543296775704,3367.102840531072,49.49627424939545,151.0126427498012,0.2,0.2,True,13,0,0,0.10347780000302009,2,26,1.2188443000050029
a8-load-sweep,waxman-n60-load0.7-critical_link-centralised,waxman,60,0.7,critical_link,CENTRALISED,orbit,8,6492216598015211638,0.7322205352469832,0.9993576534476666,0.9781485229777194,0.6612980029021659,0.42617463754064516,4421.65674918454,51.88794316221854,102.791974398348,0.0,0.0,False,176,0,0,0.06360829999903217,2,6,1.8421412000025157
a8-load-sweep,waxman-n60-load0.7-critical_link-centralised,waxman,60,0.7,critical_link,CENTRALISED,spf-reconverge,8,6492216598015211638,0.5575877966058739,0.9533916792742461,0.6756822910402218,0.45367900028945635,0.35099543296775704,3367.102840531072,49.49627424939545,151.0126427498012,0.2,0.2,True,13,0,0,0.018907499994384125,2,26,0.8165373000083491
a8-load-sweep,waxman-n60-load0.7-critical_link-centralised,waxman,60,0.7,critical_link,CENTRALISED,spf-static,8,6492216598015211638,0.5479955150923168,0.8911862255904094,0.6189267777864287,0.4596656546880484,0.3980779557884176,3309.1779746568977,46.46909530776857,151.14928405354354,,0.0,True,0,0,0,0.02327089999744203,2,1690,0.9789817999990191
a8-load-sweep,waxman-n60-load0.7-critical_link-centralised,waxman,60,0.7,critical_link,CENTRALISED,cspf,9,16974837765539899153,0.7613207034623813,0.9741512930485668,0.8606414695013201,0.7578741935632545,0.5526048887966633,5746.737955800777,54.366114888910126,150.887705913014,0.0,0.0,True,47,0,0,0.09346380000351928,2,2,1.6332598000008147
a8-load-sweep,waxman-n60-load0.7-critical_link-centralised,waxman,60,0.7,critical_link,CENTRALISED,ecmp,9,16974837765539899153,0.5203488776803797,0.8103413366640354,0.7231697076394393,0.44200486941795003,0.27501183682774294,3927.791050505606,57.16071187948855,151.03049444503722,0.0,0.2,False,4,0,0,0.15746630002104212,2,8,1.2511856999917654
a8-load-sweep,waxman-n60-load0.7-critical_link-centralised,waxman,60,0.7,critical_link,CENTRALISED,orbit,9,16974837765539899153,0.6795972198028613,0.9994514133967466,1.0,0.6488326806319813,0.24428115206934103,5129.858047911033,57.081619918594974,151.87723579653772,0.0,0.0,False,167,0,0,0.07721759998821653,2,4,2.073004599995329
a8-load-sweep,waxman-n60-load0.7-critical_link-centralised,waxman,60,0.7,critical_link,CENTRALISED,spf-reconverge,9,16974837765539899153,0.5203488776803797,0.8103413366640354,0.7231697076394393,0.44200486941795003,0.27501183682774294,3927.791050505606,57.16071187948855,151.03049444503722,0.0,0.2,False,4,0,0,0.024469399999361485,2,8,0.8525435000046855
a8-load-sweep,waxman-n60-load0.7-critical_link-centralised,waxman,60,0.7,critical_link,CENTRALISED,spf-static,9,16974837765539899153,0.5138709314523627,0.8103413366640354,0.7231697076394393,0.42515978755531814,0.27306900553023844,3878.8930508914123,56.77210335244877,151.03049444503722,0.0,0.0,True,0,0,0,0.019611899988376535,2,520,0.7265373999980511
a8-load-sweep,waxman-n60-load0.7-critical_link-centralised,waxman,60,0.7,critical_link,CENTRALISED,cspf,10,4564883513547701922,0.7632757574156867,1.0,0.8626841900025617,0.7553657779821116,0.5275016433288506,3468.977152988491,50.023990259649054,104.43926062442029,0.0,0.2,True,69,0,0,0.11051410000072792,2,6,1.7036165000026813
a8-load-sweep,waxman-n60-load0.7-critical_link-centralised,waxman,60,0.7,critical_link,CENTRALISED,ecmp,10,4564883513547701922,0.5509439099438448,0.998853327697456,0.6987742706204417,0.4335733400735935,0.28012241149383316,2503.9598305131076,62.50970931423945,155.3274875143303,0.2,0.2,True,15,0,0,0.09105990000534803,2,30,0.8891124000074342
a8-load-sweep,waxman-n60-load0.7-critical_link-centralised,waxman,60,0.7,critical_link,CENTRALISED,orbit,10,4564883513547701922,0.7776236794615585,0.9992980314755722,0.935960316246577,0.8321720340470198,0.40908627372254613,3534.1863690371056,40.31190542478419,102.92406891998527,0.2,0.2,True,163,0,0,0.049044200000935234,2,8,1.9401205999893136
a8-load-sweep,waxman-n60-load0.7-critical_link-centralised,waxman,60,0.7,critical_link,CENTRALISED,spf-reconverge,10,4564883513547701922,0.5509439099438448,0.998853327697456,0.6987742706204417,0.4335733400735935,0.28012241149383316,2503.9598305131076,62.50970931423945,155.3274875143303,0.2,0.2,True,15,0,0,0.015279600003850646,2,30,1.132113700004993
a8-load-sweep,waxman-n60-load0.7-critical_link-centralised,waxman,60,0.7,critical_link,CENTRALISED,spf-static,10,4564883513547701922,0.5422934263705383,0.9254663003346456,0.6627134301975955,0.4542216795688124,0.3006093273855347,2464.644642540015,54.63002351129296,151.6485191101529,,0.0,True,0,0,0,0.019629500005976297,2,1950,0.9621076000039466
a8-load-sweep,waxman-n60-load0.7-critical_link-centralised,waxman,60,0.7,critical_link,CENTRALISED,cspf,11,11651706176664664731,0.8111933057715883,0.9694929693998057,0.911144372278362,0.7750873831267624,0.6541395640766436,5282.881168216482,44.835250705460936,102.61901632037969,0.0,0.0,False,58,0,0,0.08379509999940637,2,2,1.567686499998672
a8-load-sweep,waxman-n60-load0.7-critical_link-centralised,waxman,60,0.7,critical_link,CENTRALISED,ecmp,11,11651706176664664731,0.5584973552307478,0.8460880580299861,0.6183640310405227,0.41910913413857737,0.4975166630665194,3637.2035363886603,46.18712468565189,150.78447063084198,0.0,0.0,True,7,0,0,0.1387766000116244,2,14,1.4705858000088483
a8-load-sweep,waxman-n60-load0.7-critical_link-centralised,waxman,60,0.7,critical_link,CENTRALISED,orbit,11,11651706176664664731,0.7416272589221287,0.9995304691536405,0.9520845454428979,0.7264627305223169,0.3784741292514708,4829.833594680715,45.60206484127768,150.6788437193702,0.0,0.2,True,168,0,0,0.06221840000944212,2,4,1.9577789000031771
a8-load-sweep,waxman-n60-load0.7-critical_link-centralised,waxman,60,0.7,critical_link,CENTRALISED,spf-reconverge,11,11651706176664664731,0.5584973552307478,0.8460880580299861,0.6183640310405227,0.41910913413857737,0.4975166630665194,3637.2035363886603,46.18712468565189,150.78447063084198,0.0,0.0,True,7,0,0,0.04602819999854546,2,14,1.1038999000011245
a8-load-sweep,waxman-n60-load0.7-critical_link-centralised,waxman,60,0.7,critical_link,CENTRALISED,spf-static,11,11651706176664664731,0.5558351133034193,0.8160380838629795,0.6183640310405262,0.42257784916530344,0.5013609477683239,3619.865735838466,45.22279730374055,150.84384978637365,0.0,0.0,True,0,0,0,0.009801699998206459,2,910,0.9242703000054462
a8-load-sweep,waxman-n60-load0.7-critical_link-centralised,waxman,60,0.7,critical_link,CENTRALISED,cspf,12,117707656566462964,0.755519056228851,0.9605280942921349,0.8924940408063601,0.745004993966999,0.5179311694047039,3587.0912666843933,46.8093780759032,150.58114605568034,0.2,0.2,True,72,0,0,0.06635419999656733,2,6,1.3417405000072904
a8-load-sweep,waxman-n60-load0.7-critical_link-centralised,waxman,60,0.7,critical_link,CENTRALISED,ecmp,12,117707656566462964,0.5595438528926162,0.9928174012498048,0.7777193855635834,0.45467057433500035,0.24744244425393075,2656.630367547034,51.5526430899393,151.03821289061693,0.2,0.2,True,12,0,0,0.0923484999948414,2,24,0.8679478999983985
a8-load-sweep,waxman-n60-load0.7-critical_link-centralised,waxman,60,0.7,critical_link,CENTRALISED,orbit,12,117707656566462964,0.7697184419161603,0.9866666905347755,0.9106994927676849,0.8314519594911718,0.4175991640892615,3654.5078221919,45.07870678079804,102.24534142271645,0.2,0.2,True,166,0,0,0.05676219999440946,2,6,1.571370100005879
a8-load-sweep,waxman-n60-load0.7-critical_link-centralised,waxman,60,0.7,critical_link,CENTRALISED,spf-reconverge,12,117707656566462964,0.5595438528926162,0.9928174012498048,0.7777193855635834,0.45467057433500035,0.24744244425393075,2656.630367547034,51.5526430899393,151.03821289061693,0.2,0.2,True,12,0,0,0.015712100022938102,2,24,1.1294813999993494
a8-load-sweep,waxman-n60-load0.7-critical_link-centralised,waxman,60,0.7,critical_link,CENTRALISED,spf-static,12,117707656566462964,0.5461654699741348,0.8681657477904824,0.7857735737712999,0.45168325297243467,0.2605378020561427,2593.1118101610928,50.83634921150227,150.44200197900312,,0.0,True,0,0,0,0.010893299986491911,2,1560,1.023447200001101
a8-load-sweep,waxman-n60-load0.7-critical_link-centralised,waxman,60,0.7,critical_link,CENTRALISED,cspf,13,13269864971216792171,0.761637713393222,0.9782209575622071,0.8977612961938921,0.7689209451956501,0.4848435968098084,5633.920519522689,52.7124071613585,102.87351788531205,0.0,0.0,False,5,0,0,0.13126399999600835,2,2,1.9063019000022905
a8-load-sweep,waxman-n60-load0.7-critical_link-centralised,waxman,60,0.7,critical_link,CENTRALISED,ecmp,13,13269864971216792171,0.5130241443773191,0.9756505557307785,0.6535369102355806,0.37402860228397106,0.28949873521727704,3794.897762009471,52.437144802997004,150.6811795096896,0.0,0.0,False,3,0,0,0.16882360001909547,2,6,1.1930221999937203
a8-load-sweep,waxman-n60-load0.7-critical_link-centralised,waxman,60,0.7,critical_link,CENTRALISED,orbit,13,13269864971216792171,0.7146878649776208,1.0,0.9617176621964733,0.7064624165822831,0.30852450769692186,5286.627167676058,50.58252269366709,105.62991833560346,0.0,0.0,False,169,0,0,0.10573940000904258,2,0,1.7237672000046587
a8-load-sweep,waxman-n60-load0.7-critical_link-centralised,waxman,60,0.7,critical_link,CENTRALISED,spf-reconverge,13,13269864971216792171,0.5130241443773191,0.9756505557307785,0.6535369102355806,0.37402860228397106,0.28949873521727704,3794.897762009471,52.437144802997004,150.6811795096896,0.0,0.0,False,3,0,0,0.031953699988662265,2,6,1.043937199996435
a8-load-sweep,waxman-n60-load0.7-critical_link-centralised,waxman,60,0.7,critical_link,CENTRALISED,spf-static,13,13269864971216792171,0.5155484438242155,0.9756505557307785,0.6395445497639263,0.3903479130336725,0.2902809161274976,3813.5702912201496,47.75305003025514,101.45477522391435,0.0,0.0,False,0,0,0,0.010086299982503988,2,390,0.9951794999942649
a8-load-sweep,waxman-n60-load0.7-critical_link-centralised,waxman,60,0.7,critical_link,CENTRALISED,cspf,14,4225882071975508226,0.7580647319272377,1.0,0.9130023037096783,0.6599994660951783,0.5955715504174279,4680.266444953638,43.82709360057774,102.42695441300582,0.0,0.2,True,46,0,0,0.09731680000550114,2,6,2.0321336000051815
a8-load-sweep,waxman-n60-load0.7-critical_link-centralised,waxman,60,0.7,critical_link,CENTRALISED,ecmp,14,4225882071975508226,0.5298078114331136,0.9075395376315564,0.637636473627484,0.45773588925148745,0.30849675381488667,3271.0158086641245,52.79926066987715,150.70965575810732,0.2,0.2,False,9,0,0,0.19616770000720862,2,18,1.5290064000000712
a8-load-sweep,waxman-n60-load0.7-critical_link-centralised,waxman,60,0.7,critical_link,CENTRALISED,orbit,14,4225882071975508226,0.7499477168689599,0.9827016162969189,0.9615956724156394,0.7288752847322454,0.44015907140195326,4630.152263920761,45.99132112446361,104.1284275911751,0.2,0.2,False,177,2,0,0.058146199997281656,2,6,1.7980587999918498
a8-load-sweep,waxman-n60-load0.7-critical_link-centralised,waxman,60,0.7,critical_link,CENTRALISED,spf-reconverge,14,4225882071975508226,0.5298078114331136,0.9075395376315564,0.637636473627484,0.45773588925148745,0.30849675381488667,3271.0158086641245,52.79926066987715,150.70965575810732,0.2,0.2,False,9,0,0,0.01796729999477975,2,18,0.7658264999918174
a8-load-sweep,waxman-n60-load0.7-critical_link-centralised,waxman,60,0.7,critical_link,CENTRALISED,spf-static,14,4225882071975508226,0.5273143302291832,0.816276284616609,0.637636473627484,0.4734163515996072,0.32880134689485196,3255.6211386334935,49.11541856554054,102.82676393534985,,0.0,True,0,0,0,0.012999900005524978,2,1170,1.150463199999649
a8-load-sweep,waxman-n60-load0.7-critical_link-centralised,waxman,60,0.7,critical_link,CENTRALISED,cspf,15,2149797930214566170,0.7743027734575514,0.9763684803010255,0.8157103573334674,0.7606967068302577,0.6410364803173225,6553.86086607573,45.25764179067844,102.28036981061072,0.0,0.0,False,59,0,0,0.13384089998726267,2,2,1.2398423999984516
a8-load-sweep,waxman-n60-load0.7-critical_link-centralised,waxman,60,0.7,critical_link,CENTRALISED,ecmp,15,2149797930214566170,0.5878131318207913,0.8291488641054158,0.6783884831103059,0.5410622300312098,0.4324729059243703,4975.373475679403,53.92300652604869,150.84393440513597,0.2,0.2,False,7,0,0,0.11630909999075811,2,14,0.8737753000023076
a8-load-sweep,waxman-n60-load0.7-critical_link-centralised,waxman,60,0.7,critical_link,CENTRALISED,orbit,15,2149797930214566170,0.7254293809503727,0.9785863294024681,0.8887454305875852,0.7248955383931502,0.42816288877358033,6140.1862344909105,46.2149226709991,101.95125411758256,0.0,0.0,False,178,0,0,0.07064750001882203,2,4,1.648348700007773
a8-load-sweep,waxman-n60-load0.7-critical_link-centralised,waxman,60,0.7,critical_link,CENTRALISED,spf-reconverge,15,2149797930214566170,0.5878131318207913,0.8291488641054158,0.6783884831103059,0.5410622300312098,0.4324729059243703,4975.373475679403,53.92300652604869,150.84393440513597,0.2,0.2,False,7,0,0,0.04061540000839159,2,14,1.2548103000008268
a8-load-sweep,waxman-n60-load0.7-critical_link-centralised,waxman,60,0.7,critical_link,CENTRALISED,spf-static,15,2149797930214566170,0.5809706924421186,0.7484547349510019,0.6783884831103059,0.536736289231954,0.45674370290935384,4917.457635507307,52.80563491391018,150.84393440513597,,0.0,True,0,0,0,0.01916460000211373,2,910,1.1965957999927923
a8-load-sweep,waxman-n60-load0.7-critical_link-centralised,waxman,60,0.7,critical_link,CENTRALISED,cspf,16,15830537354903270753,0.7381617716638329,0.9378411240218905,0.9206721199113075,0.6965198899050523,0.49504854946361027,5784.7123766546665,51.228287809285916,151.1025999500029,0.0,0.0,True,40,0,0,0.10520460001134779,2,6,1.8722879000124522
a8-load-sweep,waxman-n60-load0.7-critical_link-centralised,waxman,60,0.7,critical_link,CENTRALISED,ecmp,16,15830537354903270753,0.5370076442377556,0.9602924528497065,0.6056644622984235,0.4186070911883816,0.3946989680832069,4208.338720898996,65.33920138818019,201.12839896014412,0.2,0.2,True,9,0,0,0.11537400001543574,2,18,0.8660243999911472
a8-load-sweep,waxman-n60-load0.7-critical_link-centralised,waxman,60,0.7,critical_link,CENTRALISED,orbit,16,15830537354903270753,0.7300367511900874,0.9782623274204585,0.9733590492787565,0.6784908845512002,0.41041815583319935,5721.039468764696,54.82222060191075,152.12406825807494,0.2,0.2,False,175,0,0,0.12022259998775553,2,2,2.077153099991847
a8-load-sweep,waxman-n60-load0.7-critical_link-centralised,waxman,60,0.7,critical_link,CENTRALISED,spf-reconverge,16,15830537354903270753,0.5370076442377556,0.9602924528497065,0.6056644622984235,0.4186070911883816,0.3946989680832069,4208.338720898996,65.33920138818019,201.12839896014412,0.2,0.2,True,9,0,0,0.03717549999419134,2,18,1.1323575999995228
a8-load-sweep,waxman-n60-load0.7-critical_link-centralised,waxman,60,0.7,critical_link,CENTRALISED,spf-static,16,15830537354903270753,0.5398747883501995,0.878296443916078,0.6567971915093828,0.42404846743576563,0.39125853941395256,4230.807513878511,62.75785424225151,200.976556907981,,0.0,True,0,0,0,0.02838890001294203,2,1170,1.2158905000105733
a8-load-sweep,waxman-n60-load0.7-critical_link-centralised,waxman,60,0.7,critical_link,CENTRALISED,cspf,17,14064011577017627491,0.693010089275405,0.9386585654494249,0.7647112129753139,0.6462488567206824,0.5400723382988688,5782.446758559603,54.16304334216691,151.42548534129745,0.0,0.0,False,47,0,0,0.13456289999885485,2,2,1.7471409999998286
a8-load-sweep,waxman-n60-load0.7-critical_link-centralised,waxman,60,0.7,critical_link,CENTRALISED,ecmp,17,14064011577017627491,0.47960878486407243,0.8225400108724074,0.597730061595759,0.38589211862441747,0.28785894259498607,4001.8353359237176,55.129661637920684,150.79689144327318,0.2,0.2,True,9,0,0,0.12049100000876933,2,18,0.7947242000082042
a8-load-sweep,waxman-n60-load0.7-critical_link-centralised,waxman,60,0.7,critical_link,CENTRALISED,orbit,17,14064011577017627491,0.6588091529902024,0.9994358378245809,0.9239896243423756,0.5345780407550418,0.35259157288580284,5497.075598424183,52.86592333800493,151.1189659357687,0.0,0.0,True,191,0,0,0.13502760000119451,2,2,1.3989670999872033
a8-load-sweep,waxman-n60-load0.7-critical_link-centralised,waxman,60,0.7,critical_link,CENTRALISED,spf-reconverge,17,14064011577017627491,0.47960878486407243,0.8225400108724074,0.597730061595759,0.38589211862441747,0.28785894259498607,4001.8353359237176,55.129661637920684,150.79689144327318,0.2,0.2,True,9,0,0,0.021692499998607673,2,18,1.0254807000019355
a8-load-sweep,waxman-n60-load0.7-critical_link-centralised,waxman,60,0.7,critical_link,CENTRALISED,spf-static,17,14064011577017627491,0.5028153093055043,0.7621373216698898,0.5811607543221924,0.44459689814601927,0.35136241134185187,4195.469590475623,48.53084188449724,150.55436365972284,,0.0,True,0,0,0,0.01829649999854155,2,1170,0.7481907000037609
a8-load-sweep,waxman-n60-load0.7-critical_link-centralised,waxman,60,0.7,critical_link,CENTRALISED,cspf,18,18083901847414671028,0.7667837601420358,1.0,0.8772028285926421,0.6967230552414074,0.623331092849775,4953.501056711668,43.651297014996125,151.0492739500604,0.0,0.2,True,52,0,0,0.08331959998758975,2,4,1.7115114999905927
a8-load-sweep,waxman-n60-load0.7-critical_link-centralised,waxman,60,0.7,critical_link,CENTRALISED,ecmp,18,18083901847414671028,0.5931219016496655,0.9256032960928317,0.7195620134337828,0.5272274273109353,0.37480950028508564,3831.6277929989333,53.44561291771769,101.5427989927197,0.0,0.0,False,9,0,0,0.11336730001494288,2,18,1.2044550999999046
a8-load-sweep,waxman-n60-load0.7-critical_link-centralised,waxman,60,0.7,critical_link,CENTRALISED,orbit,18,18083901847414671028,0.7411328894782643,1.0,0.8851489972791927,0.7422146339850316,0.4585042509762536,4787.793824055841,31.28197081147386,103.18555540897586,0.0,0.0,False,170,0,0,0.09646149999753106,2,4,1.5063628000061726
a8-load-sweep,waxman-n60-load0.7-critical_link-centralised,waxman,60,0.7,critical_link,CENTRALISED,spf-reconverge,18,18083901847414671028,0.5931219016496655,0.9256032960928317,0.7195620134337828,0.5272274273109353,0.37480950028508564,3831.6277929989333,53.44561291771769,101.5427989927197,0.0,0.0,False,9,0,0,0.044968800008064136,2,18,1.006191000007675
a8-load-sweep,waxman-n60-load0.7-critical_link-centralised,waxman,60,0.7,critical_link,CENTRALISED,spf-static,18,18083901847414671028,0.5764631162698078,0.9256032960928317,0.7156401938509407,0.4961104521206119,0.35543141713395815,3724.0103455879807,54.02648872973931,101.90629461551467,0.0,0.0,False,0,0,0,0.010650800002622418,2,1170,0.9923252000007778
a8-load-sweep,waxman-n60-load0.7-critical_link-centralised,waxman,60,0.7,critical_link,CENTRALISED,cspf,19,14971152282559320664,0.7557714495063877,1.0,0.8818405420803282,0.6764992754239725,0.6193423304829591,4478.226264556287,52.41383958780757,150.9480490495313,0.0,0.0,True,67,0,0,0.11349279999558348,2,6,1.9386263000051258
a8-load-sweep,waxman-n60-load0.7-critical_link-centralised,waxman,60,0.7,critical_link,CENTRALISED,ecmp,19,14971152282559320664,0.5376614204167678,0.9790215747830339,0.8010705323111207,0.3116649278673804,0.3800262898282028,3185.843413272069,52.665027415692656,150.9023962521995,0.0,0.2,True,16,0,0,0.16118680000363383,2,32,0.9810815999953775
a8-load-sweep,waxman-n60-load0.7-critical_link-centralised,waxman,60,0.7,critical_link,CENTRALISED,orbit,19,14971152282559320664,0.7305472888400345,0.9993909522033582,0.9963872797896827,0.7006422272524261,0.3743965443480407,4328.763753275625,45.34542976914372,104.35123324823832,0.0,0.0,True,165,0,0,0.06296589999692515,2,8,1.983958700002404
a8-load-sweep,waxman-n60-load0.7-critical_link-centralised,waxman,60,0.7,critical_link,CENTRALISED,spf-reconverge,19,14971152282559320664,0.5376614204167678,0.9790215747830339,0.8010705323111207,0.3116649278673804,0.3800262898282028,3185.843413272069,52.665027415692656,150.9023962521995,0.0,0.2,True,16,0,0,0.04154089999792632,2,32,1.1864981999970041
a8-load-sweep,waxman-n60-load0.7-critical_link-centralised,waxman,60,0.7,critical_link,CENTRALISED,spf-static,19,14971152282559320664,0.5161189989002116,0.9400425157979574,0.709931082736465,0.33679611438658696,0.3650130045195181,3058.1965725497944,50.58329463935121,150.71741974514083,0.0,0.0,True,0,0,0,0.022061500014388002,2,2080,1.0738984999916283
a8-load-sweep,waxman-n60-load0.7-critical_link-centralised,waxman,60,0.7,critical_link,CENTRALISED,cspf,20,10124965316362573252,0.778580012124816,0.9987099864594162,0.8143817834313204,0.845436822195951,0.531312112412279,3859.512929510073,41.865068749414164,151.1256678778521,0.2,0.2,True,50,0,0,0.0699655999924289,2,10,1.7782694999914384
a8-load-sweep,waxman-n60-load0.7-critical_link-centralised,waxman,60,0.7,critical_link,CENTRALISED,ecmp,20,10124965316362573252,0.5683497689314917,0.9008660569113789,0.7244793380260577,0.4643836707276593,0.3825164963416345,2817.3768238523708,48.84982757043739,150.96446353701648,0.0,0.2,True,10,0,0,0.19845870000426657,2,20,1.2490933999943081
a8-load-sweep,waxman-n60-load0.7-critical_link-centralised,waxman,60,0.7,critical_link,CENTRALISED,orbit,20,10124965316362573252,0.7877884236115485,0.9990672924835956,0.9195565528597642,0.8884668542263962,0.4135636612479028,3905.1601110968463,35.98316320243211,102.08009172775976,0.2,0.2,True,164,1,0,0.09193260000029113,2,10,1.905846699999529
a8-load-sweep,waxman-n60-load0.7-critical_link-centralised,waxman,60,0.7,critical_link,CENTRALISED,spf-reconverge,20,10124965316362573252,0.5683497689314917,0.9008660569113789,0.7244793380260577,0.4643836707276593,0.3825164963416345,2817.3768238523708,48.84982757043739,150.96446353701648,0.0,0.2,True,10,0,0,0.0174939999851631,2,20,1.0883335999969859
a8-load-sweep,waxman-n60-load0.7-critical_link-centralised,waxman,60,0.7,critical_link,CENTRALISED,spf-static,20,10124965316362573252,0.560770986449072,0.8651011594110729,0.6707923090925041,0.48933447529536983,0.3878296003548768,2779.8079054042637,46.41702715456016,150.8271748762911,0.0,0.0,True,0,0,0,0.008230899984482676,2,1300,0.724382099986542
a8-load-sweep,waxman-n60-load0.7-critical_link-centralised,waxman,60,0.7,critical_link,CENTRALISED,cspf,21,2451627220518199993,0.776512853100063,0.9749762386420207,0.9535201353166665,0.7194014451805649,0.5730232725816053,4625.028743538132,46.92105758690006,151.333883462693,0.0,0.0,True,75,0,0,0.09094600001117215,2,6,2.109330299994326
a8-load-sweep,waxman-n60-load0.7-critical_link-centralised,waxman,60,0.7,critical_link,CENTRALISED,ecmp,21,2451627220518199993,0.563621004090699,0.9841078442317928,0.7138881348440304,0.3738051970127102,0.445050659838827,3357.0124872683764,52.70360029945445,151.34948443580953,0.2,0.2,True,8,0,0,0.10187650000443682,2,16,0.8704919000010705
a8-load-sweep,waxman-n60-load0.7-critical_link-centralised,waxman,60,0.7,critical_link,CENTRALISED,orbit,21,2451627220518199993,0.7313950077571091,0.9993597767193542,1.0,0.7216741659314881,0.33219264955047756,4356.29998943626,47.96994332102478,105.35135994601902,0.0,0.0,True,167,0,0,0.09838610001315828,2,6,1.671513599998434
a8-load-sweep,waxman-n60-load0.7-critical_link-centralised,waxman,60,0.7,critical_link,CENTRALISED,spf-reconverge,21,2451627220518199993,0.563621004090699,0.9841078442317928,0.7138881348440304,0.3738051970127102,0.445050659838827,3357.0124872683764,52.70360029945445,151.34948443580953,0.2,0.2,True,8,0,0,0.016162900006747805,2,16,0.8662274999951478
a8-load-sweep,waxman-n60-load0.7-critical_link-centralised,waxman,60,0.7,critical_link,CENTRALISED,spf-static,21,2451627220518199993,0.5601469146165753,0.9077746244173325,0.7199070233503473,0.35772796148234104,0.49319457094034125,3336.3202815807326,49.19441243924502,150.8233603281866,,0.0,True,0,0,0,0.008299100009026006,2,1040,0.9283708000002662
a8-load-sweep,waxman-n60-load0.7-critical_link-centralised,waxman,60,0.7,critical_link,CENTRALISED,cspf,22,10734271674789248613,0.794919666741071,0.9497059615897924,0.9084178591639962,0.7754015306910391,0.6243226797634768,6148.484258270696,50.10757419813751,151.39200964814222,0.2,0.2,False,45,0,0,0.102987900012522,2,4,1.7404593000101158
a8-load-sweep,waxman-n60-load0.7-critical_link-centralised,waxman,60,0.7,critical_link,CENTRALISED,ecmp,22,10734271674789248613,0.5542308829671801,0.8956100168498992,0.6863495462788461,0.45889357206405823,0.36229906721776317,4286.822935632763,50.992965039369274,101.23024167986983,0.0,0.0,False,4,0,0,0.1268156000005547,2,8,0.9068469000048935
a8-load-sweep,waxman-n60-load0.7-critical_link-centralised,waxman,60,0.7,critical_link,CENTRALISED,orbit,22,10734271674789248613,0.7617522466436681,0.9996660354962028,0.981251257922863,0.7973169022190991,0.36546012967876534,5891.943416612595,45.82992838216123,102.30915398565041,0.0,0.0,False,171,0,0,0.12549860001308843,2,4,2.0528877999895485
a8-load-sweep,waxman-n60-load0.7-critical_link-centralised,waxman,60,0.7,critical_link,CENTRALISED,spf-reconverge,22,10734271674789248613,0.5542308829671801,0.8956100168498992,0.6863495462788461,0.45889357206405823,0.36229906721776317,4286.822935632763,50.992965039369274,101.23024167986983,0.0,0.0,False,4,0,0,0.020342499992693774,2,8,0.9330356999998912
a8-load-sweep,waxman-n60-load0.7-critical_link-centralised,waxman,60,0.7,critical_link,CENTRALISED,spf-static,22,10734271674789248613,0.5399038962901913,0.8742362886068891,0.6863495462788461,0.45889357206405823,0.3186062132797808,4176.007647324374,51.29387797321128,101.23024167986983,0.0,0.0,False,0,0,0,0.010248199992929585,2,520,0.8455145999905653
a8-load-sweep,waxman-n60-load0.7-critical_link-centralised,waxman,60,0.7,critical_link,CENTRALISED,cspf,23,17019291737692321274,0.815722365241841,0.9569364311726676,0.9155182185332877,0.8306792407701795,0.609739576408267,6030.536258049217,53.424963421159,151.11495397538187,0.0,0.0,False,53,0,0,0.1122144999972079,2,6,2.070034000003943
a8-load-sweep,waxman-n60-load0.7-critical_link-centralised,waxman,60,0.7,critical_link,CENTRALISED,ecmp,23,17019291737692321274,0.5143667219673392,0.808971200003675,0.6883807407333691,0.45637372585350044,0.2305217582294342,3802.6506308164335,50.96782928429707,151.10200405656306,0.2,0.2,True,8,0,0,0.17626840001321398,2,16,0.981041599996388
a8-load-sweep,waxman-n60-load0.7-critical_link-centralised,waxman,60,0.7,critical_link,CENTRALISED,orbit,23,17019291737692321274,0.7142538126545726,0.9834092984186419,0.9870515028365305,0.7526991278546192,0.22852909077560388,5280.391586892774,56.02008093009645,151.3541803051761,0.0,0.0,False,173,0,0,0.10173599999689031,2,4,1.7810655000066618
a8-load-sweep,waxman-n60-load0.7-critical_link-centralised,waxman,60,0.7,critical_link,CENTRALISED,spf-reconverge,23,17019291737692321274,0.5143667219673392,0.808971200003675,0.6883807407333691,0.45637372585350044,0.2305217582294342,3802.6506308164335,50.96782928429707,151.10200405656306,0.2,0.2,True,8,0,0,0.04984649999823887,2,16,0.9144959999975981
a8-load-sweep,waxman-n60-load0.7-critical_link-centralised,waxman,60,0.7,critical_link,CENTRALISED,spf-static,23,17019291737692321274,0.5205310710593957,0.7389653395151318,0.6879561918186327,0.46921482970738904,0.28309633909648346,3848.2229140967847,49.2402785481282,150.95464623680644,,0.0,True,0,0,0,0.009925100006512366,2,1040,0.8265197000000626
a8-load-sweep,waxman-n60-load0.7-critical_link-centralised,waxman,60,0.7,critical_link,CENTRALISED,cspf,24,10999390081445550607,0.7925222625935149,1.0,0.987947935023081,0.6608635715565669,0.6520582435504213,5034.380595847155,31.033068068419382,101.77689168326654,0.0,0.0,False,73,0,0,0.13189139998576138,2,14,1.8699377000011737
a8-load-sweep,waxman-n60-load0.7-critical_link-centralised,waxman,60,0.7,critical_link,CENTRALISED,ecmp,24,10999390081445550607,0.560814863190901,0.9847497026963244,0.6082658660077709,0.40799418688697636,0.4709317605763608,3562.493570680991,43.269022249549266,150.73433882805642,0.0,0.0,True,12,0,0,0.1809095999924466,2,24,1.407875500008231
a8-load-sweep,waxman-n60-load0.7-critical_link-centralised,waxman,60,0.7,critical_link,CENTRALISED,orbit,24,10999390081445550607,0.7937171431521433,0.9996844267900986,0.9908803353792776,0.7313378102504197,0.5552430058006667,5041.970898079206,23.008136180021804,53.887660835205224,0.0,0.0,False,166,1,0,0.05691780000051949,2,16,1.8244320999947377
a8-load-sweep,waxman-n60-load0.7-critical_link-centralised,waxman,60,0.7,critical_link,CENTRALISED,spf-reconverge,24,10999390081445550607,0.560814863190901,0.9847497026963244,0.6082658660077709,0.40799418688697636,0.4709317605763608,3562.493570680991,43.269022249549266,150.73433882805642,0.0,0.0,True,12,0,0,0.020371199992951006,2,24,1.0440785999962827
a8-load-sweep,waxman-n60-load0.7-critical_link-centralised,waxman,60,0.7,critical_link,CENTRALISED,spf-static,24,10999390081445550607,0.554185368944866,0.9645530172626331,0.589898656483703,0.42955984449074114,0.44495863761366117,3520.38068784121,43.74625310568703,101.58959963411264,0.0,0.0,False,0,0,0,0.010176499985391274,2,1560,1.0184939000027953
a8-load-sweep,waxman-n60-load0.7-critical_link-centralised,waxman,60,0.7,critical_link,CENTRALISED,cspf,25,5208151899736891984,0.7490226870264532,0.953806123105776,0.8846383474859045,0.7603486771932694,0.47657614007353044,5055.435904447806,50.2619377690608,103.26200576194775,0.0,0.0,False,34,0,0,0.08953390001261141,2,4,2.0663459000061266
a8-load-sweep,waxman-n60-load0.7-critical_link-centralised,waxman,60,0.7,critical_link,CENTRALISED,ecmp,25,5208151899736891984,0.5549091596244504,0.8746477883957988,0.7516306327248886,0.46029002380446876,0.2904751759117751,3745.2906805923362,65.33663895342715,151.3764237206894,0.0,0.2,False,4,0,0,0.2146575000078883,2,8,1.3429845000064233
a8-load-sweep,waxman-n60-load0.7-critical_link-centralised,waxman,60,0.7,critical_link,CENTRALISED,orbit,25,5208151899736891984,0.7214521566615483,0.9993681523077402,0.9741554956026703,0.6825121851528534,0.35061129952069964,4869.352022710207,55.47775653624214,151.52031009488869,0.0,0.2,False,174,0,0,0.06675419998646248,2,6,2.1017044999898644
a8-load-sweep,waxman-n60-load0.7-critical_link-centralised,waxman,60,0.7,critical_link,CENTRALISED,spf-reconverge,25,5208151899736891984,0.5549091596244504,0.8746477883957988,0.7516306327248886,0.46029002380446876,0.2904751759117751,3745.2906805923362,65.33663895342715,151.3764237206894,0.0,0.2,False,4,0,0,0.018415700003970414,2,8,0.9619417999929283
a8-load-sweep,waxman-n60-load0.7-critical_link-centralised,waxman,60,0.7,critical_link,CENTRALISED,spf-static,25,5208151899736891984,0.5437164780697489,0.8746477883957988,0.7361995678578755,0.44760375903424776,0.27923864485604,3669.7470619827027,65.48516529527015,151.3764237206894,0.0,0.0,True,0,0,0,0.009010600013425574,2,520,0.7935526999935973
a8-load-sweep,waxman-n60-load0.7-critical_link-centralised,waxman,60,0.7,critical_link,CENTRALISED,cspf,26,501994365295416615,0.7796003116469716,0.9979118110351053,0.9111673437656805,0.716058477280472,0.6029427638990932,5148.200125612416,56.08551460859026,151.46084591845036,0.0,0.0,False,55,0,0,0.08053139998810366,2,6,1.5187986999953864
a8-load-sweep,waxman-n60-load0.7-critical_link-centralised,waxman,60,0.7,critical_link,CENTRALISED,ecmp,26,501994365295416615,0.557268671078846,0.9067959107067769,0.6554342574865677,0.39303009071920486,0.4883101347559272,3680.0019184024186,48.40492199945746,151.0509041077526,0.2,0.2,False,10,0,0,0.1602502000023378,2,20,1.1101674999954412
a8-load-sweep,waxman-n60-load0.7-critical_link-centralised,waxman,60,0.7,critical_link,CENTRALISED,orbit,26,501994365295416615,0.7175654178321909,0.9991846366114271,0.9953955251136347,0.6197722774862845,0.3996601110205769,4738.543993671017,46.635370440915,102.59521074312053,0.2,0.2,True,173,0,0,0.061837900007958524,2,6,1.7635692000039853
a8-load-sweep,waxman-n60-load0.7-critical_link-centralised,waxman,60,0.7,critical_link,CENTRALISED,spf-reconverge,26,501994365295416615,0.557268671078846,0.9067959107067769,0.6554342574865677,0.39303009071920486,0.4883101347559272,3680.0019184024186,48.40492199945746,151.0509041077526,0.2,0.2,False,10,0,0,0.018969400000059977,2,20,0.7894797000044491
a8-load-sweep,waxman-n60-load0.7-critical_link-centralised,waxman,60,0.7,critical_link,CENTRALISED,spf-static,26,501994365295416615,0.5406006834269322,0.818842507376857,0.6284521177086518,0.40122961461953305,0.48859685623683624,3569.9325215059407,47.513066665782475,150.4447022505491,,0.0,True,0,0,0,0.009305900006438605,2,1300,0.9626427000039257
a8-load-sweep,waxman-n60-load0.7-critical_link-centralised,waxman,60,0.7,critical_link,CENTRALISED,cspf,27,10409282375115474192,0.7264674878477784,0.9991593310680987,0.8610700524318002,0.5998020788878714,0.6274053575351022,4861.796197636299,45.66427954112392,102.28278981499612,0.0,0.0,False,77,0,0,0.12053190000005998,2,6,1.880172400007723
a8-load-sweep,waxman-n60-load0.7-critical_link-centralised,waxman,60,0.7,critical_link,CENTRALISED,ecmp,27,10409282375115474192,0.5169209904316034,0.9910245254693076,0.6054093478426509,0.3723999430425163,0.38214891762972986,3459.431492528624,49.83589983327852,151.5926966748604,0.0,0.0,True,6,0,0,0.18595629998890217,2,12,1.225470099991071
a8-load-sweep,waxman-n60-load0.7-critical_link-centralised,waxman,60,0.7,critical_link,CENTRALISED,orbit,27,10409282375115474192,0.7038490822696059,1.0,0.9372642058346978,0.6449911294928395,0.4012244577025019,4710.425241501237,38.58378618642328,104.37524418352048,0.0,0.0,False,182,0,0,0.06217380000452977,2,4,1.5796025000017835
a8-load-sweep,waxman-n60-load0.7-critical_link-centralised,waxman,60,0.7,critical_link,CENTRALISED,spf-reconverge,27,10409282375115474192,0.5169209904316034,0.9910245254693076,0.6054093478426509,0.3723999430425163,0.38214891762972986,3459.431492528624,49.83589983327852,151.5926966748604,0.0,0.0,True,6,0,0,0.03432770000654273,2,12,0.9489499000046635
a8-load-sweep,waxman-n60-load0.7-critical_link-centralised,waxman,60,0.7,critical_link,CENTRALISED,spf-static,27,10409282375115474192,0.5153629824893466,0.9910245254693076,0.6040435516124205,0.37452769144461745,0.37445742016204114,3449.0047119551505,47.53209324286991,151.61454834790183,0.0,0.0,True,0,0,0,0.009582599988789298,2,780,0.8060966999910306
a8-load-sweep,waxman-n60-load0.7-critical_link-centralised,waxman,60,0.7,critical_link,CENTRALISED,cspf,28,3618027426134323642,0.7467889855918786,0.956819121037417,0.9047416316625767,0.6371677802396385,0.6033769782582574,5681.33635553807,50.90309149625829,151.18732724034123,0.0,0.0,True,74,0,0,0.1043266000051517,2,4,1.6266804999904707
a8-load-sweep,waxman-n60-load0.7-critical_link-centralised,waxman,60,0.7,critical_link,CENTRALISED,ecmp,28,3618027426134323642,0.5581139191774994,0.9124633568845579,0.6235044271437298,0.44576601730382287,0.43663176420812927,4245.9556323556035,50.66204477974415,150.67284103543338,0.0,0.0,False,10,0,0,0.2141089000069769,2,20,1.1128694000071846
a8-load-sweep,waxman-n60-load0.7-critical_link-centralised,waxman,60,0.7,critical_link,CENTRALISED,orbit,28,3618027426134323642,0.716469424142981,1.0,0.9157902391028775,0.7299734129653718,0.3323185992137134,5450.674642434376,38.749036276868736,103.14736077066502,0.0,0.0,False,168,0,0,0.0667329999996582,2,4,1.5921022999973502
a8-load-sweep,waxman-n60-load0.7-critical_link-centralised,waxman,60,0.7,critical_link,CENTRALISED,spf-reconverge,28,3618027426134323642,0.5581139191774994,0.9124633568845579,0.6235044271437298,0.44576601730382287,0.43663176420812927,4245.9556323556035,50.66204477974415,150.67284103543338,0.0,0.0,False,10,0,0,0.03358890001254622,2,20,0.9327440000051865
a8-load-sweep,waxman-n60-load0.7-critical_link-centralised,waxman,60,0.7,critical_link,CENTRALISED,spf-static,28,3618027426134323642,0.5514575373333724,0.9124633568845579,0.6001322354085429,0.44576601730382287,0.4355340906311774,4195.3159672065385,50.24621477283661,150.62857525249308,0.0,0.0,False,0,0,0,0.01161570000112988,2,1300,1.1883574000094086
a8-load-sweep,waxman-n60-load0.7-critical_link-centralised,waxman,60,0.7,critical_link,CENTRALISED,cspf,29,14236885258085954347,0.7525220327798943,0.9707206526183373,0.9372003869665503,0.6510162198677241,0.5625175755724516,5614.433416094866,55.773958499478624,150.5774862838694,0.0,0.0,True,60,0,0,0.12398150000080932,2,4,1.5979831000004197
a8-load-sweep,waxman-n60-load0.7-critical_link-centralised,waxman,60,0.7,critical_link,CENTRALISED,ecmp,29,14236885258085954347,0.521657993386775,0.9694793930575317,0.6416180799813508,0.4098199418524122,0.2829002348415535,3891.9977652007897,50.103011612989185,101.19097301589916,0.0,0.2,False,7,0,0,0.16634830001567025,2,14,1.0308026999991853
a8-load-sweep,waxman-n60-load0.7-critical_link-centralised,waxman,60,0.7,critical_link,CENTRALISED,orbit,29,14236885258085954347,0.7594483169320859,1.0,0.9780213123666346,0.7145843694820385,0.4487834584242769,5666.10919367945,46.87551349550745,102.55480847678191,0.0,0.0,False,177,0,0,0.12035060000198428,2,4,2.0644956000032835
a8-load-sweep,waxman-n60-load0.7-critical_link-centralised,waxman,60,0.7,critical_link,CENTRALISED,spf-reconverge,29,14236885258085954347,0.521657993386775,0.9694793930575317,0.6416180799813508,0.4098199418524122,0.2829002348415535,3891.9977652007897,50.103011612989185,101.19097301589916,0.0,0.2,False,7,0,0,0.018281199998455122,2,14,0.7607729000010295
a8-load-sweep,waxman-n60-load0.7-critical_link-centralised,waxman,60,0.7,critical_link,CENTRALISED,spf-static,29,14236885258085954347,0.5174255548988044,0.9694793930575317,0.6240536784669938,0.41437706695983695,0.27917701710304405,3860.42029232515,50.41735778587714,101.19097301589916,0.0,0.0,True,0,0,0,0.009441600006539375,2,910,0.8699930000002496
a8-load-sweep,waxman-n60-load0.9-critical_link-centralised,waxman,60,0.9,critical_link,CENTRALISED,cspf,0,11329036488927840062,0.6447415601567305,0.8949239339037323,0.715549774192726,0.6587840428585786,0.40745130705447774,6310.330079646619,56.927190806845324,151.00586590436149,,0.0,True,61,0,0,0.1404190000030212,2,2,1.6257850999973016
a8-load-sweep,waxman-n60-load0.9-critical_link-centralised,waxman,60,0.9,critical_link,CENTRALISED,ecmp,0,11329036488927840062,0.4564759511786604,0.9072731413279193,0.41799137395127306,0.36654090669994044,0.34445057264502055,4467.703190496633,63.646579395883,151.2235998729496,0.0,0.0,False,11,0,0,0.11905579999438487,2,22,0.9647027000028174
a8-load-sweep,waxman-n60-load0.9-critical_link-centralised,waxman,60,0.9,critical_link,CENTRALISED,orbit,0,11329036488927840062,0.6443503770058312,0.9991496032944122,0.8715522611173292,0.5546673500539432,0.3346013870149162,6306.501421845855,58.051965653017994,150.59292090996325,0.2,0.2,False,190,2,0,0.07665790000464767,2,2,1.5791121999936877
a8-load-sweep,waxman-n60-load0.9-critical_link-centralised,waxman,60,0.9,critical_link,CENTRALISED,spf-reconverge,0,11329036488927840062,0.4564759511786604,0.9072731413279193,0.41799137395127306,0.36654090669994044,0.34445057264502055,4467.703190496633,63.646579395883,151.2235998729496,0.0,0.0,False,11,0,0,0.019231500002206303,2,22,0.699223699994036
a8-load-sweep,waxman-n60-load0.9-critical_link-centralised,waxman,60,0.9,critical_link,CENTRALISED,spf-static,0,11329036488927840062,0.43842247499845177,0.7991397025550522,0.4121153378576297,0.3666944780690855,0.34415516078264224,4291.00697479982,60.26902251582997,151.15548077782165,0.0,0.0,False,0,0,0,0.009797300008358434,2,1430,0.8819925999996485
a8-load-sweep,waxman-n60-load0.9-critical_link-centralised,waxman,60,0.9,critical_link,CENTRALISED,cspf,1,6237867979807433024,0.6813668441678388,0.9173476183023783,0.8130371104598428,0.6409273358073878,0.4588291950462664,5518.795435048281,64.80318359901298,152.16771300132632,0.0,0.2,True,60,0,0,0.14344779998646118,2,2,1.7020173000055365
a8-load-sweep,waxman-n60-load0.9-critical_link-centralised,waxman,60,0.9,critical_link,CENTRALISED,ecmp,1,6237867979807433024,0.49089389531516303,0.8280874616476581,0.7083303612077119,0.34486545952025743,0.2573255316792098,3976.041704622564,58.127468015532095,151.14920107390557,0.0,0.0,True,11,0,0,0.1315720999991754,2,22,0.974421999999322
a8-load-sweep,waxman-n60-load0.9-critical_link-centralised,waxman,60,0.9,critical_link,CENTRALISED,orbit,1,6237867979807433024,0.647364593464363,0.969475611291321,0.8959106149281971,0.6027248504453632,0.2640114202668134,5243.390977713862,56.42558377749782,103.81320248371914,0.0,0.0,False,171,0,0,0.10311060001549777,2,6,1.7847463999933098
a8-load-sweep,waxman-n60-load0.9-critical_link-centralised,waxman,60,0.9,critical_link,CENTRALISED,spf-reconverge,1,6237867979807433024,0.49089389531516303,0.8280874616476581,0.7083303612077119,0.34486545952025743,0.2573255316792098,3976.041704622564,58.127468015532095,151.14920107390557,0.0,0.0,True,11,0,0,0.020115299994358793,2,22,0.9982386000046972
a8-load-sweep,waxman-n60-load0.9-critical_link-centralised,waxman,60,0.9,critical_link,CENTRALISED,spf-static,1,6237867979807433024,0.48190385994112955,0.8011656213341163,0.6758521836685719,0.3391051548990936,0.2780004230777093,3903.2260597055697,55.96511267408551,151.03946853833793,0.0,0.0,False,0,0,0,0.009807700014789589,2,1430,0.8799196999898413
a8-load-sweep,waxman-n60-load0.9-critical_link-centralised,waxman,60,0.9,critical_link,CENTRALISED,cspf,2,9595884762982220124,0.5971332627314381,0.9465466805338105,0.6759341360203555,0.4791301396064088,0.4823797964494593,4883.78985419574,63.07026273295781,151.8535081125538,0.0,0.0,False,53,0,0,0.07622689999698196,2,2,1.019270900011179
a8-load-sweep,waxman-n60-load0.9-critical_link-centralised,waxman,60,0.9,critical_link,CENTRALISED,ecmp,2,9595884762982220124,0.44440592548962093,0.8629182468404306,0.45834789250592284,0.30143834119940893,0.38874966634345753,3634.6746790202073,57.62378972298129,150.85459546335326,0.2,0.2,True,13,0,0,0.1200057999958517,2,26,0.8181658999965293
a8-load-sweep,waxman-n60-load0.9-critical_link-centralised,waxman,60,0.9,critical_link,CENTRALISED,orbit,2,9595884762982220124,0.5671669499347792,0.9958232574316103,0.7527169211113626,0.4094547275427216,0.35659301828204854,4638.703566865939,60.31517532168605,151.4936531282333,0.2,0.2,True,188,0,0,0.1538019000145141,2,4,1.8011875999945914
a8-load-sweep,waxman-n60-load0.9-critical_link-centralised,waxman,60,0.9,critical_link,CENTRALISED,spf-reconverge,2,9595884762982220124,0.44440592548962093,0.8629182468404306,0.45834789250592284,0.30143834119940893,0.38874966634345753,3634.6746790202073,57.62378972298129,150.85459546335326,0.2,0.2,True,13,0,0,0.017929699999513105,2,26,0.6077814000018407
a8-load-sweep,waxman-n60-load0.9-critical_link-centralised,waxman,60,0.9,critical_link,CENTRALISED,spf-static,2,9595884762982220124,0.4478641705235136,0.8541848283069247,0.4368578297501567,0.32181148760817385,0.4003030123562476,3662.9587205632824,59.53036913848659,151.41400658439977,,0.0,True,0,0,0,0.01943220001703594,2,1690,0.8546387000096729
a8-load-sweep,waxman-n60-load0.9-critical_link-centralised,waxman,60,0.9,critical_link,CENTRALISED,cspf,3,603624188001051230,0.5760812369455448,0.9232056760375814,0.7154801874171856,0.4264347748448587,0.44628783512457626,6117.213768686887,72.08651323745728,153.16235892608844,0.0,0.0,False,43,0,0,0.15338769998925272,2,2,1.440471299996716
a8-load-sweep,waxman-n60-load0.9-critical_link-centralised,waxman,60,0.9,critical_link,CENTRALISED,ecmp,3,603624188001051230,0.43515583811710173,0.8091004578870771,0.4680692830989356,0.31921981510543634,0.3503246343796172,4620.774143883534,63.68075166433862,151.04567100064767,0.0,0.2,False,8,0,0,0.2065077999868663,2,16,1.0325367000041297
a8-load-sweep,waxman-n60-load0.9-critical_link-centralised,waxman,60,0.9,critical_link,CENTRALISED,orbit,3,603624188001051230,0.5505790911695133,0.9935545397082539,0.8692574080327606,0.359034954151273,0.25045682816317233,5846.415021448837,70.44047635059968,201.19585475584282,0.0,0.0,True,188,0,0,0.121541000000434,2,2,1.5908521999954246
a8-load-sweep,waxman-n60-load0.9-critical_link-centralised,waxman,60,0.9,critical_link,CENTRALISED,spf-reconverge,3,603624188001051230,0.43515583811710173,0.8091004578870771,0.4680692830989356,0.31921981510543634,0.3503246343796172,4620.774143883534,63.68075166433862,151.04567100064767,0.0,0.2,False,8,0,0,0.03411749999213498,2,16,0.9124407000053907
a8-load-sweep,waxman-n60-load0.9-critical_link-centralised,waxman,60,0.9,critical_link,CENTRALISED,spf-static,3,603624188001051230,0.41833892751035817,0.7526744812911762,0.4838426231733587,0.29233973659874546,0.33628511014070595,4442.201000873718,65.23916462185166,151.11387433315215,0.0,0.0,True,0,0,0,0.009368399987579323,2,1040,1.0232560000004014
a8-load-sweep,waxman-n60-load0.9-critical_link-centralised,waxman,60,0.9,critical_link,CENTRALISED,cspf,4,9795650596908390211,0.5499052745264578,0.8933316029738572,0.6698653581498067,0.5033456935702708,0.3254226832911856,5144.5490636015065,72.48157235561283,151.51069875584795,0.0,0.0,True,63,0,0,0.09231760000693612,2,2,1.5358105999912368
a8-load-sweep,waxman-n60-load0.9-critical_link-centralised,waxman,60,0.9,critical_link,CENTRALISED,ecmp,4,9795650596908390211,0.3940640358246432,0.8310742335199117,0.5453682859265558,0.21935037850737232,0.25219863137664755,3686.601784728216,64.61239786956548,150.9340277892194,0.2,0.2,False,8,0,0,0.1761061000142945,2,16,0.9255418999964604
a8-load-sweep,waxman-n60-load0.9-critical_link-centralised,waxman,60,0.9,critical_link,CENTRALISED,orbit,4,9795650596908390211,0.5238080621021856,0.9991187290053093,0.8944292233454312,0.3124309015361554,0.21042504951510685,4900.40085124709,71.85759914976336,154.49791833920315,0.2,0.2,True,176,4,0,0.07008710000081919,2,388,1.4269038999918848
a8-load-sweep,waxman-n60-load0.9-critical_link-centralised,waxman,60,0.9,critical_link,CENTRALISED,spf-reconverge,4,9795650596908390211,0.3940640358246432,0.8310742335199117,0.5453682859265558,0.21935037850737232,0.25219863137664755,3686.601784728216,64.61239786956548,150.9340277892194,0.2,0.2,False,8,0,0,0.03461349999997765,2,16,0.9212819999956992
a8-load-sweep,waxman-n60-load0.9-critical_link-centralised,waxman,60,0.9,critical_link,CENTRALISED,spf-static,4,9795650596908390211,0.38208803788089624,0.784898251125361,0.5657907954478353,0.20184414353691923,0.23522188684864279,3574.562290180264,65.44176208753518,150.9340277892194,,0.0,True,0,0,0,0.00989480000862386,2,1040,0.7353501000034157
a8-load-sweep,waxman-n60-load0.9-critical_link-centralised,waxman,60,0.9,critical_link,CENTRALISED,cspf,5,10222885597399126340,0.5842397241479885,0.9437488538988246,0.674599280122242,0.47576938252189405,0.45657338357617927,6896.174332742206,84.49826138787432,201.12054713529753,0.0,0.0,True,40,0,0,0.08966149999469053,2,2,1.0493444000021555
a8-load-sweep,waxman-n60-load0.9-critical_link-centralised,waxman,60,0.9,critical_link,CENTRALISED,ecmp,5,10222885597399126340,0.37472037088139587,0.8104426960853494,0.3689331873696019,0.2916792410757289,0.2595834761764052,4423.076516059285,70.61669786479975,151.13795737964273,0.0,0.0,False,4,0,0,0.23585510000702925,2,8,1.290762700009509
a8-load-sweep,waxman-n60-load0.9-critical_link-centralised,waxman,60,0.9,critical_link,CENTRALISED,orbit,5,10222885597399126340,0.5278592678589646,0.978722202175249,0.924590260783969,0.3551858141553496,0.1631772098468624,6230.677894451108,72.3572592690263,201.60607477817183,0.2,0.2,True,184,0,0,0.11347649998788256,2,2,1.4361121999972966
a8-load-sweep,waxman-n60-load0.9-critical_link-centralised,waxman,60,0.9,critical_link,CENTRALISED,spf-reconverge,5,10222885597399126340,0.37472037088139587,0.8104426960853494,0.3689331873696019,0.2916792410757289,0.2595834761764052,4423.076516059285,70.61669786479975,151.13795737964273,0.0,0.0,False,4,0,0,0.02345009999407921,2,8,0.6774302999983774
a8-load-sweep,waxman-n60-load0.9-critical_link-centralised,waxman,60,0.9,critical_link,CENTRALISED,spf-static,5,10222885597399126340,0.3711056766522619,0.796999814664802,0.3768493233402228,0.2909461501387237,0.24710500331664126,4380.409849392588,70.30702964069012,200.44357981599808,0.0,0.0,False,0,0,0,0.029362799992668442,2,520,0.8516380000073696
a8-load-sweep,waxman-n60-load0.9-critical_link-centralised,waxman,60,0.9,critical_link,CENTRALISED,cspf,6,10203500839792736818,0.6196149741417046,0.8937079905773747,0.7801219431773384,0.5785115719838824,0.3555058752812607,5679.255858465918,63.38428008760247,152.45896560452366,0.0,0.0,True,59,0,0,0.11072260000219103,2,4,1.376622399999178
a8-load-sweep,waxman-n60-load0.9-critical_link-centralised,waxman,60,0.9,critical_link,CENTRALISED,ecmp,6,10203500839792736818,0.4918876649696231,0.7745859870988608,0.6592946995324391,0.3877058344644585,0.30643880530141737,4508.535170337851,66.61194070111733,151.34848724372256,0.0,0.0,True,3,0,0,0.17147600000316743,2,6,1.1080095000070287
a8-load-sweep,waxman-n60-load0.9-critical_link-centralised,waxman,60,0.9,critical_link,CENTRALISED,orbit,6,10203500839792736818,0.5881599082748431,0.9995449865387525,0.8524253631188656,0.4427331735399743,0.2878332826024679,5390.94557779483,59.49886620870921,151.30095138511138,0.0,0.0,True,197,3,0,0.08018230000743642,2,6,1.2988086999976076
a8-load-sweep,waxman-n60-load0.9-critical_link-centralised,waxman,60,0.9,critical_link,CENTRALISED,spf-reconverge,6,10203500839792736818,0.4918876649696231,0.7745859870988608,0.6592946995324391,0.3877058344644585,0.30643880530141737,4508.535170337851,66.61194070111733,151.34848724372256,0.0,0.0,True,3,0,0,0.02177809999557212,2,6,0.9429033000051277
a8-load-sweep,waxman-n60-load0.9-critical_link-centralised,waxman,60,0.9,critical_link,CENTRALISED,spf-static,6,10203500839792736818,0.49008370356766906,0.7454651255790146,0.6352201735675245,0.40518119330486474,0.3156650921561712,4492.000453153707,67.8053405032998,151.54025890777174,0.0,0.0,False,0,0,0,0.02834949998941738,2,390,1.058662399998866
a8-load-sweep,waxman-n60-load0.9-critical_link-centralised,waxman,60,0.9,critical_link,CENTRALISED,cspf,7,8586465628703494755,0.5866769114786521,0.8979888335110704,0.7038404873412091,0.5765960672908789,0.29791714249077317,5668.575570857614,62.14730695000038,151.250107116387,0.0,0.0,True,48,0,0,0.11607620000722818,2,2,1.4225449999939883
a8-load-sweep,waxman-n60-load0.9-critical_link-centralised,waxman,60,0.9,critical_link,CENTRALISED,ecmp,7,8586465628703494755,0.4266116025838217,0.8740483440185708,0.5246377862827806,0.34600158158619715,0.17513749536248024,4121.9963856359545,63.383482269861716,151.23132964899406,0.0,0.0,False,8,0,0,0.17801020000479184,2,16,1.0460339999990538
a8-load-sweep,waxman-n60-load0.9-critical_link-centralised,waxman,60,0.9,critical_link,CENTRALISED,orbit,7,8586465628703494755,0.5504542734989433,0.9386205899172104,0.8368571209061084,0.43262783107820807,0.1862866628283202,5318.586067697716,69.53743408120852,151.4499903221855,0.0,0.0,False,188,0,0,0.11088490000111051,2,4,1.6179976999992505
a8-load-sweep,waxman-n60-load0.9-critical_link-centralised,waxman,60,0.9,critical_link,CENTRALISED,spf-reconverge,7,8586465628703494755,0.4266116025838217,0.8740483440185708,0.5246377862827806,0.34600158158619715,0.17513749536248024,4121.9963856359545,63.383482269861716,151.23132964899406,0.0,0.0,False,8,0,0,0.03114320000167936,2,16,1.0539624000084586
a8-load-sweep,waxman-n60-load0.9-critical_link-centralised,waxman,60,0.9,critical_link,CENTRALISED,spf-static,7,8586465628703494755,0.4211882685627989,0.8050581880158845,0.5240462731492865,0.3506969120708886,0.18759110251930322,4069.595177845643,56.90222248686819,150.8762837920533,0.0,0.0,False,0,0,0,0.008923199988203123,2,1040,0.9128744000045117
a8-load-sweep,waxman-n60-load0.9-critical_link-centralised,waxman,60,0.9,critical_link,CENTRALISED,cspf,8,2226916683776612264,0.6304203886898828,0.9234392888439392,0.7502229956780038,0.6016575515813453,0.3876299302033274,6065.050149544814,66.36918641614506,150.86137199521698,0.0,0.0,False,47,0,0,0.08060660000774078,2,4,1.16509139999107
a8-load-sweep,waxman-n60-load0.9-critical_link-centralised,waxman,60,0.9,critical_link,CENTRALISED,ecmp,8,2226916683776612264,0.41442915694302357,0.886903555284469,0.4470455284514068,0.300337616188867,0.2815704750183918,3987.0753950654303,58.60752948385533,102.5463635086252,0.0,0.0,False,18,0,0,0.12326339998980984,2,36,1.1482323000091128
a8-load-sweep,waxman-n60-load0.9-critical_link-centralised,waxman,60,0.9,critical_link,CENTRALISED,orbit,8,2226916683776612264,0.5932698167718875,0.999527828062726,0.8996571177330255,0.4780663616759312,0.21415437976229104,5707.637721569309,57.433182688531986,150.78773134723957,0.0,0.0,False,189,1,0,0.11083519998646807,2,6,1.4077787999995053
a8-load-sweep,waxman-n60-load0.9-critical_link-centralised,waxman,60,0.9,critical_link,CENTRALISED,spf-reconverge,8,2226916683776612264,0.41442915694302357,0.886903555284469,0.4470455284514068,0.300337616188867,0.2815704750183918,3987.0753950654303,58.60752948385533,102.5463635086252,0.0,0.0,False,18,0,0,0.017744900003890507,2,36,0.7619245999958366
a8-load-sweep,waxman-n60-load0.9-critical_link-centralised,waxman,60,0.9,critical_link,CENTRALISED,spf-static,8,2226916683776612264,0.40554029685788745,0.8566845512989203,0.40242037996544416,0.31085660207658344,0.29470770234969856,3901.5588363439165,57.66935207786168,150.69575964213422,0.0,0.0,False,0,0,0,0.009341700002551079,2,2340,0.6717179999977816
a8-load-sweep,waxman-n60-load0.9-critical_link-centralised,waxman,60,0.9,critical_link,CENTRALISED,cspf,9,17777686288834419024,0.6120711512480842,0.9842983241818899,0.7222777508982918,0.5134167236521731,0.4276259214184936,5305.115566887906,66.43107913240789,151.4129930700313,0.0,0.0,True,42,0,0,0.07122970001364592,2,2,1.0749807999964105
a8-load-sweep,waxman-n60-load0.9-critical_link-centralised,waxman,60,0.9,critical_link,CENTRALISED,ecmp,9,17777686288834419024,0.433521550712661,0.8333352061165017,0.5699287821648731,0.31797064292554394,0.23084577861112615,3757.5401529338483,60.73313695681967,151.22593433972477,0.0,0.0,False,6,0,0,0.09818690000975039,2,12,0.9395400999928825
a8-load-sweep,waxman-n60-load0.9-critical_link-centralised,waxman,60,0.9,critical_link,CENTRALISED,orbit,9,17777686288834419024,0.5460530495027336,0.9994585589953059,0.8519228371286518,0.3548577842109815,0.2499923556222425,4732.904871200841,80.7869288043692,205.5788741394524,0.0,0.0,False,181,0,0,0.14193509999313392,2,4,2.1027877000014996
a8-load-sweep,waxman-n60-load0.9-critical_link-centralised,waxman,60,0.9,critical_link,CENTRALISED,spf-reconverge,9,17777686288834419024,0.433521550712661,0.8333352061165017,0.5699287821648731,0.31797064292554394,0.23084577861112615,3757.5401529338483,60.73313695681967,151.22593433972477,0.0,0.0,False,6,0,0,0.03219369999715127,2,12,0.7707896000065375
a8-load-sweep,waxman-n60-load0.9-critical_link-centralised,waxman,60,0.9,critical_link,CENTRALISED,spf-static,9,17777686288834419024,0.43092252930003705,0.8333352061165017,0.563792903054221,0.31300817550943816,0.23353861232695702,3735.013182128786,58.81402661385576,151.1262765213201,0.0,0.0,False,0,0,0,0.009131700018770061,2,780,0.8177309999882709
a8-load-sweep,waxman-n60-load0.9-critical_link-centralised,waxman,60,0.9,critical_link,CENTRALISED,cspf,10,7571507667557132468,0.5372994073455991,0.9084687589681399,0.6588681756857168,0.37223583938408983,0.4116547780081406,5337.521295181576,67.91041257680504,152.05532389296022,0.2,0.2,True,51,0,0,0.1604895999917062,2,4,1.5321610000100918
a8-load-sweep,waxman-n60-load0.9-critical_link-centralised,waxman,60,0.9,critical_link,CENTRALISED,ecmp,10,7571507667557132468,0.417096864368815,0.8261798929585576,0.49164342360476315,0.32908719713156864,0.21620963627515624,4143.431698017945,69.14923279553611,152.25971377067074,0.2,0.2,False,10,0,0,0.1671314999985043,2,20,0.9799291999952402
a8-load-sweep,waxman-n60-load0.9-critical_link-centralised,waxman,60,0.9,critical_link,CENTRALISED,orbit,10,7571507667557132468,0.5202186924499302,0.9991376233490825,0.843555937767674,0.3125771371825334,0.18376431204010293,5167.841823650134,59.76853596794897,151.09459856093895,0.2,0.2,True,197,1,0,0.07797559999744408,2,4,1.5854530000069644
a8-load-sweep,waxman-n60-load0.9-critical_link-centralised,waxman,60,0.9,critical_link,CENTRALISED,spf-reconverge,10,7571507667557132468,0.417096864368815,0.8261798929585576,0.49164342360476315,0.32908719713156864,0.21620963627515624,4143.431698017945,69.14923279553611,152.25971377067074,0.2,0.2,False,10,0,0,0.029265099990880117,2,20,0.9992603999999119
a8-load-sweep,waxman-n60-load0.9-critical_link-centralised,waxman,60,0.9,critical_link,CENTRALISED,spf-static,10,7571507667557132468,0.41599068662557254,0.804362365746732,0.5171930125841228,0.32628251279118275,0.20268369102800618,4132.442950998883,67.26336823428082,151.27199857365758,,0.0,True,0,0,0,0.021322200016584247,2,1300,0.8173021000111476
a8-load-sweep,waxman-n60-load0.9-critical_link-centralised,waxman,60,0.9,critical_link,CENTRALISED,cspf,11,8753923193611809014,0.6575432200008293,0.9795886385277633,0.7928565108821236,0.5489963231493978,0.4721547513769419,4340.300768221153,67.36578548855475,152.4144609589961,0.0,0.0,True,64,0,0,0.06660839999676682,2,4,1.1429183000000194
a8-load-sweep,waxman-n60-load0.9-critical_link-centralised,waxman,60,0.9,critical_link,CENTRALISED,ecmp,11,8753923193611809014,0.4841053531013408,0.9882871725943871,0.6621597157855257,0.36047927896864995,0.16521733245050338,3195.474870781987,67.34064924976566,151.44379187223524,0.0,0.0,True,4,0,0,0.16888080000353511,2,8,1.2718479000031948
a8-load-sweep,waxman-n60-load0.9-critical_link-centralised,waxman,60,0.9,critical_link,CENTRALISED,orbit,11,8753923193611809014,0.6657026517448523,1.0,0.9211117167605637,0.5500568124113513,0.35211705737572085,4394.1594147551195,56.21322224327181,104.2615585575541,0.0,0.2,False,175,0,0,0.05755890000727959,2,4,1.5545082000026014
a8-load-sweep,waxman-n60-load0.9-critical_link-centralised,waxman,60,0.9,critical_link,CENTRALISED,spf-reconverge,11,8753923193611809014,0.4841053531013408,0.9882871725943871,0.6621597157855257,0.36047927896864995,0.16521733245050338,3195.474870781987,67.34064924976566,151.44379187223524,0.0,0.0,True,4,0,0,0.017347100001643412,2,8,1.0300426000030711
a8-load-sweep,waxman-n60-load0.9-critical_link-centralised,waxman,60,0.9,critical_link,CENTRALISED,spf-static,11,8753923193611809014,0.4788999188848032,0.9578316029252212,0.6458674333149808,0.3656460257766946,0.1724355273127095,3161.1149238739586,61.34472471507608,151.17222703025197,0.0,0.0,True,0,0,0,0.00864729999739211,2,520,0.7079952999920351
a8-load-sweep,waxman-n60-load0.9-critical_link-centralised,waxman,60,0.9,critical_link,CENTRALISED,cspf,12,2713197197953958062,0.5568048474041063,0.9382908873638611,0.6674437672299612,0.4514133658383188,0.34713411232793856,5385.261852949533,69.8479792662252,151.46282761310619,0.0,0.2,False,61,0,0,0.15931299999647308,2,4,1.5121643999882508
a8-load-sweep,waxman-n60-load0.9-critical_link-centralised,waxman,60,0.9,critical_link,CENTRALISED,ecmp,12,2713197197953958062,0.4145586868062015,0.8472457769870131,0.4310305247511268,0.3325486782749509,0.2397903520185609,4009.496491049811,61.021571377378315,150.9260307873191,0.0,0.0,False,5,0,0,0.13793230000010226,2,10,0.8433957999950508
a8-load-sweep,waxman-n60-load0.9-critical_link-centralised,waxman,60,0.9,critical_link,CENTRALISED,orbit,12,2713197197953958062,0.5604723117886553,0.9486655956697336,0.8630545777680523,0.41050802386561364,0.20731461115252403,5420.732549979633,70.05064149795007,152.04068615139732,0.0,0.0,True,202,0,0,0.07939130000886507,2,4,1.454152599995723
a8-load-sweep,waxman-n60-load0.9-critical_link-centralised,waxman,60,0.9,critical_link,CENTRALISED,spf-reconverge,12,2713197197953958062,0.4145586868062015,0.8472457769870131,0.4310305247511268,0.3325486782749509,0.2397903520185609,4009.496491049811,61.021571377378315,150.9260307873191,0.0,0.0,False,5,0,0,0.01949770000646822,2,10,0.7686086000030627
a8-load-sweep,waxman-n60-load0.9-critical_link-centralised,waxman,60,0.9,critical_link,CENTRALISED,spf-static,12,2713197197953958062,0.4102117592347396,0.8472457769870131,0.41274847708299983,0.3337866704540896,0.23979035201856083,3967.45421477067,59.503253683330215,150.76536187419558,0.0,0.0,False,0,0,0,0.009823499989579432,2,650,0.6274936999980127
a8-load-sweep,waxman-n60-load0.9-critical_link-centralised,waxman,60,0.9,critical_link,CENTRALISED,cspf,13,12552405788190226914,0.6005430934876612,0.9927480873150344,0.7151598994097709,0.492879207388716,0.39127812995548794,3210.0699337300266,49.807271855505014,103.95080299262338,0.0,0.2,True,60,0,0,0.12616860000707675,2,6,1.364642400003504
a8-load-sweep,waxman-n60-load0.9-critical_link-centralised,waxman,60,0.9,critical_link,CENTRALISED,ecmp,13,12552405788190226914,0.47321944526858467,0.9989904576832171,0.6240077707284941,0.26518823469715425,0.2808117411766495,2529.4896066343595,51.06603164790466,151.41365321088196,0.2,0.2,False,12,0,0,0.0886908999964362,2,24,1.0142516000050819
a8-load-sweep,waxman-n60-load0.9-critical_link-centralised,waxman,60,0.9,critical_link,CENTRALISED,orbit,13,12552405788190226914,0.5978546029601672,0.9994411479697146,0.8124468925514792,0.45845564541229056,0.31603474533660086,3195.699203797382,45.29706385953126,104.00580271189958,0.0,0.0,False,162,1,0,0.09306700000888668,2,6,1.2132935999979964
a8-load-sweep,waxman-n60-load0.9-critical_link-centralised,waxman,60,0.9,critical_link,CENTRALISED,spf-reconverge,13,12552405788190226914,0.47321944526858467,0.9989904576832171,0.6240077707284941,0.26518823469715425,0.2808117411766495,2529.4896066343595,51.06603164790466,151.41365321088196,0.2,0.2,False,12,0,0,0.027460500001325272,2,24,1.0529306999960681
a8-load-sweep,waxman-n60-load0.9-critical_link-centralised,waxman,60,0.9,critical_link,CENTRALISED,spf-static,13,12552405788190226914,0.47271189212988085,0.934379749409114,0.6321746415299134,0.28755804697290216,0.27745548018102834,2526.7765938830826,54.34259135019457,151.41365321088196,,0.0,True,0,0,0,0.019493100000545382,2,1560,1.0448724000016227
a8-load-sweep,waxman-n60-load0.9-critical_link-centralised,waxman,60,0.9,critical_link,CENTRALISED,cspf,14,10539144396001011031,0.6102101581880506,0.907835050389235,0.738823726826079,0.5482118361897835,0.3683419623024271,4252.888100874047,67.39845470270203,201.42291474695617,0.0,0.0,True,72,0,0,0.0730265000165673,2,10,1.4145648999983678
a8-load-sweep,waxman-n60-load0.9-critical_link-centralised,waxman,60,0.9,critical_link,CENTRALISED,ecmp,14,10539144396001011031,0.4913273669241823,0.7260106059836842,0.5860208843601372,0.43424527480654723,0.3192081119240066,3424.3289535368317,62.211611225345074,151.45533312481746,0.2,0.2,False,15,0,0,0.09912439998879563,2,30,0.9676429999963148
a8-load-sweep,waxman-n60-load0.9-critical_link-centralised,waxman,60,0.9,critical_link,CENTRALISED,orbit,14,10539144396001011031,0.5798115730451847,0.91440814821362,0.8211560214621875,0.47866233502252736,0.25386881873973227,4041.0237467613783,67.61435406814917,153.2496108813346,0.0,0.0,True,180,0,0,0.0881987000029767,2,8,1.3942067000025418
a8-load-sweep,waxman-n60-load0.9-critical_link-centralised,waxman,60,0.9,critical_link,CENTRALISED,spf-reconverge,14,10539144396001011031,0.4913273669241823,0.7260106059836842,0.5860208843601372,0.43424527480654723,0.3192081119240066,3424.3289535368317,62.211611225345074,151.45533312481746,0.2,0.2,False,15,0,0,0.016943899987381883,2,30,0.668730899997172
a8-load-sweep,waxman-n60-load0.9-critical_link-centralised,waxman,60,0.9,critical_link,CENTRALISED,spf-static,14,10539144396001011031,0.48393412942351866,0.6949501675798511,0.614720604570171,0.4125837097839277,0.3111068233243721,3372.8014406437765,60.69832380199589,151.15984459282907,,0.0,True,0,0,0,0.008707800006959587,2,1950,0.9677923999988707
a8-load-sweep,waxman-n60-load0.9-critical_link-centralised,waxman,60,0.9,critical_link,CENTRALISED,cspf,15,2419995809773659705,0.605436619945891,0.9594377946449119,0.711137886108882,0.5355081862185694,0.37701556290482224,5754.151829485485,71.33956225296383,153.5486766229809,0.0,0.0,True,61,0,0,0.15788380001322366,2,2,1.5022470000112662
a8-load-sweep,waxman-n60-load0.9-critical_link-centralised,waxman,60,0.9,critical_link,CENTRALISED,ecmp,15,2419995809773659705,0.4537159539787612,0.734822662387632,0.5600257812764796,0.41991411272396495,0.2229518098738971,4312.17802267555,59.146204443562056,151.04477142261845,0.0,0.0,False,5,0,0,0.11178590000781696,2,10,1.0494583000108832
a8-load-sweep,waxman-n60-load0.9-critical_link-centralised,waxman,60,0.9,critical_link,CENTRALISED,orbit,15,2419995809773659705,0.5732661341561369,0.9699427159420686,0.9874210304922194,0.4188248551317829,0.1441685000641924,5448.399165104043,60.8389310094901,151.4910442544854,0.0,0.0,False,168,0,0,0.06914700000197627,2,2,1.3830956000019796
a8-load-sweep,waxman-n60-load0.9-critical_link-centralised,waxman,60,0.9,critical_link,CENTRALISED,spf-reconverge,15,2419995809773659705,0.4537159539787612,0.734822662387632,0.5600257812764796,0.41991411272396495,0.2229518098738971,4312.17802267555,59.146204443562056,151.04477142261845,0.0,0.0,False,5,0,0,0.019426400001975708,2,10,1.0019298999977764
a8-load-sweep,waxman-n60-load0.9-critical_link-centralised,waxman,60,0.9,critical_link,CENTRALISED,spf-static,15,2419995809773659705,0.4574713008121058,0.7290686028630603,0.5725613709251942,0.42211051480829825,0.22663090284563991,4347.869348802096,59.64357037886133,151.13458067992502,0.0,0.0,False,0,0,0,0.009772100005648099,2,650,0.8804475999932038
a8-load-sweep,waxman-n60-load0.9-critical_link-centralised,waxman,60,0.9,critical_link,CENTRALISED,cspf,16,13782734990327440742,0.6002574125261103,0.8887707550055761,0.7171688390747306,0.5267583150268231,0.41547377518729905,4557.971233243255,64.68852479307301,153.21923710142244,0.0,0.0,True,49,0,0,0.0750277999904938,2,10,1.3959630000026664
a8-load-sweep,waxman-n60-load0.9-critical_link-centralised,waxman,60,0.9,critical_link,CENTRALISED,ecmp,16,13782734990327440742,0.4694354008548373,0.9528303423414776,0.4922515560963215,0.3921116499509781,0.26740041649796564,3564.5924703500295,58.49794954010501,151.22141432604258,0.0,0.2,False,9,0,0,0.11988600000040606,2,18,0.9836527000006754
a8-load-sweep,waxman-n60-load0.9-critical_link-centralised,waxman,60,0.9,critical_link,CENTRALISED,orbit,16,13782734990327440742,0.5838883154628828,0.9902401309443973,0.8623139248257651,0.46665678229283447,0.22962326058370142,4433.674769807058,67.55003167984316,151.99204708938547,0.0,0.0,True,185,1,0,0.10340379999252036,2,10,1.7635129999980563
a8-load-sweep,waxman-n60-load0.9-critical_link-centralised,waxman,60,0.9,critical_link,CENTRALISED,spf-reconverge,16,13782734990327440742,0.4694354008548373,0.9528303423414776,0.4922515560963215,0.3921116499509781,0.26740041649796564,3564.5924703500295,58.49794954010501,151.22141432604258,0.0,0.2,False,9,0,0,0.018718699997407384,2,18,0.9906398000021
a8-load-sweep,waxman-n60-load0.9-critical_link-centralised,waxman,60,0.9,critical_link,CENTRALISED,spf-static,16,13782734990327440742,0.4666294472567173,0.9285621285639868,0.47855157281187055,0.4062095159411245,0.26428984950190376,3543.2858516975025,58.828838050044105,151.22141432604258,0.0,0.0,True,0,0,0,0.00923039999906905,2,1170,0.8099908000003779
a8-load-sweep,waxman-n60-load0.9-critical_link-centralised,waxman,60,0.9,critical_link,CENTRALISED,cspf,17,15119246192460231420,0.591101446144575,0.9864386382721344,0.7914873263764217,0.4761667037873293,0.3318586235213671,4603.6827021142235,72.51770791149983,151.62471013146808,0.0,0.0,True,44,0,0,0.07065130000410136,2,4,1.01647960000264
a8-load-sweep,waxman-n60-load0.9-critical_link-centralised,waxman,60,0.9,critical_link,CENTRALISED,ecmp,17,15119246192460231420,0.4342347790726685,0.834712325770164,0.6909426295676682,0.26665833628474345,0.1849990549328162,3381.9560992653855,63.850326534857956,150.82886764058267,,0.0,True,7,0,0,0.16209820000221953,2,14,1.1066098000010243
a8-load-sweep,waxman-n60-load0.9-critical_link-centralised,waxman,60,0.9,critical_link,CENTRALISED,orbit,17,15119246192460231420,0.5616617787145683,0.973234006038679,0.8083924008902099,0.41385197256421447,0.2903270031437458,4374.397376240789,74.33603591360335,201.63936823898467,0.2,0.2,True,181,0,0,0.06554630000027828,2,4,1.5836429000046337
a8-load-sweep,waxman-n60-load0.9-critical_link-centralised,waxman,60,0.9,critical_link,CENTRALISED,spf-reconverge,17,15119246192460231420,0.4342347790726685,0.834712325770164,0.6909426295676682,0.26665833628474345,0.1849990549328162,3381.9560992653855,63.850326534857956,150.82886764058267,,0.0,True,7,0,0,0.01719549999688752,2,14,0.7379795000015292
a8-load-sweep,waxman-n60-load0.9-critical_link-centralised,waxman,60,0.9,critical_link,CENTRALISED,spf-static,17,15119246192460231420,0.431454895761642,0.8347123257701594,0.692509224946588,0.2760507797375655,0.15991985433155825,3360.3054997002164,66.76721826064787,151.28861844373932,,0.0,True,0,0,0,0.008647599999676459,2,910,0.8880207000038354
a8-load-sweep,waxman-n60-load0.9-critical_link-centralised,waxman,60,0.9,critical_link,CENTRALISED,cspf,18,8028029275211931740,0.6186771945463451,0.9313550591058147,0.7310042878007579,0.5058060408555826,0.4797691895035112,4877.021824032276,62.600823528470706,151.81969127233685,0.0,0.2,True,46,0,0,0.07352719998743851,2,4,1.2147920999996131
a8-load-sweep,waxman-n60-load0.9-critical_link-centralised,waxman,60,0.9,critical_link,CENTRALISED,ecmp,18,8028029275211931740,0.4896529626861921,0.9395845316515249,0.4793965398413187,0.3879369836594679,0.37079800502746013,3859.9259941587065,60.422863507126685,151.53149817337928,0.0,0.0,True,4,0,0,0.201411799993366,2,8,1.252070000002277
a8-load-sweep,waxman-n60-load0.9-critical_link-centralised,waxman,60,0.9,critical_link,CENTRALISED,orbit,18,8028029275211931740,0.606444922159148,0.9795904669767289,0.8793743817629865,0.4985592907434344,0.26982431775877913,4780.595028417784,65.03189300058457,152.5580683474514,0.0,0.0,False,173,1,0,0.10075339999457356,2,4,1.8500724000041373
a8-load-sweep,waxman-n60-load0.9-critical_link-centralised,waxman,60,0.9,critical_link,CENTRALISED,spf-reconverge,18,8028029275211931740,0.4896529626861921,0.9395845316515249,0.4793965398413187,0.3879369836594679,0.37079800502746013,3859.9259941587065,60.422863507126685,151.53149817337928,0.0,0.0,True,4,0,0,0.01922519999789074,2,8,0.7101352999889059
a8-load-sweep,waxman-n60-load0.9-critical_link-centralised,waxman,60,0.9,critical_link,CENTRALISED,spf-static,18,8028029275211931740,0.4880027700425617,0.8986145562571329,0.4784212185046635,0.4264137361604798,0.3363511878706668,3846.9175535570707,59.52259562090434,200.91397211973282,0.0,0.0,False,0,0,0,0.01840770000126213,2,520,1.0317919999943115
a8-load-sweep,waxman-n60-load0.9-critical_link-centralised,waxman,60,0.9,critical_link,CENTRALISED,cspf,19,3284659986664442854,0.557872344151186,0.8681615840214103,0.6867038582122534,0.4398803915740522,0.39129653516194873,4987.709527289969,71.45197925178817,152.12696967779945,0.0,0.0,True,40,0,0,0.08848839999700431,2,4,1.106732500004
a8-load-sweep,waxman-n60-load0.9-critical_link-centralised,waxman,60,0.9,critical_link,CENTRALISED,ecmp,19,3284659986664442854,0.4198085618321539,0.7301869795391996,0.5457441611924747,0.2971699347513777,0.26245425490671753,3753.337453345208,71.11511868527923,151.45005187583695,0.0,0.0,False,9,0,0,0.11635939999541733,2,18,0.9923200000048382
a8-load-sweep,waxman-n60-load0.9-critical_link-centralised,waxman,60,0.9,critical_link,CENTRALISED,orbit,19,3284659986664442854,0.5284482463786038,0.9672054693687567,0.7978739849691394,0.3168196674048843,0.2645835641237122,4724.6406472301105,76.77206452252175,201.71056479586792,0.0,0.0,True,183,0,0,0.08050000001094304,2,2,1.3799346000014339
a8-load-sweep,waxman-n60-load0.9-critical_link-centralised,waxman,60,0.9,critical_link,CENTRALISED,spf-reconverge,19,3284659986664442854,0.4198085618321539,0.7301869795391996,0.5457441611924747,0.2971699347513777,0.26245425490671753,3753.337453345208,71.11511868527923,151.45005187583695,0.0,0.0,False,9,0,0,0.019107800006167963,2,18,0.6431728000025032
a8-load-sweep,waxman-n60-load0.9-critical_link-centralised,waxman,60,0.9,critical_link,CENTRALISED,spf-static,19,3284659986664442854,0.41759660115301306,0.7122292005962793,0.5531467113959517,0.2846154178062735,0.2743821957279372,3733.561213370222,67.9768324813157,151.31393350378627,0.0,0.0,False,0,0,0,0.010033600017777644,2,1170,0.9150449000007939
a8-load-sweep,waxman-n60-load0.9-critical_link-centralised,waxman,60,0.9,critical_link,CENTRALISED,cspf,20,614333120121843067,0.6354169535211288,0.9962419528198657,0.8323520722141967,0.5464267025169796,0.3841884867497401,5355.383379188775,62.149871056918435,151.12269834578015,0.0,0.0,True,50,0,0,0.07893530000001192,2,4,1.33658010000363
a8-load-sweep,waxman-n60-load0.9-critical_link-centralised,waxman,60,0.9,critical_link,CENTRALISED,ecmp,20,614333120121843067,0.45248941043584767,0.9559160445087336,0.5543139908910462,0.35619648456373515,0.2203555418944522,3813.64433932512,51.32700714215352,201.07155858547864,0.2,0.2,True,7,0,0,0.20831279997946694,2,14,1.048352600002545
a8-load-sweep,waxman-n60-load0.9-critical_link-centralised,waxman,60,0.9,critical_link,CENTRALISED,orbit,20,614333120121843067,0.6085660247778129,0.9991007970456894,0.9781171642231982,0.46420503381770734,0.2602556610376732,5129.079978388885,61.92546418809136,152.89661410716326,0.2,0.2,False,185,1,0,0.08243539999239147,2,4,1.6527496999915456
a8-load-sweep,waxman-n60-load0.9-critical_link-centralised,waxman,60,0.9,critical_link,CENTRALISED,spf-reconverge,20,614333120121843067,0.45248941043584767,0.9559160445087336,0.5543139908910462,0.35619648456373515,0.2203555418944522,3813.64433932512,51.32700714215352,201.07155858547864,0.2,0.2,True,7,0,0,0.019518700006301515,2,14,0.9264336000051117
a8-load-sweep,waxman-n60-load0.9-critical_link-centralised,waxman,60,0.9,critical_link,CENTRALISED,spf-static,20,614333120121843067,0.444466388808483,0.8983670554328599,0.5318362482470566,0.3627964649038127,0.23225317826162115,3746.025185577388,46.53453966615271,150.99411108897002,,0.0,True,0,0,0,0.009818999998969957,2,910,1.0232236000010744
a8-load-sweep,waxman-n60-load0.9-critical_link-centralised,waxman,60,0.9,critical_link,CENTRALISED,cspf,21,16034123819306913414,0.6002137948616254,0.9630197271489138,0.6368700265352318,0.5469401286383987,0.42870173339583495,5989.639798648034,57.94579525346942,152.14066477903864,0.0,0.0,True,66,0,0,0.11519189999671653,2,2,1.15054030000465
a8-load-sweep,waxman-n60-load0.9-critical_link-centralised,waxman,60,0.9,critical_link,CENTRALISED,ecmp,21,16034123819306913414,0.3774638017231759,0.7783842351290793,0.43173944470131304,0.30237995544081264,0.19681053832868828,3766.7781525603746,64.42103174167043,151.77959549200185,0.2,0.2,True,10,0,0,0.1964746000012383,2,20,1.0269743999961065
a8-load-sweep,waxman-n60-load0.9-critical_link-centralised,waxman,60,0.9,critical_link,CENTRALISED,orbit,21,16034123819306913414,0.5731254957838974,0.9970302303160102,0.8103525295390124,0.4421378807715023,0.28118673860274057,5719.320862924397,58.83860294032851,151.212268327206,0.0,0.2,False,198,0,0,0.11270899999362882,2,4,1.8254461000033189
a8-load-sweep,waxman-n60-load0.9-critical_link-centralised,waxman,60,0.9,critical_link,CENTRALISED,spf-reconverge,21,16034123819306913414,0.3774638017231759,0.7783842351290793,0.43173944470131304,0.30237995544081264,0.19681053832868828,3766.7781525603746,64.42103174167043,151.77959549200185,0.2,0.2,True,10,0,0,0.03743599999870639,2,20,0.8955545000062557
a8-load-sweep,waxman-n60-load0.9-critical_link-centralised,waxman,60,0.9,critical_link,CENTRALISED,spf-static,21,16034123819306913414,0.3869613376314306,0.7376242055256785,0.4278003312160313,0.3302878763466949,0.22306974878969074,3861.555746064846,61.75339541374073,151.17141780995425,,0.0,True,0,0,0,0.010531600011745468,2,1300,0.9074833999911789
a8-load-sweep,waxman-n60-load0.9-critical_link-centralised,waxman,60,0.9,critical_link,CENTRALISED,cspf,22,462505482969006608,0.6812749113183785,0.9136304011141901,0.8730375814396742,0.6139474768357238,0.4392445126896447,4905.43108704527,53.2564792441405,151.2973717659766,,0.0,True,68,0,0,0.08651780000946019,2,1170,1.551359399993089
a8-load-sweep,waxman-n60-load0.9-critical_link-centralised,waxman,60,0.9,critical_link,CENTRALISED,ecmp,22,462505482969006608,0.5095837311105232,0.8786789519673956,0.7202491374217963,0.3086653525911666,0.3657918639181521,3669.191151050456,54.39579367507675,151.0258932045092,0.0,0.0,True,0,0,0,0.10072860000946093,2,1170,0.9030503000103636
a8-load-sweep,waxman-n60-load0.9-critical_link-centralised,waxman,60,0.9,critical_link,CENTRALISED,orbit,22,462505482969006608,0.6748419118356834,0.9690332659977202,0.9885541252860921,0.520275573820561,0.4038329008460435,4859.111113828743,48.92061790676349,151.4013617397742,0.0,0.2,False,175,0,0,0.12610419999691658,2,1170,2.017292400007136
a8-load-sweep,waxman-n60-load0.9-critical_link-centralised,waxman,60,0.9,critical_link,CENTRALISED,spf-reconverge,22,462505482969006608,0.5095837311105232,0.8786789519673956,0.7202491374217963,0.3086653525911666,0.3657918639181521,3669.191151050456,54.39579367507675,151.0258932045092,0.0,0.0,True,0,0,0,0.016706099995644763,2,1170,0.6342883000033908
a8-load-sweep,waxman-n60-load0.9-critical_link-centralised,waxman,60,0.9,critical_link,CENTRALISED,spf-static,22,462505482969006608,0.5095837311105232,0.8786789519673956,0.7202491374217963,0.3086653525911666,0.3657918639181521,3669.191151050456,54.39579367507675,151.0258932045092,0.0,0.0,True,0,0,0,0.008459999997285195,2,1170,0.989294200000586
a8-load-sweep,waxman-n60-load0.9-critical_link-centralised,waxman,60,0.9,critical_link,CENTRALISED,cspf,23,2778050147513035536,0.5861684848845115,0.9511504076210202,0.670035621075169,0.45737662386457173,0.44265910843879624,4896.7713091027645,70.63411562994592,153.85852889280358,0.0,0.0,True,54,0,0,0.14003150000644382,2,4,1.7483110000030138
a8-load-sweep,waxman-n60-load0.9-critical_link-centralised,waxman,60,0.9,critical_link,CENTRALISED,ecmp,23,2778050147513035536,0.43556450794353185,0.8932941406545845,0.5991400598501967,0.24594482800308953,0.23753922062139318,3638.646294983893,69.43277881968288,200.7949253990721,0.0,0.0,True,6,0,0,0.11519960001169238,2,12,1.0582833999942522
a8-load-sweep,waxman-n60-load0.9-critical_link-centralised,waxman,60,0.9,critical_link,CENTRALISED,orbit,23,2778050147513035536,0.5781232754993593,0.9992797666510149,0.8965350910626232,0.42789276757036504,0.2027668065145399,4829.562730837593,65.41460281302822,151.76411710112453,0.2,0.2,True,187,2,0,0.0893727999937255,2,4,1.4562154000013834
a8-load-sweep,waxman-n60-load0.9-critical_link-centralised,waxman,60,0.9,critical_link,CENTRALISED,spf-reconverge,23,2778050147513035536,0.43556450794353185,0.8932941406545845,0.5991400598501967,0.24594482800308953,0.23753922062139318,3638.646294983893,69.43277881968288,200.7949253990721,0.0,0.0,True,6,0,0,0.03504260000772774,2,12,0.7692150000075344
a8-load-sweep,waxman-n60-load0.9-critical_link-centralised,waxman,60,0.9,critical_link,CENTRALISED,spf-static,23,2778050147513035536,0.45042620947682893,0.8294499663043288,0.64240899730617,0.26454032552272416,0.27122152182411297,3762.7989158588216,64.88667641756102,200.7949253990721,0.0,0.0,False,0,0,0,0.00946299999486655,2,780,0.8442456000047969
a8-load-sweep,waxman-n60-load0.9-critical_link-centralised,waxman,60,0.9,critical_link,CENTRALISED,cspf,24,7794987726662286721,0.6771477567900223,0.9674876011115994,0.8039984653331735,0.6047947173742008,0.46837309502742447,5192.105264481876,61.42741183222418,151.36855995310998,0.0,0.2,False,66,0,0,0.0770638000103645,2,6,1.3579762000008486
a8-load-sweep,waxman-n60-load0.9-critical_link-centralised,waxman,60,0.9,critical_link,CENTRALISED,ecmp,24,7794987726662286721,0.5131056507460526,0.8791989005406616,0.6832629023744161,0.37184745467006036,0.3131726452428252,3934.294286232263,54.20476034583677,151.00433897698667,0.2,0.2,False,7,0,0,0.18847100000130013,2,14,1.2233332000032533
a8-load-sweep,waxman-n60-load0.9-critical_link-centralised,waxman,60,0.9,critical_link,CENTRALISED,orbit,24,7794987726662286721,0.6524522625551665,0.9995560949306546,0.9092899742786209,0.550519806336605,0.31014527827718147,5002.749833056388,60.50276982232092,151.75150931045968,0.0,0.0,True,184,0,0,0.08936930001073051,2,6,1.6071957999956794
a8-load-sweep,waxman-n60-load0.9-critical_link-centralised,waxman,60,0.9,critical_link,CENTRALISED,spf-reconverge,24,7794987726662286721,0.5131056507460526,0.8791989005406616,0.6832629023744161,0.37184745467006036,0.3131726452428252,3934.294286232263,54.20476034583677,151.00433897698667,0.2,0.2,False,7,0,0,0.019736400005058385,2,14,0.747065699993982
a8-load-sweep,waxman-n60-load0.9-critical_link-centralised,waxman,60,0.9,critical_link,CENTRALISED,spf-static,24,7794987726662286721,0.5121548764828563,0.8284168835195057,0.6902086276721404,0.3990150917820306,0.292022234442418,3927.0041194883356,54.342594485680806,151.00433897698667,,0.0,True,0,0,0,0.00962160000926815,2,910,0.7207440000056522
a8-load-sweep,waxman-n60-load0.9-critical_link-centralised,waxman,60,0.9,critical_link,CENTRALISED,cspf,25,14496054493474699050,0.6606749389293396,0.9862348403822716,0.7589912530021033,0.5607239551244084,0.5084411806385422,5249.643295286139,67.30741776157342,151.48555897701777,0.0,0.0,True,47,0,0,0.16069289998267777,2,4,1.6183086999953957
a8-load-sweep,waxman-n60-load0.9-critical_link-centralised,waxman,60,0.9,critical_link,CENTRALISED,ecmp,25,14496054493474699050,0.5131575041528976,0.9044347493222351,0.6112062946268799,0.4043467634311523,0.33504451131206137,4077.4875697080806,57.00097734596815,150.9158851230154,0.0,0.0,False,5,0,0,0.10276530002010986,2,10,0.9028814999910537
a8-load-sweep,waxman-n60-load0.9-critical_link-centralised,waxman,60,0.9,critical_link,CENTRALISED,orbit,25,14496054493474699050,0.6283649259332935,0.9891074245046187,0.8787570965977505,0.5560484467958577,0.27608763095966615,4992.911833108727,67.7024696317273,201.23013812170964,0.0,0.0,False,175,0,0,0.06543379998765886,2,2,1.668024799990235
a8-load-sweep,waxman-n60-load0.9-critical_link-centralised,waxman,60,0.9,critical_link,CENTRALISED,spf-reconverge,25,14496054493474699050,0.5131575041528976,0.9044347493222351,0.6112062946268799,0.4043467634311523,0.33504451131206137,4077.4875697080806,57.00097734596815,150.9158851230154,0.0,0.0,False,5,0,0,0.018167499991250224,2,10,0.7316769000026397
a8-load-sweep,waxman-n60-load0.9-critical_link-centralised,waxman,60,0.9,critical_link,CENTRALISED,spf-static,25,14496054493474699050,0.5045792128929104,0.9044347493222351,0.586221371220635,0.39750028884928756,0.33504451131206137,4009.325503093322,54.758311097637645,102.91534646187628,0.0,0.0,False,0,0,0,0.012535599991679192,2,650,1.062289299996337
a8-load-sweep,waxman-n60-load0.9-critical_link-centralised,waxman,60,0.9,critical_link,CENTRALISED,cspf,26,4206963765264329799,0.5592271080828887,0.8040602814930553,0.7093447519555516,0.4933454412379158,0.356093706265655,5649.31905907022,63.625583628234146,152.00466234962713,,0.0,True,49,0,0,0.09773580000910442,2,6,1.1031326999946032
a8-load-sweep,waxman-n60-load0.9-critical_link-centralised,waxman,60,0.9,critical_link,CENTRALISED,ecmp,26,4206963765264329799,0.37015754784703764,0.7428801217456928,0.5795580913646031,0.21150097039428653,0.16206227599494488,3739.3360580814656,64.24461877367213,151.57179420011755,0.2,0.2,True,16,0,0,0.21201540000038221,2,32,1.1815752999973483
a8-load-sweep,waxman-n60-load0.9-critical_link-centralised,waxman,60,0.9,critical_link,CENTRALISED,orbit,26,4206963765264329799,0.5236072508676084,0.9295508997508712,0.9747880727762461,0.2927991756308523,0.154333250935757,5289.486827514992,59.027501857777416,151.2057274328855,0.2,0.2,True,174,0,0,0.17552629999408964,2,8,1.858475399989402
a8-load-sweep,waxman-n60-load0.9-critical_link-centralised,waxman,60,0.9,critical_link,CENTRALISED,spf-reconverge,26,4206963765264329799,0.37015754784703764,0.7428801217456928,0.5795580913646031,0.21150097039428653,0.16206227599494488,3739.3360580814656,64.24461877367213,151.57179420011755,0.2,0.2,True,16,0,0,0.03271369999856688,2,32,0.7321426999988034
a8-load-sweep,waxman-n60-load0.9-critical_link-centralised,waxman,60,0.9,critical_link,CENTRALISED,spf-static,26,4206963765264329799,0.359199824489692,0.6857764482738267,0.5399907399710839,0.23073882519353847,0.16474942885371782,3628.6410032246185,57.96140273648771,151.17324600663616,,0.0,True,0,0,0,0.024639699986437336,2,2080,0.6976332999911392
a8-load-sweep,waxman-n60-load0.9-critical_link-centralised,waxman,60,0.9,critical_link,CENTRALISED,cspf,27,5918369888133392169,0.5314633960378565,0.820584543646612,0.6268405787244232,0.4257744721195636,0.41828864334624455,6311.502884332566,81.47365712013924,201.00266029423966,0.0,0.0,True,60,0,0,0.11865200000465848,2,2,1.4517089000000851
a8-load-sweep,waxman-n60-load0.9-critical_link-centralised,waxman,60,0.9,critical_link,CENTRALISED,ecmp,27,5918369888133392169,0.4089716792022195,0.7516813262936953,0.4154777890337077,0.3251478974151114,0.31665053333099097,4856.8273038907055,64.10976430206593,150.94115152631144,0.2,0.2,True,6,0,0,0.149609900006908,2,12,0.810060900010285
a8-load-sweep,waxman-n60-load0.9-critical_link-centralised,waxman,60,0.9,critical_link,CENTRALISED,orbit,27,5918369888133392169,0.5195051427875272,0.9277835466917685,0.7751324368120528,0.35979221520506005,0.26424426000057866,6169.490187985635,97.28370058100795,301.295386897305,0.2,0.2,False,209,0,0,0.13739290001103655,2,2,1.2525802000018302
a8-load-sweep,waxman-n60-load0.9-critical_link-centralised,waxman,60,0.9,critical_link,CENTRALISED,spf-reconverge,27,5918369888133392169,0.4089716792022195,0.7516813262936953,0.4154777890337077,0.3251478974151114,0.31665053333099097,4856.8273038907055,64.10976430206593,150.94115152631144,0.2,0.2,True,6,0,0,0.03254439999000169,2,12,0.6484221999999136
a8-load-sweep,waxman-n60-load0.9-critical_link-centralised,waxman,60,0.9,critical_link,CENTRALISED,spf-static,27,5918369888133392169,0.4037422817719797,0.7126992834682946,0.4450545536582955,0.3122921980479746,0.30933804628865796,4794.724518994624,65.7379216675524,150.88852178273146,,0.0,True,0,0,0,0.028682499993010424,2,780,0.8587189999961993
a8-load-sweep,waxman-n60-load0.9-critical_link-centralised,waxman,60,0.9,critical_link,CENTRALISED,cspf,28,17630563456941595934,0.6719328331217383,0.9277438483153104,0.773761892051138,0.6546497141856733,0.44214867735630115,3736.3223677850447,60.709763042637476,152.28494447980424,,0.2,True,65,0,0,0.09633749999920838,2,6,1.650283599999966
a8-load-sweep,waxman-n60-load0.9-critical_link-centralised,waxman,60,0.9,critical_link,CENTRALISED,ecmp,28,17630563456941595934,0.5002706332109934,0.9132504056129581,0.6482956045511653,0.400107223089154,0.24283267836985015,2781.7845246945576,61.30041029671604,151.7849020547918,0.0,0.0,False,7,0,0,0.14720099998521619,2,14,1.082968200003961
a8-load-sweep,waxman-n60-load0.9-critical_link-centralised,waxman,60,0.9,critical_link,CENTRALISED,orbit,28,17630563456941595934,0.6426255796763561,0.9633622837771348,0.841875324411264,0.6406762555309319,0.2508987454822824,3573.3576469250834,66.39940575894924,151.84761519265385,0.2,0.2,False,170,0,0,0.07837129999825265,2,8,1.6041728999989573
a8-load-sweep,waxman-n60-load0.9-critical_link-centralised,waxman,60,0.9,critical_link,CENTRALISED,spf-reconverge,28,17630563456941595934,0.5002706332109934,0.9132504056129581,0.6482956045511653,0.400107223089154,0.24283267836985015,2781.7845246945576,61.30041029671604,151.7849020547918,0.0,0.0,False,7,0,0,0.028585399995790794,2,14,1.155104499994195
a8-load-sweep,waxman-n60-load0.9-critical_link-centralised,waxman,60,0.9,critical_link,CENTRALISED,spf-static,28,17630563456941595934,0.48985403008610223,0.863384046322221,0.6638446625270877,0.3864401540357196,0.2305912625252359,2723.8623852583096,60.94865509670054,151.52856972611463,0.0,0.0,False,0,0,0,0.02015820001543034,2,910,1.0743818999908399
a8-load-sweep,waxman-n60-load0.9-critical_link-centralised,waxman,60,0.9,critical_link,CENTRALISED,cspf,29,10464798332551005415,0.6678717413106188,0.9903292106205959,0.7989372863158325,0.5581545887882058,0.5088980758628372,5379.497466834191,64.54901036097012,151.75629348594637,0.0,0.0,False,52,0,0,0.18331650001346134,2,4,1.672636599992984
a8-load-sweep,waxman-n60-load0.9-critical_link-centralised,waxman,60,0.9,critical_link,CENTRALISED,ecmp,29,10464798332551005415,0.4789434580103395,0.972900565135581,0.5659570906840882,0.34635996735927516,0.30004545592209675,3857.7393828153345,56.55550073696612,151.25219584167365,0.2,0.2,False,11,0,0,0.11239899999054614,2,22,1.172529300005408
a8-load-sweep,waxman-n60-load0.9-critical_link-centralised,waxman,60,0.9,critical_link,CENTRALISED,orbit,29,10464798332551005415,0.6287422065758137,0.9992109582034513,0.9317643020549052,0.5202986040360483,0.27017347266279623,5064.321333507741,53.54909536790815,150.66398750429434,0.2,0.2,True,186,1,0,0.11941000001388602,2,2,1.409493700004532
a8-load-sweep,waxman-n60-load0.9-critical_link-centralised,waxman,60,0.9,critical_link,CENTRALISED,spf-reconverge,29,10464798332551005415,0.4789434580103395,0.972900565135581,0.5659570906840882,0.34635996735927516,0.30004545592209675,3857.7393828153345,56.55550073696612,151.25219584167365,0.2,0.2,False,11,0,0,0.018705800001043826,2,22,0.844474600002286
a8-load-sweep,waxman-n60-load0.9-critical_link-centralised,waxman,60,0.9,critical_link,CENTRALISED,spf-static,29,10464798332551005415,0.4843822755040457,0.8980102687726846,0.5659570906840882,0.3697164356840586,0.330897577727676,3901.5473524002587,52.65297706876452,151.1474701278877,,0.0,True,0,0,0,0.009191399993142113,2,1430,0.9166142000030959
a8-load-sweep,waxman-n60-load1.2-critical_link-centralised,waxman,60,1.2,critical_link,CENTRALISED,cspf,0,14150798866829114179,0.49345464352104074,0.884026916120194,0.6494620225003891,0.3465279893022777,0.2948967645283758,4492.465083509514,75.13672396242544,155.2342123596476,0.0,0.0,False,13,0,0,0.09950789999857079,2,8,1.041573199996492
a8-load-sweep,waxman-n60-load1.2-critical_link-centralised,waxman,60,1.2,critical_link,CENTRALISED,ecmp,0,14150798866829114179,0.3864088048254266,0.8628801935889124,0.4142943179624377,0.29656221287103657,0.1792337217807003,3517.908051796158,67.69770395463736,151.25573198519288,0.0,0.2,True,6,0,0,0.09509760000219103,2,12,0.925909200013848
a8-load-sweep,waxman-n60-load1.2-critical_link-centralised,waxman,60,1.2,critical_link,CENTRALISED,orbit,0,14150798866829114179,0.47802877944283184,0.9631336869298625,0.6976630731277367,0.2911181827328828,0.21291555728066142,4352.026328571824,75.34811944923135,152.59939272032466,0.0,0.0,False,184,0,0,0.10048949999327306,2,8,1.3376762999978382
a8-load-sweep,waxman-n60-load1.2-critical_link-centralised,waxman,60,1.2,critical_link,CENTRALISED,spf-reconverge,0,14150798866829114179,0.3864088048254266,0.8628801935889124,0.4142943179624377,0.29656221287103657,0.1792337217807003,3517.908051796158,67.69770395463736,151.25573198519288,0.0,0.2,True,6,0,0,0.024397699991823174,2,12,0.8158750000002328
a8-load-sweep,waxman-n60-load1.2-critical_link-centralised,waxman,60,1.2,critical_link,CENTRALISED,spf-static,0,14150798866829114179,0.38410529018166106,0.8411158841167683,0.4143867073586169,0.29107807212184067,0.19108421994976607,3496.936602358316,65.6481205091488,151.25573198519288,0.0,0.0,True,0,0,0,0.009408900004928,2,780,0.9566505000111647
a8-load-sweep,waxman-n60-load1.2-critical_link-centralised,waxman,60,1.2,critical_link,CENTRALISED,cspf,1,4764666308898404428,0.4528971804696876,0.7881851085211847,0.5181886468920784,0.37415627719829564,0.2869312289343181,4456.34822998453,83.34342177888172,200.81078770777663,,0.0,True,40,0,0,0.0894962000020314,2,2,1.0876539000018965
a8-load-sweep,waxman-n60-load1.2-critical_link-centralised,waxman,60,1.2,critical_link,CENTRALISED,ecmp,1,4764666308898404428,0.3486548170900751,0.6634741842241888,0.4412177783013989,0.2519261692254339,0.1924637667348082,3430.6402071295897,85.49783354286583,201.08820716135054,0.0,0.2,False,10,0,0,0.12442519998876378,2,20,0.85812459999579
a8-load-sweep,waxman-n60-load1.2-critical_link-centralised,waxman,60,1.2,critical_link,CENTRALISED,orbit,1,4764666308898404428,0.45643177056212264,0.9862618995951384,0.6600742693994244,0.25584485803925316,0.19706782946956675,4491.127347588681,77.50882636074569,175.2023015646891,0.0,0.0,False,193,1,0,0.07868760000565089,2,4,0.935399599999073
a8-load-sweep,waxman-n60-load1.2-critical_link-centralised,waxman,60,1.2,critical_link,CENTRALISED,spf-reconverge,1,4764666308898404428,0.3486548170900751,0.6634741842241888,0.4412177783013989,0.2519261692254339,0.1924637667348082,3430.6402071295897,85.49783354286583,201.08820716135054,0.0,0.2,False,10,0,0,0.04236839999794029,2,20,0.8105249000072945
a8-load-sweep,waxman-n60-load1.2-critical_link-centralised,waxman,60,1.2,critical_link,CENTRALISED,spf-static,1,4764666308898404428,0.32177335555995257,0.663427227788875,0.3542925980933318,0.2521141377707244,0.17295188590128918,3166.1361239181983,88.79025117032349,201.10072287686228,0.0,0.0,True,0,0,0,0.023747599989292212,2,1300,0.6728728000016417
a8-load-sweep,waxman-n60-load1.2-critical_link-centralised,waxman,60,1.2,critical_link,CENTRALISED,cspf,2,5424308756415089488,0.473441449667796,0.7967976209858862,0.6080620828129981,0.379211059192714,0.2632405270791123,5455.794459124566,89.26943921190247,201.92910573143706,0.0,0.0,True,67,0,0,0.1253401000140002,2,4,1.274875899995095
a8-load-sweep,waxman-n60-load1.2-critical_link-centralised,waxman,60,1.2,critical_link,CENTRALISED,ecmp,2,5424308756415089488,0.39322175119565145,0.6403387844508848,0.5414043041649642,0.314857431741333,0.19570979673202277,4531.367189936226,67.33419286569983,200.85268487727387,0.2,0.2,False,11,0,0,0.10764010000275448,2,22,0.9366966999950819
a8-load-sweep,waxman-n60-load1.2-critical_link-centralised,waxman,60,1.2,critical_link,CENTRALISED,orbit,2,5424308756415089488,0.4423635683963662,0.9627481312535939,0.75549186834475,0.24013714440053038,0.07712966633083854,5097.66246083635,106.5038501214613,351.17802452010636,0.0,0.0,True,190,1,0,0.18838190000678878,2,8,1.2917908000090392
a8-load-sweep,waxman-n60-load1.2-critical_link-centralised,waxman,60,1.2,critical_link,CENTRALISED,spf-reconverge,2,5424308756415089488,0.39322175119565145,0.6403387844508848,0.5414043041649642,0.314857431741333,0.19570979673202277,4531.367189936226,67.33419286569983,200.85268487727387,0.2,0.2,False,11,0,0,0.020454700003028847,2,22,0.8202661999966949
a8-load-sweep,waxman-n60-load1.2-critical_link-centralised,waxman,60,1.2,critical_link,CENTRALISED,spf-static,2,5424308756415089488,0.3821040793895635,0.6089382875045495,0.5117815997650721,0.31400215174628077,0.2018719236293759,4403.250540495032,63.410386406858635,200.85268487727387,,0.0,True,0,0,0,0.026191199984168634,2,1430,0.7201803999923868
a8-load-sweep,waxman-n60-load1.2-critical_link-centralised,waxman,60,1.2,critical_link,CENTRALISED,cspf,3,3815251506191122523,0.4424588000289848,0.812887982655393,0.5249980919762904,0.3312168315957129,0.2725078616807268,5034.891485302932,90.94835330552573,251.49080661553515,0.0,0.0,True,45,0,0,0.07827130000805482,2,2,0.9165098000084981
a8-load-sweep,waxman-n60-load1.2-critical_link-centralised,waxman,60,1.2,critical_link,CENTRALISED,ecmp,3,3815251506191122523,0.35751733065640495,0.6058110285213956,0.35506027926153766,0.31481743463414136,0.25947775603752443,4068.3131714235246,75.10092474979581,201.12392396996776,0.0,0.2,True,13,0,0,0.10569679999025539,2,26,1.0814778999920236
a8-load-sweep,waxman-n60-load1.2-critical_link-centralised,waxman,60,1.2,critical_link,CENTRALISED,orbit,3,3815251506191122523,0.4307112398278292,0.9766983628884012,0.5613388371387794,0.2780711664423123,0.1546103732947292,4901.211940843636,95.90685442832364,351.4842028055631,0.0,0.0,True,204,1,0,0.087448400008725,2,2,1.01537309998821
a8-load-sweep,waxman-n60-load1.2-critical_link-centralised,waxman,60,1.2,critical_link,CENTRALISED,spf-reconverge,3,3815251506191122523,0.35751733065640495,0.6058110285213956,0.35506027926153766,0.31481743463414136,0.25947775603752443,4068.3131714235246,75.10092474979581,201.12392396996776,0.0,0.2,True,13,0,0,0.05034940000041388,2,26,0.9230371999874478
a8-load-sweep,waxman-n60-load1.2-critical_link-centralised,waxman,60,1.2,critical_link,CENTRALISED,spf-static,3,3815251506191122523,0.35041078431802497,0.5740326840817369,0.3371448264430909,0.3101576722136768,0.2763736810517562,3987.4453264475037,71.25858496802614,201.12392396996776,0.0,0.0,True,0,0,0,0.009426400007214397,2,1690,0.6685122000053525
a8-load-sweep,waxman-n60-load1.2-critical_link-centralised,waxman,60,1.2,critical_link,CENTRALISED,cspf,4,8639501171077744015,0.4550214750080154,0.7825952940275023,0.5164353004621992,0.38680593521337836,0.3029154680838237,6323.615882405206,101.82768933352489,201.53721371555045,,0.2,True,32,0,0,0.14626850000058766,2,2,0.8563308000011602
a8-load-sweep,waxman-n60-load1.2-critical_link-centralised,waxman,60,1.2,critical_link,CENTRALISED,ecmp,4,8639501171077744015,0.3574536572678318,0.7514887947382665,0.38702606954379987,0.2499576738122634,0.2517514130100588,4967.676798733226,75.3202941725488,152.0333260622849,0.0,0.2,False,8,0,0,0.11327129998244345,2,16,0.6074784999946132
a8-load-sweep,waxman-n60-load1.2-critical_link-centralised,waxman,60,1.2,critical_link,CENTRALISED,orbit,4,8639501171077744015,0.41664161906353353,0.9005380098442439,0.6419224280403294,0.21054376045030643,0.201417900234061,5790.235635658228,116.61431604319505,303.43981781499303,0.0,0.0,True,198,0,0,0.1899771000025794,2,2,1.1163346999965142
a8-load-sweep,waxman-n60-load1.2-critical_link-centralised,waxman,60,1.2,critical_link,CENTRALISED,spf-reconverge,4,8639501171077744015,0.3574536572678318,0.7514887947382665,0.38702606954379987,0.2499576738122634,0.2517514130100588,4967.676798733226,75.3202941725488,152.0333260622849,0.0,0.2,False,8,0,0,0.02073940000263974,2,16,0.4866344000038225
a8-load-sweep,waxman-n60-load1.2-critical_link-centralised,waxman,60,1.2,critical_link,CENTRALISED,spf-static,4,8639501171077744015,0.35130350066236166,0.7514887947382665,0.3879573023789561,0.24106451542822205,0.23891311977258697,4882.205606436323,76.62108288485119,152.0333260622849,0.0,0.0,True,0,0,0,0.020684600007371046,2,1040,0.6316190999932587
a8-load-sweep,waxman-n60-load1.2-critical_link-centralised,waxman,60,1.2,critical_link,CENTRALISED,cspf,5,167338657613227771,0.5043594712621224,0.9291060719480335,0.6365485423953845,0.3370659854407423,0.32910452507735377,5294.814001277479,66.99995442400406,151.63999988173686,0.0,0.2,False,41,0,0,0.07643889999599196,2,6,1.3042458999989321
a8-load-sweep,waxman-n60-load1.2-critical_link-centralised,waxman,60,1.2,critical_link,CENTRALISED,ecmp,5,167338657613227771,0.42320709814631896,0.8370497860601938,0.5144259570408098,0.28311077876991264,0.26335981805005365,4442.868621258758,66.35203814163127,151.4729151326494,0.2,0.2,False,11,0,0,0.217684699993697,2,22,1.1431466000067303
a8-load-sweep,waxman-n60-load1.2-critical_link-centralised,waxman,60,1.2,critical_link,CENTRALISED,orbit,5,167338657613227771,0.5102890184405173,0.9587914282790081,0.7854942476342449,0.29107386362000615,0.22917273893314777,5357.06295506997,72.85399551709693,153.3440350607063,0.2,0.2,False,191,1,0,0.10432980000041425,2,6,1.4788854000071296
a8-load-sweep,waxman-n60-load1.2-critical_link-centralised,waxman,60,1.2,critical_link,CENTRALISED,spf-reconverge,5,167338657613227771,0.42320709814631896,0.8370497860601938,0.5144259570408098,0.28311077876991264,0.26335981805005365,4442.868621258758,66.35203814163127,151.4729151326494,0.2,0.2,False,11,0,0,0.03397019999101758,2,22,0.7469337000075029
a8-load-sweep,waxman-n60-load1.2-critical_link-centralised,waxman,60,1.2,critical_link,CENTRALISED,spf-static,5,167338657613227771,0.41905406841216586,0.795157832186612,0.5146525097858116,0.2922813219615218,0.2583805367805267,4399.269717625426,61.24962872359321,151.4729151326494,,0.0,True,0,0,0,0.009086799997021444,2,1430,0.7580231000029016
a8-load-sweep,waxman-n60-load1.2-critical_link-centralised,waxman,60,1.2,critical_link,CENTRALISED,cspf,6,1410160305181045054,0.5174023032942037,0.8507081270990664,0.6254320626578457,0.4729821268159772,0.2902908781404153,5064.807753466087,74.51411097212623,200.81039412414663,0.0,0.2,True,38,0,0,0.07159870000032242,2,4,1.3240215000114404
a8-load-sweep,waxman-n60-load1.2-critical_link-centralised,waxman,60,1.2,critical_link,CENTRALISED,ecmp,6,1410160305181045054,0.39947148006761357,0.8435261831538132,0.4598975042446498,0.3638757097976882,0.14492786132506968,3910.392815519746,62.559570403818235,151.19432614976876,0.2,0.2,True,17,0,0,0.09777189997839741,2,34,0.697593600008986
a8-load-sweep,waxman-n60-load1.2-critical_link-centralised,waxman,60,1.2,critical_link,CENTRALISED,orbit,6,1410160305181045054,0.4874553233304228,0.9928816730744137,0.7963039496028448,0.3032560588532697,0.1617876206749858,4771.659278193054,69.47784415293442,152.07197041962687,0.2,0.2,False,195,0,0,0.08668340000440367,2,6,1.6082292000064626
a8-load-sweep,waxman-n60-load1.2-critical_link-centralised,waxman,60,1.2,critical_link,CENTRALISED,spf-reconverge,6,1410160305181045054,0.39947148006761357,0.8435261831538132,0.4598975042446498,0.3638757097976882,0.14492786132506968,3910.392815519746,62.559570403818235,151.19432614976876,0.2,0.2,True,17,0,0,0.03321900000446476,2,34,0.8459753000061028
a8-load-sweep,waxman-n60-load1.2-critical_link-centralised,waxman,60,1.2,critical_link,CENTRALISED,spf-static,6,1410160305181045054,0.38429046106575715,0.7613200762899116,0.4490920826970087,0.3543819717325247,0.1548485650945918,3761.7870937118205,57.61163259561309,151.19432614976876,,0.0,True,0,0,0,0.01831359999778215,2,2210,0.6444045999960508
a8-load-sweep,waxman-n60-load1.2-critical_link-centralised,waxman,60,1.2,critical_link,CENTRALISED,cspf,7,17295221290589488874,0.44966516603957896,0.7437646466426793,0.5193441543524202,0.40367549336641967,0.2731501091647177,5786.599303944737,104.50959164251506,301.9055820561099,0.0,0.0,True,38,0,0,0.13524939998751506,2,6,1.177370500008692
a8-load-sweep,waxman-n60-load1.2-critical_link-centralised,waxman,60,1.2,critical_link,CENTRALISED,ecmp,7,17295221290589488874,0.3693736214542656,0.7347002495050828,0.49491490174296254,0.23363918736357767,0.2212751625635305,4753.35272159967,77.26223969841817,200.77313520036495,0.2,0.2,False,10,0,0,0.11237639999308158,2,20,0.6413458000024548
a8-load-sweep,waxman-n60-load1.2-critical_link-centralised,waxman,60,1.2,critical_link,CENTRALISED,orbit,7,17295221290589488874,0.4401357820186399,0.9518655909974583,0.7344019607746148,0.2157491639367503,0.16096382071850515,5663.968664288442,107.70880837566752,301.9055820561099,0.2,0.2,True,205,1,0,0.1677755000127945,2,8,1.2869331999972928
a8-load-sweep,waxman-n60-load1.2-critical_link-centralised,waxman,60,1.2,critical_link,CENTRALISED,spf-reconverge,7,17295221290589488874,0.3693736214542656,0.7347002495050828,0.49491490174296254,0.23363918736357767,0.2212751625635305,4753.35272159967,77.26223969841817,200.77313520036495,0.2,0.2,False,10,0,0,0.019307199996546842,2,20,0.5831441000045743
a8-load-sweep,waxman-n60-load1.2-critical_link-centralised,waxman,60,1.2,critical_link,CENTRALISED,spf-static,7,17295221290589488874,0.3637946456814031,0.6974553550047173,0.49491490174296254,0.22961205880034574,0.22623703013462643,4681.558640665392,73.61079457259315,151.16923450751256,,0.0,True,0,0,0,0.009717299981275573,2,1300,0.572832500009099
a8-load-sweep,waxman-n60-load1.2-critical_link-centralised,waxman,60,1.2,critical_link,CENTRALISED,cspf,8,12598435839975049846,0.41557847978042,0.749712861669284,0.5338970435579093,0.3336903829280975,0.2454572425760604,5634.235292951156,94.78476963338665,201.40270647804383,0.2,0.2,False,29,0,0,0.14355470000009518,2,4,1.1810120000009192
a8-load-sweep,waxman-n60-load1.2-critical_link-centralised,waxman,60,1.2,critical_link,CENTRALISED,ecmp,8,12598435839975049846,0.32724929198313124,0.6490303526650189,0.3880187127625883,0.2919444536074774,0.15944706884089327,4436.705941700465,84.8908169851504,200.82727731464666,0.2,0.2,False,9,0,0,0.18777860001137014,2,18,0.7910258000047179
a8-load-sweep,waxman-n60-load1.2-critical_link-centralised,waxman,60,1.2,critical_link,CENTRALISED,orbit,8,12598435839975049846,0.3920846505981813,0.8772485584205663,0.6807830340098675,0.21360563478071748,0.10921745401657912,5315.716004813148,104.4895436065997,352.93324309070476,0.0,0.2,True,202,0,0,0.09773009999480564,2,4,0.7694071000005351
a8-load-sweep,waxman-n60-load1.2-critical_link-centralised,waxman,60,1.2,critical_link,CENTRALISED,spf-reconverge,8,12598435839975049846,0.32724929198313124,0.6490303526650189,0.3880187127625883,0.2919444536074774,0.15944706884089327,4436.705941700465,84.8908169851504,200.82727731464666,0.2,0.2,False,9,0,0,0.02028250000148546,2,18,0.657136800000444
a8-load-sweep,waxman-n60-load1.2-critical_link-centralised,waxman,60,1.2,critical_link,CENTRALISED,spf-static,8,12598435839975049846,0.3197008313365227,0.5927048083371853,0.4035904583428278,0.2989301100442984,0.13579801452389018,4334.367140603145,86.89028533771645,200.82727731464666,,0.0,True,0,0,0,0.010270000013406388,2,1170,0.5507401999930153
a8-load-sweep,waxman-n60-load1.2-critical_link-centralised,waxman,60,1.2,critical_link,CENTRALISED,cspf,9,8116733412912508483,0.42681363820743573,0.8826093427472271,0.5286908986869568,0.3093292130071807,0.2538203236566335,5631.00798272637,95.64286332027297,252.2467367572188,0.0,0.0,True,52,0,0,0.1371427000121912,2,6,1.3381998000113526
a8-load-sweep,waxman-n60-load1.2-critical_link-centralised,waxman,60,1.2,critical_link,CENTRALISED,ecmp,9,8116733412912508483,0.3551834253951355,0.7604267670682613,0.3878987517400883,0.25980869667942563,0.2451631411812746,4685.981244957464,66.00294411755245,151.15388202436398,,0.0,True,4,0,0,0.11181779998878483,2,8,0.9606502999959048
a8-load-sweep,waxman-n60-load1.2-critical_link-centralised,waxman,60,1.2,critical_link,CENTRALISED,orbit,9,8116733412912508483,0.435152089227471,0.9539740483478524,0.7523722808473916,0.22455602071247638,0.14926317402102704,5741.018254316078,85.68908631615544,250.8945542786458,0.2,0.2,False,197,0,0,0.08995690000301693,2,2,1.009830700000748
a8-load-sweep,waxman-n60-load1.2-critical_link-centralised,waxman,60,1.2,critical_link,CENTRALISED,spf-reconverge,9,8116733412912508483,0.3551834253951355,0.7604267670682613,0.3878987517400883,0.25980869667942563,0.2451631411812746,4685.981244957464,66.00294411755245,151.15388202436398,,0.0,True,4,0,0,0.019673999995575286,2,8,0.6482916999957524
a8-load-sweep,waxman-n60-load1.2-critical_link-centralised,waxman,60,1.2,critical_link,CENTRALISED,spf-static,9,8116733412912508483,0.3502457563520804,0.7604267670682607,0.39435287025606885,0.24154437174795856,0.24516314118127278,4620.8379334309675,65.99231531152955,151.36752140748177,,0.0,True,0,0,0,0.009774400008609518,2,520,0.8564127999998163
a8-load-sweep,waxman-n60-load1.2-critical_link-centralised,waxman,60,1.2,critical_link,CENTRALISED,cspf,10,1807140244725223026,0.4711003476766584,0.8946759308824849,0.6773692731810586,0.3460233815075188,0.2254106170521693,4448.798490649525,68.00751710758885,151.4581199213872,0.0,0.0,True,45,0,0,0.12218670001311693,2,6,1.0278705999953672
a8-load-sweep,waxman-n60-load1.2-critical_link-centralised,waxman,60,1.2,critical_link,CENTRALISED,ecmp,10,1807140244725223026,0.3752731501016545,0.8085725758041554,0.6047726362638955,0.23086258892962175,0.12725048450796841,3543.862007292364,71.4856856848547,201.0968080416808,0.2,0.2,False,16,0,0,0.15414909999526571,2,32,0.9302079000044614
a8-load-sweep,waxman-n60-load1.2-critical_link-centralised,waxman,60,1.2,critical_link,CENTRALISED,orbit,10,1807140244725223026,0.4228960255221994,0.9694788437993491,0.688568660755096,0.2583152469194383,0.11033922714451204,3993.5848260849425,76.02582269410762,201.00366765307692,0.2,0.2,True,193,1,0,0.07620960001077037,2,4,1.0403144000010798
a8-load-sweep,waxman-n60-load1.2-critical_link-centralised,waxman,60,1.2,critical_link,CENTRALISED,spf-reconverge,10,1807140244725223026,0.3752731501016545,0.8085725758041554,0.6047726362638955,0.23086258892962175,0.12725048450796841,3543.862007292364,71.4856856848547,201.0968080416808,0.2,0.2,False,16,0,0,0.028496099999756552,2,32,0.9205197999981465
a8-load-sweep,waxman-n60-load1.2-critical_link-centralised,waxman,60,1.2,critical_link,CENTRALISED,spf-static,10,1807140244725223026,0.36315809156937673,0.7379137620314153,0.599871875546429,0.23390334110848474,0.11806433472010992,3429.4544200801365,71.31294896735449,152.00586745760438,,0.0,True,0,0,0,0.009205800000927411,2,2080,0.7982558999938192
a8-load-sweep,waxman-n60-load1.2-critical_link-centralised,waxman,60,1.2,critical_link,CENTRALISED,cspf,11,12968994433226338568,0.45483814769211384,0.8059185420594754,0.5578171564923198,0.326435514146345,0.31394723002562674,5054.126571701702,75.38338539975585,151.88170294961972,0.2,0.2,True,32,0,0,0.07380439998814836,2,6,1.2992711999977473
a8-load-sweep,waxman-n60-load1.2-critical_link-centralised,waxman,60,1.2,critical_link,CENTRALISED,ecmp,11,12968994433226338568,0.3378600284585455,0.7938066864562789,0.43955933206572495,0.16930713645993387,0.19252508707044377,3754.2746931247225,72.95129927092096,201.3160590657925,0.2,0.2,True,14,0,0,0.13521079998463392,2,28,1.0038844999944558
a8-load-sweep,waxman-n60-load1.2-critical_link-centralised,waxman,60,1.2,critical_link,CENTRALISED,orbit,11,12968994433226338568,0.436677028752184,0.9512429474048512,0.6381770815712282,0.2769642233938312,0.13347945977152892,4852.321612570904,86.50718110227123,201.73753713381436,,0.0,True,202,3,0,0.1770920999988448,2,4,1.1280270999995992
a8-load-sweep,waxman-n60-load1.2-critical_link-centralised,waxman,60,1.2,critical_link,CENTRALISED,spf-reconverge,11,12968994433226338568,0.3378600284585455,0.7938066864562789,0.43955933206572495,0.16930713645993387,0.19252508707044377,3754.2746931247225,72.95129927092096,201.3160590657925,0.2,0.2,True,14,0,0,0.03273980000813026,2,28,0.7387946999951964
a8-load-sweep,waxman-n60-load1.2-critical_link-centralised,waxman,60,1.2,critical_link,CENTRALISED,spf-static,11,12968994433226338568,0.3410881023139412,0.6971904432333665,0.44852858580645605,0.18623072281551234,0.23071191664839208,3790.144801933219,60.977296644078486,150.93500074383033,,0.0,True,0,0,0,0.023698900011368096,2,1820,0.8421775000024354
a8-load-sweep,waxman-n60-load1.2-critical_link-centralised,waxman,60,1.2,critical_link,CENTRALISED,cspf,12,11575692321475450377,0.4737304722232418,0.8288653748392916,0.588984056320954,0.36341283524803736,0.2971597977937806,4673.067923500782,77.06759936775212,153.48526636564117,0.0,0.0,True,54,0,0,0.1694670999859227,2,2,1.2975982999923872
a8-load-sweep,waxman-n60-load1.2-critical_link-centralised,waxman,60,1.2,critical_link,CENTRALISED,ecmp,12,11575692321475450377,0.35859938287676,0.7369242096952651,0.388688019343012,0.2459727330994446,0.2597787283532788,3537.368549766573,72.47247827749987,201.0022128727965,0.2,0.2,True,12,0,0,0.18853499999386258,2,24,1.087617199998931
a8-load-sweep,waxman-n60-load1.2-critical_link-centralised,waxman,60,1.2,critical_link,CENTRALISED,orbit,12,11575692321475450377,0.4318656049368585,0.9572793825847531,0.6394393972735339,0.1933009154931335,0.2273906849979191,4260.096033557796,82.88912650366315,153.5243277169348,0.2,0.2,False,203,2,0,0.10725149999780115,2,2,1.1791692999977386
a8-load-sweep,waxman-n60-load1.2-critical_link-centralised,waxman,60,1.2,critical_link,CENTRALISED,spf-reconverge,12,11575692321475450377,0.35859938287676,0.7369242096952651,0.388688019343012,0.2459727330994446,0.2597787283532788,3537.368549766573,72.47247827749987,201.0022128727965,0.2,0.2,True,12,0,0,0.017140600000857376,2,24,0.6639063999900827
a8-load-sweep,waxman-n60-load1.2-critical_link-centralised,waxman,60,1.2,critical_link,CENTRALISED,spf-static,12,11575692321475450377,0.3740123621982951,0.6163007436356694,0.43194221354941015,0.3042507607799871,0.2679341148326196,3689.408377255451,75.24597183321791,151.33383222618025,,0.0,True,0,0,0,0.00831319999997504,2,1560,0.5597275000036461
a8-load-sweep,waxman-n60-load1.2-critical_link-centralised,waxman,60,1.2,critical_link,CENTRALISED,cspf,13,11958514811909894177,0.40696743991733136,0.7360544850223939,0.5901972587627913,0.26808015857268014,0.2640316335587506,4291.065739900014,82.43208873367278,250.74229899121568,,0.0,True,65,0,0,0.13547789999574888,2,26,1.173397799997474
a8-load-sweep,waxman-n60-load1.2-critical_link-centralised,waxman,60,1.2,critical_link,CENTRALISED,ecmp,13,11958514811909894177,0.307062104480412,0.7110358769011788,0.418327082824747,0.14537961596891458,0.2165886037190634,3237.6636244539554,73.50746361576648,151.2638354914522,,0.0,True,15,0,0,0.09835220000240952,2,30,0.890458399997442
a8-load-sweep,waxman-n60-load1.2-critical_link-centralised,waxman,60,1.2,critical_link,CENTRALISED,orbit,13,11958514811909894177,0.4002478835765367,0.855196345837079,0.6523286381187402,0.2294037093916884,0.174059001969921,4220.214720449492,68.21324774086371,151.19482793252362,,0.0,True,195,0,0,0.11411819999921136,2,24,1.0843900999898324
a8-load-sweep,waxman-n60-load1.2-critical_link-centralised,waxman,60,1.2,critical_link,CENTRALISED,spf-reconverge,13,11958514811909894177,0.307062104480412,0.7110358769011788,0.418327082824747,0.14537961596891458,0.2165886037190634,3237.6636244539554,73.50746361576648,151.2638354914522,,0.0,True,15,0,0,0.022541999991517514,2,30,0.6476189999957569
a8-load-sweep,waxman-n60-load1.2-critical_link-centralised,waxman,60,1.2,critical_link,CENTRALISED,spf-static,13,11958514811909894177,0.30299378792314935,0.6970021441253214,0.41635952551483124,0.14622338399916787,0.20930942060396074,3194.7672841435765,70.487063843929,151.2638354914522,,0.0,True,0,0,0,0.020344200005638413,2,1950,0.7342356000008294
a8-load-sweep,waxman-n60-load1.2-critical_link-centralised,waxman,60,1.2,critical_link,CENTRALISED,cspf,14,49732124452594490,0.4521248666606722,0.9359345440560595,0.4611781641167318,0.3448499538856373,0.3180135176001094,4782.864674663467,78.60478852128082,200.6384247301723,0.0,0.0,False,11,0,0,0.11197790001460817,2,6,1.1170812000054866
a8-load-sweep,waxman-n60-load1.2-critical_link-centralised,waxman,60,1.2,critical_link,CENTRALISED,ecmp,14,49732124452594490,0.3432355392319517,0.7256717221469651,0.3701869704296382,0.24409327835172548,0.23562492716035863,3630.9640471813627,69.9624153193879,151.6755753831562,0.0,0.0,False,9,0,0,0.1242507000133628,2,18,0.8806242999999085
a8-load-sweep,waxman-n60-load1.2-critical_link-centralised,waxman,60,1.2,critical_link,CENTRALISED,orbit,14,49732124452594490,0.48491358929760303,0.9906255868406993,0.6745594811330802,0.30214423024533216,0.25406001300946085,5129.724656919683,82.68743913445962,202.2605337116085,0.0,0.0,True,200,2,0,0.14848399999027606,2,6,1.121339800010901
a8-load-sweep,waxman-n60-load1.2-critical_link-centralised,waxman,60,1.2,critical_link,CENTRALISED,spf-reconverge,14,49732124452594490,0.3432355392319517,0.7256717221469651,0.3701869704296382,0.24409327835172548,0.23562492716035863,3630.9640471813627,69.9624153193879,151.6755753831562,0.0,0.0,False,9,0,0,0.018670099991140887,2,18,0.8358890999952564
a8-load-sweep,waxman-n60-load1.2-critical_link-centralised,waxman,60,1.2,critical_link,CENTRALISED,spf-static,14,49732124452594490,0.34304959622170683,0.7256717221469603,0.35432977664220433,0.24999405888382073,0.24329693880726525,3628.9970236425575,68.84307074693753,201.03749420754139,0.0,0.0,False,0,0,0,0.009278399986214936,2,1170,0.6880313000001479
a8-load-sweep,waxman-n60-load1.2-critical_link-centralised,waxman,60,1.2,critical_link,CENTRALISED,cspf,15,854233165008074009,0.4985024867509895,0.832322689575105,0.6336608195344401,0.3640105984141195,0.3372681588388849,5879.986534469049,83.60428810790695,201.488626977245,,0.0,True,54,0,0,0.09771449999243487,2,2,0.9021936000062851
a8-load-sweep,waxman-n60-load1.2-critical_link-centralised,waxman,60,1.2,critical_link,CENTRALISED,ecmp,15,854233165008074009,0.40268495059016646,0.8654739492748986,0.4916774801128322,0.2799527009172232,0.19858660306542852,4749.7899208800945,68.62205329505258,200.886732745248,0.0,0.0,False,8,0,0,0.11192070000106469,2,16,0.7007766000024276
a8-load-sweep,waxman-n60-load1.2-critical_link-centralised,waxman,60,1.2,critical_link,CENTRALISED,orbit,15,854233165008074009,0.4931114665417788,0.9301390617977072,0.7526714458622114,0.28036952399731674,0.24255106487942693,5816.397832146197,79.11270990735248,252.22291061183535,,0.0,True,195,0,0,0.1724303999944823,2,4,1.2491971999988891
a8-load-sweep,waxman-n60-load1.2-critical_link-centralised,waxman,60,1.2,critical_link,CENTRALISED,spf-reconverge,15,854233165008074009,0.40268495059016646,0.8654739492748986,0.4916774801128322,0.2799527009172232,0.19858660306542852,4749.7899208800945,68.62205329505258,200.886732745248,0.0,0.0,False,8,0,0,0.028267600006074645,2,16,0.9112943999934942
a8-load-sweep,waxman-n60-load1.2-critical_link-centralised,waxman,60,1.2,critical_link,CENTRALISED,spf-static,15,854233165008074009,0.3974468494083377,0.8549918764372183,0.48302671351368126,0.2886435992536268,0.18102937014576168,4688.004944407701,72.25120322808193,200.96969054450176,0.0,0.0,False,0,0,0,0.009360299984109588,2,1040,0.592011700005969
a8-load-sweep,waxman-n60-load1.2-critical_link-centralised,waxman,60,1.2,critical_link,CENTRALISED,cspf,16,18092814772044393997,0.45052073386070357,0.7909569016697529,0.523370621154719,0.3635602265058137,0.3136389296569067,5467.880739417783,88.94052767833159,201.6586557258821,0.0,0.2,True,66,0,0,0.13386580000224058,2,2,0.9414314000023296
a8-load-sweep,waxman-n60-load1.2-critical_link-centralised,waxman,60,1.2,critical_link,CENTRALISED,ecmp,16,18092814772044393997,0.38497236979390825,0.7300213357330798,0.4395690841683857,0.28111271979328567,0.2834788704361034,4672.333253046175,64.79155959455888,150.9770457505555,0.0,0.0,False,5,0,0,0.10606340000231285,2,10,0.9055847999989055
a8-load-sweep,waxman-n60-load1.2-critical_link-centralised,waxman,60,1.2,critical_link,CENTRALISED,orbit,16,18092814772044393997,0.4348228526406155,0.9383260776404471,0.6061234712730326,0.3262281220730346,0.14914309611533053,5277.358670350198,90.53299586226778,203.54887331757064,0.0,0.0,True,199,1,0,0.11077210000075866,2,2,1.2894805999967502
a8-load-sweep,waxman-n60-load1.2-critical_link-centralised,waxman,60,1.2,critical_link,CENTRALISED,spf-reconverge,16,18092814772044393997,0.38497236979390825,0.7300213357330798,0.4395690841683857,0.28111271979328567,0.2834788704361034,4672.333253046175,64.79155959455888,150.9770457505555,0.0,0.0,False,5,0,0,0.01875119999749586,2,10,0.7941667999984929
a8-load-sweep,waxman-n60-load1.2-critical_link-centralised,waxman,60,1.2,critical_link,CENTRALISED,spf-static,16,18092814772044393997,0.37605313625141146,0.7300213357330798,0.42366902432806086,0.282665285645261,0.26322445508288705,4564.082285594661,64.44253971030082,150.9770457505555,0.0,0.0,False,0,0,0,0.00965629999700468,2,650,0.7682139999960782
a8-load-sweep,waxman-n60-load1.2-critical_link-centralised,waxman,60,1.2,critical_link,CENTRALISED,cspf,17,15750791082153585247,0.48250089246285655,0.7991639898395038,0.6267268005306617,0.37276219385792136,0.32287800483548956,5413.6727513234755,80.89042604307178,200.638741860187,0.2,0.2,True,56,0,0,0.07821370000601746,2,6,1.1111566000035964
a8-load-sweep,waxman-n60-load1.2-critical_link-centralised,waxman,60,1.2,critical_link,CENTRALISED,ecmp,17,15750791082153585247,0.3859963262752506,0.7884437058351789,0.4043464529533443,0.3406805060675004,0.2181554051630618,4330.888971004658,69.2244553465568,151.23719941284472,0.2,0.2,False,11,0,0,0.1616336000006413,2,22,1.1653242999891518
a8-load-sweep,waxman-n60-load1.2-critical_link-centralised,waxman,60,1.2,critical_link,CENTRALISED,orbit,17,15750791082153585247,0.4505329320176814,0.9158752573658597,0.8013649102172381,0.2169417448073084,0.17748854326599117,5054.991391183288,81.37149442296462,251.6841064618569,0.2,0.2,True,189,0,0,0.15864040001179092,2,6,1.3062605000013718
a8-load-sweep,waxman-n60-load1.2-critical_link-centralised,waxman,60,1.2,critical_link,CENTRALISED,spf-reconverge,17,15750791082153585247,0.3859963262752506,0.7884437058351789,0.4043464529533443,0.3406805060675004,0.2181554051630618,4330.888971004658,69.2244553465568,151.23719941284472,0.2,0.2,False,11,0,0,0.025420199992367998,2,22,1.0484817999968072
a8-load-sweep,waxman-n60-load1.2-critical_link-centralised,waxman,60,1.2,critical_link,CENTRALISED,spf-static,17,15750791082153585247,0.3731332933952325,0.7333407307142189,0.3897588417941567,0.3504829988652307,0.1995637003227004,4186.565402510341,62.421924537295354,150.97445152527013,,0.0,True,0,0,0,0.00952589999360498,2,1430,0.5807322999899043
a8-load-sweep,waxman-n60-load1.2-critical_link-centralised,waxman,60,1.2,critical_link,CENTRALISED,cspf,18,8640521697814458750,0.3892335453574881,0.7845828798176533,0.5104144882340518,0.3349865845354418,0.13118824036029553,4851.800671010464,84.64311806958658,201.67106280541967,0.0,0.0,True,10,0,0,0.08227490000717808,2,8,0.8721935000066878
a8-load-sweep,waxman-n60-load1.2-critical_link-centralised,waxman,60,1.2,critical_link,CENTRALISED,ecmp,18,8640521697814458750,0.30841370368919674,0.6780576503554269,0.37511013724588976,0.18909272803845473,0.20159028858506786,3844.380404401544,77.65462474360227,200.45930927010738,0.0,0.0,False,10,0,0,0.19081389998609666,2,20,1.0760792000073707
a8-load-sweep,waxman-n60-load1.2-critical_link-centralised,waxman,60,1.2,critical_link,CENTRALISED,orbit,18,8640521697814458750,0.3886162260149012,0.9084172477467707,0.532903971933331,0.23819275887304964,0.16780830414070713,4844.105778223563,88.94470437425616,301.613473154344,0.0,0.0,True,205,1,0,0.13673539999581408,2,4,1.1370690000039758
a8-load-sweep,waxman-n60-load1.2-critical_link-centralised,waxman,60,1.2,critical_link,CENTRALISED,spf-reconverge,18,8640521697814458750,0.30841370368919674,0.6780576503554269,0.37511013724588976,0.18909272803845473,0.20159028858506786,3844.380404401544,77.65462474360227,200.45930927010738,0.0,0.0,False,10,0,0,0.019906599991372786,2,20,0.5496669999993173
a8-load-sweep,waxman-n60-load1.2-critical_link-centralised,waxman,60,1.2,critical_link,CENTRALISED,spf-static,18,8640521697814458750,0.29724862857966355,0.6727515210927152,0.35969939588191746,0.17115545871553065,0.20017434220792088,3705.2076132728594,77.06933742613938,200.7691474922963,0.0,0.0,False,0,0,0,0.009732399994391017,2,1300,0.6944116999948164
a8-load-sweep,waxman-n60-load1.2-critical_link-centralised,waxman,60,1.2,critical_link,CENTRALISED,cspf,19,14902633602522549628,0.4915927061550201,0.8327262843706712,0.6400913080208609,0.3533709565728536,0.3206903621617712,6405.183367177879,98.58904049638193,201.9240263084497,0.0,0.0,False,56,0,0,0.16213630000129342,2,8,1.1833493000012822
a8-load-sweep,waxman-n60-load1.2-critical_link-centralised,waxman,60,1.2,critical_link,CENTRALISED,ecmp,19,14902633602522549628,0.4021420124188769,0.6656427795490379,0.5868067638563298,0.2974597046951887,0.1945671266994031,5239.68988339012,72.23920467556322,150.97097807744677,0.2,0.2,True,11,0,0,0.19844459999876563,2,22,1.3256967999914195
a8-load-sweep,waxman-n60-load1.2-critical_link-centralised,waxman,60,1.2,critical_link,CENTRALISED,orbit,19,14902633602522549628,0.4621211779047618,0.9417129288561564,0.7879070425891324,0.2416187356373255,0.13475308361918076,6021.185516537801,104.72455867540238,301.9451909863021,0.2,0.2,True,207,0,0,0.11415769999439362,2,6,1.3542718999960925
a8-load-sweep,waxman-n60-load1.2-critical_link-centralised,waxman,60,1.2,critical_link,CENTRALISED,spf-reconverge,19,14902633602522549628,0.4021420124188769,0.6656427795490379,0.5868067638563298,0.2974597046951887,0.1945671266994031,5239.68988339012,72.23920467556322,150.97097807744677,0.2,0.2,True,11,0,0,0.021180700001423247,2,22,0.7574637999932747
a8-load-sweep,waxman-n60-load1.2-critical_link-centralised,waxman,60,1.2,critical_link,CENTRALISED,spf-static,19,14902633602522549628,0.4072677084117474,0.6213949814280375,0.6066996860930807,0.3130268820818059,0.1993602738985689,5306.474891197765,74.52324578056138,150.97097807744677,,0.0,True,0,0,0,0.020981299996492453,2,1430,0.8462227999989409
a8-load-sweep,waxman-n60-load1.2-critical_link-centralised,waxman,60,1.2,critical_link,CENTRALISED,cspf,20,11596673680189537010,0.44313915040901053,0.804921293076691,0.5004507345143775,0.38952873351883244,0.2657418504403677,4096.985749813003,72.80422708293703,151.9500729964774,,0.0,True,27,0,0,0.10089210000296589,2,1690,1.287277899988112
a8-load-sweep,waxman-n60-load1.2-critical_link-centralised,waxman,60,1.2,critical_link,CENTRALISED,ecmp,20,11596673680189537010,0.34165362406735383,0.7066088329123185,0.4283557737270723,0.30825078542269807,0.10757332187862273,3158.7144306341925,61.61363186508956,150.87863494173493,0.0,0.0,False,0,0,0,0.09403189999284223,2,1690,0.8640841999877011
a8-load-sweep,waxman-n60-load1.2-critical_link-centralised,waxman,60,1.2,critical_link,CENTRALISED,orbit,20,11596673680189537010,0.4193480929407631,0.967509982186544,0.6091811979993124,0.31768764904672014,0.07676677437317102,3877.0286024239103,70.14056672296014,151.3113727981356,0.0,0.0,True,188,0,0,0.08294490000116639,2,1690,0.8464835000049789
a8-load-sweep,waxman-n60-load1.2-critical_link-centralised,waxman,60,1.2,critical_link,CENTRALISED,spf-reconverge,20,11596673680189537010,0.34165362406735383,0.7066088329123185,0.4283557737270723,0.30825078542269807,0.10757332187862273,3158.7144306341925,61.61363186508956,150.87863494173493,0.0,0.0,False,0,0,0,0.022773999997298233,2,1690,0.9823097000044072
a8-load-sweep,waxman-n60-load1.2-critical_link-centralised,waxman,60,1.2,critical_link,CENTRALISED,spf-static,20,11596673680189537010,0.34165362406735383,0.7066088329123185,0.4283557737270723,0.30825078542269807,0.10757332187862273,3158.7144306341925,61.61363186508956,150.87863494173493,0.0,0.0,False,0,0,0,0.007633399989572354,2,1690,0.7637011000042548
a8-load-sweep,waxman-n60-load1.2-critical_link-centralised,waxman,60,1.2,critical_link,CENTRALISED,cspf,21,6965134129133551966,0.5191414710641475,0.6622337295520495,0.6482406705691652,0.47881308555535246,0.3500732126864526,3920.322864538919,60.59994240410313,152.44079072341975,,0.0,True,43,0,0,0.06242970000312198,2,2080,1.1330534000007901
a8-load-sweep,waxman-n60-load1.2-critical_link-centralised,waxman,60,1.2,critical_link,CENTRALISED,ecmp,21,6965134129133551966,0.4035842822702459,0.6641714700418658,0.4549092181071372,0.32250372183571263,0.2988203260133554,3047.6869557529003,55.87463448107415,151.48142308057328,,0.0,True,0,0,0,0.10444750000897329,2,2080,0.6655405999918003
a8-load-sweep,waxman-n60-load1.2-critical_link-centralised,waxman,60,1.2,critical_link,CENTRALISED,orbit,21,6965134129133551966,0.4839848191785806,0.727529936870039,0.71619567160749,0.3401156843763897,0.29874434290306656,3654.835643983979,57.136411688545515,155.3984934630577,,0.0,True,168,0,0,0.11081189998367336,2,2080,1.289292800007388
a8-load-sweep,waxman-n60-load1.2-critical_link-centralised,waxman,60,1.2,critical_link,CENTRALISED,spf-reconverge,21,6965134129133551966,0.4035842822702459,0.6641714700418658,0.4549092181071372,0.32250372183571263,0.2988203260133554,3047.6869557529003,55.87463448107415,151.48142308057328,,0.0,True,0,0,0,0.015892600000370294,2,2080,0.6618925999937346
a8-load-sweep,waxman-n60-load1.2-critical_link-centralised,waxman,60,1.2,critical_link,CENTRALISED,spf-static,21,6965134129133551966,0.4035842822702459,0.6641714700418658,0.4549092181071372,0.32250372183571263,0.2988203260133554,3047.6869557529003,55.87463448107415,151.48142308057328,,0.0,True,0,0,0,0.008365999994566664,2,2080,0.6596346999867819
a8-load-sweep,waxman-n60-load1.2-critical_link-centralised,waxman,60,1.2,critical_link,CENTRALISED,cspf,22,18097375527561775413,0.40401626619220943,0.7716426381311442,0.5314441696339508,0.28109513894915567,0.2187056972732905,6518.1706353831805,114.32016669214359,252.23130965244218,0.0,0.0,True,33,0,0,0.09277979999023955,2,4,0.72009010000329
a8-load-sweep,waxman-n60-load1.2-critical_link-centralised,waxman,60,1.2,critical_link,CENTRALISED,ecmp,22,18097375527561775413,0.30291430767579225,0.6988232312067698,0.3427745602314745,0.1729799656108174,0.19677870949495424,4887.04864271588,85.26509029302558,200.91472326534026,0.0,0.0,False,6,0,0,0.23990760000015143,2,12,0.8100662999931956
a8-load-sweep,waxman-n60-load1.2-critical_link-centralised,waxman,60,1.2,critical_link,CENTRALISED,orbit,22,18097375527561775413,0.3876363970935184,0.7902377969252908,0.6420755453121129,0.19524459103157984,0.15476439917014248,6253.907063085044,107.19781334065223,301.95187683006657,0.0,0.0,True,212,0,0,0.16779950000636745,2,4,0.9258220000047004
a8-load-sweep,waxman-n60-load1.2-critical_link-centralised,waxman,60,1.2,critical_link,CENTRALISED,spf-reconverge,22,18097375527561775413,0.30291430767579225,0.6988232312067698,0.3427745602314745,0.1729799656108174,0.19677870949495424,4887.04864271588,85.26509029302558,200.91472326534026,0.0,0.0,False,6,0,0,0.051619700010633096,2,12,0.5226046000025235
a8-load-sweep,waxman-n60-load1.2-critical_link-centralised,waxman,60,1.2,critical_link,CENTRALISED,spf-static,22,18097375527561775413,0.30026969643104223,0.6988232312067698,0.3427745602314745,0.1729799656108174,0.1859168578448226,4844.381976049215,86.89372082799346,200.80607890414524,0.0,0.0,False,0,0,0,0.010245699988445267,2,780,0.47783639999397565
a8-load-sweep,waxman-n60-load1.2-critical_link-centralised,waxman,60,1.2,critical_link,CENTRALISED,cspf,23,1804905910976908840,0.4954194807285606,0.8662779595543946,0.6064661081231671,0.40524841715342325,0.2975800870903005,3838.2273665980833,65.99354564467859,152.43698987898148,0.0,0.2,True,33,0,0,0.10731180000584573,2,4,1.0030955000111135
a8-load-sweep,waxman-n60-load1.2-critical_link-centralised,waxman,60,1.2,critical_link,CENTRALISED,ecmp,23,1804905910976908840,0.39079482079275085,0.8167099437285043,0.49227329986324836,0.2961510546379958,0.17603127860619136,3027.655217929056,75.04189039252249,201.71524725970426,0.2,0.2,True,14,0,0,0.1475330999965081,2,28,1.1748303000058513
a8-load-sweep,waxman-n60-load1.2-critical_link-centralised,waxman,60,1.2,critical_link,CENTRALISED,orbit,23,1804905910976908840,0.4903347280528285,0.9453200903283139,0.7091097470242037,0.3284130406973838,0.23861050475238446,3798.8336050857642,73.78227869856686,202.30110994541946,0.0,0.0,True,192,0,0,0.09847129999252502,2,6,1.3914268999942578
a8-load-sweep,waxman-n60-load1.2-critical_link-centralised,waxman,60,1.2,critical_link,CENTRALISED,spf-reconverge,23,1804905910976908840,0.39079482079275085,0.8167099437285043,0.49227329986324836,0.2961510546379958,0.17603127860619136,3027.655217929056,75.04189039252249,201.71524725970426,0.2,0.2,True,14,0,0,0.0159369000029983,2,28,0.558704700000817
a8-load-sweep,waxman-n60-load1.2-critical_link-centralised,waxman,60,1.2,critical_link,CENTRALISED,spf-static,23,1804905910976908840,0.3883844369356952,0.7471351148602002,0.5176820930959444,0.3059038903072243,0.17041369895077704,3008.980939576998,71.27504327407993,201.59439305012341,,0.0,True,0,0,0,0.007948999991640449,2,1820,0.9124290000036126
a8-load-sweep,waxman-n60-load1.2-critical_link-centralised,waxman,60,1.2,critical_link,CENTRALISED,cspf,24,1921658351331497705,0.4918122499808271,0.9082549986900548,0.5930568434341105,0.39705352632557617,0.29976618201280625,5441.425301719335,76.17832644093701,200.51657274565548,0.0,0.0,True,49,0,0,0.09733340000093449,2,2,0.9167505000077654
a8-load-sweep,waxman-n60-load1.2-critical_link-centralised,waxman,60,1.2,critical_link,CENTRALISED,ecmp,24,1921658351331497705,0.40932052962271687,0.7529951083910162,0.43823518028127273,0.30767268119904184,0.33165154985559064,4528.734464196528,71.58546932541078,150.9987399346604,0.2,0.2,False,6,0,0,0.10694919999514241,2,12,0.6747979000065243
a8-load-sweep,waxman-n60-load1.2-critical_link-centralised,waxman,60,1.2,critical_link,CENTRALISED,orbit,24,1921658351331497705,0.49656616651540286,0.9877007753582174,0.7599804197644954,0.3348486655050127,0.21035763732822885,5494.022775073263,81.92262427493255,201.71558849871556,0.2,0.2,True,183,0,0,0.07839039999817032,2,2,1.3946477999998024
a8-load-sweep,waxman-n60-load1.2-critical_link-centralised,waxman,60,1.2,critical_link,CENTRALISED,spf-reconverge,24,1921658351331497705,0.40932052962271687,0.7529951083910162,0.43823518028127273,0.30767268119904184,0.33165154985559064,4528.734464196528,71.58546932541078,150.9987399346604,0.2,0.2,False,6,0,0,0.019135299997287802,2,12,0.5762211999972351
a8-load-sweep,waxman-n60-load1.2-critical_link-centralised,waxman,60,1.2,critical_link,CENTRALISED,spf-static,24,1921658351331497705,0.4064519582658128,0.7000916958718276,0.43823518028127273,0.3201334636238951,0.33305926342718906,4496.996505734018,70.19671853903242,151.05377802633592,,0.0,True,0,0,0,0.009220899999490939,2,780,0.8422615000017686
a8-load-sweep,waxman-n60-load1.2-critical_link-centralised,waxman,60,1.2,critical_link,CENTRALISED,cspf,25,7296402507174377735,0.4864745401726594,0.8326141290267743,0.681278430209191,0.405416006893925,0.21602136823182289,4622.435581484949,77.87757346041666,152.02794872472936,,0.0,True,34,0,0,0.10497209998720791,2,4,1.077875100003439
a8-load-sweep,waxman-n60-load1.2-critical_link-centralised,waxman,60,1.2,critical_link,CENTRALISED,ecmp,25,7296402507174377735,0.3611692883837338,0.8712727842332,0.37560040742803463,0.20733912505289448,0.2607906068236455,3431.796798599239,69.1657894963311,151.70764168157257,0.0,0.0,True,17,0,0,0.16782089999469463,2,34,0.854117299997597
a8-load-sweep,waxman-n60-load1.2-critical_link-centralised,waxman,60,1.2,critical_link,CENTRALISED,orbit,25,7296402507174377735,0.4919471581976415,0.999430844928759,0.8037839236705483,0.3099994996458813,0.1539087095659041,4674.435886112555,61.926679243750954,152.18445605116065,0.0,0.0,True,183,0,0,0.07210200000554323,2,8,1.3177780999976676
a8-load-sweep,waxman-n60-load1.2-critical_link-centralised,waxman,60,1.2,critical_link,CENTRALISED,spf-reconverge,25,7296402507174377735,0.3611692883837338,0.8712727842332,0.37560040742803463,0.20733912505289448,0.2607906068236455,3431.796798599239,69.1657894963311,151.70764168157257,0.0,0.0,True,17,0,0,0.03161930000351276,2,34,0.750602500003879
a8-load-sweep,waxman-n60-load1.2-critical_link-centralised,waxman,60,1.2,critical_link,CENTRALISED,spf-static,25,7296402507174377735,0.3577617944949946,0.8410875384625606,0.3917766891713056,0.2075344233213542,0.24964204769815945,3399.4191103662433,66.06219570397508,151.70764168157257,0.0,0.0,False,0,0,0,0.008504799989168532,2,2210,0.6660391000041272
a8-load-sweep,waxman-n60-load1.2-critical_link-centralised,waxman,60,1.2,critical_link,CENTRALISED,cspf,26,7507225534145266226,0.45369899319646156,0.8148412119039495,0.536405399399273,0.3318213805169723,0.33747188783476983,5613.475927308723,91.95677645162083,200.64259815714576,0.2,0.2,True,41,0,0,0.0799560999876121,2,10,1.155908200002159
a8-load-sweep,waxman-n60-load1.2-critical_link-centralised,waxman,60,1.2,critical_link,CENTRALISED,ecmp,26,7507225534145266226,0.3591297184513776,0.7536901514092083,0.33000695322882967,0.2977846952515998,0.24589594554170116,4443.399830149083,77.90646595328136,151.21904828373724,0.0,0.0,True,10,0,0,0.15242129999387544,2,20,1.0792112999915844
a8-load-sweep,waxman-n60-load1.2-critical_link-centralised,waxman,60,1.2,critical_link,CENTRALISED,orbit,26,7507225534145266226,0.40424853131558447,0.9237550363712884,0.6140707534087371,0.19788612973572087,0.19343421301840752,5001.640808595115,85.49643675897362,252.28851903440224,0.2,0.2,True,196,0,0,0.12872159999096766,2,4,1.3091140000033192
a8-load-sweep,waxman-n60-load1.2-critical_link-centralised,waxman,60,1.2,critical_link,CENTRALISED,spf-reconverge,26,7507225534145266226,0.3591297184513776,0.7536901514092083,0.33000695322882967,0.2977846952515998,0.24589594554170116,4443.399830149083,77.90646595328136,151.21904828373724,0.0,0.0,True,10,0,0,0.04995570000028238,2,20,0.8483402999991085
a8-load-sweep,waxman-n60-load1.2-critical_link-centralised,waxman,60,1.2,critical_link,CENTRALISED,spf-static,26,7507225534145266226,0.3556997544485178,0.7379637761442696,0.3117546457686864,0.2915465266789979,0.26775782980292606,4400.961956910843,75.73500258255764,151.20440567373706,0.0,0.0,False,0,0,0,0.009664600001997314,2,1300,0.9433864999882644
a8-load-sweep,waxman-n60-load1.2-critical_link-centralised,waxman,60,1.2,critical_link,CENTRALISED,cspf,27,2599695749262751517,0.42996924739350895,0.7978893744788846,0.6106111140090265,0.32440936476882154,0.18418025287654957,5022.389920997679,93.09386302856566,201.38143750086454,0.0,0.2,False,39,0,0,0.09741469999426045,2,6,0.958986300000106
a8-load-sweep,waxman-n60-load1.2-critical_link-centralised,waxman,60,1.2,critical_link,CENTRALISED,ecmp,27,2599695749262751517,0.345921527820297,0.8270453510814818,0.36870652362674144,0.2689172010120184,0.16545841810004344,4040.644314244986,72.66263620118362,151.40310423644334,0.0,0.0,False,7,0,0,0.15483050000329968,2,14,0.713920700000017
a8-load-sweep,waxman-n60-load1.2-critical_link-centralised,waxman,60,1.2,critical_link,CENTRALISED,orbit,27,2599695749262751517,0.4163712105517958,0.9482181423812929,0.6199601185814843,0.2372747059885194,0.16028767756072387,4863.55380982652,92.6536324230466,351.30285103449455,0.0,0.2,True,209,1,0,0.08689200000662822,2,6,0.8868298000015784
a8-load-sweep,waxman-n60-load1.2-critical_link-centralised,waxman,60,1.2,critical_link,CENTRALISED,spf-reconverge,27,2599695749262751517,0.345921527820297,0.8270453510814818,0.36870652362674144,0.2689172010120184,0.16545841810004344,4040.644314244986,72.66263620118362,151.40310423644334,0.0,0.0,False,7,0,0,0.020330200000898913,2,14,0.6553806000010809
a8-load-sweep,waxman-n60-load1.2-critical_link-centralised,waxman,60,1.2,critical_link,CENTRALISED,spf-static,27,2599695749262751517,0.34121232447722427,0.7982363017040116,0.36667557325844813,0.26964440931123307,0.163459260423918,3985.636995583121,72.57470661054671,201.11851128171583,0.0,0.0,False,0,0,0,0.010318200002075173,2,910,0.5062824000051478
a8-load-sweep,waxman-n60-load1.2-critical_link-centralised,waxman,60,1.2,critical_link,CENTRALISED,cspf,28,3283673877930578242,0.4556395180837856,0.8853372196227107,0.5462118446889078,0.3960997909003772,0.2163987994373545,5073.594843578426,78.38039201772328,151.9478537261773,0.2,0.2,True,39,0,0,0.0746048000146402,2,4,1.092099200002849
a8-load-sweep,waxman-n60-load1.2-critical_link-centralised,waxman,60,1.2,critical_link,CENTRALISED,ecmp,28,3283673877930578242,0.36975632428590116,0.7538032956417332,0.4166568491087773,0.28534748287966066,0.22929771741602945,4117.27628052774,72.72522399230104,152.86448277959136,0.2,0.2,False,10,0,0,0.16915790000348352,2,20,0.8538455999951111
a8-load-sweep,waxman-n60-load1.2-critical_link-centralised,waxman,60,1.2,critical_link,CENTRALISED,orbit,28,3283673877930578242,0.45201388824957045,0.9452572236542648,0.76889488878141,0.25335713977455404,0.1487918905805314,5033.223066984158,78.04775786560792,152.67081388805744,0.2,0.2,True,180,1,0,0.14906240001437254,2,6,1.2276773999910802
a8-load-sweep,waxman-n60-load1.2-critical_link-centralised,waxman,60,1.2,critical_link,CENTRALISED,spf-reconverge,28,3283673877930578242,0.36975632428590116,0.7538032956417332,0.4166568491087773,0.28534748287966066,0.22929771741602945,4117.27628052774,72.72522399230104,152.86448277959136,0.2,0.2,False,10,0,0,0.03308619999734219,2,20,0.7388885999971535
a8-load-sweep,waxman-n60-load1.2-critical_link-centralised,waxman,60,1.2,critical_link,CENTRALISED,spf-static,28,3283673877930578242,0.36390538406517076,0.7109970259987547,0.4309336155399395,0.27355957819593923,0.23230161639896058,4052.125434396512,71.80842785682296,151.6080634899868,,0.0,True,0,0,0,0.02397729999211151,2,1300,0.6243525000027148
a8-load-sweep,waxman-n60-load1.2-critical_link-centralised,waxman,60,1.2,critical_link,CENTRALISED,cspf,29,6748003318376499187,0.48516626579122596,0.7669077696999316,0.570253680101057,0.4173626539192892,0.31443841648284754,4845.013085557125,79.23414623132341,152.48324321622243,0.0,0.0,False,24,0,0,0.10666700000001583,2,2,0.9373467999976128
a8-load-sweep,waxman-n60-load1.2-critical_link-centralised,waxman,60,1.2,critical_link,CENTRALISED,ecmp,29,6748003318376499187,0.3725544561875263,0.6880919263417659,0.3961393565541027,0.28141304733567946,0.2771475062718793,3720.438419945534,61.342854711723874,151.2789788929003,0.0,0.0,True,4,0,0,0.15918070000770967,2,8,0.7609144000016386
a8-load-sweep,waxman-n60-load1.2-critical_link-centralised,waxman,60,1.2,critical_link,CENTRALISED,orbit,29,6748003318376499187,0.45937099986485613,0.916265921491817,0.6240061135163761,0.2599548911799327,0.27901251941449756,4587.413970015016,73.39132678786655,152.14194868929854,0.0,0.0,True,201,0,0,0.13522620001458563,2,2,0.9979146999976365
a8-load-sweep,waxman-n60-load1.2-critical_link-centralised,waxman,60,1.2,critical_link,CENTRALISED,spf-reconverge,29,6748003318376499187,0.3725544561875263,0.6880919263417659,0.3961393565541027,0.28141304733567946,0.2771475062718793,3720.438419945534,61.342854711723874,151.2789788929003,0.0,0.0,True,4,0,0,0.017351999995298684,2,8,0.5592554000031669
a8-load-sweep,waxman-n60-load1.2-critical_link-centralised,waxman,60,1.2,critical_link,CENTRALISED,spf-static,29,6748003318376499187,0.3707327970881852,0.6530424249513008,0.3857979948476764,0.28300993950440057,0.3002419523750128,3702.2467961743755,59.32674363662238,151.1650363709422,0.0,0.0,True,0,0,0,0.023008300006040372,2,520,0.7234032999986084
