experiment,scenario,family,nodes,offered_load,failure,control_mode,algorithm,trial,seed,pdr,pdr_critical,pdr_high,pdr_normal,pdr_low,throughput_mbps,mean_latency_ms,p95_latency_ms,time_to_restore_critical_s,time_to_restore_overall_s,censored,reroutes,preemptions,cascade_depth,cascade_threshold,cascade_dwell_ticks,cascade_saturated,total_links,time_to_converge_s,peak_restore_critical,optimality_gap,control_seconds,control_calls,blackholed_flow_ticks,wall_clock_s
a9-ceiling,scale_free-n60-load0.9-cascading-centralised,scale_free,60,0.9,cascading,CENTRALISED,cspf,0,266686485615056643,0.055032545463826486,0.0702643043161289,0.09185741299881416,0.028242289652265072,0.050664683210664876,394.8499235323487,27.63497944044951,106.08080472475073,,,True,179,0,106,0.98,3,False,232,0.1,0.08712168825839033,,0.3617382000084035,5,20332,1.2902646999864373
a9-ceiling,scale_free-n60-load0.9-cascading-centralised,scale_free,60,0.9,cascading,CENTRALISED,orbit,0,266686485615056643,0.04544240942204452,0.04369947187232075,0.12111819790195119,0.026912851671068952,0.006101723285096143,326.0421943813966,35.19095263900406,154.09087622696808,,,True,306,4,117,0.98,3,False,232,0.0,0.0,,0.3853395999467466,5,20803,1.3297850000089966
a9-ceiling,scale_free-n60-load0.9-cascading-centralised,scale_free,60,0.9,cascading,CENTRALISED,orbit-ceiling-0.6,0,266686485615056643,0.28730280685044624,0.6819684962759704,0.639629310721934,0.10165045040297307,0.030754402630968902,2061.352793322893,3.9082912127435607,9.162546462933207,,0.2,True,57,0,0,0.98,3,False,232,0.30000000000000004,0.9300226871264256,,0.0811190000094939,2,14384,1.5919591000129003
a9-ceiling,scale_free-n60-load0.9-cascading-centralised,scale_free,60,0.9,cascading,CENTRALISED,orbit-ceiling-0.7,0,266686485615056643,0.34254346295902444,0.8730360282716769,0.626798458321025,0.14502856701174047,0.09102381725445696,2457.695878246813,3.873182835021788,8.194465696495657,,0.0,True,60,0,0,0.98,3,False,232,0.30000000000000004,0.9324156357005827,,0.10547430001315661,2,13804,1.6440478000149596
a9-ceiling,scale_free-n60-load0.9-cascading-centralised,scale_free,60,0.9,cascading,CENTRALISED,orbit-ceiling-0.8,0,266686485615056643,0.40715358500019316,0.8842529274467278,0.6995867956149011,0.2701247541196588,0.09777307467114404,2921.2634187331983,4.076705010495818,8.194465696495657,,0.0,True,72,0,0,0.98,3,False,232,0.30000000000000004,0.8664456855154501,,0.0952652000123635,2,11982,2.006321199995
a9-ceiling,scale_free-n60-load0.9-cascading-centralised,scale_free,60,0.9,cascading,CENTRALISED,orbit-ceiling-0.9,0,266686485615056643,0.4530614838778133,0.8842529274467278,0.8204913098329063,0.33513860656457467,0.0786706738378331,3250.6454272989117,4.108114593040567,8.374770325774339,,0.0,True,81,0,0,0.98,3,False,232,0.30000000000000004,0.8664456855154501,,0.10407950001535937,2,10676,2.3991496000089683
a9-ceiling,scale_free-n60-load0.9-cascading-centralised,scale_free,60,0.9,cascading,CENTRALISED,orbit-ceiling-0.95,0,266686485615056643,0.4706139572430699,0.8842529274467278,0.8521234342612763,0.33688900895868307,0.11333895097862222,3376.581683884221,4.267368211858923,8.452020540890016,,0.2,True,86,0,0,0.98,3,False,232,0.30000000000000004,0.8664456855154501,,0.11346690001664683,2,10164,2.545888799999375
a9-ceiling,scale_free-n60-load0.9-cascading-centralised,scale_free,60,0.9,cascading,CENTRALISED,orbit-ceiling-1.0,0,266686485615056643,0.4443831773757072,0.8259116270528413,0.7713792159167616,0.33442577259275047,0.11872237028289759,3188.3799327653314,4.511729772686831,8.769504319901744,,0.0,True,102,0,13,0.98,3,False,232,0.30000000000000004,0.913486748599744,,0.17891969997435808,4,11045,2.3743925000017043
a9-ceiling,scale_free-n60-load0.9-cascading-centralised,scale_free,60,0.9,cascading,CENTRALISED,orbit-no-fallback,0,266686485615056643,0.42323722082973936,0.965751139061112,0.7464317597278827,0.2740675926732428,0.07080369313438274,3036.6609952743884,4.553400906765915,9.189802580735787,0.0,0.0,True,125,16,21,0.98,3,False,232,0.6000000000000001,1.0630819891479577,,0.2274477000173647,7,11730,2.345350999996299
a9-ceiling,scale_free-n60-load0.9-cascading-centralised,scale_free,60,0.9,cascading,CENTRALISED,spf-static,0,266686485615056643,0.15068038994099578,0.16964395724102255,0.15012902536220654,0.1389337657919728,0.15675508140512576,1081.108277739654,5.680928643101794,4.071743674995437,0.0,0.0,False,0,0,37,0.98,3,False,232,0.0,0.5833809293727008,,0.03080680000130087,2,18522,0.8727730000100564
a9-ceiling,scale_free-n60-load0.9-cascading-centralised,scale_free,60,0.9,cascading,CENTRALISED,cspf,1,11800420753426990870,0.0793189777899215,0.10824577264985505,0.15182174405606283,0.04588017816651808,0.0438694589857009,602.4314858261412,19.0534449802162,103.14932978458839,,,True,161,0,106,0.98,3,False,232,0.30000000000000004,0.25210261037250986,,0.3820384000428021,6,20092,1.29470629998832
a9-ceiling,scale_free-n60-load0.9-cascading-centralised,scale_free,60,0.9,cascading,CENTRALISED,orbit,1,11800420753426990870,0.08835236573292915,0.14204387952733263,0.15237181745566777,0.0763996184590617,0.019723736863411313,671.0405056620161,18.24352297807676,104.16004704905278,,,True,278,0,108,0.98,3,False,232,0.30000000000000004,0.2775807649696575,,0.40302349999547005,6,19685,1.380182099994272
a9-ceiling,scale_free-n60-load0.9-cascading-centralised,scale_free,60,0.9,cascading,CENTRALISED,orbit-ceiling-0.6,1,11800420753426990870,0.3078995342634649,0.6476929865471338,0.610248723932546,0.19333920505290217,0.013186046994620669,2338.51190572308,3.2064362714896877,6.099944242789694,,0.0,True,53,0,0,0.98,3,False,232,0.0,0.9373332615402249,,0.06878749997122213,2,14680,1.3322791999962647
a9-ceiling,scale_free-n60-load0.9-cascading-centralised,scale_free,60,0.9,cascading,CENTRALISED,orbit-ceiling-0.7,1,11800420753426990870,0.3860982160123868,0.8408459225694911,0.6859041110844315,0.22954951529366524,0.08723681782455797,2932.434688747579,3.155402492622518,6.1275572776472504,,0.0,True,67,0,0,0.98,3,False,232,0.30000000000000004,0.8872424959993586,,0.09177539998199791,2,12754,1.6360556000145152
a9-ceiling,scale_free-n60-load0.9-cascading-centralised,scale_free,60,0.9,cascading,CENTRALISED,orbit-ceiling-0.8,1,11800420753426990870,0.4107279743392951,0.9089302457652231,0.8531461432615837,0.16282585565945848,0.0820337263876583,3119.498898572828,3.425621321858518,6.224661417950402,,0.0,True,71,0,0,0.98,3,False,232,0.0,0.8949195143444821,,0.09650720001081936,2,12110,1.950851200002944
a9-ceiling,scale_free-n60-load0.9-cascading-centralised,scale_free,60,0.9,cascading,CENTRALISED,orbit-ceiling-0.9,1,11800420753426990870,0.4794703796466357,0.9089302457652231,0.8995895149712937,0.30197823032657717,0.11585654456501819,3641.600803091144,3.528333095000965,6.2881397686113285,,0.0,True,83,0,0,0.98,3,False,232,0.30000000000000004,0.8949195143444821,,0.10087960000964813,2,10506,2.256119099998614
a9-ceiling,scale_free-n60-load0.9-cascading-centralised,scale_free,60,0.9,cascading,CENTRALISED,orbit-ceiling-0.95,1,11800420753426990870,0.4928895404022271,0.9089302457652231,0.9627465011385217,0.3078888417553502,0.10258567694388844,3743.5199802890875,3.734069907573044,6.438246650616894,,0.0,True,85,0,0,0.98,3,False,232,0.30000000000000004,0.8949195143444821,,0.10318250002455898,2,10184,2.4296604999981355
a9-ceiling,scale_free-n60-load0.9-cascading-centralised,scale_free,60,0.9,cascading,CENTRALISED,orbit-ceiling-1.0,1,11800420753426990870,0.5044599666820069,0.9400602818903194,0.8456287908971731,0.3256349588795366,0.20817762678178506,3831.397929420389,3.62103417078716,6.423628832881534,0.2,0.2,False,101,0,8,0.98,3,False,232,0.30000000000000004,0.973744818626762,,0.14488460001302883,3,9742,2.3886803000059444
a9-ceiling,scale_free-n60-load0.9-cascading-centralised,scale_free,60,0.9,cascading,CENTRALISED,orbit-no-fallback,1,11800420753426990870,0.5069994065506536,0.9449767610456086,0.8337290033048395,0.3373841300949404,0.2102347914677893,3850.685098466954,3.584898501749757,6.423628832881535,,0.0,True,102,1,8,0.98,3,False,232,0.30000000000000004,0.9419254863984476,,0.12185939998016693,3,9742,2.3711132000025827
a9-ceiling,scale_free-n60-load0.9-cascading-centralised,scale_free,60,0.9,cascading,CENTRALISED,spf-static,1,11800420753426990870,0.21481667797255233,0.3035568664079821,0.3154161483066875,0.1741085216312388,0.13283697846262194,1631.5430946928302,3.8323453088140105,3.1202325459227245,0.0,0.0,False,0,0,33,0.98,3,False,232,0.0,0.7562356229280367,,0.03709160001017153,2,17199,0.949683200014988
a9-ceiling,scale_free-n60-load0.9-cascading-centralised,scale_free,60,0.9,cascading,CENTRALISED,cspf,2,2225586967419470391,0.058994147474483755,0.0447356631171885,0.1296427925122305,0.03371117630169501,0.031160589522432995,435.51451246042717,30.33102206696369,155.0598401206391,,,True,166,0,123,0.98,3,False,232,0.0,0.0,,0.3132637000235263,5,20596,1.2470435999857727
a9-ceiling,scale_free-n60-load0.9-cascading-centralised,scale_free,60,0.9,cascading,CENTRALISED,orbit,2,2225586967419470391,0.0761121457043218,0.07436031898524954,0.15430234937118115,0.04284359576042416,0.04332271284584248,561.8852962164071,23.337422367611733,106.36182187773007,,0.0,True,282,0,123,0.98,3,False,232,0.0,0.10133419855907423,,0.34498499997425824,5,20134,1.3351538999995682
a9-ceiling,scale_free-n60-load0.9-cascading-centralised,scale_free,60,0.9,cascading,CENTRALISED,orbit-ceiling-0.6,2,2225586967419470391,0.30658981057824536,0.4446596809998506,0.5554248829095513,0.20406340587173408,0.10688354726952629,2263.3484437938764,3.880814175257058,8.106428094644203,,0.2,True,55,0,0,0.98,3,False,232,0.30000000000000004,0.9008165642760655,,0.08251090001431294,2,14554,1.415313800011063
a9-ceiling,scale_free-n60-load0.9-cascading-centralised,scale_free,60,0.9,cascading,CENTRALISED,orbit-ceiling-0.7,2,2225586967419470391,0.37071087509387163,0.7698106477791201,0.7263327315576411,0.15308474734299585,0.05030805889595844,2736.7115712641908,3.909305500380487,8.147640256454252,,0.0,True,61,0,0,0.98,3,False,232,0.30000000000000004,0.9300777268396955,,0.07956569999805652,2,13676,1.6947637000121176
a9-ceiling,scale_free-n60-load0.9-cascading-centralised,scale_free,60,0.9,cascading,CENTRALISED,orbit-ceiling-0.8,2,2225586967419470391,0.4131156247249385,0.9481503668975758,0.8134939065299104,0.12615083247622222,0.052861883545567666,3049.7576046790873,3.7669277698328494,6.208431582938149,,0.0,True,64,0,0,0.98,3,False,232,0.30000000000000004,0.9401735002664307,,0.10045670002000406,2,13248,1.797567000001436
a9-ceiling,scale_free-n60-load0.9-cascading-centralised,scale_free,60,0.9,cascading,CENTRALISED,orbit-ceiling-0.9,2,2225586967419470391,0.4937971197848604,0.9481503668975758,0.875145687334664,0.2540079568366351,0.14188500267266477,3645.3753649119676,3.9422364134066785,7.326488359753174,,0.2,True,81,0,0,0.98,3,False,232,0.30000000000000004,0.9401735002664307,,0.1046597000095062,2,10850,2.2624018999922555
a9-ceiling,scale_free-n60-load0.9-cascading-centralised,scale_free,60,0.9,cascading,CENTRALISED,orbit-ceiling-0.95,2,2225586967419470391,0.507676433952821,0.9481503668975758,0.9165574075902803,0.27217115967387334,0.1317349981290337,3747.8371005571676,4.0589719151066985,7.3140132277593946,,0.2,True,84,0,0,0.98,3,False,232,0.30000000000000004,0.9401735002664307,,0.10131940001156181,2,10356,2.4375480999879073
a9-ceiling,scale_free-n60-load0.9-cascading-centralised,scale_free,60,0.9,cascading,CENTRALISED,orbit-ceiling-1.0,2,2225586967419470391,0.45172430625836624,0.6220079949039327,0.6920296188401819,0.3806859364887006,0.19894567125841267,3334.7797947538465,4.373259073946076,8.34439646806409,0.0,0.0,False,105,0,15,0.98,3,False,232,0.0,0.8733663940346766,,0.19265209999866784,4,11088,2.3458320000208914
a9-ceiling,scale_free-n60-load0.9-cascading-centralised,scale_free,60,0.9,cascading,CENTRALISED,orbit-no-fallback,2,2225586967419470391,0.3730716988308844,0.6398714025712882,0.5805791647735924,0.23697469175660482,0.17652118121796978,2754.1399610764997,4.277835043745988,7.6610803513020995,,0.0,True,141,15,41,0.98,3,False,232,1.3,0.7889921622122568,,0.29701590005424805,8,13190,2.000409000000218
a9-ceiling,scale_free-n60-load0.9-cascading-centralised,scale_free,60,0.9,cascading,CENTRALISED,spf-static,2,2225586967419470391,0.1461412553644006,0.08610930573368,0.14100402993000657,0.12901330413782972,0.2116045099823843,1078.8635874077215,6.179876564875122,51.0,0.0,0.0,False,0,0,42,0.98,3,False,232,0.0,0.38158269788251714,,0.02882160001900047,3,18375,0.934004399983678
a9-ceiling,scale_free-n60-load0.9-cascading-centralised,scale_free,60,0.9,cascading,CENTRALISED,cspf,3,6196941691978826040,0.07071615831586966,0.03696956222162611,0.08066078566375708,0.08768119808910019,0.05680356032080845,513.4255805867149,23.352659163620206,106.0839762329469,,0.0,True,149,0,104,0.98,3,False,232,0.0,0.0,,0.38331239999388345,6,20416,1.2691690000065137
a9-ceiling,scale_free-n60-load0.9-cascading-centralised,scale_free,60,0.9,cascading,CENTRALISED,orbit,3,6196941691978826040,0.05371581772512072,0.09734213550274605,0.050465160519420876,0.028263370862403953,0.06721867095821527,389.9967922327186,30.646177610487907,154.40571956964084,0.0,0.0,True,301,1,107,0.98,3,False,232,0.0,0.17877633834876858,,0.4622975999081973,6,20531,1.372888999991119
a9-ceiling,scale_free-n60-load0.9-cascading-centralised,scale_free,60,0.9,cascading,CENTRALISED,orbit-ceiling-0.6,3,6196941691978826040,0.2657039695087831,0.47922402125267943,0.58234895356852,0.1020074920323127,0.0656882057314618,1929.1095282621911,4.064271878151327,9.150703301850733,,0.0,True,49,0,0,0.98,3,False,232,0.0,0.8155143280823924,,0.06744750001234934,2,15410,1.3430017000064254
a9-ceiling,scale_free-n60-load0.9-cascading-centralised,scale_free,60,0.9,cascading,CENTRALISED,orbit-ceiling-0.7,3,6196941691978826040,0.32887118156500605,0.9241287125739764,0.5709326237932537,0.12832478267556777,0.042164130879033486,2387.726954553182,4.262704476801109,8.209222136201452,,0.0,True,54,0,0,0.98,3,False,232,0.30000000000000004,0.9395306470936892,,0.09061920002568513,2,14704,1.5087897999910638
a9-ceiling,scale_free-n60-load0.9-cascading-centralised,scale_free,60,0.9,cascading,CENTRALISED,orbit-ceiling-0.8,3,6196941691978826040,0.3562955849134837,0.9488909356742786,0.6764800759784328,0.1309764680661967,0.029401047843641462,2586.8383110912896,4.5375091882430665,9.257209997462418,,0.2,True,61,0,0,0.98,3,False,232,0.30000000000000004,0.9410280027010859,,0.09713209999608807,2,13676,1.8093332999851555
a9-ceiling,scale_free-n60-load0.9-cascading-centralised,scale_free,60,0.9,cascading,CENTRALISED,orbit-ceiling-0.9,3,6196941691978826040,0.4242825479226813,0.948560772699608,0.8357573135658384,0.16831113778692067,0.08815523835428825,3080.4489198493075,4.385859253295595,9.399512719995265,,0.0,True,74,0,0,0.98,3,False,232,0.30000000000000004,0.9410280027010859,,0.10213830001885071,2,11986,2.1599176000163425
a9-ceiling,scale_free-n60-load0.9-cascading-centralised,scale_free,60,0.9,cascading,CENTRALISED,orbit-ceiling-0.95,3,6196941691978826040,0.46840197825545526,0.948560772699608,0.8995339875447935,0.2477691264403053,0.09007906334566404,3400.7723745338667,4.589250221671958,8.660715005416932,,0.0,True,80,0,0,0.98,3,False,232,0.30000000000000004,0.9410280027010859,,0.1077248000074178,2,11000,2.449152100016363
a9-ceiling,scale_free-n60-load0.9-cascading-centralised,scale_free,60,0.9,cascading,CENTRALISED,orbit-ceiling-1.0,3,6196941691978826040,0.36534527887696433,0.7720286863953517,0.5901447830689933,0.24194109573624667,0.09431405462847675,2652.54245124803,4.984561246398982,9.959487818062405,0.2,0.7000000000000001,False,99,0,29,0.98,3,False,232,0.8,0.9020758086770616,,0.20421000005444512,6,13304,2.0090397000021767
a9-ceiling,scale_free-n60-load0.9-cascading-centralised,scale_free,60,0.9,cascading,CENTRALISED,orbit-no-fallback,3,6196941691978826040,0.37319803341811897,0.9372409970996461,0.5972585273489042,0.1974781047789663,0.0874352312739648,2709.5563665329682,4.618140431670992,8.342592440191249,0.0,0.0,False,102,7,28,0.98,3,False,232,0.30000000000000004,0.9843585933911407,,0.1903724999865517,5,13156,1.9801402000011876
a9-ceiling,scale_free-n60-load0.9-cascading-centralised,scale_free,60,0.9,cascading,CENTRALISED,spf-static,3,6196941691978826040,0.10514329542442573,0.16427164384559292,0.08790468084087809,0.09315147409698082,0.10558168028351565,763.3793857544957,7.492287427881984,53.022833245521724,0.0,0.0,False,0,0,39,0.98,3,False,232,0.0,0.5641083994840392,,0.03012399998260662,2,19551,0.8159690000175033
a9-ceiling,scale_free-n60-load0.9-cascading-centralised,scale_free,60,0.9,cascading,CENTRALISED,cspf,4,3080686158776530774,0.03325697053206361,0.034346526426224225,0.030705196600079844,0.04869130146029088,0.01407106481251925,248.36110421011463,46.89630634242227,155.04073507362804,,,True,223,0,114,0.98,3,False,232,0.0,0.0,,0.360219700000016,5,20843,1.2583117000176571
a9-ceiling,scale_free-n60-load0.9-cascading-centralised,scale_free,60,0.9,cascading,CENTRALISED,orbit,4,3080686158776530774,0.07379730334292248,0.07595335416099991,0.05674652027555162,0.1204217245248876,0.026355050776254624,551.1139304858302,20.319179480176025,105.06827918881237,,,True,235,1,98,0.98,3,False,232,0.1,0.1567982249232696,,0.3328635000216309,6,20171,1.2615957999951206
a9-ceiling,scale_free-n60-load0.9-cascading-centralised,scale_free,60,0.9,cascading,CENTRALISED,orbit-ceiling-0.6,4,3080686158776530774,0.27723394076679986,0.624063547525093,0.4661003308263296,0.1466324685903455,0.05997370423287887,2070.366799855702,4.0665593256509,7.128983390892506,,0.2,True,54,0,0,0.98,3,False,232,0.30000000000000004,0.9188427471015802,,0.07207279998692684,2,14682,1.4486909999977797
a9-ceiling,scale_free-n60-load0.9-cascading-centralised,scale_free,60,0.9,cascading,CENTRALISED,orbit-ceiling-0.7,4,3080686158776530774,0.3144105677023066,0.6830857466907476,0.5996348687958544,0.13972495070994706,0.04364484927407145,2347.999668057213,4.418042895600948,9.209229441078385,,0.2,True,55,0,0,0.98,3,False,232,0.30000000000000004,0.9254017953760764,,0.07646310000563972,2,14554,1.5390349999943282
a9-ceiling,scale_free-n60-load0.9-cascading-centralised,scale_free,60,0.9,cascading,CENTRALISED,orbit-ceiling-0.8,4,3080686158776530774,0.38951215190537225,0.883197091759465,0.6851761689479774,0.1879922274539346,0.07343673909958126,2908.8538914633787,4.308915196503314,9.231484868009858,,0.0,True,65,0,0,0.98,3,False,232,0.30000000000000004,0.8652274135686074,,0.08422419999260455,2,13076,1.8312598000047728
a9-ceiling,scale_free-n60-load0.9-cascading-centralised,scale_free,60,0.9,cascading,CENTRALISED,orbit-ceiling-0.9,4,3080686158776530774,0.41615555137560045,0.883197091759465,0.7507591628515614,0.23575126239625002,0.045048109800422155,3107.8252351086853,4.481425116774256,10.32180375297279,,0.0,True,69,0,0,0.98,3,False,232,0.30000000000000004,0.8652274135686074,,0.08929670002544299,2,12432,2.0592946999822743
a9-ceiling,scale_free-n60-load0.9-cascading-centralised,scale_free,60,0.9,cascading,CENTRALISED,orbit-ceiling-0.95,4,3080686158776530774,0.45482769476730855,0.883197091759465,0.7639576226931105,0.33553591161650054,0.04848689577039707,3396.6265324390147,4.449338588606811,10.380495517569175,,0.0,True,76,0,0,0.98,3,False,232,0.30000000000000004,0.8652274135686074,,0.09810919998562895,2,11426,2.259344299993245
a9-ceiling,scale_free-n60-load0.9-cascading-centralised,scale_free,60,0.9,cascading,CENTRALISED,orbit-ceiling-1.0,4,3080686158776530774,0.3941571713861368,0.7100864046157059,0.5400922875098272,0.294852764833661,0.19674395700414893,2943.5426243474503,4.8955399247728915,10.686566587636586,,0.0,True,107,0,23,0.98,3,False,232,0.6000000000000001,0.8778604063089566,,0.2102823000459466,8,12238,2.1443918999866582
a9-ceiling,scale_free-n60-load0.9-cascading-centralised,scale_free,60,0.9,cascading,CENTRALISED,orbit-no-fallback,4,3080686158776530774,0.295507187580645,0.6364959948750463,0.3706691223587228,0.20780193564227942,0.1425898515371905,2206.8303346751177,4.659565994278803,8.565158187643819,,3.5,True,191,48,62,0.98,3,False,232,4.1000000000000005,0.8524874133221334,,0.4824304999783635,14,14678,1.9906865999801084
a9-ceiling,scale_free-n60-load0.9-cascading-centralised,scale_free,60,0.9,cascading,CENTRALISED,spf-static,4,3080686158776530774,0.13145693382554186,0.12416435183491145,0.148097203752416,0.12878996136741822,0.12171024691099006,981.7126671086982,6.796991974851658,52.02107945538729,0.0,0.0,False,0,0,45,0.98,3,False,232,0.0,0.4853180210989848,,0.030411999992793426,2,18963,0.8867789000214543
a9-ceiling,scale_free-n60-load0.9-cascading-centralised,scale_free,60,0.9,cascading,CENTRALISED,cspf,5,1879472072605190241,0.05992138755267372,0.0836449958439366,0.04692959859378914,0.06500902095493633,0.05322537436510313,460.1952501741842,29.491817510148703,153.0,,0.0,True,143,0,121,0.98,3,False,232,0.1,0.16481804724005192,,0.33944119996158406,6,20436,1.2908257999806665
a9-ceiling,scale_free-n60-load0.9-cascading-centralised,scale_free,60,0.9,cascading,CENTRALISED,orbit,5,1879472072605190241,0.06620307885531751,0.1320525348180382,0.06302516379981382,0.026670046165176483,0.08562509634089698,508.43853389314023,22.184235710553544,106.12245763724883,,0.0,True,275,3,103,0.98,3,False,232,0.0,0.3125803818748984,,0.45918939998955466,6,20342,1.365712300001178
a9-ceiling,scale_free-n60-load0.9-cascading-centralised,scale_free,60,0.9,cascading,CENTRALISED,orbit-ceiling-0.6,5,1879472072605190241,0.25156963744125416,0.42316378054591514,0.3728264944846257,0.19719841123448004,0.08254263683585021,1932.0505910638083,3.9603109610190144,7.160076446185562,,0.0,True,47,0,0,0.98,3,False,232,0.30000000000000004,0.9302026064878389,,0.06938650002120994,2,15754,1.1987170999927912
a9-ceiling,scale_free-n60-load0.9-cascading-centralised,scale_free,60,0.9,cascading,CENTRALISED,orbit-ceiling-0.7,5,1879472072605190241,0.3186153703837077,0.7770604012194801,0.5504309512616781,0.12091182996121681,0.048603411032863635,2446.9606941958777,4.165371187556756,8.180045846024717,0.0,0.2,False,54,0,0,0.98,3,False,232,0.30000000000000004,0.9564542865089551,,0.09288640000158921,2,14704,1.4947760999784805
a9-ceiling,scale_free-n60-load0.9-cascading-centralised,scale_free,60,0.9,cascading,CENTRALISED,orbit-ceiling-0.8,5,1879472072605190241,0.39189263489499426,0.9177549494278862,0.7235593801993393,0.1158617505393698,0.07572343452794082,3009.7288551335446,4.159923732770455,8.269967866934511,0.0,0.0,False,59,0,0,0.98,3,False,232,0.30000000000000004,0.9629154167996071,,0.09151689999271184,2,14062,1.6660911999933887
a9-ceiling,scale_free-n60-load0.9-cascading-centralised,scale_free,60,0.9,cascading,CENTRALISED,orbit-ceiling-0.9,5,1879472072605190241,0.4185174990296563,0.9177549494278862,0.7676502669322315,0.11921488582276915,0.1314582178962741,3214.2073645895184,4.159293891217053,7.2781362141459205,0.0,0.0,False,65,0,0,0.98,3,False,232,0.30000000000000004,0.9629154167996071,,0.10102259999257512,2,13162,1.8017080999852624
a9-ceiling,scale_free-n60-load0.9-cascading-centralised,scale_free,60,0.9,cascading,CENTRALISED,orbit-ceiling-0.95,5,1879472072605190241,0.4542414658586803,0.9177549494278862,0.8390153732452643,0.16236244574250677,0.13715294755976884,3488.5668299414415,4.045206895875062,7.476816638832079,0.0,0.0,True,72,0,0,0.98,3,False,232,0.30000000000000004,0.9629154167996071,,0.10683909998624586,2,12134,2.0571014000161085
a9-ceiling,scale_free-n60-load0.9-cascading-centralised,scale_free,60,0.9,cascading,CENTRALISED,orbit-ceiling-1.0,5,1879472072605190241,0.38951911424929275,0.6137518523045736,0.6740346019153757,0.22216778326832115,0.15895186429507674,2991.50025643192,4.271843362318853,7.843620001759929,,0.2,True,100,0,26,0.98,3,False,232,1.3,0.8768655544496724,,0.2022869000211358,6,13098,1.933705400006147
a9-ceiling,scale_free-n60-load0.9-cascading-centralised,scale_free,60,0.9,cascading,CENTRALISED,orbit-no-fallback,5,1879472072605190241,0.37976915121941957,0.8454613092604523,0.6004061125159078,0.15958060052396097,0.1502396207897065,2916.620704088821,4.295494938617218,7.549584883794337,0.0,0.2,False,114,14,28,0.98,3,False,232,0.8,1.0336181303780456,,0.25514779999502935,7,13394,1.8912007000180893
a9-ceiling,scale_free-n60-load0.9-cascading-centralised,scale_free,60,0.9,cascading,CENTRALISED,spf-static,5,1879472072605190241,0.15215205981493055,0.2331402341276827,0.13965850135003807,0.14207087575431976,0.13126584663935836,1168.5252643640606,5.414094916164274,4.06337353365303,0.0,0.0,False,0,0,41,0.98,3,False,232,0.0,0.7234454379544392,,0.03211190001456998,2,18375,0.8857069999794476
a9-ceiling,scale_free-n60-load0.9-cascading-centralised,scale_free,60,0.9,cascading,CENTRALISED,cspf,6,10481916229843943607,0.04076141278134939,0.06461110658649669,0.02379365155565144,0.04095351375682045,0.04363590138789984,325.71799187570144,40.39930209266614,154.02,,,True,165,0,123,0.98,3,False,232,0.6000000000000001,0.1092927785455953,,0.35542430001078174,6,21056,1.27920030002133
a9-ceiling,scale_free-n60-load0.9-cascading-centralised,scale_free,60,0.9,cascading,CENTRALISED,orbit,6,10481916229843943607,0.06194200632656118,0.05658729036332797,0.03438799262399615,0.06560144369266774,0.08720338123474194,494.96875934268337,24.84677880484437,106.07343220947813,,,True,260,3,111,0.98,3,False,232,0.1,0.18177868445739276,,0.437868700013496,6,20609,1.3593831000034697
a9-ceiling,scale_free-n60-load0.9-cascading-centralised,scale_free,60,0.9,cascading,CENTRALISED,orbit-ceiling-0.6,6,10481916229843943607,0.2659115784608275,0.4216045206911028,0.4475837795868295,0.25375815512269617,0.018070119765103868,2124.8572962218,3.843009691436699,9.177047508824886,0.2,0.2,True,49,0,0,0.98,3,False,232,0.30000000000000004,0.9999999999999999,,0.06623629998648539,2,15432,1.2811878999928012
a9-ceiling,scale_free-n60-load0.9-cascading-centralised,scale_free,60,0.9,cascading,CENTRALISED,orbit-ceiling-0.7,6,10481916229843943607,0.3353045765107111,0.74792706939484,0.5438455880024889,0.23907811693707695,0.018070119765103868,2679.3657499961123,3.8321172662624203,7.164591636319166,0.0,0.0,False,57,0,0,0.98,3,False,232,0.30000000000000004,0.9999999999999999,,0.08511220003128983,2,14254,1.520194899989292
a9-ceiling,scale_free-n60-load0.9-cascading-centralised,scale_free,60,0.9,cascading,CENTRALISED,orbit-ceiling-0.8,6,10481916229843943607,0.4102867053537075,0.9704251065668847,0.6674126366994441,0.2236238645013477,0.07119513690968753,3278.536062475585,3.6076680690490863,7.164416446417608,0.0,0.0,False,63,0,0,0.98,3,False,232,0.0,0.9658751229617857,,0.09958400001050904,2,13310,1.6647105000156444
a9-ceiling,scale_free-n60-load0.9-cascading-centralised,scale_free,60,0.9,cascading,CENTRALISED,orbit-ceiling-0.9,6,10481916229843943607,0.44843781488299606,0.9995450016394907,0.7241041975189108,0.27049928077223817,0.08611879253588094,3583.39553460349,3.530937018098165,6.207748360738401,0.0,0.0,True,73,0,0,0.98,3,False,232,0.30000000000000004,1.0,,0.11400800000410527,2,11984,1.9076079000078607
a9-ceiling,scale_free-n60-load0.9-cascading-centralised,scale_free,60,0.9,cascading,CENTRALISED,orbit-ceiling-0.95,6,10481916229843943607,0.4516776537013619,0.9995450016394907,0.7654588956429551,0.2805640089624473,0.046247434681255785,3609.2845733269446,3.9718738033469903,7.2919810375121825,0.0,0.2,False,73,0,0,0.98,3,False,232,0.30000000000000004,1.0,,0.11179299998912029,2,11984,2.0328847999917343
a9-ceiling,scale_free-n60-load0.9-cascading-centralised,scale_free,60,0.9,cascading,CENTRALISED,orbit-ceiling-1.0,6,10481916229843943607,0.4461006259988666,0.7481700061085736,0.7050765254873776,0.34707282414620566,0.14506801418993984,3564.719428501466,3.7045686523154138,7.3570300231630945,0.2,0.2,False,98,0,19,0.98,3,False,232,0.30000000000000004,0.9089795341272701,,0.1870541000389494,5,11707,2.0673500999982934
a9-ceiling,scale_free-n60-load0.9-cascading-centralised,scale_free,60,0.9,cascading,CENTRALISED,orbit-no-fallback,6,10481916229843943607,0.377088961761265,0.7752015553217011,0.544386098761043,0.22909050202731873,0.1691951387422002,3013.2581528079795,4.0696333098970285,8.79524574809267,0.2,0.2,True,121,16,35,0.98,3,False,232,0.30000000000000004,0.9016267928728597,,0.2731643000151962,7,13608,1.8274505000154022
a9-ceiling,scale_free-n60-load0.9-cascading-centralised,scale_free,60,0.9,cascading,CENTRALISED,spf-static,6,10481916229843943607,0.12082926666388676,0.043502492007643376,0.10682883828908159,0.15300489991827165,0.1392749082340795,965.5275274360096,7.212935804542874,52.03176826045251,0.0,0.0,False,0,0,51,0.98,3,False,232,0.0,0.1791768399427142,,0.030786799994530156,2,19404,0.8793698000081349
a9-ceiling,scale_free-n60-load0.9-cascading-centralised,scale_free,60,0.9,cascading,CENTRALISED,cspf,7,15902366928440803490,0.04269914462840561,0.0346353237426708,0.044987648935566844,0.05798535093425817,0.025057300773162802,352.40265867422556,35.891241321547916,154.0168562768211,,,True,199,0,118,0.98,3,False,232,0.0,0.0,,0.34148999996250495,5,20852,1.247688300005393
a9-ceiling,scale_free-n60-load0.9-cascading-centralised,scale_free,60,0.9,cascading,CENTRALISED,orbit,7,15902366928440803490,0.044507377843949834,0.04098320220028326,0.04908965029878672,0.07146109850882328,0.006723070444635785,367.32628766507224,30.288838997533702,108.1324921987154,,,True,290,4,104,0.98,3,False,232,0.1,0.0,,0.4349746000370942,5,20975,1.2962222999776714
a9-ceiling,scale_free-n60-load0.9-cascading-centralised,scale_free,60,0.9,cascading,CENTRALISED,orbit-ceiling-0.6,7,15902366928440803490,0.24766517524599937,0.5016304556667122,0.5035884122775045,0.1272846508313382,0.028882604239362158,2044.0190776010668,3.346782414688166,5.121357287031311,,0.0,True,49,0,0,0.98,3,False,232,0.30000000000000004,0.9400685843178478,,0.07165120000718161,2,15454,1.2762034999905154
a9-ceiling,scale_free-n60-load0.9-cascading-centralised,scale_free,60,0.9,cascading,CENTRALISED,orbit-ceiling-0.7,7,15902366928440803490,0.3098836076031559,0.6912199393392505,0.585091510858163,0.13212016261720338,0.0759974220926036,2557.5174432479093,3.7538906467359543,7.175473122469418,0.2,0.2,False,54,0,0,0.98,3,False,232,0.30000000000000004,1.0,,0.07769880001433194,2,14704,1.440529699990293
a9-ceiling,scale_free-n60-load0.9-cascading-centralised,scale_free,60,0.9,cascading,CENTRALISED,orbit-ceiling-0.8,7,15902366928440803490,0.35936415788044057,0.8952478716041767,0.6899344682516381,0.13826470395681623,0.04345996540017298,2965.888093810749,3.9390316979736126,7.1866733075784275,0.2,0.2,False,60,0,0,0.98,3,False,232,0.30000000000000004,0.9523101942574048,,0.09663939999882132,2,13804,1.7297844999993686
a9-ceiling,scale_free-n60-load0.9-cascading-centralised,scale_free,60,0.9,cascading,CENTRALISED,orbit-ceiling-0.9,7,15902366928440803490,0.39501008018885103,0.9443541550109448,0.7242622484270416,0.18138628366344126,0.06261994603066373,3260.0794154800374,3.9043814417001403,7.297075696412137,,0.0,True,66,0,0,0.98,3,False,232,0.30000000000000004,0.936479055896054,,0.10907219996443018,2,12948,1.8612736999930348
a9-ceiling,scale_free-n60-load0.9-cascading-centralised,scale_free,60,0.9,cascading,CENTRALISED,orbit-ceiling-0.95,7,15902366928440803490,0.43900700910661944,0.9443541550109448,0.7943949910238414,0.2246953928333533,0.10933907633228807,3623.1928890414733,3.995822265478239,7.52445535764734,,0.0,True,75,0,0,0.98,3,False,232,0.30000000000000004,0.936479055896054,,0.10809520000475459,2,11750,2.0873306000139564
a9-ceiling,scale_free-n60-load0.9-cascading-centralised,scale_free,60,0.9,cascading,CENTRALISED,orbit-ceiling-1.0,7,15902366928440803490,0.36715047695124736,0.728125348172464,0.6959477406836962,0.19997016548766539,0.08258878859877158,3030.1497919247845,4.042235582947006,8.266135771857671,,0.2,True,89,0,16,0.98,3,False,232,0.30000000000000004,0.8650810616004837,,0.20453130002715625,5,13639,1.8223073999979533
a9-ceiling,scale_free-n60-load0.9-cascading-centralised,scale_free,60,0.9,cascading,CENTRALISED,orbit-no-fallback,7,15902366928440803490,0.36893878810251585,0.848396145253576,0.6319082585068235,0.15623025142609615,0.13564885594953133,3044.909001031389,4.149297464069112,9.350725956946107,0.2,0.2,True,96,5,17,0.98,3,False,232,0.30000000000000004,1.025005768850127,,0.19996549998177215,5,13629,1.810545500018634
a9-ceiling,scale_free-n60-load0.9-cascading-centralised,scale_free,60,0.9,cascading,CENTRALISED,spf-static,7,15902366928440803490,0.12187406387171656,0.1977378095477955,0.1420721140707102,0.11647227749581139,0.06691148657418766,1005.8455387242967,6.468339100236764,52.022102276187695,0.0,0.0,False,0,0,45,0.98,3,False,232,0.0,0.6381527911708159,,0.02857709999079816,3,19257,0.8552308999933302
a9-ceiling,scale_free-n60-load0.9-cascading-centralised,scale_free,60,0.9,cascading,CENTRALISED,cspf,8,10482090051068808452,0.07420392767281928,0.08323289751107371,0.05346595754149946,0.10353698422755622,0.05424172858863961,579.6484848990623,19.328996983751377,104.07152601033876,,,True,165,0,101,0.98,3,False,232,0.6000000000000001,0.2673380602149946,,0.4093890999793075,6,20190,1.3054001999844331
a9-ceiling,scale_free-n60-load0.9-cascading-centralised,scale_free,60,0.9,cascading,CENTRALISED,orbit,8,10482090051068808452,0.07778721505709485,0.0980317971029693,0.053236399149649644,0.12472842940778779,0.034023097858230746,607.6395517926019,18.139390792728953,104.11292527501533,,0.0,True,263,0,101,0.98,3,False,232,0.0,0.1852328769390111,,0.42285159998573363,5,20039,1.3414606000005733
a9-ceiling,scale_free-n60-load0.9-cascading-centralised,scale_free,60,0.9,cascading,CENTRALISED,orbit-ceiling-0.6,8,10482090051068808452,0.29986124907015116,0.42217570423129336,0.32631977951764524,0.44598271389015587,0.028501735036503537,2342.384347494872,3.249005960987546,6.081999581387479,0.2,0.2,False,55,0,0,0.98,3,False,232,0.30000000000000004,1.0,,0.07720430003246292,2,14532,1.4198021999909543
a9-ceiling,scale_free-n60-load0.9-cascading-centralised,scale_free,60,0.9,cascading,CENTRALISED,orbit-ceiling-0.7,8,10482090051068808452,0.3821337164708281,0.6982176486884477,0.6383381218396067,0.27468621386018466,0.07574755695791607,2985.060720206317,3.507395334337691,7.176220241170935,,0.0,True,62,0,0,0.98,3,False,232,0.30000000000000004,0.908612227161573,,0.08955969996168278,2,13656,1.5671604000090156
a9-ceiling,scale_free-n60-load0.9-cascading-centralised,scale_free,60,0.9,cascading,CENTRALISED,orbit-ceiling-0.8,8,10482090051068808452,0.39925478179521207,0.9399425360929429,0.6864483118710271,0.19973774576442604,0.04163711637867088,3118.802961168209,3.5341511910120817,6.189756671724884,,0.0,True,61,0,0,0.98,3,False,232,0.30000000000000004,0.9307029262610894,,0.10281370001030155,2,13654,1.6174242999986745
a9-ceiling,scale_free-n60-load0.9-cascading-centralised,scale_free,60,0.9,cascading,CENTRALISED,orbit-ceiling-0.9,8,10482090051068808452,0.43397758346068244,0.9633690124794985,0.7125737706698322,0.27613418810620727,0.04163711637867088,3390.0422339137813,3.6961706525394225,8.141660911393622,0.2,0.2,False,70,0,0,0.98,3,False,232,0.30000000000000004,0.958155828276583,,0.11373689997708425,2,12608,1.877172900014557
a9-ceiling,scale_free-n60-load0.9-cascading-centralised,scale_free,60,0.9,cascading,CENTRALISED,orbit-ceiling-0.95,8,10482090051068808452,0.4628840651928951,0.9633690124794985,0.7596100163384311,0.31474999696564326,0.05805951847230736,3615.846970473259,3.68695215060685,7.304919456688574,0.2,0.2,True,75,0,0,0.98,3,False,232,0.30000000000000004,0.958155828276583,,0.11287969999830239,2,11706,2.043753599980846
a9-ceiling,scale_free-n60-load0.9-cascading-centralised,scale_free,60,0.9,cascading,CENTRALISED,orbit-ceiling-1.0,8,10482090051068808452,0.41313767208719004,0.8628350683096393,0.554244917222417,0.35370315381576917,0.08426571746202036,3227.250001320136,4.022407186517427,8.68351240420795,0.2,0.2,True,98,0,20,0.98,3,False,232,0.30000000000000004,0.9369101377381289,,0.20400160006829537,5,12682,1.9840710000135005
a9-ceiling,scale_free-n60-load0.9-cascading-centralised,scale_free,60,0.9,cascading,CENTRALISED,orbit-no-fallback,8,10482090051068808452,0.40099921336465777,0.9169857908933405,0.46507700036409494,0.3326944190841618,0.11945028932581805,3132.4296942529822,3.74803594768888,7.516559009906544,0.2,0.2,True,115,5,31,0.98,3,False,232,0.30000000000000004,0.9823002201349259,,0.28042799994000234,7,12919,1.9408317000197712
a9-ceiling,scale_free-n60-load0.9-cascading-centralised,scale_free,60,0.9,cascading,CENTRALISED,spf-static,8,10482090051068808452,0.1702295475090745,0.24120603772937815,0.12137273941450916,0.2257008682739235,0.11052991861471567,1329.758442622597,4.485792528715598,4.0588720743936095,0.0,0.0,False,0,0,36,0.98,3,False,232,0.0,0.676066999001964,,0.0294692000024952,3,18081,0.8963603000156581
a9-ceiling,scale_free-n60-load0.9-cascading-centralised,scale_free,60,0.9,cascading,CENTRALISED,cspf,9,7634962571501669575,0.05478836719360093,0.033793382355596535,0.03608552697295796,0.047612320635034504,0.09524734868168393,439.0160375512061,25.516436609927272,105.06653618215417,,,True,173,0,107,0.98,3,False,232,0.0,0.0,,0.36059510000632145,5,20625,1.234971800004132
a9-ceiling,scale_free-n60-load0.9-cascading-centralised,scale_free,60,0.9,cascading,CENTRALISED,orbit,9,7634962571501669575,0.049826908555357374,0.03924965859781339,0.026150231431585208,0.06621158622997567,0.055652876788282256,399.260154625564,28.157781944935625,105.81837472911792,,,True,275,2,106,0.98,3,False,232,0.0,0.0,,0.4478722999920137,6,20908,1.3276560000085738
a9-ceiling,scale_free-n60-load0.9-cascading-centralised,scale_free,60,0.9,cascading,CENTRALISED,orbit-ceiling-0.6,9,7634962571501669575,0.25923364669466736,0.534898286411279,0.4158898187316217,0.20945491669018373,0.023615743011005316,2077.224312410874,3.622556963761179,8.12849185494437,,0.0,True,49,0,0,0.98,3,False,232,0.30000000000000004,0.9203541955441079,,0.08027970002149232,2,15432,1.2521734999900218
a9-ceiling,scale_free-n60-load0.9-cascading-centralised,scale_free,60,0.9,cascading,CENTRALISED,orbit-ceiling-0.7,9,7634962571501669575,0.34232690595421,0.791560742293038,0.6087124646453816,0.19665813759126566,0.04011153784346726,2743.0458233611057,3.677571307373418,6.131463406250388,,0.0,True,57,0,0,0.98,3,False,232,0.30000000000000004,0.904484485297407,,0.09122040000511333,2,14232,1.481496500025969
a9-ceiling,scale_free-n60-load0.9-cascading-centralised,scale_free,60,0.9,cascading,CENTRALISED,orbit-ceiling-0.8,9,7634962571501669575,0.4257731777757111,0.8741001977532034,0.6544873208833218,0.2836732387361404,0.15644838672891606,3411.6960036821397,3.359890606522322,6.2591840960813085,,0.2,True,71,0,0,0.98,3,False,232,0.30000000000000004,0.9128223697839423,,0.10656739998375997,2,12284,1.7210796999861486
a9-ceiling,scale_free-n60-load0.9-cascading-centralised,scale_free,60,0.9,cascading,CENTRALISED,orbit-ceiling-0.9,9,7634962571501669575,0.4374893355011977,0.9053467801344595,0.6745054534045642,0.30342757417340527,0.13762933466665603,3505.5769021909896,3.4987947885836697,6.2591840960813085,0.2,0.2,False,73,0,0,0.98,3,False,232,0.30000000000000004,0.9515485058307656,,0.1233846000104677,2,12114,1.7948087000113446
a9-ceiling,scale_free-n60-load0.9-cascading-centralised,scale_free,60,0.9,cascading,CENTRALISED,orbit-ceiling-0.95,9,7634962571501669575,0.48721730287643605,0.9053467801344595,0.713483420259619,0.3549080230366399,0.22281099261143106,3904.044246826561,3.7928606643395324,7.484192553072959,0.2,0.2,False,82,0,0,0.98,3,False,232,0.30000000000000004,0.9515485058307656,,0.11270259998855181,2,10808,2.0696132000011858
a9-ceiling,scale_free-n60-load0.9-cascading-centralised,scale_free,60,0.9,cascading,CENTRALISED,orbit-ceiling-1.0,9,7634962571501669575,0.41028480330916717,0.7373611282278371,0.556613582451999,0.3513793106918464,0.16988803313457934,3287.588549222253,4.050614506050156,8.409950119035233,,0.0,True,98,0,17,0.98,3,False,232,0.8,0.9207318241546664,,0.2187604000500869,6,12339,1.9595503999735229
a9-ceiling,scale_free-n60-load0.9-cascading-centralised,scale_free,60,0.9,cascading,CENTRALISED,orbit-no-fallback,9,7634962571501669575,0.40704888243005666,0.798836223189163,0.6021085164237113,0.31059393689915643,0.13661930178623802,3261.659301191254,3.712296564840413,6.757578917278636,0.2,0.2,False,104,6,17,0.98,3,False,232,0.30000000000000004,0.9836314640659087,,0.19466799998190254,5,12352,1.8843696000112686
a9-ceiling,scale_free-n60-load0.9-cascading-centralised,scale_free,60,0.9,cascading,CENTRALISED,spf-static,9,7634962571501669575,0.10848055097425706,0.13029496881390745,0.1348335523605227,0.10368978490421872,0.07715777967906375,869.24842041382,6.558921512497625,52.02753741195679,0.0,0.0,False,0,0,41,0.98,3,False,232,0.0,0.5202851865416136,,0.0295034000009764,2,19257,0.8325149999873247
a9-ceiling,scale_free-n60-load0.9-cascading-centralised,scale_free,60,0.9,cascading,CENTRALISED,cspf,10,9723117558920786488,0.05144538293240321,0.03613281853559426,0.050025317973949913,0.06356973225324832,0.045425476155721775,397.6526109614792,32.86153406896273,153.0,,0.0,True,157,0,129,0.98,3,False,232,0.6000000000000001,0.1508123055081254,,0.3690523999975994,6,20756,1.30374319999828
a9-ceiling,scale_free-n60-load0.9-cascading-centralised,scale_free,60,0.9,cascading,CENTRALISED,orbit,10,9723117558920786488,0.06742507181444252,0.0938731839476446,0.07829078894174013,0.0652572889547092,0.0413028753398525,521.1693318816906,20.77593310821606,105.0481744341325,,,True,268,1,103,0.98,3,False,232,0.0,0.15061522266954794,,0.4600059000076726,6,20468,1.3422391000203788
a9-ceiling,scale_free-n60-load0.9-cascading-centralised,scale_free,60,0.9,cascading,CENTRALISED,orbit-ceiling-0.6,10,9723117558920786488,0.27724896103439256,0.415456424127841,0.38559511812482633,0.25935209251705105,0.09681029787971966,2143.025611968819,3.531887447124098,6.127698761032909,0.2,0.2,True,52,0,0,0.98,3,False,232,0.30000000000000004,1.0,,0.07632250001188368,2,14982,1.2704584999883082
a9-ceiling,scale_free-n60-load0.9-cascading-centralised,scale_free,60,0.9,cascading,CENTRALISED,orbit-ceiling-0.7,10,9723117558920786488,0.3593872452595599,0.8912415643823989,0.6112816340423095,0.12206698111347344,0.0858770406661827,2777.9222989067084,3.834199684947303,6.152729284152892,,0.2,True,56,0,0,0.98,3,False,232,0.30000000000000004,0.9417124624283179,,0.09487550001358613,2,14404,1.5182204000011552
a9-ceiling,scale_free-n60-load0.9-cascading-centralised,scale_free,60,0.9,cascading,CENTRALISED,orbit-ceiling-0.8,10,9723117558920786488,0.3619269100190866,0.9525828418509985,0.6436822377677631,0.1166918083020176,0.028983836502494337,2797.5529103440776,4.1426792888435315,9.297816276289817,,0.2,True,58,0,0,0.98,3,False,232,0.30000000000000004,0.9452878944434635,,0.08564840003964491,2,14148,1.6513019999838434
a9-ceiling,scale_free-n60-load0.9-cascading-centralised,scale_free,60,0.9,cascading,CENTRALISED,orbit-ceiling-0.9,10,9723117558920786488,0.40274184212687303,0.9525828418509985,0.6988636993511519,0.16005389244428875,0.0788985596130367,3113.0363102869346,4.138408438646489,9.336774280558343,,0.2,True,66,0,0,0.98,3,False,232,0.30000000000000004,0.9452878944434635,,0.10285369999473915,2,12948,1.8779439000063576
a9-ceiling,scale_free-n60-load0.9-cascading-centralised,scale_free,60,0.9,cascading,CENTRALISED,orbit-ceiling-0.95,10,9723117558920786488,0.4580148831560896,0.9525828418509985,0.7006751716488259,0.2753567214959045,0.13867392055082906,3540.2752154755485,4.15887621058449,8.446641949194056,,0.0,True,77,0,0,0.98,3,False,232,0.30000000000000004,0.9452878944434635,,0.1005870999651961,2,11298,2.134136100008618
a9-ceiling,scale_free-n60-load0.9-cascading-centralised,scale_free,60,0.9,cascading,CENTRALISED,orbit-ceiling-1.0,10,9723117558920786488,0.38828518868292683,0.6438078324865311,0.5912748932582559,0.26204562898054534,0.18967496739883857,3001.2920553106615,4.009438729623084,9.275549959368563,0.2,0.2,True,103,0,29,0.98,3,False,232,1.3,0.8603707455324316,,0.26382719998946413,7,13045,1.9420870000030845
a9-ceiling,scale_free-n60-load0.9-cascading-centralised,scale_free,60,0.9,cascading,CENTRALISED,orbit-no-fallback,10,9723117558920786488,0.38173778981077655,0.8531533676571841,0.5576902521278883,0.20617389315245152,0.1370852882870959,2950.68323274756,4.0008436960238765,8.509596215545956,0.2,0.2,True,123,18,31,0.98,3,False,232,0.8,1.033052172093209,,0.30000139999901876,8,13307,1.9639664000133052
a9-ceiling,scale_free-n60-load0.9-cascading-centralised,scale_free,60,0.9,cascading,CENTRALISED,spf-static,10,9723117558920786488,0.18011530298804163,0.19410732711091735,0.14300092077888157,0.21652274288890258,0.15534613705001282,1392.220573057495,4.62454751114413,3.072040402339206,0.0,0.0,False,0,0,37,0.98,3,False,232,0.0,0.6679796069121677,,0.03198610001709312,2,17640,0.9380112999933772
a9-ceiling,scale_free-n60-load0.9-cascading-centralised,scale_free,60,0.9,cascading,CENTRALISED,cspf,11,5314029030686934564,0.04971948155660077,0.035072894728280166,0.02154756047754695,0.08177883247924528,0.043070221874489716,364.39438735473306,31.805661197167776,154.02210957011286,,,True,151,0,105,0.98,3,False,232,0.0,0.0,,0.32136170004378073,5,20536,1.2244952000037301
a9-ceiling,scale_free-n60-load0.9-cascading-centralised,scale_free,60,0.9,cascading,CENTRALISED,orbit,11,5314029030686934564,0.05949848045407996,0.04025538060330478,0.08091804428339412,0.04471683933744938,0.07172167617903631,436.0647306613692,26.494293813838237,107.21273019243655,,0.0,True,321,4,102,0.98,3,False,232,0.0,0.0,,0.4055107999884058,5,20411,1.321718499995768
a9-ceiling,scale_free-n60-load0.9-cascading-centralised,scale_free,60,0.9,cascading,CENTRALISED,orbit-ceiling-0.6,11,5314029030686934564,0.2720385818843745,0.33770457530762105,0.5456966458495637,0.19648731614627954,0.06325653420631444,1993.772446515919,3.653339285687691,6.1157608135478245,,0.0,True,52,0,0,0.98,3,False,232,0.30000000000000004,0.8971941710038864,,0.07688949999283068,2,14982,1.3673031999787781
a9-ceiling,scale_free-n60-load0.9-cascading-centralised,scale_free,60,0.9,cascading,CENTRALISED,orbit-ceiling-0.7,11,5314029030686934564,0.35470117403065465,0.6168708141588948,0.7527848736171516,0.16772465102106376,0.045333094348714686,2599.607094811823,3.6727318938660263,6.108692435048028,,0.0,True,61,0,0,0.98,3,False,232,0.0,0.8976334396255963,,0.07965649999096058,2,13740,1.6729853999859188
a9-ceiling,scale_free-n60-load0.9-cascading-centralised,scale_free,60,0.9,cascading,CENTRALISED,orbit-ceiling-0.8,11,5314029030686934564,0.41590705708961073,0.9281483424182613,0.6460522845277094,0.25747115193411313,0.06444107019995914,3048.185389707836,3.9578907982235108,7.187320206522878,,0.0,True,67,0,0,0.98,3,False,232,0.30000000000000004,0.9413043111790133,,0.0881461999961175,2,12884,1.7796605000039563
a9-ceiling,scale_free-n60-load0.9-cascading-centralised,scale_free,60,0.9,cascading,CENTRALISED,orbit-ceiling-0.9,11,5314029030686934564,0.42259579039546474,0.9171956878166324,0.6576475017962128,0.2608762489496124,0.08266509864012486,3097.2071574105266,4.47066694138876,8.350873504303856,,0.0,True,68,0,0,0.98,3,False,232,0.30000000000000004,0.9044565628653496,,0.0996817999985069,2,12712,1.892180199996801
a9-ceiling,scale_free-n60-load0.9-cascading-centralised,scale_free,60,0.9,cascading,CENTRALISED,orbit-ceiling-0.95,11,5314029030686934564,0.4471124943302924,0.9171956878166324,0.7051283023320456,0.2988562204634077,0.08253621213107179,3276.8902319437693,4.560764185622366,7.950296575169622,,0.0,True,72,0,0,0.98,3,False,232,0.0,0.9044565628653496,,0.0994592999923043,2,12090,2.069312899984652
a9-ceiling,scale_free-n60-load0.9-cascading-centralised,scale_free,60,0.9,cascading,CENTRALISED,orbit-ceiling-1.0,11,5314029030686934564,0.3951539509831088,0.721349438318477,0.6461989209213889,0.30613674873744035,0.052372077283572877,2896.085746899261,4.5772986157074005,8.526812303534784,,0.0,True,89,0,16,0.98,3,False,232,0.0,0.8926871664868956,,0.20320320001337677,5,12988,2.036805200012168
a9-ceiling,scale_free-n60-load0.9-cascading-centralised,scale_free,60,0.9,cascading,CENTRALISED,orbit-no-fallback,11,5314029030686934564,0.38086614365491217,0.7775382415658951,0.5299629165955969,0.2876576863943701,0.09670669133558105,2791.370318761224,4.763393700122553,9.627172506493272,0.0,0.0,True,115,9,24,0.98,3,False,232,1.1,0.9464167897029172,,0.2823785000364296,8,12969,2.128200899984222
a9-ceiling,scale_free-n60-load0.9-cascading-centralised,scale_free,60,0.9,cascading,CENTRALISED,spf-static,11,5314029030686934564,0.11683907394956988,0.1440144483219613,0.18133441993302013,0.11075890783234582,0.04364184845660472,856.3142944779064,7.9867446499899595,53.02913167666874,0.0,0.0,False,0,0,51,0.98,3,False,232,0.0,0.5320695953804865,,0.029086600028676912,2,19404,0.8768325000128243
a9-ceiling,scale_free-n60-load0.9-cascading-centralised,scale_free,60,0.9,cascading,CENTRALISED,cspf,12,16903995477801950000,0.061665967730333546,0.02828639518821794,0.04350725772734534,0.10253598151892279,0.04435780686248397,516.3733872379742,20.869686237759403,104.06090324902219,,0.2,True,156,0,97,0.98,3,False,232,0.30000000000000004,0.0,,0.3677336999971885,5,20422,1.248076800024137
a9-ceiling,scale_free-n60-load0.9-cascading-centralised,scale_free,60,0.9,cascading,CENTRALISED,orbit,12,16903995477801950000,0.05462302576963175,0.03724697588187038,0.08825781598498092,0.038653379893006774,0.05303802915539588,457.39778156400206,27.07584099262239,107.9367685191952,,0.0,True,300,2,111,0.98,3,False,232,0.30000000000000004,0.0,,0.44047719999798574,6,20447,1.3660347999830265
a9-ceiling,scale_free-n60-load0.9-cascading-centralised,scale_free,60,0.9,cascading,CENTRALISED,orbit-ceiling-0.6,12,16903995477801950000,0.23649520745282784,0.27599548981449373,0.41305652796437475,0.18118905595780807,0.09827185944111853,1980.3440346869522,3.4111999989908504,7.123208025680043,,0.0,True,45,0,0,0.98,3,False,232,0.30000000000000004,0.8643261262391261,,0.07027960001141764,2,16032,1.1304108000185806
a9-ceiling,scale_free-n60-load0.9-cascading-centralised,scale_free,60,0.9,cascading,CENTRALISED,orbit-ceiling-0.7,12,16903995477801950000,0.3259275430050549,0.5730732294330066,0.50362114603748,0.18526773329417795,0.17073866653519437,2729.225139409977,3.4461033829560916,6.195251031577487,,0.0,True,53,0,0,0.98,3,False,232,0.0,0.8521517864424187,,0.08208120000199415,2,14810,1.2960981999931391
a9-ceiling,scale_free-n60-load0.9-cascading-centralised,scale_free,60,0.9,cascading,CENTRALISED,orbit-ceiling-0.8,12,16903995477801950000,0.3610943451190787,0.8554160844024048,0.5737527819815231,0.1498088173286293,0.10391845846906697,3023.7020023265945,3.666556904601809,6.22460643441838,0.2,0.2,False,57,0,0,0.98,3,False,232,0.30000000000000004,1.0,,0.10604720000992529,2,14276,1.4905682999815326
a9-ceiling,scale_free-n60-load0.9-cascading-centralised,scale_free,60,0.9,cascading,CENTRALISED,orbit-ceiling-0.9,12,16903995477801950000,0.39934381831901405,0.9244461605884572,0.5764631892978107,0.23847168597088622,0.08652309540717497,3343.9922817671168,3.6867706714837887,7.235094244299647,,0.2,True,63,0,0,0.98,3,False,232,0.30000000000000004,0.9382264099699643,,0.11335449997568503,2,13376,1.6558861000230536
a9-ceiling,scale_free-n60-load0.9-cascading-centralised,scale_free,60,0.9,cascading,CENTRALISED,orbit-ceiling-0.95,12,16903995477801950000,0.4338664011724486,0.9477082750531883,0.5677280099139381,0.25167097278341466,0.2068555301949462,3633.074634649138,3.9248212426012574,7.305663811943202,,0.2,True,72,0,0,0.98,3,False,232,0.30000000000000004,0.9396633942921403,,0.11360650000278838,2,12070,1.8617858000216074
a9-ceiling,scale_free-n60-load0.9-cascading-centralised,scale_free,60,0.9,cascading,CENTRALISED,orbit-ceiling-1.0,12,16903995477801950000,0.36645283706851933,0.732581013638154,0.5304116274723883,0.158412877438484,0.24415049418889284,3068.572499624556,3.8720670896694913,8.313797813838987,,0.2,True,89,0,16,0.98,3,False,232,0.30000000000000004,0.8553369474873619,,0.1865856000513304,5,13466,1.6982824000006076
a9-ceiling,scale_free-n60-load0.9-cascading-centralised,scale_free,60,0.9,cascading,CENTRALISED,orbit-no-fallback,12,16903995477801950000,0.363824013948266,0.8158333641879654,0.5472121232322715,0.13617971298418322,0.19096066405830747,3046.5594777096017,4.068578137163264,7.848487842887991,0.2,0.2,False,104,9,19,0.98,3,False,232,0.6000000000000001,0.9467213772081489,,0.24930910000693984,7,13626,1.7788781999843195
a9-ceiling,scale_free-n60-load0.9-cascading-centralised,scale_free,60,0.9,cascading,CENTRALISED,spf-static,12,16903995477801950000,0.16168612938589808,0.09105143984243243,0.19590642669299796,0.19022281434944588,0.13050784435491738,1353.9139556764717,5.1056457591169675,4.369309897630739,0.0,0.0,False,0,0,38,0.98,3,False,232,0.0,0.43301511381440383,,0.02848209996591322,2,18522,0.8738375999964774
a9-ceiling,scale_free-n60-load0.9-cascading-centralised,scale_free,60,0.9,cascading,CENTRALISED,cspf,13,7643230861804543564,0.08423402568129644,0.030783996615582294,0.1042148470247785,0.0825200004486481,0.09769836635217122,634.0078257692633,19.79364499317024,104.96911529077761,,0.0,True,194,0,110,0.98,3,False,232,0.1,0.0,,0.3650236999965273,5,19724,1.33280289999675
a9-ceiling,scale_free-n60-load0.9-cascading-centralised,scale_free,60,0.9,cascading,CENTRALISED,orbit,13,7643230861804543564,0.034504665217528395,0.043243930064557824,0.06215764285434045,0.02843783181803213,0.008909883615158359,259.7077320776675,44.87767624928666,156.06282931738565,,,True,317,3,114,0.98,3,False,232,0.0,0.0,,0.38208410001243465,4,21033,1.2848986000171863
a9-ceiling,scale_free-n60-load0.9-cascading-centralised,scale_free,60,0.9,cascading,CENTRALISED,orbit-ceiling-0.6,13,7643230861804543564,0.27548732768636575,0.5965834877916836,0.5410720238392243,0.08420466904852786,0.0610290448499772,2073.522192970525,3.8270849278844756,8.191880530096368,,0.0,True,48,0,0,0.98,3,False,232,0.30000000000000004,0.9362408273321814,,0.07509129997924902,2,15604,1.2924407999962568
a9-ceiling,scale_free-n60-load0.9-cascading-centralised,scale_free,60,0.9,cascading,CENTRALISED,orbit-ceiling-0.7,13,7643230861804543564,0.3504478436048817,0.7690454273860939,0.6346159160984826,0.1614475974089421,0.05628761395129899,2637.730698163614,3.9626591680327796,8.153656468683508,,0.0,True,60,0,0,0.98,3,False,232,0.30000000000000004,0.949910137126325,,0.08571429998846725,2,13804,1.6329472000070382
a9-ceiling,scale_free-n60-load0.9-cascading-centralised,scale_free,60,0.9,cascading,CENTRALISED,orbit-ceiling-0.8,13,7643230861804543564,0.4003281872118376,0.915177645611933,0.7307824489312392,0.15050006681112404,0.08044208506522682,3013.1672031042995,4.116393410614935,8.208529563538747,,0.0,True,65,0,0,0.98,3,False,232,0.0,0.932850234355507,,0.08901839997270145,2,13010,1.8228460999962408
a9-ceiling,scale_free-n60-load0.9-cascading-centralised,scale_free,60,0.9,cascading,CENTRALISED,orbit-ceiling-0.9,13,7643230861804543564,0.43811928715330584,0.915177645611933,0.7947000732309872,0.21198568607401092,0.08331120526733744,3297.6110832765767,4.068384751293512,8.208529563538747,,0.2,True,73,0,0,0.98,3,False,232,0.30000000000000004,0.932850234355507,,0.11322040000231937,2,11984,2.072019499988528
a9-ceiling,scale_free-n60-load0.9-cascading-centralised,scale_free,60,0.9,cascading,CENTRALISED,orbit-ceiling-0.95,13,7643230861804543564,0.4750827565172288,0.915177645611933,0.8432970102068316,0.24557796685671024,0.13464217037325507,3575.8256011600924,4.0698811420950465,8.424602421787792,,0.2,True,79,0,0,0.98,3,False,232,0.30000000000000004,0.932850234355507,,0.12539930001366884,2,11084,2.2440771000110544
a9-ceiling,scale_free-n60-load0.9-cascading-centralised,scale_free,60,0.9,cascading,CENTRALISED,orbit-ceiling-1.0,13,7643230861804543564,0.41014189842304277,0.7934413503527341,0.7328545562091265,0.22832557860400807,0.08822667187717358,3087.032480911213,4.49934800715797,9.477820822050614,,0.2,True,94,0,17,0.98,3,False,232,0.30000000000000004,0.9092891255885045,,0.18491060001542792,4,12422,2.1296646000118926
a9-ceiling,scale_free-n60-load0.9-cascading-centralised,scale_free,60,0.9,cascading,CENTRALISED,orbit-no-fallback,13,7643230861804543564,0.40974139720989794,0.822467470669279,0.7112452574188269,0.24074492699305594,0.07549968302101669,3084.0180113864553,4.524387257207696,9.477820822050614,,0.0,True,91,1,16,0.98,3,False,232,0.30000000000000004,0.9170243293189094,,0.13831150002079085,3,12414,2.089944400009699
a9-ceiling,scale_free-n60-load0.9-cascading-centralised,scale_free,60,0.9,cascading,CENTRALISED,spf-static,13,7643230861804543564,0.16402035920149238,0.158104467046737,0.1606433536616673,0.16014754145661966,0.17597978968140274,1234.5390176730214,5.675139302449898,4.179755795711818,0.0,0.0,False,0,0,45,0.98,3,False,232,0.0,0.5562366851536935,,0.027380699990317225,2,18228,0.9020961000060197
a9-ceiling,scale_free-n60-load0.9-cascading-centralised,scale_free,60,0.9,cascading,CENTRALISED,cspf,14,16362881249786832982,0.04257236032767726,0.03761596961213797,0.04096941284510765,0.06851958846225657,0.012520988206060627,331.78341386420317,36.50994895857066,153.0,,0.0,True,209,0,112,0.98,3,False,232,0.0,0.0,,0.332279499998549,4,20788,1.2194984999950975
a9-ceiling,scale_free-n60-load0.9-cascading-centralised,scale_free,60,0.9,cascading,CENTRALISED,orbit,14,16362881249786832982,0.0531626532579967,0.044506966075462236,0.10310142604979458,0.013092686819219403,0.058337045410621555,414.3177980326796,29.006057493085837,108.10394494412536,,,True,306,4,110,0.98,3,False,232,0.0,0.0,,0.40624209999805316,5,20735,1.3004720000026282
a9-ceiling,scale_free-n60-load0.9-cascading-centralised,scale_free,60,0.9,cascading,CENTRALISED,orbit-ceiling-0.6,14,16362881249786832982,0.2668123765297046,0.5405242523101965,0.41681470837547224,0.2138797515926041,0.033539105545154525,2079.375455457074,4.091086215684068,9.208301181496434,,0.0,True,50,0,0,0.98,3,False,232,0.0,0.9214140755792024,,0.07497759998659603,2,15260,1.3116691000177525
a9-ceiling,scale_free-n60-load0.9-cascading-centralised,scale_free,60,0.9,cascading,CENTRALISED,orbit-ceiling-0.7,14,16362881249786832982,0.3446117769838922,0.7643518170045297,0.5532306477768109,0.21999576319620406,0.06695408546669575,2685.697268027501,3.742078891296389,8.218717704050366,,0.0,True,60,0,0,0.98,3,False,232,0.30000000000000004,0.878158919785248,,0.07977460001711734,2,13804,1.568344299972523
a9-ceiling,scale_free-n60-load0.9-cascading-centralised,scale_free,60,0.9,cascading,CENTRALISED,orbit-ceiling-0.8,14,16362881249786832982,0.414545205036965,0.9097587275223018,0.7612317283128317,0.1834805484434588,0.09255379715870518,3230.7164148186293,3.6348795138064087,7.209526790535805,,0.0,True,65,0,0,0.98,3,False,232,0.30000000000000004,0.895875454833423,,0.08790259997476824,2,13120,1.7236005000013392
a9-ceiling,scale_free-n60-load0.9-cascading-centralised,scale_free,60,0.9,cascading,CENTRALISED,orbit-ceiling-0.9,14,16362881249786832982,0.46836228365629423,0.9097587275223018,0.8566594782858906,0.2546303507487734,0.10828920800430154,3650.1344111685034,3.6241176070810655,6.302021883982178,,0.0,True,74,0,0,0.98,3,False,232,0.30000000000000004,0.895875454833423,,0.09698180001578294,2,11704,1.985690200002864
a9-ceiling,scale_free-n60-load0.9-cascading-centralised,scale_free,60,0.9,cascading,CENTRALISED,orbit-ceiling-0.95,14,16362881249786832982,0.4830142775456365,0.9097587275223018,0.9005927191704324,0.254881297719297,0.11902420335611373,3764.323253767465,3.8259824660523862,6.645710714966859,,0.2,True,79,0,0,0.98,3,False,232,0.30000000000000004,0.895875454833423,,0.10283139999955893,2,11236,2.1705726999789476
a9-ceiling,scale_free-n60-load0.9-cascading-centralised,scale_free,60,0.9,cascading,CENTRALISED,orbit-ceiling-1.0,14,16362881249786832982,0.4566200553678524,0.7952239249403347,0.7567481020085497,0.33651313681925155,0.11993347369057765,3558.622534497215,3.933977753184036,7.853164660830968,,0.0,True,102,0,14,0.98,3,False,232,0.30000000000000004,0.8680065429033669,,0.17239750004955567,4,11455,2.157614099996863
a9-ceiling,scale_free-n60-load0.9-cascading-centralised,scale_free,60,0.9,cascading,CENTRALISED,orbit-no-fallback,14,16362881249786832982,0.422065196024879,0.896055068851237,0.6576576408385282,0.297090775665048,0.08764796821126276,3289.3227092076227,4.017550969075845,8.326434840840028,0.2,0.2,False,118,9,19,0.98,3,False,232,1.3,1.0310811448023192,,0.23923680000007153,7,12090,2.115881099976832
a9-ceiling,scale_free-n60-load0.9-cascading-centralised,scale_free,60,0.9,cascading,CENTRALISED,spf-static,14,16362881249786832982,0.16081742280177694,0.11759890242390104,0.17263390863915556,0.18302940272686863,0.141963527457937,1253.31443066191,5.9114328510085885,4.1065679073784205,0.0,0.0,False,0,0,47,0.98,3,False,232,0.0,0.4420243596299849,,0.030267299996921793,2,18081,0.9431640999973752
a9-ceiling,scale_free-n60-load0.9-cascading-centralised,scale_free,60,0.9,cascading,CENTRALISED,cspf,15,11859520640689116550,0.059886534053337166,0.03700022752398094,0.04765221846598247,0.05240987766471948,0.09711768316879105,456.0972821763854,25.72120786362605,105.08427222349538,,0.0,True,169,0,106,0.98,3,False,232,0.1,0.0,,0.33350949999294244,5,20397,1.2231928000110202
a9-ceiling,scale_free-n60-load0.9-cascading-centralised,scale_free,60,0.9,cascading,CENTRALISED,orbit,15,11859520640689116550,0.025642485753146677,0.045132200494750294,0.048059431578653354,0.012639033280510113,0.008107513523391945,195.2937875790318,53.12776260734461,155.04991577126313,,,True,313,1,101,0.98,3,False,232,0.1,0.2142937418548519,,0.44575250006164424,6,21304,1.2620237999944948
a9-ceiling,scale_free-n60-load0.9-cascading-centralised,scale_free,60,0.9,cascading,CENTRALISED,orbit-ceiling-0.6,15,11859520640689116550,0.24739046916783833,0.43335521740244903,0.5417408503115101,0.08830134679888581,0.04463992446560084,1884.1317569538703,4.064114787884812,9.159307509551294,0.2,0.2,False,46,0,0,0.98,3,False,232,0.30000000000000004,0.9708972366371023,,0.07711539999581873,2,15904,1.2820164000149816
a9-ceiling,scale_free-n60-load0.9-cascading-centralised,scale_free,60,0.9,cascading,CENTRALISED,orbit-ceiling-0.7,15,11859520640689116550,0.32139670810296256,0.659265642305081,0.6002840031493683,0.08930859094219142,0.14057258902794426,2447.765050748161,3.803765540561747,7.151865017377893,0.2,0.2,True,53,0,0,0.98,3,False,232,0.30000000000000004,1.0,,0.08282489998964593,2,14898,1.3908348999975715
a9-ceiling,scale_free-n60-load0.9-cascading-centralised,scale_free,60,0.9,cascading,CENTRALISED,orbit-ceiling-0.8,15,11859520640689116550,0.3744212172528508,0.9320679104230756,0.6718280373608478,0.09317675978019312,0.10520233681743939,2851.600986393751,3.9460732500985474,8.248310287089744,0.0,0.2,True,60,0,0,0.98,3,False,232,0.30000000000000004,0.9553125858010625,,0.09505450000870042,2,13956,1.65661320000072
a9-ceiling,scale_free-n60-load0.9-cascading-centralised,scale_free,60,0.9,cascading,CENTRALISED,orbit-ceiling-0.9,15,11859520640689116550,0.3980564018686214,0.9624474808828026,0.7141765836642947,0.1382496539738994,0.07572165625936172,3031.6071202833673,4.384452668571672,10.440518156619664,0.0,0.2,True,66,0,0,0.98,3,False,232,0.30000000000000004,0.9566701702493822,,0.10065109998686239,2,13034,1.9122333000123035
a9-ceiling,scale_free-n60-load0.9-cascading-centralised,scale_free,60,0.9,cascading,CENTRALISED,orbit-ceiling-0.95,15,11859520640689116550,0.4449982668656702,0.9624474808828026,0.7601933909509043,0.1973396010143795,0.1361278916809845,3389.1174919201057,4.342183646286191,8.753272111505181,0.0,0.2,False,75,0,0,0.98,3,False,232,0.30000000000000004,0.9566701702493822,,0.10514010000042617,2,11684,2.137608500022907
a9-ceiling,scale_free-n60-load0.9-cascading-centralised,scale_free,60,0.9,cascading,CENTRALISED,orbit-ceiling-1.0,15,11859520640689116550,0.3417406269464645,0.614427481811995,0.474208374049448,0.21630717104007993,0.2069309849235972,2602.7048254406504,4.299963610205681,9.276413364372386,,0.2,True,109,0,37,0.98,3,False,232,0.30000000000000004,0.8132820305624845,,0.22871150003629737,5,13997,1.7591230999969412
a9-ceiling,scale_free-n60-load0.9-cascading-centralised,scale_free,60,0.9,cascading,CENTRALISED,orbit-no-fallback,15,11859520640689116550,0.3414946016633294,0.7783278197476539,0.4748938562672061,0.16207475909354466,0.1778183620241022,2600.831090973322,4.100018524348798,7.248103533962732,0.2,0.2,True,117,12,34,0.98,3,False,232,0.8,0.9303226259943733,,0.28542249999009073,7,14098,1.7610272000019904
a9-ceiling,scale_free-n60-load0.9-cascading-centralised,scale_free,60,0.9,cascading,CENTRALISED,spf-static,15,11859520640689116550,0.08966298849062031,0.13252473476587334,0.07555142219641658,0.05742253697853203,0.121987075896609,682.8754745760009,9.008735328610333,53.09587615851458,0.0,0.0,False,0,0,48,0.98,3,False,232,0.0,0.504999906716636,,0.02834309998434037,2,19992,0.8015168999845628
a9-ceiling,scale_free-n60-load0.9-cascading-centralised,scale_free,60,0.9,cascading,CENTRALISED,cspf,16,3237719339440489938,0.07919760266504153,0.1407265011502869,0.07473532377483766,0.08887863405044179,0.033753319135162906,556.7402345700106,21.95278284456162,105.1154098545336,,,True,149,0,109,0.98,3,False,232,0.0,0.35369853324912726,,0.3346478000457864,6,20098,1.2792468999978155
a9-ceiling,scale_free-n60-load0.9-cascading-centralised,scale_free,60,0.9,cascading,CENTRALISED,orbit,16,3237719339440489938,0.08601574365544949,0.17754075939358663,0.060531140738103735,0.04704706124685067,0.10913962714396594,604.6701375796467,20.344750386856838,106.1862664538283,0.0,0.0,True,284,3,105,0.98,3,False,232,0.0,0.40969360198081634,,0.3808327999722678,5,19895,1.3436039999942295
a9-ceiling,scale_free-n60-load0.9-cascading-centralised,scale_free,60,0.9,cascading,CENTRALISED,orbit-ceiling-0.6,16,3237719339440489938,0.3160530006599318,0.6480748059705098,0.48487842175999524,0.22683344702235705,0.07476426840274887,2221.7771220698337,3.7644525823499757,7.156593685636534,,0.0,True,57,0,0,0.98,3,False,232,0.30000000000000004,0.921091122374159,,0.08332989999325946,2,14254,1.4365647000086028
a9-ceiling,scale_free-n60-load0.9-cascading-centralised,scale_free,60,0.9,cascading,CENTRALISED,orbit-ceiling-0.7,16,3237719339440489938,0.3353696488378835,0.9193913163803573,0.5931157238326037,0.09024338341748209,0.06872289017024588,2357.568545999465,4.213916703495443,8.140311406330097,,0.0,True,54,0,0,0.98,3,False,232,0.0,0.9069899804388666,,0.0851202999765519,2,14660,1.5258024000213481
a9-ceiling,scale_free-n60-load0.9-cascading-centralised,scale_free,60,0.9,cascading,CENTRALISED,orbit-ceiling-0.8,16,3237719339440489938,0.4106545293483858,0.9193913163803573,0.682959951598524,0.22629666557694325,0.0922877767685308,2886.803278170134,4.2676561083542115,9.305526656051168,,0.0,True,67,0,0,0.98,3,False,232,0.30000000000000004,0.9069899804388666,,0.08641759998863563,2,12754,1.8745454000018071
a9-ceiling,scale_free-n60-load0.9-cascading-centralised,scale_free,60,0.9,cascading,CENTRALISED,orbit-ceiling-0.9,16,3237719339440489938,0.4598592836817122,0.9193913163803573,0.7596067245754152,0.3346475106787237,0.06388503917825947,3232.700951176187,4.406333939561926,8.29063202243016,,0.0,True,75,0,0,0.98,3,False,232,0.30000000000000004,0.9069899804388666,,0.10973949998151511,2,11532,2.26806430000579
a9-ceiling,scale_free-n60-load0.9-cascading-centralised,scale_free,60,0.9,cascading,CENTRALISED,orbit-ceiling-0.95,16,3237719339440489938,0.5192972199760283,0.9193913163803573,0.8644379318861357,0.3740284990348995,0.14172630928763055,3650.5354497128674,4.161211348502453,8.32962951433143,,0.2,True,89,0,0,0.98,3,False,232,0.30000000000000004,0.9069899804388666,,0.11137529998086393,2,9736,2.643020199990133
a9-ceiling,scale_free-n60-load0.9-cascading-centralised,scale_free,60,0.9,cascading,CENTRALISED,orbit-ceiling-1.0,16,3237719339440489938,0.4524230984761841,0.7856222176951909,0.7137734937944951,0.2912010146791075,0.2179519182895742,3180.4263449214804,4.232244509176198,8.33172304144813,0.2,0.2,True,114,0,23,0.98,3,False,232,0.8,0.9790934194062438,,0.20684460003394634,7,11274,2.3024666999990586
a9-ceiling,scale_free-n60-load0.9-cascading-centralised,scale_free,60,0.9,cascading,CENTRALISED,orbit-no-fallback,16,3237719339440489938,0.4500457838056856,0.8414923670474475,0.6805202161590086,0.3178222664217353,0.1716170848033869,3163.714390483947,4.51028992318245,8.85468643982271,0.7000000000000001,0.7000000000000001,False,128,12,24,0.98,3,False,232,1.8,1.0537006050639255,,0.22734640006092377,8,11297,2.3929143999994267
a9-ceiling,scale_free-n60-load0.9-cascading-centralised,scale_free,60,0.9,cascading,CENTRALISED,spf-static,16,3237719339440489938,0.15711271437263777,0.15394404279103693,0.21037277782660707,0.18125344423882175,0.07439459730685363,1104.464863964422,5.882868350037769,51.0,0.0,0.0,False,0,0,42,0.98,3,False,232,0.0,0.5552372360725707,,0.031718799960799515,2,18375,0.9275936000049114
a9-ceiling,scale_free-n60-load0.9-cascading-centralised,scale_free,60,0.9,cascading,CENTRALISED,cspf,17,2675893234139599477,0.096272109323336,0.10454868498431502,0.10585917294899747,0.09377987813443554,0.08545284235980818,711.3136108745798,17.167675170894302,104.05531797341239,,0.0,True,124,0,101,0.98,3,False,232,0.0,0.24495440838175972,,0.28544519998831674,4,19922,1.1929024000128265
a9-ceiling,scale_free-n60-load0.9-cascading-centralised,scale_free,60,0.9,cascading,CENTRALISED,orbit,17,2675893234139599477,0.05158457231678522,0.0910415096933847,0.0611349373763719,0.042767568903135544,0.030024186471738965,381.1364335732818,27.390351981736774,107.120724823576,,0.0,True,263,3,100,0.98,3,False,232,0.1,0.1877442922570635,,0.3484721999557223,6,20889,1.2106106999854092
a9-ceiling,scale_free-n60-load0.9-cascading-centralised,scale_free,60,0.9,cascading,CENTRALISED,orbit-ceiling-0.6,17,2675893234139599477,0.2867422493600939,0.5350735155205607,0.5514060129194366,0.1651809427850733,0.039101563073991284,2118.616349181699,3.877794673398137,7.190652626341932,0.0,0.0,False,53,0,0,0.98,3,False,232,0.30000000000000004,1.0,,0.08704909996595234,2,14854,1.4524544999876525
a9-ceiling,scale_free-n60-load0.9-cascading-centralised,scale_free,60,0.9,cascading,CENTRALISED,orbit-ceiling-0.7,17,2675893234139599477,0.3273582443951932,0.8302748384424546,0.6198997723052967,0.0899501794483476,0.04206239462411337,2418.71063703665,4.215964253469412,8.22586427851222,,0.2,True,53,0,0,0.98,3,False,232,0.30000000000000004,0.9388783359773649,,0.0985429999709595,2,14984,1.5118845000106376
a9-ceiling,scale_free-n60-load0.9-cascading-centralised,scale_free,60,0.9,cascading,CENTRALISED,orbit-ceiling-0.8,17,2675893234139599477,0.3871226083766011,0.999285515168816,0.6933604105247214,0.13705162958969325,0.0400397034906611,2860.284067223594,4.107437413390949,8.214317816313715,0.2,0.2,False,62,0,0,0.98,3,False,232,0.30000000000000004,1.0,,0.08672089999890886,2,13526,1.786111300025368
a9-ceiling,scale_free-n60-load0.9-cascading-centralised,scale_free,60,0.9,cascading,CENTRALISED,orbit-ceiling-0.9,17,2675893234139599477,0.4165799816571213,0.999285515168816,0.6871391813589642,0.22118870934689408,0.05503077734436254,3077.932051695127,4.448183474573285,8.55173517778413,0.2,0.2,False,69,0,0,0.98,3,False,232,0.30000000000000004,1.0,,0.1035758999933023,2,12606,2.010858099994948
a9-ceiling,scale_free-n60-load0.9-cascading-centralised,scale_free,60,0.9,cascading,CENTRALISED,orbit-ceiling-0.95,17,2675893234139599477,0.4658726808300701,0.9535584859730546,0.7261942218425855,0.36614865168520827,0.05593438795795232,3442.134810779846,4.193035867386691,7.422315083548557,,0.2,True,78,0,0,0.98,3,False,232,0.30000000000000004,0.9464136376612147,,0.11684820000664331,2,11234,2.248043899977347
a9-ceiling,scale_free-n60-load0.9-cascading-centralised,scale_free,60,0.9,cascading,CENTRALISED,orbit-ceiling-1.0,17,2675893234139599477,0.41569481554326426,0.7438774096200715,0.5756683113705077,0.4328153408085564,0.05392286187909921,3071.3919362962133,4.12187477959036,7.154015514727453,0.0,0.2,False,100,0,21,0.98,3,False,232,0.30000000000000004,0.9531743184165024,,0.17331220000050962,4,12409,2.091257099993527
a9-ceiling,scale_free-n60-load0.9-cascading-centralised,scale_free,60,0.9,cascading,CENTRALISED,orbit-no-fallback,17,2675893234139599477,0.4250432859422763,0.8626946949808637,0.5854310966971139,0.3375106438062955,0.12300596215762409,3140.4638023061493,4.2617446594670785,7.234700239120325,0.0,0.7000000000000001,False,119,10,24,0.98,3,False,232,2.8000000000000003,1.0182053033979714,,0.2648909000272397,8,12070,2.1565414000069723
a9-ceiling,scale_free-n60-load0.9-cascading-centralised,scale_free,60,0.9,cascading,CENTRALISED,spf-static,17,2675893234139599477,0.14562341819379096,0.15593811070086894,0.1958974938525026,0.1542961963651504,0.08246554027439919,1075.9494120507036,6.243730955467793,51.0,0.0,0.0,False,0,0,47,0.98,3,False,232,0.0,0.5423628925760624,,0.02988250000635162,2,18816,0.8692245999991428
a9-ceiling,scale_free-n60-load0.9-cascading-centralised,scale_free,60,0.9,cascading,CENTRALISED,cspf,18,6906037902645645928,0.08544978265049852,0.06678086564798996,0.11350906766754444,0.053848654533488395,0.1097630737186532,624.7571214879061,18.817441680917803,105.09132568026777,,,True,177,0,105,0.98,3,False,232,0.0,0.10681920126462333,,0.3131407000182662,4,19975,1.2317243999859784
a9-ceiling,scale_free-n60-load0.9-cascading-centralised,scale_free,60,0.9,cascading,CENTRALISED,orbit,18,6906037902645645928,0.08790833074263325,0.10356742647272488,0.09759004007163831,0.05838336072526884,0.10858370999622736,642.7325379423179,17.98309655878749,104.08166940824235,,,True,286,0,103,0.98,3,False,232,0.30000000000000004,0.1829734869947076,,0.49720420004450716,7,20062,1.4299633000046015
a9-ceiling,scale_free-n60-load0.9-cascading-centralised,scale_free,60,0.9,cascading,CENTRALISED,orbit-ceiling-0.6,18,6906037902645645928,0.3095562784597531,0.7245582312026443,0.5205138942998533,0.1416073838761548,0.13107897381589212,2263.288255045032,3.473459243411742,7.109193889278442,,0.0,True,56,0,0,0.98,3,False,232,0.30000000000000004,0.9349984655370747,,0.08670510002411902,2,14426,1.3874551000189967
a9-ceiling,scale_free-n60-load0.9-cascading-centralised,scale_free,60,0.9,cascading,CENTRALISED,orbit-ceiling-0.7,18,6906037902645645928,0.35757502078589604,0.8916625646596207,0.677436640595894,0.1317775917860651,0.09802755229964141,2614.3722520149827,3.635811919093077,7.21710407633757,0.2,0.2,False,63,0,0,0.98,3,False,232,0.30000000000000004,0.9533822212034387,,0.09063849999802187,2,13354,1.7006493999797385
a9-ceiling,scale_free-n60-load0.9-cascading-centralised,scale_free,60,0.9,cascading,CENTRALISED,orbit-ceiling-0.8,18,6906037902645645928,0.38598125838171676,0.9561217908762977,0.7495742963718096,0.16273703246871382,0.06755966715618834,2822.0614781567765,4.121689649819549,8.266469912680428,0.2,0.2,False,68,0,0,0.98,3,False,232,0.30000000000000004,0.9500382172424612,,0.10404520001611672,2,12800,1.9240066000202205
a9-ceiling,scale_free-n60-load0.9-cascading-centralised,scale_free,60,0.9,cascading,CENTRALISED,orbit-ceiling-0.9,18,6906037902645645928,0.45495779370661793,0.9617640118640958,0.838004475898856,0.27147452950838213,0.10143300799436236,3326.376179998124,4.064929461811605,9.504847226492249,0.2,0.2,False,78,0,0,0.98,3,False,232,0.30000000000000004,0.956650194962536,,0.10390299998107366,2,11234,2.233459600014612
a9-ceiling,scale_free-n60-load0.9-cascading-centralised,scale_free,60,0.9,cascading,CENTRALISED,orbit-ceiling-0.95,18,6906037902645645928,0.4872243718207991,0.9617640118640958,0.8576727193974454,0.33262346568260204,0.12455902240031592,3562.2898808595137,4.21230999302759,8.57611778970297,0.2,0.2,False,84,0,0,0.98,3,False,232,0.30000000000000004,0.956650194962536,,0.10824510001111776,2,10486,2.4078230000159238
a9-ceiling,scale_free-n60-load0.9-cascading-centralised,scale_free,60,0.9,cascading,CENTRALISED,orbit-ceiling-1.0,18,6906037902645645928,0.4856229106364715,0.8593669069876783,0.8062385498247273,0.3698916452949129,0.16748488235588635,3550.5809654163068,4.091770623655581,7.788600037894654,0.2,0.2,False,93,0,7,0.98,3,False,232,0.30000000000000004,0.9352241810783505,,0.1651590999972541,4,10469,2.3903608999971766
a9-ceiling,scale_free-n60-load0.9-cascading-centralised,scale_free,60,0.9,cascading,CENTRALISED,orbit-no-fallback,18,6906037902645645928,0.4963070118527787,0.9617411494641692,0.6862483166169899,0.41820201745461666,0.19912572864782158,3628.6966506122194,3.968900718933515,7.442164326061717,0.2,0.2,False,101,7,7,0.98,3,False,232,0.30000000000000004,0.9736353684617263,,0.1596869000350125,4,10334,2.3265704000077676
a9-ceiling,scale_free-n60-load0.9-cascading-centralised,scale_free,60,0.9,cascading,CENTRALISED,spf-static,18,6906037902645645928,0.2150019762359034,0.21159959800417294,0.1466576776756198,0.16155429671128368,0.3424889000167674,1571.9643938330198,4.358528991209296,4.100240858925708,0.0,0.0,False,0,0,36,0.98,3,False,232,0.0,0.6469997520333733,,0.02975519999745302,2,16905,1.0216131999914069
a9-ceiling,scale_free-n60-load0.9-cascading-centralised,scale_free,60,0.9,cascading,CENTRALISED,cspf,19,9418514244051693830,0.06705350064110192,0.09311824184609414,0.024469602111204653,0.05453541873026124,0.11146689763252743,478.6210795988371,24.050416948211204,106.15548955124204,,0.0,True,143,0,101,0.98,3,False,232,0.0,0.20639149564455325,,0.31744190002791584,4,20441,1.1978511000052094
a9-ceiling,scale_free-n60-load0.9-cascading-centralised,scale_free,60,0.9,cascading,CENTRALISED,orbit,19,9418514244051693830,0.06281679964890084,0.06895093269135727,0.02466479700524221,0.044947561606030105,0.11995543443840627,448.37993807099605,24.30266060190937,108.1381857564054,,0.0,True,316,1,105,0.98,3,False,232,0.30000000000000004,0.07411301493223033,,0.44113589997868985,5,20513,1.345519399998011
a9-ceiling,scale_free-n60-load0.9-cascading-centralised,scale_free,60,0.9,cascading,CENTRALISED,orbit-ceiling-0.6,19,9418514244051693830,0.2502827171052979,0.827772701001746,0.35482426614469703,0.08479244805958498,0.06921948062169053,1786.4926233611097,4.532850471533869,10.195327402713865,0.0,0.0,True,46,0,0,0.98,3,False,232,0.30000000000000004,1.0,,0.0781369999749586,2,15882,1.2710255999991205
a9-ceiling,scale_free-n60-load0.9-cascading-centralised,scale_free,60,0.9,cascading,CENTRALISED,orbit-ceiling-0.7,19,9418514244051693830,0.3223044783005847,0.9054329637412141,0.45209213926577596,0.17279503788556125,0.09313223887835352,2300.576642365599,4.417466138997526,8.15382234096883,,0.2,True,55,0,0,0.98,3,False,232,0.30000000000000004,0.9311165772624017,,0.10037220001686364,2,14598,1.485315099998843
a9-ceiling,scale_free-n60-load0.9-cascading-centralised,scale_free,60,0.9,cascading,CENTRALISED,orbit-ceiling-0.8,19,9418514244051693830,0.3143776292003782,0.9425147797120969,0.49984562174397207,0.1339264447200992,0.048143608274520217,2243.9955983055024,5.5401079130627116,12.35569304179906,,0.0,True,54,0,0,0.98,3,False,232,0.30000000000000004,0.9336708996678018,,0.0959523000055924,2,14726,1.5956161000067368
a9-ceiling,scale_free-n60-load0.9-cascading-centralised,scale_free,60,0.9,cascading,CENTRALISED,orbit-ceiling-0.9,19,9418514244051693830,0.4029857455149093,0.9425147797120969,0.7236358944705726,0.22715078877412911,0.04415560776054536,2876.471336129759,4.804299498069335,7.391554267239034,,0.2,True,69,0,0,0.98,3,False,232,0.30000000000000004,0.9336708996678018,,0.09842989998287521,2,12650,2.093637400015723
a9-ceiling,scale_free-n60-load0.9-cascading-centralised,scale_free,60,0.9,cascading,CENTRALISED,orbit-ceiling-0.95,19,9418514244051693830,0.4358046677648264,0.9425147797120969,0.8123467911621366,0.24391467859313334,0.05997977306403613,3110.7294710271512,4.937257311024682,9.632266302007494,,0.2,True,75,0,0,0.98,3,False,232,0.30000000000000004,0.9336708996678018,,0.10351630003424361,2,11684,2.344166299997596
a9-ceiling,scale_free-n60-load0.9-cascading-centralised,scale_free,60,0.9,cascading,CENTRALISED,orbit-ceiling-1.0,19,9418514244051693830,0.429028665114563,0.8176003658941025,0.701877339494893,0.3151692111498814,0.11326339395407513,3062.3630520807,4.509562123436727,8.486603319211214,,0.0,True,100,0,21,0.98,3,False,232,0.8,0.914441402760429,,0.24863290000939742,6,11907,2.3042791000043508
a9-ceiling,scale_free-n60-load0.9-cascading-centralised,scale_free,60,0.9,cascading,CENTRALISED,orbit-no-fallback,19,9418514244051693830,0.44134616200078924,0.8825031929412481,0.7472136724129288,0.30543210361307893,0.09524501928332242,3150.2840942526163,4.283000339440449,7.5526867205700485,,0.0,True,104,5,18,0.98,3,False,232,1.3,0.9267980181540958,,0.18904149997979403,6,11415,2.302719100000104
a9-ceiling,scale_free-n60-load0.9-cascading-centralised,scale_free,60,0.9,cascading,CENTRALISED,spf-static,19,9418514244051693830,0.14458442160717447,0.10064286743089941,0.18295612468877007,0.13955008378159597,0.13604674753542317,1032.028921699293,5.685889229432889,3.1361039024021142,0.0,0.0,False,0,0,35,0.98,3,False,232,0.0,0.40308324662327627,,0.02937289996771142,2,18816,0.8604099999938626
a9-ceiling,scale_free-n60-load0.9-cascading-centralised,scale_free,60,0.9,cascading,CENTRALISED,cspf,20,16599440417660552724,0.060107254665837495,0.1304982661581328,0.04572479639351248,0.06195799965580268,0.032436046487863336,460.15189817035014,27.047751554766517,107.40637372910824,,,True,178,0,115,0.98,3,False,232,0.0,0.31082639685893787,,0.37073660001624376,6,20461,1.2975063000048976
a9-ceiling,scale_free-n60-load0.9-cascading-centralised,scale_free,60,0.9,cascading,CENTRALISED,orbit,20,16599440417660552724,0.04902975562316019,0.1094789562406217,0.0384871442925216,0.049261460577173864,0.02551539534266977,375.34795495573326,32.69218105816283,154.01639147619875,,,True,306,3,117,0.98,3,False,232,0.6000000000000001,0.20875906086729842,,0.4079253999807406,6,20610,1.3390406999969855
a9-ceiling,scale_free-n60-load0.9-cascading-centralised,scale_free,60,0.9,cascading,CENTRALISED,orbit-ceiling-0.6,20,16599440417660552724,0.2595327186600953,0.672790812436856,0.4546300963218607,0.11082285748196073,0.06912238158998998,1986.8562254704052,3.63189194970243,7.128468044983763,0.0,0.2,False,52,0,0,0.98,3,False,232,0.30000000000000004,1.0,,0.08531339999171905,2,14982,1.3217648999998346
a9-ceiling,scale_free-n60-load0.9-cascading-centralised,scale_free,60,0.9,cascading,CENTRALISED,orbit-ceiling-0.7,20,16599440417660552724,0.3582107047063038,0.7287897742095403,0.6968788966182913,0.1711180898592563,0.11863679410278692,2742.286877547709,3.6644247554403413,7.1748505128088755,0.0,0.0,False,66,0,0,0.98,3,False,232,0.30000000000000004,1.0,,0.09463889998733066,2,12774,1.7441754000028595
a9-ceiling,scale_free-n60-load0.9-cascading-centralised,scale_free,60,0.9,cascading,CENTRALISED,orbit-ceiling-0.8,20,16599440417660552724,0.40911780194866787,1.0,0.821768279244222,0.15747987941925778,0.07422088345181699,3132.0068465705203,3.944836528599043,8.23282881785972,0.0,0.0,True,70,0,0,0.98,3,False,232,0.30000000000000004,1.0,,0.09689640000578947,2,12282,1.9663164999801666
a9-ceiling,scale_free-n60-load0.9-cascading-centralised,scale_free,60,0.9,cascading,CENTRALISED,orbit-ceiling-0.9,20,16599440417660552724,0.44094243908992914,1.0,0.8716741517357062,0.215420541330591,0.07307479193463613,3375.640785111672,3.9079280660657476,8.273511707670744,0.0,0.0,True,78,0,0,0.98,3,False,232,0.30000000000000004,1.0,,0.10548369999742135,2,11430,2.1863562999933492
a9-ceiling,scale_free-n60-load0.9-cascading-centralised,scale_free,60,0.9,cascading,CENTRALISED,orbit-ceiling-0.95,20,16599440417660552724,0.461868278062459,1.0,0.9386538820244987,0.2514110721510344,0.04593132465018816,3535.8388273870823,3.9998369918035763,8.335832508547277,0.0,0.0,True,79,0,0,0.98,3,False,232,0.30000000000000004,1.0,,0.10902150001493283,2,10932,2.3643429999938235
a9-ceiling,scale_free-n60-load0.9-cascading-centralised,scale_free,60,0.9,cascading,CENTRALISED,orbit-ceiling-1.0,20,16599440417660552724,0.4662251133950634,0.9451210174627681,0.9018615592542625,0.29523556799489625,0.06486765195263158,3569.1926389936707,4.094759858421234,8.336274781473703,0.0,0.0,True,85,0,4,0.98,3,False,232,0.30000000000000004,0.991180348086288,,0.13307540005189367,3,10760,2.3997984000016004
a9-ceiling,scale_free-n60-load0.9-cascading-centralised,scale_free,60,0.9,cascading,CENTRALISED,orbit-no-fallback,20,16599440417660552724,0.4662251133950634,0.9451210174627681,0.9018615592542625,0.29523556799489625,0.06486765195263158,3569.1926389936707,4.094759858421234,8.336274781473703,0.0,0.0,True,85,0,4,0.98,3,False,232,0.30000000000000004,0.991180348086288,,0.1051865000044927,3,10760,2.3822462999960408
a9-ceiling,scale_free-n60-load0.9-cascading-centralised,scale_free,60,0.9,cascading,CENTRALISED,spf-static,20,16599440417660552724,0.15907427501310795,0.20608473546401762,0.19524565367443747,0.13610515191279973,0.1334714078550369,1217.7952562347996,5.59670239260183,4.072308457325544,0.0,0.0,True,0,0,44,0.98,3,False,232,0.0,0.6205531480907404,,0.029395299963653088,3,18211,0.9144818999920972
a9-ceiling,scale_free-n60-load0.9-cascading-centralised,scale_free,60,0.9,cascading,CENTRALISED,cspf,21,11754375424036358947,0.059940738347581374,0.09433119455678499,0.06327031644908743,0.06376380279970603,0.034091281655135704,463.7218885440249,27.245847247238267,105.06555119722626,,,True,157,0,120,0.98,3,False,232,0.1,0.1905644026025618,,0.3623512000194751,6,20641,1.2835518999781925
a9-ceiling,scale_free-n60-load0.9-cascading-centralised,scale_free,60,0.9,cascading,CENTRALISED,orbit,21,11754375424036358947,0.057250029371091304,0.07043820931402954,0.08439110819285274,0.0677390728866921,0.010885889219168075,442.90565099845116,25.000282326748415,105.09680032025608,,,True,293,2,102,0.98,3,False,232,0.30000000000000004,0.10316639956475698,,0.4546157000004314,6,20615,1.3283388999989256
a9-ceiling,scale_free-n60-load0.9-cascading-centralised,scale_free,60,0.9,cascading,CENTRALISED,orbit-ceiling-0.6,21,11754375424036358947,0.26689856387252614,0.6331515380165682,0.4257690921394023,0.15441495535606178,0.07291965695828469,2064.8178434333536,3.3899585400388443,7.1182168954326395,0.0,0.0,True,52,0,0,0.98,3,False,232,0.30000000000000004,1.0,,0.08259420000831597,2,15004,1.286921999999322
a9-ceiling,scale_free-n60-load0.9-cascading-centralised,scale_free,60,0.9,cascading,CENTRALISED,orbit-ceiling-0.7,21,11754375424036358947,0.33699646651091436,1.0,0.510748111986724,0.1553741886349477,0.06602552066235583,2607.119001052647,3.941521337242316,9.242967472454794,0.0,0.2,False,59,0,0,0.98,3,False,232,0.30000000000000004,1.0,,0.09212779998779297,2,14084,1.5204502000124194
a9-ceiling,scale_free-n60-load0.9-cascading-centralised,scale_free,60,0.9,cascading,CENTRALISED,orbit-ceiling-0.8,21,11754375424036358947,0.38054155431649905,1.0,0.6964269168462859,0.14388773879712788,0.06772454413514188,2943.9985742892673,3.8969410986335604,7.226861177642408,0.0,0.0,True,65,0,0,0.98,3,False,232,0.30000000000000004,1.0,,0.09561680001206696,2,13054,1.7958760000183247
a9-ceiling,scale_free-n60-load0.9-cascading-centralised,scale_free,60,0.9,cascading,CENTRALISED,orbit-ceiling-0.9,21,11754375424036358947,0.42211113921914606,1.0,0.7171014934677195,0.20533974998070903,0.1247924638658915,3265.594986820353,4.006301228569916,7.449757056440276,0.0,0.0,True,72,0,0,0.98,3,False,232,0.30000000000000004,1.0,,0.10714229999575764,2,11874,1.9994249999872409
a9-ceiling,scale_free-n60-load0.9-cascading-centralised,scale_free,60,0.9,cascading,CENTRALISED,orbit-ceiling-0.95,21,11754375424036358947,0.4499004723624241,1.0,0.786504472886217,0.2069946423354993,0.16110403947409957,3480.582696378654,3.921559968917668,7.535824893632589,0.0,0.2,False,78,0,0,0.98,3,False,232,0.30000000000000004,1.0,,0.10919149999972433,2,11082,2.1666873000212945
a9-ceiling,scale_free-n60-load0.9-cascading-centralised,scale_free,60,0.9,cascading,CENTRALISED,orbit-ceiling-1.0,21,11754375424036358947,0.4529683109399343,0.6639846994591719,0.7373758013971375,0.34102250400402173,0.21820147965175407,3504.316536470209,3.7731533107356983,7.271486154355953,0.0,0.2,True,105,0,16,0.98,3,False,232,0.30000000000000004,0.875167035780413,,0.1650874000042677,5,10642,2.2769259000197053
a9-ceiling,scale_free-n60-load0.9-cascading-centralised,scale_free,60,0.9,cascading,CENTRALISED,orbit-no-fallback,21,11754375424036358947,0.4763667650819945,0.788772625344908,0.8497193211599229,0.32431486319821745,0.15659445751454174,3685.334916338143,3.7742983873558833,7.3718003997034725,0.0,0.2,False,105,3,14,0.98,3,False,232,0.30000000000000004,0.9511223498994941,,0.1408745999506209,4,10362,2.3809985000116285
a9-ceiling,scale_free-n60-load0.9-cascading-centralised,scale_free,60,0.9,cascading,CENTRALISED,spf-static,21,11754375424036358947,0.1119515148291608,0.09266181164032107,0.11191393135689066,0.1548105070674928,0.06617134074036193,866.0949016160662,6.838643075015886,52.02571177917313,0.0,0.0,False,0,0,45,0.98,3,False,232,0.0,0.3736541654497087,,0.029363600013311952,2,19551,0.8221811999974307
a9-ceiling,scale_free-n60-load0.9-cascading-centralised,scale_free,60,0.9,cascading,CENTRALISED,cspf,22,16152737079424385085,0.046505568626565186,0.033420188876300806,0.03697775115905721,0.04415152445817509,0.06825297752102384,338.68745064864703,32.883921576011936,153.0,,,True,158,0,104,0.98,3,False,232,0.0,0.0,,0.2980579999857582,4,20855,1.1550857000111137
a9-ceiling,scale_free-n60-load0.9-cascading-centralised,scale_free,60,0.9,cascading,CENTRALISED,orbit,22,16152737079424385085,0.02987227144003948,0.08373402110804942,0.02748622652691981,0.0260100794306981,0.006050223785162859,217.5516558103551,49.16976471967699,157.4038685680698,,,True,357,4,102,0.98,3,False,232,0.0,0.07595319580564501,,0.44130669996957295,5,21056,1.3051728999998886
a9-ceiling,scale_free-n60-load0.9-cascading-centralised,scale_free,60,0.9,cascading,CENTRALISED,orbit-ceiling-0.6,22,16152737079424385085,0.24800596230462454,0.6176406231994979,0.44754739837193125,0.10931177432407951,0.015649205468645736,1806.1601997193245,3.8806289331611676,8.14758342989395,0.0,0.2,False,46,0,0,0.98,3,False,232,0.30000000000000004,1.0,,0.08321569999679923,2,16056,1.2682760000170674
a9-ceiling,scale_free-n60-load0.9-cascading-centralised,scale_free,60,0.9,cascading,CENTRALISED,orbit-ceiling-0.7,22,16152737079424385085,0.33946373293253806,0.9070643727894951,0.6002011944600915,0.1483633962531531,0.0,2472.2223529360185,4.062525585241071,9.176080299590907,0.0,0.0,True,54,0,0,0.98,3,False,232,0.30000000000000004,0.9713978152567009,,0.08561229999759234,2,14834,1.4796920999942813
a9-ceiling,scale_free-n60-load0.9-cascading-centralised,scale_free,60,0.9,cascading,CENTRALISED,orbit-ceiling-0.8,22,16152737079424385085,0.3820871701464201,0.9769436464651546,0.7094598521785572,0.12374011476282384,0.05370737628885286,2782.6372927848806,4.015172520266679,9.303977192373516,0.0,0.0,True,60,0,0,0.98,3,False,232,0.30000000000000004,0.9733965151520999,,0.09777089997078292,2,13956,1.7177009000151884
a9-ceiling,scale_free-n60-load0.9-cascading-centralised,scale_free,60,0.9,cascading,CENTRALISED,orbit-ceiling-0.9,22,16152737079424385085,0.40498672905008753,0.9769436464651546,0.801164867305684,0.10538496399307053,0.07654748890273211,2949.4085731951873,4.648251561919194,10.46223997664708,0.0,0.0,True,67,0,0,0.98,3,False,232,0.30000000000000004,0.9733965151520999,,0.09532220000983216,2,13058,1.9665805000113323
a9-ceiling,scale_free-n60-load0.9-cascading-centralised,scale_free,60,0.9,cascading,CENTRALISED,orbit-ceiling-0.95,22,16152737079424385085,0.4338592773944151,0.9996452868686946,0.8418348872778353,0.14264214808581122,0.08370931759332229,3159.679516681388,4.8650483652140135,10.730243852807767,0.0,0.0,True,73,0,0,0.98,3,False,232,0.30000000000000004,1.0,,0.09589430000050925,2,12158,2.168392199993832
a9-ceiling,scale_free-n60-load0.9-cascading-centralised,scale_free,60,0.9,cascading,CENTRALISED,orbit-ceiling-1.0,22,16152737079424385085,0.34980347230142433,0.640224855853628,0.5311051695036293,0.2384494990997992,0.1439770195642918,2547.5238721011697,4.7016384005973615,10.061156351295654,,0.0,True,107,0,29,0.98,3,False,232,0.30000000000000004,0.8450416694818876,,0.21901859994977713,6,13689,1.8937463999900501
a9-ceiling,scale_free-n60-load0.9-cascading-centralised,scale_free,60,0.9,cascading,CENTRALISED,orbit-no-fallback,22,16152737079424385085,0.3641870840821568,0.932284859941247,0.4520779277357405,0.2408039178115729,0.11249412038947046,2652.2758179219836,4.620125647376653,9.370847589036812,0.0,0.7000000000000001,True,127,10,37,0.98,3,False,232,1.8,1.0277716950309168,,0.3214430999942124,9,13464,2.085519199987175
a9-ceiling,scale_free-n60-load0.9-cascading-centralised,scale_free,60,0.9,cascading,CENTRALISED,spf-static,22,16152737079424385085,0.11002787208917275,0.14850853145182857,0.032242127190470614,0.13328687222807142,0.1374200505077117,801.3031686035675,7.524144970987221,53.03018076938743,0.0,0.0,False,0,0,44,0.98,3,False,232,0.0,0.5205961047163655,,0.027460500015877187,2,19551,0.8338026000128593
a9-ceiling,scale_free-n60-load0.9-cascading-centralised,scale_free,60,0.9,cascading,CENTRALISED,cspf,23,7996873395213172010,0.0860212915998454,0.1115245908041171,0.059351380160591584,0.0837410473642756,0.10215528387848422,676.3400507376657,18.555462757750135,104.07036442197209,,,True,150,0,111,0.98,3,False,232,0.30000000000000004,0.21066296004783525,,0.3205825999903027,5,19819,1.2783254999958444
a9-ceiling,scale_free-n60-load0.9-cascading-centralised,scale_free,60,0.9,cascading,CENTRALISED,orbit,23,7996873395213172010,0.06347445725620231,0.06443240387807393,0.04715761552630917,0.0525997213966295,0.09537086415139309,499.066182834237,24.62717290518601,106.53880580137199,,,True,314,5,120,0.98,3,False,232,0.0,0.07297054379592949,,0.39778769997064956,6,20462,1.3465253000031225
a9-ceiling,scale_free-n60-load0.9-cascading-centralised,scale_free,60,0.9,cascading,CENTRALISED,orbit-ceiling-0.6,23,7996873395213172010,0.26440568384384844,0.6178661403932905,0.5181983966576436,0.10216099045714058,0.0381802553480556,2078.8824522439168,3.860146460660662,9.150737805760608,0.2,0.2,False,48,0,0,0.98,3,False,232,0.30000000000000004,1.0,,0.06713189999572933,2,15582,1.3224023999937344
a9-ceiling,scale_free-n60-load0.9-cascading-centralised,scale_free,60,0.9,cascading,CENTRALISED,orbit-ceiling-0.7,23,7996873395213172010,0.32352811743338555,0.7003899298355507,0.655210984110684,0.0953293017366969,0.09956761996138465,2543.7309681170927,3.6908438407448347,8.151844182107679,0.0,0.0,True,57,0,0,0.98,3,False,232,0.0,0.9502252183301342,,0.0748306000023149,2,14340,1.488388900004793
a9-ceiling,scale_free-n60-load0.9-cascading-centralised,scale_free,60,0.9,cascading,CENTRALISED,orbit-ceiling-0.8,23,7996873395213172010,0.3669015384900871,0.8823714492717918,0.6729965416764364,0.1127400403849262,0.12795764818926378,2884.753304012923,3.9727932560054806,8.264818436427932,,0.0,True,59,0,0,0.98,3,False,232,0.30000000000000004,0.864274749159764,,0.09086399999796413,2,13932,1.6181969000026584
a9-ceiling,scale_free-n60-load0.9-cascading-centralised,scale_free,60,0.9,cascading,CENTRALISED,orbit-ceiling-0.9,23,7996873395213172010,0.4274015224614957,0.8823714492717918,0.7532048835785883,0.1597695130237394,0.22210949976949487,3360.4327720589945,4.032707067858005,7.409098199283405,,0.0,True,71,0,0,0.98,3,False,232,0.30000000000000004,0.864274749159764,,0.09704350001993589,2,12132,1.92428390000714
a9-ceiling,scale_free-n60-load0.9-cascading-centralised,scale_free,60,0.9,cascading,CENTRALISED,orbit-ceiling-0.95,23,7996873395213172010,0.4623613810745757,0.8823714492717918,0.7670071253543906,0.2433190406739238,0.22835190681204381,3635.3037035272523,4.236263858495417,8.448282080194689,,0.0,True,78,0,0,0.98,3,False,232,0.30000000000000004,0.864274749159764,,0.10389879997819662,2,11148,2.157960800017463
a9-ceiling,scale_free-n60-load0.9-cascading-centralised,scale_free,60,0.9,cascading,CENTRALISED,orbit-ceiling-1.0,23,7996873395213172010,0.3671152802187744,0.5866576289337546,0.6135528758044255,0.2155694160587047,0.2090298397184509,2886.433842504458,4.253883985675618,7.770852200848876,,0.0,True,95,0,25,0.98,3,False,232,0.30000000000000004,0.7295741898679711,,0.14922930000466295,4,13166,1.8312012999958824
a9-ceiling,scale_free-n60-load0.9-cascading-centralised,scale_free,60,0.9,cascading,CENTRALISED,orbit-no-fallback,23,7996873395213172010,0.3843470056014695,0.6802189947576979,0.5256469506215838,0.21457187835630298,0.31697670627832,3021.917811680881,4.5452453446734,8.514768150670731,,0.0,True,114,8,33,0.98,3,False,232,0.8,0.8475580088416342,,0.2238455999759026,6,12502,2.029203400015831
a9-ceiling,scale_free-n60-load0.9-cascading-centralised,scale_free,60,0.9,cascading,CENTRALISED,spf-static,23,7996873395213172010,0.11940508730929239,0.22359475344980168,0.07400066126515285,0.0873587927253801,0.15307229689351753,938.8192307641118,7.291714567954601,52.12443145332975,0.0,0.0,False,0,0,49,0.98,3,False,232,0.0,0.6670647069441695,,0.030760000023292378,2,18963,0.9032543000066653
a9-ceiling,scale_free-n60-load0.9-cascading-centralised,scale_free,60,0.9,cascading,CENTRALISED,cspf,24,10391079679589632229,0.041425174378800465,0.0662359251744177,0.025151828459839903,0.015111644645814364,0.08143454290930238,335.3481350819047,37.15704930680281,154.0186155803247,,,True,203,0,117,0.98,3,False,232,0.1,0.07914753040361462,,0.34919249996892177,5,20766,1.2499041999981273
a9-ceiling,scale_free-n60-load0.9-cascading-centralised,scale_free,60,0.9,cascading,CENTRALISED,orbit,24,10391079679589632229,0.04061371565643308,0.09681307553341358,0.049667092971906156,0.010380188811464028,0.043515995513482286,328.7791544240681,32.850534905059384,154.02358350956962,0.0,0.0,True,291,1,109,0.98,3,False,232,0.0,0.20756604780308993,,0.3543871999718249,4,20872,1.229630999994697
a9-ceiling,scale_free-n60-load0.9-cascading-centralised,scale_free,60,0.9,cascading,CENTRALISED,orbit-ceiling-0.6,24,10391079679589632229,0.23732185434522157,0.5355340362651011,0.42123304193386063,0.1485730499472928,0.01482652365379586,1921.1854255845378,3.731579813368673,7.108053700705376,0.2,0.2,False,46,0,0,0.98,3,False,232,0.30000000000000004,0.950873153087593,,0.07427320000715554,2,16034,1.1759247000154573
a9-ceiling,scale_free-n60-load0.9-cascading-centralised,scale_free,60,0.9,cascading,CENTRALISED,orbit-ceiling-0.7,24,10391079679589632229,0.3342467322329821,0.6734948613714732,0.5486724634617973,0.19376245883511573,0.13223355223989725,2705.818864794288,3.9079001908155324,8.174684796358642,0.0,0.2,False,62,0,0,0.98,3,False,232,0.30000000000000004,1.0,,0.07857650000369176,2,13656,1.5326107000000775
a9-ceiling,scale_free-n60-load0.9-cascading-centralised,scale_free,60,0.9,cascading,CENTRALISED,orbit-ceiling-0.8,24,10391079679589632229,0.3537046495548426,0.9083916375787628,0.6060984951046801,0.1517035191535293,0.08208613177024181,2863.3360360389092,4.259594869398607,9.232138723805015,,0.2,True,58,0,0,0.98,3,False,232,0.30000000000000004,0.9281592357365874,,0.08492749999277294,2,14256,1.5346735999919474
a9-ceiling,scale_free-n60-load0.9-cascading-centralised,scale_free,60,0.9,cascading,CENTRALISED,orbit-ceiling-0.9,24,10391079679589632229,0.36802424580633525,0.9396864838914308,0.6885228549185622,0.12245696854630546,0.081007472457484,2979.257090568528,4.690112212427462,11.307610153042319,,0.2,True,60,0,0,0.98,3,False,232,0.30000000000000004,0.9304074814131954,,0.08496950002154335,2,13804,1.74759039998753
a9-ceiling,scale_free-n60-load0.9-cascading-centralised,scale_free,60,0.9,cascading,CENTRALISED,orbit-ceiling-0.95,24,10391079679589632229,0.3880899110610081,0.9396864838914308,0.7370590653943548,0.10694313337300566,0.1344169510742492,3141.6941478226768,4.599761849346043,9.475718640797037,,0.2,True,64,0,0,0.98,3,False,232,0.30000000000000004,0.9304074814131954,,0.0876189999980852,2,13226,1.8545750000048429
a9-ceiling,scale_free-n60-load0.9-cascading-centralised,scale_free,60,0.9,cascading,CENTRALISED,orbit-ceiling-1.0,24,10391079679589632229,0.3906999299175299,0.8804807136456066,0.7403638302407336,0.12987781539839335,0.14160858249689895,3162.822965484603,4.482628441602868,8.375670544149198,,0.2,True,73,0,8,0.98,3,False,232,0.30000000000000004,0.9170876641287131,,0.13279309999779798,3,12933,1.9505616999813356
a9-ceiling,scale_free-n60-load0.9-cascading-centralised,scale_free,60,0.9,cascading,CENTRALISED,orbit-no-fallback,24,10391079679589632229,0.3946683442241129,0.9388809632078143,0.668953176409111,0.1571931073508122,0.15750778885790262,3194.948366449143,4.307804453012224,8.42948606863229,,0.2,True,82,3,11,0.98,3,False,232,0.8,0.9360626148941268,,0.1686178999952972,5,12678,1.9800046000164002
a9-ceiling,scale_free-n60-load0.9-cascading-centralised,scale_free,60,0.9,cascading,CENTRALISED,spf-static,24,10391079679589632229,0.11918013957133311,0.12103062899257144,0.06703684925053287,0.15576289706333368,0.1181509800722518,964.7958793989021,7.285358166751793,52.019356826454576,0.0,0.0,False,0,0,49,0.98,3,False,232,0.0,0.4702158061112952,,0.029773499991279095,2,19110,0.9005116000189446
a9-ceiling,scale_free-n60-load0.9-cascading-centralised,scale_free,60,0.9,cascading,CENTRALISED,cspf,25,4904111088553647312,0.05420188146449592,0.07808015276986167,0.03928944821241472,0.035096482431840076,0.08297108670987223,424.8697475004882,28.295453772281697,153.0,,,True,151,0,114,0.98,3,False,232,0.0,0.15773704836398472,,0.3399205999739934,5,20660,1.2376794000156224
a9-ceiling,scale_free-n60-load0.9-cascading-centralised,scale_free,60,0.9,cascading,CENTRALISED,orbit,25,4904111088553647312,0.06323811671097176,0.07795127161409994,0.05192714909331684,0.049255163574864355,0.08627529542130967,495.70166114983306,22.809171159710065,106.05192472798105,0.0,0.0,True,253,1,108,0.98,3,False,232,0.0,0.15826613177942137,,0.3243153999792412,4,20540,1.2174830999865662
a9-ceiling,scale_free-n60-load0.9-cascading-centralised,scale_free,60,0.9,cascading,CENTRALISED,orbit-ceiling-0.6,25,4904111088553647312,0.26078680151215555,0.5706095212430593,0.3463288109002342,0.21576365501347902,0.05701073009980197,2044.217276525862,4.060365555723902,10.159518137673372,0.2,0.2,True,50,0,0,0.98,3,False,232,0.30000000000000004,1.0,,0.07821609999518842,2,15304,1.276828599977307
a9-ceiling,scale_free-n60-load0.9-cascading-centralised,scale_free,60,0.9,cascading,CENTRALISED,orbit-ceiling-0.7,25,4904111088553647312,0.3162739004678334,0.832456190259132,0.41682038701281526,0.14948949590597257,0.14809331348586338,2479.161398129385,4.046355826008787,9.170449702684577,0.0,0.0,True,55,0,0,0.98,3,False,232,0.30000000000000004,0.9567310589802208,,0.08538000003318302,2,14554,1.4073613000218756
a9-ceiling,scale_free-n60-load0.9-cascading-centralised,scale_free,60,0.9,cascading,CENTRALISED,orbit-ceiling-0.8,25,4904111088553647312,0.3642491531780052,0.9406042523412589,0.5659662599970728,0.17839964752125295,0.08068719002906387,2855.2227626891104,4.064749308091423,7.193559599426869,,0.0,True,61,0,0,0.98,3,False,232,0.30000000000000004,0.9314664450091455,,0.09997450004448183,2,13654,1.634166700008791
a9-ceiling,scale_free-n60-load0.9-cascading-centralised,scale_free,60,0.9,cascading,CENTRALISED,orbit-ceiling-0.9,25,4904111088553647312,0.4159411272960939,0.9406042523412589,0.6401802175434038,0.24691631714856593,0.11434602235612222,3260.418217126244,4.157172798032008,9.302930777100544,,0.0,True,69,0,0,0.98,3,False,232,0.30000000000000004,0.9314664450091455,,0.10321180004393682,2,12432,1.8944103000103496
a9-ceiling,scale_free-n60-load0.9-cascading-centralised,scale_free,60,0.9,cascading,CENTRALISED,orbit-ceiling-0.95,25,4904111088553647312,0.4251900564942229,0.9406042523412589,0.6401802175434038,0.24745276918056078,0.15068373391889509,3332.9173648842975,4.523450328517525,10.70425942753724,,0.0,True,71,0,0,0.98,3,False,232,0.30000000000000004,0.9314664450091455,,0.10263590002432466,2,12154,1.9893180999788456
a9-ceiling,scale_free-n60-load0.9-cascading-centralised,scale_free,60,0.9,cascading,CENTRALISED,orbit-ceiling-1.0,25,4904111088553647312,0.4346853681025662,0.9031382151612911,0.6071360588460895,0.3113454268595275,0.15691931752954544,3407.347818892021,4.113669437174955,7.452841372551741,,0.0,True,83,0,14,0.98,3,False,232,0.30000000000000004,0.9232373648476688,,0.1483732999768108,4,11731,2.039313699991908
a9-ceiling,scale_free-n60-load0.9-cascading-centralised,scale_free,60,0.9,cascading,CENTRALISED,orbit-no-fallback,25,4904111088553647312,0.4346853681025662,0.9031382151612911,0.6071360588460895,0.3113454268595275,0.15691931752954544,3407.347818892021,4.113669437174955,7.452841372551741,,0.0,True,83,0,14,0.98,3,False,232,0.30000000000000004,0.9232373648476688,,0.15293690000544302,4,11731,2.048829299979843
a9-ceiling,scale_free-n60-load0.9-cascading-centralised,scale_free,60,0.9,cascading,CENTRALISED,spf-static,25,4904111088553647312,0.17142018147449722,0.09487902857219424,0.19687058503328458,0.15921583884958015,0.2043421312605399,1343.70334113336,5.416375059305173,3.367631437579152,0.0,0.0,False,0,0,44,0.98,3,False,232,0.0,0.4225505114591298,,0.02889129999675788,2,17787,0.9724856000102591
a9-ceiling,scale_free-n60-load0.9-cascading-centralised,scale_free,60,0.9,cascading,CENTRALISED,cspf,26,6004442829707399442,0.07960074596489194,0.06392119659513382,0.0448820574033468,0.09757487617259376,0.09742658098002695,586.3204488029386,18.54510219716175,104.07830823526575,,,True,131,0,102,0.98,3,False,232,1.1,0.22983043897174593,,0.3917634999961592,7,20145,1.3051669000124093
a9-ceiling,scale_free-n60-load0.9-cascading-centralised,scale_free,60,0.9,cascading,CENTRALISED,orbit,26,6004442829707399442,0.0735719490462687,0.11970525828089597,0.07049081301937417,0.044336818401687746,0.0936996356200132,541.9137429081471,20.883197444634572,105.05530861383973,,0.0,True,294,1,100,0.98,3,False,232,0.0,0.20100321946864327,,0.42386550005176105,5,20103,1.330372799973702
a9-ceiling,scale_free-n60-load0.9-cascading-centralised,scale_free,60,0.9,cascading,CENTRALISED,orbit-ceiling-0.6,26,6004442829707399442,0.2867403807172576,0.6798754354616313,0.4646757017647498,0.14404807929686575,0.10671038107262973,2112.062477231286,3.7590255293432073,6.116560207841388,,0.2,True,53,0,0,0.98,3,False,232,0.30000000000000004,0.9323720886526503,,0.08282309997593984,2,14854,1.3509082999953534
a9-ceiling,scale_free-n60-load0.9-cascading-centralised,scale_free,60,0.9,cascading,CENTRALISED,orbit-ceiling-0.7,26,6004442829707399442,0.3574118807953127,0.9576709781904746,0.47835677397106524,0.19474641495136197,0.15698560042271711,2632.6121924515132,3.6346651262909178,6.157719312883098,0.0,0.2,False,64,0,0,0.98,3,False,232,0.30000000000000004,0.9511588209890056,,0.09919670000090264,2,13226,1.5800287000020035
a9-ceiling,scale_free-n60-load0.9-cascading-centralised,scale_free,60,0.9,cascading,CENTRALISED,orbit-ceiling-0.8,26,6004442829707399442,0.37700075912096936,0.9576709781904746,0.5922445226001424,0.19086081510276526,0.1246313651223194,2776.8992816266677,4.188897003313148,7.182839447295057,0.0,0.2,True,66,0,0,0.98,3,False,232,0.30000000000000004,0.9511588209890056,,0.10420450000674464,2,13056,1.7829219999839552
a9-ceiling,scale_free-n60-load0.9-cascading-centralised,scale_free,60,0.9,cascading,CENTRALISED,orbit-ceiling-0.9,26,6004442829707399442,0.4110139045496049,0.9576709781904746,0.7636089857426525,0.17528390460687615,0.10706763185790592,3027.432143488451,4.622125624741395,8.258577831102272,0.0,0.0,False,70,0,0,0.98,3,False,232,0.30000000000000004,0.9511588209890056,,0.10272360002272762,2,12370,2.121847300004447
a9-ceiling,scale_free-n60-load0.9-cascading-centralised,scale_free,60,0.9,cascading,CENTRALISED,orbit-ceiling-0.95,26,6004442829707399442,0.41091152853281104,0.9993487842798534,0.7110235172572009,0.17513973502713878,0.1383456085930922,3026.678065729686,4.786813145199895,8.535976455610745,0.0,0.2,False,71,0,0,0.98,3,False,232,0.30000000000000004,0.9999999999999999,,0.11472449995926581,2,12328,2.0876351000042632
a9-ceiling,scale_free-n60-load0.9-cascading-centralised,scale_free,60,0.9,cascading,CENTRALISED,orbit-ceiling-1.0,26,6004442829707399442,0.4277785981547145,0.8682182432394988,0.6837390787082169,0.2515854120778944,0.19203154710327294,3150.9169495595766,4.65840703622637,9.962542771913109,,0.0,True,88,0,9,0.98,3,False,232,0.30000000000000004,0.9322072715316182,,0.147282100020675,3,11812,2.130790600000182
a9-ceiling,scale_free-n60-load0.9-cascading-centralised,scale_free,60,0.9,cascading,CENTRALISED,orbit-no-fallback,26,6004442829707399442,0.42800784181451035,0.9549544451570555,0.6228946316074435,0.2667631128637069,0.1888152871816539,3152.6055046587467,4.38913657897758,8.896028273213327,0.2,0.2,True,103,5,13,0.98,3,False,232,1.3,0.9983984434020262,,0.19350429993937723,5,11699,2.130178999999771
a9-ceiling,scale_free-n60-load0.9-cascading-centralised,scale_free,60,0.9,cascading,CENTRALISED,spf-static,26,6004442829707399442,0.1637949732178407,0.11390020416694487,0.08328914421031952,0.20198790496712027,0.21681699222893522,1206.4754047795818,5.1968939018548035,4.588406887129791,0.0,0.0,False,0,0,36,0.98,3,False,232,0.0,0.44464742593076173,,0.029141300008632243,2,17934,0.9413317999860737
a9-ceiling,scale_free-n60-load0.9-cascading-centralised,scale_free,60,0.9,cascading,CENTRALISED,cspf,27,1506111178635184449,0.07122495093974392,0.09033237279668513,0.06952292804832608,0.058527999182641975,0.07997236584087797,594.5118175960413,19.731717665637763,104.06139361919494,,0.0,True,131,0,104,0.98,3,False,232,0.0,0.16817391394403958,,0.3182746999664232,5,20331,1.204953199980082
a9-ceiling,scale_free-n60-load0.9-cascading-centralised,scale_free,60,0.9,cascading,CENTRALISED,orbit,27,1506111178635184449,0.050683879127598384,0.06788304527987643,0.044951158729690396,0.0486411295368645,0.0504399576559522,423.0563125056877,27.829250633072395,108.1300639248199,,,True,305,4,107,0.98,3,False,232,0.0,0.07266831413443843,,0.4309893999597989,6,20631,1.3079854999959935
a9-ceiling,scale_free-n60-load0.9-cascading-centralised,scale_free,60,0.9,cascading,CENTRALISED,orbit-ceiling-0.6,27,1506111178635184449,0.25718850372042595,0.49983412180627057,0.30708617865119997,0.2513956665879625,0.07962002139781738,2146.742156986404,3.467444030515193,6.137897092209515,0.2,0.2,False,49,0,0,0.98,3,False,232,0.30000000000000004,1.0,,0.0827720999950543,2,15454,1.1890979000017978
a9-ceiling,scale_free-n60-load0.9-cascading-centralised,scale_free,60,0.9,cascading,CENTRALISED,orbit-ceiling-0.7,27,1506111178635184449,0.2843904193089371,0.725553090728207,0.4216362120430993,0.17271893821597276,0.04763978004091914,2373.795458747204,3.7804870389943863,6.199140147526099,0.0,0.0,False,51,0,0,0.98,3,False,232,0.30000000000000004,0.9999999999999999,,0.08112689998233691,2,15154,1.306702600006247
a9-ceiling,scale_free-n60-load0.9-cascading-centralised,scale_free,60,0.9,cascading,CENTRALISED,orbit-ceiling-0.8,27,1506111178635184449,0.3837341773846391,0.8664228161566502,0.6031416935615056,0.23580442184100628,0.08387271678548336,3203.013835189084,3.832688173166484,7.222999211204233,,0.2,True,62,0,0,0.98,3,False,232,0.30000000000000004,0.9241812886203151,,0.08877500001108274,2,13482,1.5993101999920327
a9-ceiling,scale_free-n60-load0.9-cascading-centralised,scale_free,60,0.9,cascading,CENTRALISED,orbit-ceiling-0.9,27,1506111178635184449,0.4197404264162552,0.9390636463941398,0.6571141810864336,0.29586912837601526,0.0479049623601025,3503.556556162122,3.829159106555271,6.380455563894698,,0.2,True,69,0,0,0.98,3,False,232,0.30000000000000004,0.9296888227624721,,0.11231049997149967,2,12584,1.8327948000223842
a9-ceiling,scale_free-n60-load0.9-cascading-centralised,scale_free,60,0.9,cascading,CENTRALISED,orbit-ceiling-0.95,27,1506111178635184449,0.436662296326429,0.9390636463941398,0.6978332020016488,0.29153649342358756,0.07672112304702454,3644.802727688897,3.952672870816696,7.389353416201732,,0.2,True,73,0,0,0.98,3,False,232,0.30000000000000004,0.9296888227624721,,0.11695189998135902,2,11984,1.9705157999997027
a9-ceiling,scale_free-n60-load0.9-cascading-centralised,scale_free,60,0.9,cascading,CENTRALISED,orbit-ceiling-1.0,27,1506111178635184449,0.4116667945523099,0.90826550927401,0.6126985475430544,0.2902190891137359,0.08853097171079939,3436.166273814352,4.135346824926459,7.631023167214288,,0.2,True,81,0,7,0.98,3,False,232,0.30000000000000004,0.9261910750434303,,0.16428119997726753,4,12406,1.9265363000158686
a9-ceiling,scale_free-n60-load0.9-cascading-centralised,scale_free,60,0.9,cascading,CENTRALISED,orbit-no-fallback,27,1506111178635184449,0.4250358141731466,0.9396118850993743,0.6061367503311605,0.2730166212962846,0.15538579010433887,3547.756946035169,4.117149393600766,7.643317117360742,0.2,0.2,True,89,4,8,0.98,3,False,232,0.8,1.0064765622379634,,0.19619450002210215,5,11997,1.9786974000162445
a9-ceiling,scale_free-n60-load0.9-cascading-centralised,scale_free,60,0.9,cascading,CENTRALISED,spf-static,27,1506111178635184449,0.10834518227975541,0.13292567664451016,0.07980428964119816,0.1541471417210346,0.06426679646218243,904.3529043551683,6.947865757232493,52.043764270818926,0.0,0.0,False,0,0,48,0.98,3,False,232,0.0,0.5076159850370525,,0.03037579997908324,2,19404,0.8492014000075869
a9-ceiling,scale_free-n60-load0.9-cascading-centralised,scale_free,60,0.9,cascading,CENTRALISED,cspf,28,8826967550766888817,0.061262683079945805,0.1075751155283436,0.06273734434940538,0.052366987535196495,0.04352448193292549,508.7429257737515,25.462336713857585,106.22043960836828,,0.0,True,165,0,115,0.98,3,False,232,0.1,0.2449961100949608,,0.349007500015432,5,20221,1.2688972000032663
a9-ceiling,scale_free-n60-load0.9-cascading-centralised,scale_free,60,0.9,cascading,CENTRALISED,orbit,28,8826967550766888817,0.08148241527427763,0.10953705450115053,0.11220640242387898,0.06488922625383448,0.05560613665933241,676.6533925987574,16.770132212040362,104.06863976588068,,,True,269,1,98,0.98,3,False,232,0.0,0.218236171662042,,0.41910960007226095,5,19697,1.3334409999952186
a9-ceiling,scale_free-n60-load0.9-cascading-centralised,scale_free,60,0.9,cascading,CENTRALISED,orbit-ceiling-0.6,28,8826967550766888817,0.2164251269902912,0.309360458708108,0.3812061609829516,0.14625569627773857,0.0866992738072851,1797.2564501021502,3.9300207802752523,7.129754304326044,0.0,0.0,True,46,0,0,0.98,3,False,232,0.0,1.0,,0.06324049999238923,2,15860,1.1829816999961622
a9-ceiling,scale_free-n60-load0.9-cascading-centralised,scale_free,60,0.9,cascading,CENTRALISED,orbit-ceiling-0.7,28,8826967550766888817,0.3106581638872101,0.4609235653693482,0.6110944209098148,0.15353427951014006,0.12765271397965003,2579.7946688890056,3.6643241116300485,7.130777641645136,0.0,0.2,False,60,0,0,0.98,3,False,232,0.30000000000000004,1.0,,0.07256109997979365,2,13782,1.558494700002484
a9-ceiling,scale_free-n60-load0.9-cascading-centralised,scale_free,60,0.9,cascading,CENTRALISED,orbit-ceiling-0.8,28,8826967550766888817,0.373575328490937,0.7852599586358524,0.621314215241852,0.1725684903360511,0.14501735074021077,3102.2768846959507,3.841315641053744,8.248511639017897,,0.0,True,65,0,0,0.98,3,False,232,0.30000000000000004,0.9287351379543382,,0.11238840001169592,2,13054,1.6824153999914415
a9-ceiling,scale_free-n60-load0.9-cascading-centralised,scale_free,60,0.9,cascading,CENTRALISED,orbit-ceiling-0.9,28,8826967550766888817,0.4267925005640128,0.9659772732501793,0.6558629819426008,0.23481428141877458,0.12535576027654374,3544.207574974913,3.695721670978585,7.285721350521047,0.2,0.2,True,71,0,0,0.98,3,False,232,0.30000000000000004,1.0,,0.11165969999274239,2,12132,1.8539238999946974
a9-ceiling,scale_free-n60-load0.9-cascading-centralised,scale_free,60,0.9,cascading,CENTRALISED,orbit-ceiling-0.95,28,8826967550766888817,0.44694935509768413,0.9150799431666164,0.6775197221683092,0.25975086909319123,0.18143462542960948,3711.5958876362088,3.7346316689611645,7.323343018586587,,0.2,True,76,0,0,0.98,3,False,232,0.30000000000000004,0.938304713906261,,0.12475109996739775,2,11426,1.9715188999834936
a9-ceiling,scale_free-n60-load0.9-cascading-centralised,scale_free,60,0.9,cascading,CENTRALISED,orbit-ceiling-1.0,28,8826967550766888817,0.39771956432928945,0.7376653107961995,0.6199768125576671,0.24292587539055274,0.1746280068229636,3302.7775575924625,3.753464078455225,6.807452807225696,,0.0,True,96,0,17,0.98,3,False,232,0.30000000000000004,0.853345050838025,,0.23870389998774044,7,12398,1.9540870999917388
a9-ceiling,scale_free-n60-load0.9-cascading-centralised,scale_free,60,0.9,cascading,CENTRALISED,orbit-no-fallback,28,8826967550766888817,0.40358769466113226,0.771974939465804,0.6226950940770721,0.24343368766014628,0.1736825049303672,3351.5081982329907,3.6045238333184515,6.490413684538019,0.2,0.2,False,105,5,21,0.98,3,False,232,0.8,0.9341311236799063,,0.23305619996972382,6,12419,1.9136074999987613
a9-ceiling,scale_free-n60-load0.9-cascading-centralised,scale_free,60,0.9,cascading,CENTRALISED,spf-static,28,8826967550766888817,0.11511979934978007,0.042240227404655634,0.12747142601935846,0.17411472771465997,0.06367191992552684,955.9878965677541,7.161721801202247,52.039515590453874,0.0,0.0,False,0,0,50,0.98,3,False,232,0.0,0.1817944406089728,,0.031115599995246157,3,18963,0.9010996000142768
a9-ceiling,scale_free-n60-load0.9-cascading-centralised,scale_free,60,0.9,cascading,CENTRALISED,cspf,29,14951798300661155977,0.09135657943013227,0.03678198838508269,0.05473153970055893,0.12386162869332082,0.1145263026511854,745.7599090653569,17.569757213358358,103.51193338862142,,0.0,True,187,0,112,0.98,3,False,232,0.1,0.0,,0.33089089998975396,5,19768,1.293951500003459
a9-ceiling,scale_free-n60-load0.9-cascading-centralised,scale_free,60,0.9,cascading,CENTRALISED,orbit,29,14951798300661155977,0.09692592906947951,0.06710300901651595,0.08644852804843892,0.09832966269769616,0.12403942869442348,791.22349479176,16.705643508041724,103.10807295467792,,0.0,True,293,1,110,0.98,3,False,232,0.0,0.12052224623997561,,0.35134139997535385,5,19730,1.321956899977522
a9-ceiling,scale_free-n60-load0.9-cascading-centralised,scale_free,60,0.9,cascading,CENTRALISED,orbit-ceiling-0.6,29,14951798300661155977,0.28944348359471267,0.43107134260153795,0.35546515036371495,0.2719133528158506,0.15964088878769866,2362.778328081285,3.513271756381585,6.118694581906204,,0.0,True,56,0,0,0.98,3,False,232,0.30000000000000004,0.9353056484906941,,0.05131989999790676,2,14382,1.00473429998965
a9-ceiling,scale_free-n60-load0.9-cascading-centralised,scale_free,60,0.9,cascading,CENTRALISED,orbit-ceiling-0.7,29,14951798300661155977,0.2912467842621241,0.6270235740956893,0.5205299195928731,0.1254120729491254,0.09296241435168356,2377.4989902397747,4.2489944699679665,9.171114466606005,,0.2,True,54,0,0,0.98,3,False,232,0.30000000000000004,0.9186441644000686,,0.061638600018341094,2,14812,1.0806110999837983
a9-ceiling,scale_free-n60-load0.9-cascading-centralised,scale_free,60,0.9,cascading,CENTRALISED,orbit-ceiling-0.8,29,14951798300661155977,0.4148311393149481,0.9428808470318939,0.6957298039842699,0.19386102156792678,0.12830450082975067,3386.33992934893,3.565689505340708,6.1844994635057216,,0.2,True,66,0,0,0.98,3,False,232,0.30000000000000004,0.9340932850367972,,0.08258560003014281,2,12882,1.293938299990259
a9-ceiling,scale_free-n60-load0.9-cascading-centralised,scale_free,60,0.9,cascading,CENTRALISED,orbit-ceiling-0.9,29,14951798300661155977,0.4345640339633391,0.9428808470318939,0.6667144500746067,0.2368829333628683,0.17705451547115944,3547.4230369956526,3.697938828324229,6.336639554957015,,0.0,True,70,0,0,0.98,3,False,232,0.30000000000000004,0.9340932850367972,,0.09113859996432438,2,12282,1.3667196999886073
a9-ceiling,scale_free-n60-load0.9-cascading-centralised,scale_free,60,0.9,cascading,CENTRALISED,orbit-ceiling-0.95,29,14951798300661155977,0.4647355887599167,0.9428808470318939,0.7245583295807663,0.31002209151874105,0.13100698357263893,3793.7187729110315,3.9441492045583497,9.331994889435219,,0.0,True,75,0,0,0.98,3,False,232,0.30000000000000004,0.9340932850367972,,0.0911725000187289,2,11554,1.6304712999844924
a9-ceiling,scale_free-n60-load0.9-cascading-centralised,scale_free,60,0.9,cascading,CENTRALISED,orbit-ceiling-1.0,29,14951798300661155977,0.39558391847955243,0.7249003851191766,0.5586993779921665,0.23309303493135305,0.26703940079002925,3229.2214629012783,3.6530646155725353,7.470928531257027,,0.2,True,113,0,27,0.98,3,False,232,0.30000000000000004,0.7891933433381012,,0.230473500007065,6,12735,1.4944607999932487
a9-ceiling,scale_free-n60-load0.9-cascading-centralised,scale_free,60,0.9,cascading,CENTRALISED,orbit-no-fallback,29,14951798300661155977,0.3953336775158744,0.8681091659007187,0.5595706891949992,0.1933291044326141,0.2385543449229732,3227.178701673997,3.43094135102425,6.296958221925409,0.2,0.2,True,104,2,26,0.98,3,False,232,0.30000000000000004,0.9641824905613617,,0.2127228000026662,5,13116,1.4501026000070851
a9-ceiling,scale_free-n60-load0.9-cascading-centralised,scale_free,60,0.9,cascading,CENTRALISED,spf-static,29,14951798300661155977,0.13537495449618456,0.1890138284752446,0.12264929007878109,0.07199120961730354,0.2121996987131749,1105.0896868573275,5.779467011560509,51.0,0.0,0.0,False,0,0,45,0.98,3,False,232,0.0,0.6577305317221728,,0.02954460002365522,2,18669,0.8749119999993127
a9-ceiling,scale_free-n60-load0.9-cascading-centralised-th0.9-dw3,scale_free,60,0.9,cascading,CENTRALISED,cspf,0,266686485615056643,0.04170294382082372,0.034720636788194564,0.062228766780946965,0.026479712782033732,0.04735626919085299,299.2121123953758,31.917908736209473,107.10393736402621,,0.0,True,110,0,120,0.9,3,False,232,0.0,0.0,,0.27116719997138716,4,20974,1.19985090001137
a9-ceiling,scale_free-n60-load0.9-cascading-centralised-th0.9-dw3,scale_free,60,0.9,cascading,CENTRALISED,orbit,0,266686485615056643,0.03257680746512251,0.038032422962919005,0.06570803315480298,0.0274113317940484,0.008473078670533266,233.73350856515677,38.56675374606372,111.9947256110552,,,True,282,2,122,0.9,3,False,232,0.0,0.0,,0.373438000009628,5,21161,1.2899923999793828
a9-ceiling,scale_free-n60-load0.9-cascading-centralised-th0.9-dw3,scale_free,60,0.9,cascading,CENTRALISED,orbit-ceiling-0.6,0,266686485615056643,0.28730280685044624,0.6819684962759704,0.639629310721934,0.10165045040297307,0.030754402630968902,2061.352793322893,3.9082912127435607,9.162546462933207,,0.2,True,57,0,0,0.9,3,False,232,0.30000000000000004,0.9300226871264256,,0.08724590000929311,2,14384,1.6184645999746863
a9-ceiling,scale_free-n60-load0.9-cascading-centralised-th0.9-dw3,scale_free,60,0.9,cascading,CENTRALISED,orbit-ceiling-0.7,0,266686485615056643,0.34254346295902444,0.8730360282716769,0.626798458321025,0.14502856701174047,0.09102381725445696,2457.695878246813,3.873182835021788,8.194465696495657,,0.0,True,60,0,0,0.9,3,False,232,0.30000000000000004,0.9324156357005827,,0.10454460003529675,2,13804,1.6277783999976236
a9-ceiling,scale_free-n60-load0.9-cascading-centralised-th0.9-dw3,scale_free,60,0.9,cascading,CENTRALISED,orbit-ceiling-0.8,0,266686485615056643,0.40715358500019316,0.8842529274467278,0.6995867956149011,0.2701247541196588,0.09777307467114404,2921.2634187331983,4.076705010495818,8.194465696495657,,0.0,True,72,0,0,0.9,3,False,232,0.30000000000000004,0.8664456855154501,,0.10130859998753294,2,11982,2.0114067000104114
a9-ceiling,scale_free-n60-load0.9-cascading-centralised-th0.9-dw3,scale_free,60,0.9,cascading,CENTRALISED,orbit-ceiling-0.9,0,266686485615056643,0.4530614838778133,0.8842529274467278,0.8204913098329063,0.33513860656457467,0.0786706738378331,3250.6454272989117,4.108114593040567,8.374770325774339,,0.0,True,81,0,0,0.9,3,False,232,0.30000000000000004,0.8664456855154501,,0.10487580002518371,2,10676,2.3932847999967635
a9-ceiling,scale_free-n60-load0.9-cascading-centralised-th0.9-dw3,scale_free,60,0.9,cascading,CENTRALISED,orbit-ceiling-0.95,0,266686485615056643,0.3332786903979463,0.49892083688632916,0.5987349383870526,0.23062984876183226,0.15791934867882124,2391.2225812830943,3.751061611025153,6.234674980157225,0.0,0.0,True,114,0,43,0.9,3,False,232,0.1,0.7421015995046087,,0.21984879998490214,6,13393,1.897519399994053
a9-ceiling,scale_free-n60-load0.9-cascading-centralised-th0.9-dw3,scale_free,60,0.9,cascading,CENTRALISED,orbit-ceiling-1.0,0,266686485615056643,0.17377946893122234,0.2382282341433645,0.34653856061840993,0.09719039257264851,0.09382165318706759,1246.8405639002817,4.059009803177968,8.62490926775,,0.2,True,135,0,84,0.9,3,False,232,0.30000000000000004,0.4344775163700095,,0.28001239997684024,5,18054,1.3925878999871202
a9-ceiling,scale_free-n60-load0.9-cascading-centralised-th0.9-dw3,scale_free,60,0.9,cascading,CENTRALISED,orbit-no-fallback,0,266686485615056643,0.16280515152611397,0.4076179018405319,0.2708027082866141,0.05952824099748819,0.0818826921440257,1168.1015495278675,3.8490521017342534,7.20406366860665,0.0,0.0,True,140,4,88,0.9,3,False,232,0.30000000000000004,0.7310218520126629,,0.2681672000035178,6,18457,1.3189948000072036
a9-ceiling,scale_free-n60-load0.9-cascading-centralised-th0.9-dw3,scale_free,60,0.9,cascading,CENTRALISED,spf-static,0,266686485615056643,0.11544643095228047,0.12569189116619053,0.12098518225883508,0.09470917809781781,0.1322502595212052,828.3101217542882,6.542978324092019,52.03139394965419,0.0,0.0,False,0,0,45,0.9,3,False,232,0.0,0.48395045031624134,,0.030685100035043433,2,19257,0.8430116999952588
a9-ceiling,scale_free-n60-load0.9-cascading-centralised-th0.9-dw3,scale_free,60,0.9,cascading,CENTRALISED,cspf,1,11800420753426990870,0.0581530452436054,0.08052909380828481,0.09537633263234678,0.04710774863915048,0.028145549067281322,441.6752009110162,24.691691843533665,105.07652805673249,,,True,142,0,120,0.9,3,False,232,0.1,0.1932969426059993,,0.334735900076339,6,20707,1.275487399980193
a9-ceiling,scale_free-n60-load0.9-cascading-centralised-th0.9-dw3,scale_free,60,0.9,cascading,CENTRALISED,orbit,1,11800420753426990870,0.0568168043533199,0.041104118124096006,0.1034610477353742,0.07065830889383895,0.006611980399240576,431.52638649880345,24.413624498032494,107.26571552457311,,,True,264,0,128,0.9,3,False,232,0.0,0.0,,0.30620059999637306,5,20766,1.2799102000135463
a9-ceiling,scale_free-n60-load0.9-cascading-centralised-th0.9-dw3,scale_free,60,0.9,cascading,CENTRALISED,orbit-ceiling-0.6,1,11800420753426990870,0.3078995342634649,0.6476929865471338,0.610248723932546,0.19333920505290217,0.013186046994620669,2338.51190572308,3.2064362714896877,6.099944242789694,,0.0,True,53,0,0,0.9,3,False,232,0.0,0.9373332615402249,,0.07126249998691492,2,14680,1.3458616999851074
a9-ceiling,scale_free-n60-load0.9-cascading-centralised-th0.9-dw3,scale_free,60,0.9,cascading,CENTRALISED,orbit-ceiling-0.7,1,11800420753426990870,0.3860982160123868,0.8408459225694911,0.6859041110844315,0.22954951529366524,0.08723681782455797,2932.434688747579,3.155402492622518,6.1275572776472504,,0.0,True,67,0,0,0.9,3,False,232,0.30000000000000004,0.8872424959993586,,0.09023030003299937,2,12754,1.6386111000028905
a9-ceiling,scale_free-n60-load0.9-cascading-centralised-th0.9-dw3,scale_free,60,0.9,cascading,CENTRALISED,orbit-ceiling-0.8,1,11800420753426990870,0.4107279743392951,0.9089302457652231,0.8531461432615837,0.16282585565945848,0.0820337263876583,3119.498898572828,3.425621321858518,6.224661417950402,,0.0,True,71,0,0,0.9,3,False,232,0.0,0.8949195143444821,,0.09991719995741732,2,12110,1.959977299993625
a9-ceiling,scale_free-n60-load0.9-cascading-centralised-th0.9-dw3,scale_free,60,0.9,cascading,CENTRALISED,orbit-ceiling-0.9,1,11800420753426990870,0.4794703796466357,0.9089302457652231,0.8995895149712937,0.30197823032657717,0.11585654456501819,3641.600803091144,3.528333095000965,6.2881397686113285,,0.0,True,83,0,0,0.9,3,False,232,0.30000000000000004,0.8949195143444821,,0.10246500000357628,2,10506,2.2627662000013515
a9-ceiling,scale_free-n60-load0.9-cascading-centralised-th0.9-dw3,scale_free,60,0.9,cascading,CENTRALISED,orbit-ceiling-0.95,1,11800420753426990870,0.3798990032680732,0.7609207603973673,0.6326691690507009,0.2220436982003442,0.16238930250873157,2885.3513670940856,3.445615947304323,6.323872507509945,0.2,0.2,False,117,0,39,0.9,3,False,232,0.8,0.9338185119492022,,0.23036689998116344,7,12800,1.9025064000161365
a9-ceiling,scale_free-n60-load0.9-cascading-centralised-th0.9-dw3,scale_free,60,0.9,cascading,CENTRALISED,orbit-ceiling-1.0,1,11800420753426990870,0.25415371708393447,0.3341187119031676,0.37841484930859826,0.26562598719568864,0.08914086625857032,1930.3098158504758,3.687254869040685,6.30129459950824,,0.0,True,145,0,73,0.9,3,False,232,0.6000000000000001,0.5682379121849499,,0.26333320001140237,7,16484,1.4880801999825053
a9-ceiling,scale_free-n60-load0.9-cascading-centralised-th0.9-dw3,scale_free,60,0.9,cascading,CENTRALISED,orbit-no-fallback,1,11800420753426990870,0.19434449016681463,0.31635192609277696,0.27696225083454235,0.1691301112978598,0.09070352958123906,1476.0558347512447,3.2089114477479113,7.280279128519778,,,True,151,11,98,0.9,3,False,232,0.8,0.558585765630307,,0.2568502999783959,7,17720,1.3704572999849916
a9-ceiling,scale_free-n60-load0.9-cascading-centralised-th0.9-dw3,scale_free,60,0.9,cascading,CENTRALISED,spf-static,1,11800420753426990870,0.16702930570168112,0.2511781606643685,0.26121099530276437,0.10882114825000005,0.11552440720229766,1268.5956830769705,4.281814921725465,3.1202325459227245,0.0,0.0,False,0,0,39,0.9,3,False,232,0.0,0.6999905073829193,,0.02983049998874776,2,18228,0.8868197999836411
a9-ceiling,scale_free-n60-load0.9-cascading-centralised-th0.9-dw3,scale_free,60,0.9,cascading,CENTRALISED,cspf,2,2225586967419470391,0.04271383000947365,0.03741655878925284,0.06359802927297821,0.0416055802310989,0.02686218874286639,315.32776806274666,35.6182333169475,155.13378557536203,,0.0,True,176,0,127,0.9,3,False,232,0.0,0.0,,0.30600549999508075,5,20763,1.2443696000264026
a9-ceiling,scale_free-n60-load0.9-cascading-centralised-th0.9-dw3,scale_free,60,0.9,cascading,CENTRALISED,orbit,2,2225586967419470391,0.05691680709293942,0.06590095717547807,0.10280513513234349,0.04150451943232727,0.025963329769888077,420.1788915181304,23.775256773200123,106.55868765184934,,,True,251,1,126,0.9,3,False,232,0.0,0.12490248612725846,,0.32319829997140914,5,20681,1.2713205999752972
a9-ceiling,scale_free-n60-load0.9-cascading-centralised-th0.9-dw3,scale_free,60,0.9,cascading,CENTRALISED,orbit-ceiling-0.6,2,2225586967419470391,0.30658981057824536,0.4446596809998506,0.5554248829095513,0.20406340587173408,0.10688354726952629,2263.3484437938764,3.880814175257058,8.106428094644203,,0.2,True,55,0,0,0.9,3,False,232,0.30000000000000004,0.9008165642760655,,0.08036049999645911,2,14554,1.43103420000989
a9-ceiling,scale_free-n60-load0.9-cascading-centralised-th0.9-dw3,scale_free,60,0.9,cascading,CENTRALISED,orbit-ceiling-0.7,2,2225586967419470391,0.37071087509387163,0.7698106477791201,0.7263327315576411,0.15308474734299585,0.05030805889595844,2736.7115712641908,3.909305500380487,8.147640256454252,,0.0,True,61,0,0,0.9,3,False,232,0.30000000000000004,0.9300777268396955,,0.079275800002506,2,13676,1.70493560002069
a9-ceiling,scale_free-n60-load0.9-cascading-centralised-th0.9-dw3,scale_free,60,0.9,cascading,CENTRALISED,orbit-ceiling-0.8,2,2225586967419470391,0.4131156247249385,0.9481503668975758,0.8134939065299104,0.12615083247622222,0.052861883545567666,3049.7576046790873,3.7669277698328494,6.208431582938149,,0.0,True,64,0,0,0.9,3,False,232,0.30000000000000004,0.9401735002664307,,0.10084750002715737,2,13248,1.8206806000089273
a9-ceiling,scale_free-n60-load0.9-cascading-centralised-th0.9-dw3,scale_free,60,0.9,cascading,CENTRALISED,orbit-ceiling-0.9,2,2225586967419470391,0.4937971197848604,0.9481503668975758,0.875145687334664,0.2540079568366351,0.14188500267266477,3645.3753649119676,3.9422364134066785,7.326488359753174,,0.2,True,81,0,0,0.9,3,False,232,0.30000000000000004,0.9401735002664307,,0.10728560001007281,2,10850,2.28570929999114
a9-ceiling,scale_free-n60-load0.9-cascading-centralised-th0.9-dw3,scale_free,60,0.9,cascading,CENTRALISED,orbit-ceiling-0.95,2,2225586967419470391,0.38332412970223406,0.6503111800904239,0.5868968172484287,0.2881043376947195,0.13718623920941153,2829.8268321241967,3.870226743769283,7.241268970432833,,0.2,True,109,0,34,0.9,3,False,232,0.8,0.8520522144934213,,0.2537941000191495,8,13001,1.9646417000039946
a9-ceiling,scale_free-n60-load0.9-cascading-centralised-th0.9-dw3,scale_free,60,0.9,cascading,CENTRALISED,orbit-ceiling-1.0,2,2225586967419470391,0.12562664649486474,0.1595370973061894,0.11651540877599467,0.09869542477254314,0.1483136455942716,927.4178887645368,3.8476776862294106,6.190463855265053,,0.2,True,143,0,111,0.9,3,False,232,0.8,0.37918388289087007,,0.28128510000533424,8,19542,1.2771900999941863
a9-ceiling,scale_free-n60-load0.9-cascading-centralised-th0.9-dw3,scale_free,60,0.9,cascading,CENTRALISED,orbit-no-fallback,2,2225586967419470391,0.11583962041168454,0.18597519785634284,0.11299486030126071,0.07064973453867976,0.13321863312519097,855.1667914010688,3.6788687513287464,6.30442793790932,,0.0,True,150,5,113,0.9,3,False,232,0.6000000000000001,0.29199593451997446,,0.25273390000802465,6,19802,1.209771699999692
a9-ceiling,scale_free-n60-load0.9-cascading-centralised-th0.9-dw3,scale_free,60,0.9,cascading,CENTRALISED,spf-static,2,2225586967419470391,0.11389896280343183,0.05010764009058308,0.11127208470649369,0.10952140684274245,0.16261674994935393,840.8402083705004,7.091755521586671,52.03,0.0,0.0,False,0,0,48,0.9,3,False,232,0.0,0.2207607686814727,,0.03148230002261698,3,19110,0.8926894000032917
a9-ceiling,scale_free-n60-load0.9-cascading-centralised-th0.9-dw3,scale_free,60,0.9,cascading,CENTRALISED,cspf,3,6196941691978826040,0.029500111835470952,0.029042826723987544,0.022772164504346628,0.04566937163672491,0.014527726362402564,214.18177128409846,46.119975212404015,155.06938777414018,,,True,111,0,126,0.9,3,False,232,0.0,0.0,,0.25950040001771413,4,21406,1.1590760999824852
a9-ceiling,scale_free-n60-load0.9-cascading-centralised-th0.9-dw3,scale_free,60,0.9,cascading,CENTRALISED,orbit,3,6196941691978826040,0.03408804073225324,0.09167073235514182,0.02438572869809837,0.013506696539706774,0.039657271408061884,247.49183950074803,40.07888446211548,155.09882563181102,0.0,0.0,True,285,0,116,0.9,3,False,232,0.0,0.204541716192475,,0.4081476000137627,6,21057,1.3066156999848317
a9-ceiling,scale_free-n60-load0.9-cascading-centralised-th0.9-dw3,scale_free,60,0.9,cascading,CENTRALISED,orbit-ceiling-0.6,3,6196941691978826040,0.2657039695087831,0.47922402125267943,0.58234895356852,0.1020074920323127,0.0656882057314618,1929.1095282621911,4.064271878151327,9.150703301850733,,0.0,True,49,0,0,0.9,3,False,232,0.0,0.8155143280823924,,0.06934089999413118,2,15410,1.354974999994738
a9-ceiling,scale_free-n60-load0.9-cascading-centralised-th0.9-dw3,scale_free,60,0.9,cascading,CENTRALISED,orbit-ceiling-0.7,3,6196941691978826040,0.32887118156500605,0.9241287125739764,0.5709326237932537,0.12832478267556777,0.042164130879033486,2387.726954553182,4.262704476801109,8.209222136201452,,0.0,True,54,0,0,0.9,3,False,232,0.30000000000000004,0.9395306470936892,,0.08654590000514872,2,14704,1.513628599990625
a9-ceiling,scale_free-n60-load0.9-cascading-centralised-th0.9-dw3,scale_free,60,0.9,cascading,CENTRALISED,orbit-ceiling-0.8,3,6196941691978826040,0.3562955849134837,0.9488909356742786,0.6764800759784328,0.1309764680661967,0.029401047843641462,2586.8383110912896,4.5375091882430665,9.257209997462418,,0.2,True,61,0,0,0.9,3,False,232,0.30000000000000004,0.9410280027010859,,0.09700169999268837,2,13676,1.8192368999880273
a9-ceiling,scale_free-n60-load0.9-cascading-centralised-th0.9-dw3,scale_free,60,0.9,cascading,CENTRALISED,orbit-ceiling-0.9,3,6196941691978826040,0.4242825479226813,0.948560772699608,0.8357573135658384,0.16831113778692067,0.08815523835428825,3080.4489198493075,4.385859253295595,9.399512719995265,,0.0,True,74,0,0,0.9,3,False,232,0.30000000000000004,0.9410280027010859,,0.10020789998816326,2,11986,2.138044399995124
a9-ceiling,scale_free-n60-load0.9-cascading-centralised-th0.9-dw3,scale_free,60,0.9,cascading,CENTRALISED,orbit-ceiling-0.95,3,6196941691978826040,0.1936083256445675,0.34163225148453513,0.2232090877597484,0.1066245798468044,0.20134291890569195,1405.668370112469,4.173739474981849,8.318977303816034,,0.7000000000000001,True,128,0,77,0.9,3,False,232,1.6,0.5110424513819722,,0.3428823999420274,10,17552,1.455939400009811
a9-ceiling,scale_free-n60-load0.9-cascading-centralised-th0.9-dw3,scale_free,60,0.9,cascading,CENTRALISED,orbit-ceiling-1.0,3,6196941691978826040,0.15162511359344003,0.38976674398541766,0.13886466750837428,0.12352470024740263,0.07205066623243855,1100.8546537626091,3.6221199538577555,10.02021097849401,0.2,0.2,True,112,0,94,0.9,3,False,232,0.30000000000000004,0.7313168363583722,,0.23307630000635982,5,18995,1.2049497999832965
a9-ceiling,scale_free-n60-load0.9-cascading-centralised-th0.9-dw3,scale_free,60,0.9,cascading,CENTRALISED,orbit-no-fallback,3,6196941691978826040,0.15247510190686828,0.42813238009775134,0.15837247443651353,0.09675342396455686,0.07164685407712679,1107.025884690688,3.5723908195510177,10.02021097849401,0.2,0.2,True,112,2,94,0.9,3,False,232,0.30000000000000004,0.7806028442621548,,0.20300590002443641,5,18859,1.207083999994211
a9-ceiling,scale_free-n60-load0.9-cascading-centralised-th0.9-dw3,scale_free,60,0.9,cascading,CENTRALISED,spf-static,3,6196941691978826040,0.06718627521204296,0.0935043858350401,0.06114077785316083,0.03217539149396251,0.10558168028351565,487.7973178933391,10.119287595909817,53.11711265961049,0.0,0.0,False,0,0,49,0.9,3,False,232,0.0,0.37861082980215294,,0.03126429999247193,2,20580,0.7870978999999352
a9-ceiling,scale_free-n60-load0.9-cascading-centralised-th0.9-dw3,scale_free,60,0.9,cascading,CENTRALISED,cspf,4,3080686158776530774,0.0287215583701655,0.030236854318010015,0.02336563343758557,0.04573074507520766,0.010085632226050918,214.49091235090734,44.82036253809904,153.0,,,True,159,0,114,0.9,3,False,232,0.0,0.0,,0.2763466000324115,4,21275,1.139532999979565
a9-ceiling,scale_free-n60-load0.9-cascading-centralised-th0.9-dw3,scale_free,60,0.9,cascading,CENTRALISED,orbit,4,3080686158776530774,0.04968936955826027,0.06855505853275339,0.04273386409665451,0.05500172707130121,0.03896664350068798,371.0772957836282,25.306313704959372,106.28451525518642,0.0,0.0,True,211,1,114,0.9,3,False,232,0.0,0.19518790385583432,,0.24970420001773164,4,20709,1.1707458999881055
a9-ceiling,scale_free-n60-load0.9-cascading-centralised-th0.9-dw3,scale_free,60,0.9,cascading,CENTRALISED,orbit-ceiling-0.6,4,3080686158776530774,0.27723394076679986,0.624063547525093,0.4661003308263296,0.1466324685903455,0.05997370423287887,2070.366799855702,4.0665593256509,7.128983390892506,,0.2,True,54,0,0,0.9,3,False,232,0.30000000000000004,0.9188427471015802,,0.0688572000071872,2,14682,1.4216133000154514
a9-ceiling,scale_free-n60-load0.9-cascading-centralised-th0.9-dw3,scale_free,60,0.9,cascading,CENTRALISED,orbit-ceiling-0.7,4,3080686158776530774,0.3144105677023066,0.6830857466907476,0.5996348687958544,0.13972495070994706,0.04364484927407145,2347.999668057213,4.418042895600948,9.209229441078385,,0.2,True,55,0,0,0.9,3,False,232,0.30000000000000004,0.9254017953760764,,0.07572590000927448,2,14554,1.5236402000009548
a9-ceiling,scale_free-n60-load0.9-cascading-centralised-th0.9-dw3,scale_free,60,0.9,cascading,CENTRALISED,orbit-ceiling-0.8,4,3080686158776530774,0.38951215190537225,0.883197091759465,0.6851761689479774,0.1879922274539346,0.07343673909958126,2908.8538914633787,4.308915196503314,9.231484868009858,,0.0,True,65,0,0,0.9,3,False,232,0.30000000000000004,0.8652274135686074,,0.08785999999963678,2,13076,1.8257319999975152
a9-ceiling,scale_free-n60-load0.9-cascading-centralised-th0.9-dw3,scale_free,60,0.9,cascading,CENTRALISED,orbit-ceiling-0.9,4,3080686158776530774,0.41615555137560045,0.883197091759465,0.7507591628515614,0.23575126239625002,0.045048109800422155,3107.8252351086853,4.481425116774256,10.32180375297279,,0.0,True,69,0,0,0.9,3,False,232,0.30000000000000004,0.8652274135686074,,0.09511719999136403,2,12432,2.0396271999925375
a9-ceiling,scale_free-n60-load0.9-cascading-centralised-th0.9-dw3,scale_free,60,0.9,cascading,CENTRALISED,orbit-ceiling-0.95,4,3080686158776530774,0.28790229271037837,0.6172533674466293,0.4505199647729316,0.17240454572122757,0.08752423408027266,2150.037426085916,4.480515026215224,8.413992208168224,,0.0,True,100,0,38,0.9,3,False,232,0.6000000000000001,0.7910738322335884,,0.21550140000181273,8,15418,1.5419710999995004
a9-ceiling,scale_free-n60-load0.9-cascading-centralised-th0.9-dw3,scale_free,60,0.9,cascading,CENTRALISED,orbit-ceiling-1.0,4,3080686158776530774,0.13336971939745168,0.30761101634957294,0.19489010319470532,0.0701814245268088,0.05612345955088561,995.9972375057126,4.002907577339356,7.415258413006336,,,True,127,0,99,0.9,3,False,232,0.1,0.5718516523124434,,0.22410910003236495,6,18783,1.2555569999967702
a9-ceiling,scale_free-n60-load0.9-cascading-centralised-th0.9-dw3,scale_free,60,0.9,cascading,CENTRALISED,orbit-no-fallback,4,3080686158776530774,0.13136577509164024,0.27328710073605145,0.20540637849991322,0.04335553701266689,0.0935061556187627,981.0318990336752,4.169251945896506,7.393792243526696,,0.0,True,132,6,97,0.9,3,False,232,0.1,0.4914836741781324,,0.2662440999993123,7,19045,1.269407499989029
a9-ceiling,scale_free-n60-load0.9-cascading-centralised-th0.9-dw3,scale_free,60,0.9,cascading,CENTRALISED,spf-static,4,3080686158776530774,0.07969334440292085,0.09966451365518034,0.06655708284709771,0.10108319927859974,0.05272286987672119,595.1452191059878,9.383269978127808,54.05608378561872,0.0,0.0,False,0,0,52,0.9,3,False,232,0.0,0.41293201035034277,,0.0301801000314299,2,20433,0.8095107999979518
a9-ceiling,scale_free-n60-load0.9-cascading-centralised-th0.9-dw3,scale_free,60,0.9,cascading,CENTRALISED,cspf,5,1879472072605190241,0.050820057440536824,0.11528016616753191,0.02410989287595439,0.027346026569214213,0.0756281599932666,390.297187747127,26.647036501503678,107.22785349180177,,0.0,True,94,0,117,0.9,3,False,232,0.0,0.3061365562119585,,0.2874543000070844,5,20736,1.1983088999986649
a9-ceiling,scale_free-n60-load0.9-cascading-centralised-th0.9-dw3,scale_free,60,0.9,cascading,CENTRALISED,orbit,5,1879472072605190241,0.02883357683782462,0.056436400035604566,0.024985877654442653,0.007881806914735707,0.04612073097205459,221.44138592643773,42.63376103419975,156.09823704663114,,0.0,True,259,2,119,0.9,3,False,232,0.0,0.08722401192807303,,0.37392220000037923,5,21265,1.2721321000135504
a9-ceiling,scale_free-n60-load0.9-cascading-centralised-th0.9-dw3,scale_free,60,0.9,cascading,CENTRALISED,orbit-ceiling-0.6,5,1879472072605190241,0.25156963744125416,0.42316378054591514,0.3728264944846257,0.19719841123448004,0.08254263683585021,1932.0505910638083,3.9603109610190144,7.160076446185562,,0.0,True,47,0,0,0.9,3,False,232,0.30000000000000004,0.9302026064878389,,0.06991859996924177,2,15754,1.1884745000279509
a9-ceiling,scale_free-n60-load0.9-cascading-centralised-th0.9-dw3,scale_free,60,0.9,cascading,CENTRALISED,orbit-ceiling-0.7,5,1879472072605190241,0.3186153703837077,0.7770604012194801,0.5504309512616781,0.12091182996121681,0.048603411032863635,2446.9606941958777,4.165371187556756,8.180045846024717,0.0,0.2,False,54,0,0,0.9,3,False,232,0.30000000000000004,0.9564542865089551,,0.09170460002496839,2,14704,1.5000276999780908
a9-ceiling,scale_free-n60-load0.9-cascading-centralised-th0.9-dw3,scale_free,60,0.9,cascading,CENTRALISED,orbit-ceiling-0.8,5,1879472072605190241,0.39189263489499426,0.9177549494278862,0.7235593801993393,0.1158617505393698,0.07572343452794082,3009.7288551335446,4.159923732770455,8.269967866934511,0.0,0.0,False,59,0,0,0.9,3,False,232,0.30000000000000004,0.9629154167996071,,0.09074210000107996,2,14062,1.6585144000127912
a9-ceiling,scale_free-n60-load0.9-cascading-centralised-th0.9-dw3,scale_free,60,0.9,cascading,CENTRALISED,orbit-ceiling-0.9,5,1879472072605190241,0.4185174990296563,0.9177549494278862,0.7676502669322315,0.11921488582276915,0.1314582178962741,3214.2073645895184,4.159293891217053,7.2781362141459205,0.0,0.0,False,65,0,0,0.9,3,False,232,0.30000000000000004,0.9629154167996071,,0.10032600001432002,2,13162,1.8072007999871857
a9-ceiling,scale_free-n60-load0.9-cascading-centralised-th0.9-dw3,scale_free,60,0.9,cascading,CENTRALISED,orbit-ceiling-0.95,5,1879472072605190241,0.30491565999709663,0.8016857569057686,0.44750862476247233,0.10034402659750197,0.12481219781660068,2341.7471484791945,3.580981888251557,6.2177736262271,0.0,0.0,True,93,0,42,0.9,3,False,232,0.30000000000000004,0.964699624121494,,0.29166580000310205,7,15873,1.5251687999989372
a9-ceiling,scale_free-n60-load0.9-cascading-centralised-th0.9-dw3,scale_free,60,0.9,cascading,CENTRALISED,orbit-ceiling-1.0,5,1879472072605190241,0.18292410327812197,0.3749317686402486,0.3740901987696257,0.053548393765385435,0.026673813588708097,1404.8540414216002,3.964312254780649,7.264300468854135,0.0,0.0,True,110,0,80,0.9,3,False,232,0.0,0.7181713045391681,,0.2363591000030283,5,18440,1.2722408999979962
a9-ceiling,scale_free-n60-load0.9-cascading-centralised-th0.9-dw3,scale_free,60,0.9,cascading,CENTRALISED,orbit-no-fallback,5,1879472072605190241,0.17453666848411095,0.45429594922332095,0.2610724426648832,0.049983927343313826,0.07914435227730668,1340.4386830496574,3.634525212128945,5.227053826186034,,0.0,True,132,11,95,0.9,3,False,232,1.1,0.7720586585410739,,0.29923899995628744,8,18511,1.337245900009293
a9-ceiling,scale_free-n60-load0.9-cascading-centralised-th0.9-dw3,scale_free,60,0.9,cascading,CENTRALISED,spf-static,5,1879472072605190241,0.14083577769127972,0.20410285732823907,0.13965850135003807,0.1211908414055477,0.13126584663935836,1081.6164076831749,5.5782668002219316,3.1709089877024086,0.0,0.0,False,0,0,47,0.9,3,False,232,0.0,0.6829064747541782,,0.031889399979263544,2,18816,0.8659852999844588
a9-ceiling,scale_free-n60-load0.9-cascading-centralised-th0.9-dw3,scale_free,60,0.9,cascading,CENTRALISED,cspf,6,10481916229843943607,0.060479771238188956,0.05277293060396282,0.021088660224290158,0.05011261284250321,0.11512534125937421,483.28427040728724,27.022159930823328,106.1119246695545,,0.0,True,130,0,132,0.9,3,False,232,0.0,0.0975471309551635,,0.2660446999943815,4,20655,1.237456699978793
a9-ceiling,scale_free-n60-load0.9-cascading-centralised-th0.9-dw3,scale_free,60,0.9,cascading,CENTRALISED,orbit,6,10481916229843943607,0.03927306308437555,0.03396050845317711,0.028231877577645486,0.03567767396224363,0.05716444511488357,313.82482524019804,33.29923776892628,154.01573642515459,,,True,248,3,123,0.9,3,False,232,0.0,0.0,,0.3513047999877017,5,21215,1.2709513999870978
a9-ceiling,scale_free-n60-load0.9-cascading-centralised-th0.9-dw3,scale_free,60,0.9,cascading,CENTRALISED,orbit-ceiling-0.6,6,10481916229843943607,0.2659115784608275,0.4216045206911028,0.4475837795868295,0.25375815512269617,0.018070119765103868,2124.8572962218,3.843009691436699,9.177047508824886,0.2,0.2,True,49,0,0,0.9,3,False,232,0.30000000000000004,0.9999999999999999,,0.06876710001961328,2,15432,1.3026953999942634
a9-ceiling,scale_free-n60-load0.9-cascading-centralised-th0.9-dw3,scale_free,60,0.9,cascading,CENTRALISED,orbit-ceiling-0.7,6,10481916229843943607,0.3353045765107111,0.74792706939484,0.5438455880024889,0.23907811693707695,0.018070119765103868,2679.3657499961123,3.8321172662624203,7.164591636319166,0.0,0.0,False,57,0,0,0.9,3,False,232,0.30000000000000004,0.9999999999999999,,0.08578129997476935,2,14254,1.537070099991979
a9-ceiling,scale_free-n60-load0.9-cascading-centralised-th0.9-dw3,scale_free,60,0.9,cascading,CENTRALISED,orbit-ceiling-0.8,6,10481916229843943607,0.4102867053537075,0.9704251065668847,0.6674126366994441,0.2236238645013477,0.07119513690968753,3278.536062475585,3.6076680690490863,7.164416446417608,0.0,0.0,False,63,0,0,0.9,3,False,232,0.0,0.9658751229617857,,0.10622749998583458,2,13310,1.6964834000100382
a9-ceiling,scale_free-n60-load0.9-cascading-centralised-th0.9-dw3,scale_free,60,0.9,cascading,CENTRALISED,orbit-ceiling-0.9,6,10481916229843943607,0.44843781488299606,0.9995450016394907,0.7241041975189108,0.27049928077223817,0.08611879253588094,3583.39553460349,3.530937018098165,6.207748360738401,0.0,0.0,True,73,0,0,0.9,3,False,232,0.30000000000000004,1.0,,0.11695170000893995,2,11984,1.9266541999822948
a9-ceiling,scale_free-n60-load0.9-cascading-centralised-th0.9-dw3,scale_free,60,0.9,cascading,CENTRALISED,orbit-ceiling-0.95,6,10481916229843943607,0.27115410156110903,0.4812709151852686,0.40790660166549514,0.19646344180387798,0.11056338240164035,2166.7494677651516,3.2810303288861378,5.270510188782927,,0.0,True,123,0,62,0.9,3,False,232,2.6,0.7692476817229061,,0.3573251000489108,11,16525,1.5161102999991272
a9-ceiling,scale_free-n60-load0.9-cascading-centralised-th0.9-dw3,scale_free,60,0.9,cascading,CENTRALISED,orbit-ceiling-1.0,6,10481916229843943607,0.24547602747333516,0.43697949165554595,0.3054755238852165,0.15090058826991476,0.192991294376598,1961.560045799579,3.289392869053617,7.594376828492338,0.0,0.5,True,119,0,75,0.9,3,False,232,0.6000000000000001,0.7556009635088985,,0.3008644000219647,8,17272,1.3813863999966998
a9-ceiling,scale_free-n60-load0.9-cascading-centralised-th0.9-dw3,scale_free,60,0.9,cascading,CENTRALISED,orbit-no-fallback,6,10481916229843943607,0.18012937422637315,0.3487776783296009,0.1909811863885194,0.1149554131988121,0.1529827396907661,1439.3852922999374,3.200039203661702,6.447690265872616,,0.0,True,135,9,91,0.9,3,False,232,1.3,0.6257404883657638,,0.4281220000120811,10,18680,1.4186166000145022
a9-ceiling,scale_free-n60-load0.9-cascading-centralised-th0.9-dw3,scale_free,60,0.9,cascading,CENTRALISED,spf-static,6,10481916229843943607,0.12082926666388676,0.043502492007643376,0.10682883828908159,0.15300489991827165,0.1392749082340795,965.5275274360096,7.212935804542874,52.03176826045251,0.0,0.0,False,0,0,51,0.9,3,False,232,0.0,0.1791768399427142,,0.031432899995706975,2,19404,0.8790675999771338
a9-ceiling,scale_free-n60-load0.9-cascading-centralised-th0.9-dw3,scale_free,60,0.9,cascading,CENTRALISED,cspf,7,15902366928440803490,0.028727122475081895,0.033900326678791136,0.019496800242680214,0.03701230173155835,0.023111884652333,237.08939428131518,47.29112489536484,155.03,,,True,172,0,124,0.9,3,False,232,0.0,0.0,,0.302308499958599,4,21230,1.2032794999831822
a9-ceiling,scale_free-n60-load0.9-cascading-centralised-th0.9-dw3,scale_free,60,0.9,cascading,CENTRALISED,orbit,7,15902366928440803490,0.028244827134551766,0.0376938285042607,0.04396922006793896,0.029518984007784698,0.00688306991761998,233.10893608365984,45.04687535355463,155.2241428239535,,0.0,True,287,1,122,0.9,3,False,232,0.0,0.0,,0.3525062999688089,4,21313,1.247952500008978
a9-ceiling,scale_free-n60-load0.9-cascading-centralised-th0.9-dw3,scale_free,60,0.9,cascading,CENTRALISED,orbit-ceiling-0.6,7,15902366928440803490,0.24766517524599937,0.5016304556667122,0.5035884122775045,0.1272846508313382,0.028882604239362158,2044.0190776010668,3.346782414688166,5.121357287031311,,0.0,True,49,0,0,0.9,3,False,232,0.30000000000000004,0.9400685843178478,,0.07379979998222552,2,15454,1.2881167999876197
a9-ceiling,scale_free-n60-load0.9-cascading-centralised-th0.9-dw3,scale_free,60,0.9,cascading,CENTRALISED,orbit-ceiling-0.7,7,15902366928440803490,0.3098836076031559,0.6912199393392505,0.585091510858163,0.13212016261720338,0.0759974220926036,2557.5174432479093,3.7538906467359543,7.175473122469418,0.2,0.2,False,54,0,0,0.9,3,False,232,0.30000000000000004,1.0,,0.08284340004320256,2,14704,1.4541431999823544
a9-ceiling,scale_free-n60-load0.9-cascading-centralised-th0.9-dw3,scale_free,60,0.9,cascading,CENTRALISED,orbit-ceiling-0.8,7,15902366928440803490,0.35936415788044057,0.8952478716041767,0.6899344682516381,0.13826470395681623,0.04345996540017298,2965.888093810749,3.9390316979736126,7.1866733075784275,0.2,0.2,False,60,0,0,0.9,3,False,232,0.30000000000000004,0.9523101942574048,,0.09748729999409989,2,13804,1.735252100013895
a9-ceiling,scale_free-n60-load0.9-cascading-centralised-th0.9-dw3,scale_free,60,0.9,cascading,CENTRALISED,orbit-ceiling-0.9,7,15902366928440803490,0.39501008018885103,0.9443541550109448,0.7242622484270416,0.18138628366344126,0.06261994603066373,3260.0794154800374,3.9043814417001403,7.297075696412137,,0.0,True,66,0,0,0.9,3,False,232,0.30000000000000004,0.936479055896054,,0.11146780001581647,2,12948,1.8596696000022348
a9-ceiling,scale_free-n60-load0.9-cascading-centralised-th0.9-dw3,scale_free,60,0.9,cascading,CENTRALISED,orbit-ceiling-0.95,7,15902366928440803490,0.3597067765238336,0.7543297300105022,0.6031363094367871,0.2080375961897202,0.1123204420536001,2968.715778578063,3.7130695907986033,6.332546047801413,,0.0,True,89,0,23,0.9,3,False,232,0.30000000000000004,0.8877726856910704,,0.1820669999870006,4,13983,1.6839414999994915
a9-ceiling,scale_free-n60-load0.9-cascading-centralised-th0.9-dw3,scale_free,60,0.9,cascading,CENTRALISED,orbit-ceiling-1.0,7,15902366928440803490,0.22148443158761472,0.3768367557233578,0.4087036198366866,0.134479504349296,0.07762803715135273,1827.9453423640985,3.529281811107736,8.129192237621249,,0.2,True,106,0,67,0.9,3,False,232,1.3,0.6872253466985814,,0.3093172000080813,7,17543,1.3753837999829557
a9-ceiling,scale_free-n60-load0.9-cascading-centralised-th0.9-dw3,scale_free,60,0.9,cascading,CENTRALISED,orbit-no-fallback,7,15902366928440803490,0.21208351169049183,0.5567879042702212,0.31290565628485384,0.10241233663081202,0.06685715502817097,1750.3580933791243,3.637796230665563,6.253127996682134,,0.0,True,119,9,73,0.9,3,False,232,0.8,0.8695924557900443,,0.3509360000025481,8,17623,1.4237979000026826
a9-ceiling,scale_free-n60-load0.9-cascading-centralised-th0.9-dw3,scale_free,60,0.9,cascading,CENTRALISED,spf-static,7,15902366928440803490,0.09542846117227181,0.12462664384261513,0.1420721140707102,0.07237137451709365,0.06691148657418766,787.58588077024,7.598927238096537,52.46183593979018,0.0,0.0,False,0,0,52,0.9,3,False,232,0.0,0.48621156427806783,,0.030399900017073378,3,19992,0.8356724999903236
a9-ceiling,scale_free-n60-load0.9-cascading-centralised-th0.9-dw3,scale_free,60,0.9,cascading,CENTRALISED,cspf,8,10482090051068808452,0.05151690091382463,0.10019333830627525,0.050482362903071794,0.061298251600857806,0.012527461364157052,402.4273983590202,25.898174608602066,105.11154344959131,,,True,132,0,116,0.9,3,False,232,0.0,0.20902160172998643,,0.33755669998936355,5,20723,1.239832999999635
a9-ceiling,scale_free-n60-load0.9-cascading-centralised-th0.9-dw3,scale_free,60,0.9,cascading,CENTRALISED,orbit,8,10482090051068808452,0.07163169450980363,0.1376532488945405,0.05196274437404427,0.08880155866432807,0.03195633822854641,559.5553294218585,17.96805760785344,104.17658778481888,,0.2,True,253,1,110,0.9,3,False,232,0.30000000000000004,0.31580282066259674,,0.3922696000081487,5,20413,1.31485250001424
a9-ceiling,scale_free-n60-load0.9-cascading-centralised-th0.9-dw3,scale_free,60,0.9,cascading,CENTRALISED,orbit-ceiling-0.6,8,10482090051068808452,0.29986124907015116,0.42217570423129336,0.32631977951764524,0.44598271389015587,0.028501735036503537,2342.384347494872,3.249005960987546,6.081999581387479,0.2,0.2,False,55,0,0,0.9,3,False,232,0.30000000000000004,1.0,,0.07733349996851757,2,14532,1.4201472999993712
a9-ceiling,scale_free-n60-load0.9-cascading-centralised-th0.9-dw3,scale_free,60,0.9,cascading,CENTRALISED,orbit-ceiling-0.7,8,10482090051068808452,0.3821337164708281,0.6982176486884477,0.6383381218396067,0.27468621386018466,0.07574755695791607,2985.060720206317,3.507395334337691,7.176220241170935,,0.0,True,62,0,0,0.9,3,False,232,0.30000000000000004,0.908612227161573,,0.09080389997689053,2,13656,1.572082499973476
a9-ceiling,scale_free-n60-load0.9-cascading-centralised-th0.9-dw3,scale_free,60,0.9,cascading,CENTRALISED,orbit-ceiling-0.8,8,10482090051068808452,0.39925478179521207,0.9399425360929429,0.6864483118710271,0.19973774576442604,0.04163711637867088,3118.802961168209,3.5341511910120817,6.189756671724884,,0.0,True,61,0,0,0.9,3,False,232,0.30000000000000004,0.9307029262610894,,0.1096110999933444,2,13654,1.634751600009622
a9-ceiling,scale_free-n60-load0.9-cascading-centralised-th0.9-dw3,scale_free,60,0.9,cascading,CENTRALISED,orbit-ceiling-0.9,8,10482090051068808452,0.43397758346068244,0.9633690124794985,0.7125737706698322,0.27613418810620727,0.04163711637867088,3390.0422339137813,3.6961706525394225,8.141660911393622,0.2,0.2,False,70,0,0,0.9,3,False,232,0.30000000000000004,0.958155828276583,,0.10976439999649301,2,12608,1.8739671999937855
a9-ceiling,scale_free-n60-load0.9-cascading-centralised-th0.9-dw3,scale_free,60,0.9,cascading,CENTRALISED,orbit-ceiling-0.95,8,10482090051068808452,0.34985190673491173,0.8138027660856657,0.4422979322348177,0.24983154358746332,0.1086791699635291,2732.889404076943,3.476130354441494,7.200414556399478,,0.0,True,101,0,39,0.9,3,False,232,1.6,0.924519269295922,,0.28902820000075735,9,14566,1.6534902999992482
a9-ceiling,scale_free-n60-load0.9-cascading-centralised-th0.9-dw3,scale_free,60,0.9,cascading,CENTRALISED,orbit-ceiling-1.0,8,10482090051068808452,0.21667924896364493,0.34879786334568064,0.24342086215256686,0.17432215587013802,0.16414279140433197,1692.6031048468296,3.0139952097367697,5.17934646856732,,0.0,True,121,0,79,0.9,3,False,232,0.6000000000000001,0.6626293846572583,,0.37897089996840805,8,17899,1.3724453000177164
a9-ceiling,scale_free-n60-load0.9-cascading-centralised-th0.9-dw3,scale_free,60,0.9,cascading,CENTRALISED,orbit-no-fallback,8,10482090051068808452,0.20004691864946544,0.4032486990769584,0.16479751549222016,0.15556096458317858,0.16929549137728303,1562.678647081418,3.070863251076908,7.406049057819152,,0.0,True,135,12,81,0.9,3,False,232,0.6000000000000001,0.6863374952253692,,0.32973540003877133,7,17880,1.3422300000092946
a9-ceiling,scale_free-n60-load0.9-cascading-centralised-th0.9-dw3,scale_free,60,0.9,cascading,CENTRALISED,spf-static,8,10482090051068808452,0.1702295475090745,0.24120603772937815,0.12137273941450916,0.2257008682739235,0.11052991861471567,1329.758442622597,4.485792528715598,4.0588720743936095,0.0,0.0,False,0,0,36,0.9,3,False,232,0.0,0.676066999001964,,0.03074940000078641,3,18081,0.9203014000086114
a9-ceiling,scale_free-n60-load0.9-cascading-centralised-th0.9-dw3,scale_free,60,0.9,cascading,CENTRALISED,cspf,9,7634962571501669575,0.04399249008666996,0.027638227983702142,0.02047604633244984,0.04760331664728191,0.07119252737408324,352.5092947489096,27.857402056184643,105.04552340600043,,0.0,True,88,0,117,0.9,3,False,232,0.0,0.0,,0.2675237999937963,4,21179,1.150592099991627
a9-ceiling,scale_free-n60-load0.9-cascading-centralised-th0.9-dw3,scale_free,60,0.9,cascading,CENTRALISED,orbit,9,7634962571501669575,0.023498701980943885,0.037511650332814894,0.025131020376727,0.02623952814434188,0.010248848559216112,188.2937484670207,51.84144957225926,154.06793711513916,,,True,269,1,124,0.9,3,False,232,0.0,0.0,,0.40507889998843893,6,21504,1.2987749000021722
a9-ceiling,scale_free-n60-load0.9-cascading-centralised-th0.9-dw3,scale_free,60,0.9,cascading,CENTRALISED,orbit-ceiling-0.6,9,7634962571501669575,0.25923364669466736,0.534898286411279,0.4158898187316217,0.20945491669018373,0.023615743011005316,2077.224312410874,3.622556963761179,8.12849185494437,,0.0,True,49,0,0,0.9,3,False,232,0.30000000000000004,0.9203541955441079,,0.07853070000419393,2,15432,1.2453439000237267
a9-ceiling,scale_free-n60-load0.9-cascading-centralised-th0.9-dw3,scale_free,60,0.9,cascading,CENTRALISED,orbit-ceiling-0.7,9,7634962571501669575,0.34232690595421,0.791560742293038,0.6087124646453816,0.19665813759126566,0.04011153784346726,2743.0458233611057,3.677571307373418,6.131463406250388,,0.0,True,57,0,0,0.9,3,False,232,0.30000000000000004,0.904484485297407,,0.09116100001847371,2,14232,1.4923575000138953
a9-ceiling,scale_free-n60-load0.9-cascading-centralised-th0.9-dw3,scale_free,60,0.9,cascading,CENTRALISED,orbit-ceiling-0.8,9,7634962571501669575,0.4257731777757111,0.8741001977532034,0.6544873208833218,0.2836732387361404,0.15644838672891606,3411.6960036821397,3.359890606522322,6.2591840960813085,,0.2,True,71,0,0,0.9,3,False,232,0.30000000000000004,0.9128223697839423,,0.10848000002442859,2,12284,1.7171260000031907
a9-ceiling,scale_free-n60-load0.9-cascading-centralised-th0.9-dw3,scale_free,60,0.9,cascading,CENTRALISED,orbit-ceiling-0.9,9,7634962571501669575,0.4374893355011977,0.9053467801344595,0.6745054534045642,0.30342757417340527,0.13762933466665603,3505.5769021909896,3.4987947885836697,6.2591840960813085,0.2,0.2,False,73,0,0,0.9,3,False,232,0.30000000000000004,0.9515485058307656,,0.12267879999126308,2,12114,1.8004353999858722
a9-ceiling,scale_free-n60-load0.9-cascading-centralised-th0.9-dw3,scale_free,60,0.9,cascading,CENTRALISED,orbit-ceiling-0.95,9,7634962571501669575,0.3036516887889526,0.5757193921587245,0.46846963590456253,0.18895402722824545,0.15521622694979828,2433.1435309396816,3.740067353131253,6.3474469512795615,0.5,0.5,True,107,0,44,0.9,3,False,232,0.6000000000000001,0.8894263919506531,,0.2634144000185188,7,15183,1.5644720999989659
a9-ceiling,scale_free-n60-load0.9-cascading-centralised-th0.9-dw3,scale_free,60,0.9,cascading,CENTRALISED,orbit-ceiling-1.0,9,7634962571501669575,0.18724673844294362,0.23490063441419637,0.20602715302532898,0.17270126924269058,0.16332483513790705,1500.3973537873449,3.1927771872144097,6.2297433753189235,,0.0,True,128,0,89,0.9,3,False,232,1.1,0.6329887727222132,,0.3321878000278957,8,18446,1.331232299999101
a9-ceiling,scale_free-n60-load0.9-cascading-centralised-th0.9-dw3,scale_free,60,0.9,cascading,CENTRALISED,orbit-no-fallback,9,7634962571501669575,0.206661267633366,0.3541769493389843,0.236027875283424,0.16383549248324655,0.15810266068155382,1655.964860407563,3.0001785190639056,6.212331338510254,,0.0,True,128,5,85,0.9,3,False,232,0.30000000000000004,0.6566289814601957,,0.25698759997612797,6,17771,1.2984588000108488
a9-ceiling,scale_free-n60-load0.9-cascading-centralised-th0.9-dw3,scale_free,60,0.9,cascading,CENTRALISED,spf-static,9,7634962571501669575,0.09038123950994367,0.10695288710833248,0.09170706509407557,0.0923403133769064,0.07715777967906375,724.2196778453423,7.372534324328108,53.02219540932575,0.0,0.0,False,0,0,44,0.9,3,False,232,0.0,0.45476726610088425,,0.03007220002473332,2,19992,0.7964492999890354
a9-ceiling,scale_free-n60-load0.9-cascading-centralised-th0.9-dw3,scale_free,60,0.9,cascading,CENTRALISED,cspf,10,9723117558920786488,0.048684108329063155,0.08240574273721568,0.042039979495689744,0.052698044558012094,0.026679602993734924,376.3090424425598,30.67528298002035,154.01715852570211,,,True,129,0,128,0.9,3,False,232,0.1,0.1986358997378972,,0.3209889999998268,6,20903,1.2475763999973424
a9-ceiling,scale_free-n60-load0.9-cascading-centralised-th0.9-dw3,scale_free,60,0.9,cascading,CENTRALISED,orbit,10,9723117558920786488,0.04954635280022015,0.0855028795116335,0.06827549324970911,0.026174403737242103,0.040125132869363464,382.9738536597918,26.02973287681178,106.17359849388772,,,True,252,0,111,0.9,3,False,232,0.0,0.18288747105499195,,0.40233489993261173,5,20690,1.301916299998993
a9-ceiling,scale_free-n60-load0.9-cascading-centralised-th0.9-dw3,scale_free,60,0.9,cascading,CENTRALISED,orbit-ceiling-0.6,10,9723117558920786488,0.27724896103439256,0.415456424127841,0.38559511812482633,0.25935209251705105,0.09681029787971966,2143.025611968819,3.531887447124098,6.127698761032909,0.2,0.2,True,52,0,0,0.9,3,False,232,0.30000000000000004,1.0,,0.07502690001274459,2,14982,1.2639207000029273
a9-ceiling,scale_free-n60-load0.9-cascading-centralised-th0.9-dw3,scale_free,60,0.9,cascading,CENTRALISED,orbit-ceiling-0.7,10,9723117558920786488,0.3593872452595599,0.8912415643823989,0.6112816340423095,0.12206698111347344,0.0858770406661827,2777.9222989067084,3.834199684947303,6.152729284152892,,0.2,True,56,0,0,0.9,3,False,232,0.30000000000000004,0.9417124624283179,,0.09270009997999296,2,14404,1.5235890000185464
a9-ceiling,scale_free-n60-load0.9-cascading-centralised-th0.9-dw3,scale_free,60,0.9,cascading,CENTRALISED,orbit-ceiling-0.8,10,9723117558920786488,0.3619269100190866,0.9525828418509985,0.6436822377677631,0.1166918083020176,0.028983836502494337,2797.5529103440776,4.1426792888435315,9.297816276289817,,0.2,True,58,0,0,0.9,3,False,232,0.30000000000000004,0.9452878944434635,,0.08736590002081357,2,14148,1.665294400008861
a9-ceiling,scale_free-n60-load0.9-cascading-centralised-th0.9-dw3,scale_free,60,0.9,cascading,CENTRALISED,orbit-ceiling-0.9,10,9723117558920786488,0.40274184212687303,0.9525828418509985,0.6988636993511519,0.16005389244428875,0.0788985596130367,3113.0363102869346,4.138408438646489,9.336774280558343,,0.2,True,66,0,0,0.9,3,False,232,0.30000000000000004,0.9452878944434635,,0.10233420002623461,2,12948,1.8838847999868449
a9-ceiling,scale_free-n60-load0.9-cascading-centralised-th0.9-dw3,scale_free,60,0.9,cascading,CENTRALISED,orbit-ceiling-0.95,10,9723117558920786488,0.2255108795709309,0.3956195248972326,0.2397841487596287,0.18758187430208603,0.15083523697512086,1743.1105562850812,3.421060817734101,6.192858884396652,,0.2,True,128,0,77,0.9,3,False,232,0.8,0.6820361458393712,,0.31054930001846515,8,16852,1.4566694000095595
a9-ceiling,scale_free-n60-load0.9-cascading-centralised-th0.9-dw3,scale_free,60,0.9,cascading,CENTRALISED,orbit-ceiling-1.0,10,9723117558920786488,0.1231873207639911,0.18014863630044525,0.16018837364288818,0.12759860782699292,0.03934904588346977,952.1896222157635,3.2065096671178925,6.096348868265009,,0.0,True,138,0,113,0.9,3,False,232,1.1,0.34263076208465715,,0.3654782000230625,10,19507,1.34131879999768
a9-ceiling,scale_free-n60-load0.9-cascading-centralised-th0.9-dw3,scale_free,60,0.9,cascading,CENTRALISED,orbit-no-fallback,10,9723117558920786488,0.13873807888288606,0.2344795794084418,0.18785207386593702,0.09520079837225287,0.08678777916234094,1072.3908767488324,3.583468725696029,6.230109233706088,,0.5,True,133,4,106,0.9,3,False,232,0.6000000000000001,0.4036727776697813,,0.27139869998791255,7,19051,1.2769811000034679
a9-ceiling,scale_free-n60-load0.9-cascading-centralised-th0.9-dw3,scale_free,60,0.9,cascading,CENTRALISED,spf-static,10,9723117558920786488,0.1633499104685625,0.19410732711091735,0.1257417891736439,0.20606831328498224,0.11833510899307267,1262.6306715123014,4.835793349509009,3.072040402339206,0.0,0.0,False,0,0,42,0.9,3,False,232,0.0,0.6679796069121677,,0.030698099988512695,2,18228,0.9019070999929681
a9-ceiling,scale_free-n60-load0.9-cascading-centralised-th0.9-dw3,scale_free,60,0.9,cascading,CENTRALISED,cspf,11,5314029030686934564,0.04710011886296898,0.05572844738261493,0.03578163666097259,0.052658339081435065,0.04477574951279414,345.1970619980876,30.481666754196514,154.0157223400654,,0.0,True,146,0,115,0.9,3,False,232,0.0,0.10117976366666587,,0.26621690002502874,4,20592,1.1906141999934334
a9-ceiling,scale_free-n60-load0.9-cascading-centralised-th0.9-dw3,scale_free,60,0.9,cascading,CENTRALISED,orbit,11,5314029030686934564,0.05388425113941575,0.0617205641803647,0.05644368926557825,0.06797441124065294,0.02671434980757021,394.91800934535723,26.571550864549383,153.0,,,True,287,1,119,0.9,3,False,232,0.0,0.08371667983087704,,0.33564659996773116,4,20568,1.3044530000188388
a9-ceiling,scale_free-n60-load0.9-cascading-centralised-th0.9-dw3,scale_free,60,0.9,cascading,CENTRALISED,orbit-ceiling-0.6,11,5314029030686934564,0.2720385818843745,0.33770457530762105,0.5456966458495637,0.19648731614627954,0.06325653420631444,1993.772446515919,3.653339285687691,6.1157608135478245,,0.0,True,52,0,0,0.9,3,False,232,0.30000000000000004,0.8971941710038864,,0.079961400013417,2,14982,1.3561719999997877
a9-ceiling,scale_free-n60-load0.9-cascading-centralised-th0.9-dw3,scale_free,60,0.9,cascading,CENTRALISED,orbit-ceiling-0.7,11,5314029030686934564,0.35470117403065465,0.6168708141588948,0.7527848736171516,0.16772465102106376,0.045333094348714686,2599.607094811823,3.6727318938660263,6.108692435048028,,0.0,True,61,0,0,0.9,3,False,232,0.0,0.8976334396255963,,0.08937200001673773,2,13740,1.6913057999918237
a9-ceiling,scale_free-n60-load0.9-cascading-centralised-th0.9-dw3,scale_free,60,0.9,cascading,CENTRALISED,orbit-ceiling-0.8,11,5314029030686934564,0.41590705708961073,0.9281483424182613,0.6460522845277094,0.25747115193411313,0.06444107019995914,3048.185389707836,3.9578907982235108,7.187320206522878,,0.0,True,67,0,0,0.9,3,False,232,0.30000000000000004,0.9413043111790133,,0.09541929999249987,2,12884,1.8193257999955676
a9-ceiling,scale_free-n60-load0.9-cascading-centralised-th0.9-dw3,scale_free,60,0.9,cascading,CENTRALISED,orbit-ceiling-0.9,11,5314029030686934564,0.42259579039546474,0.9171956878166324,0.6576475017962128,0.2608762489496124,0.08266509864012486,3097.2071574105266,4.47066694138876,8.350873504303856,,0.0,True,68,0,0,0.9,3,False,232,0.30000000000000004,0.9044565628653496,,0.09685689999605529,2,12712,1.9137955000041984
a9-ceiling,scale_free-n60-load0.9-cascading-centralised-th0.9-dw3,scale_free,60,0.9,cascading,CENTRALISED,orbit-ceiling-0.95,11,5314029030686934564,0.2745241779171325,0.4854509094662533,0.4588102300264815,0.1856566197588526,0.07441624048431235,2011.9893951889885,4.009528010587051,6.239119165741116,,0.2,True,107,0,50,0.9,3,False,232,0.30000000000000004,0.6642977220215933,,0.2825136999890674,7,15864,1.5764158999954816
a9-ceiling,scale_free-n60-load0.9-cascading-centralised-th0.9-dw3,scale_free,60,0.9,cascading,CENTRALISED,orbit-ceiling-1.0,11,5314029030686934564,0.1402227780083617,0.23465973420146977,0.20576346877554935,0.12746791366787172,0.030073646803767517,1027.6936059232125,4.204065515266489,8.260659800712205,,,True,125,0,97,0.9,3,False,232,0.1,0.49596378232072186,,0.22909280002932064,5,19322,1.2034784999850672
a9-ceiling,scale_free-n60-load0.9-cascading-centralised-th0.9-dw3,scale_free,60,0.9,cascading,CENTRALISED,orbit-no-fallback,11,5314029030686934564,0.15665920386737114,0.3289281939246405,0.18553899989578485,0.12489816041472761,0.056478112001778415,1148.1562725416677,4.157719034320358,7.592761149712981,,0.0,True,123,5,84,0.9,3,False,232,1.1,0.658438588459931,,0.3690175999654457,8,18892,1.350219299987657
a9-ceiling,scale_free-n60-load0.9-cascading-centralised-th0.9-dw3,scale_free,60,0.9,cascading,CENTRALISED,spf-static,11,5314029030686934564,0.09981933808394665,0.1440144483219613,0.15092339695067974,0.08263848820994499,0.04364184845660472,731.5765452189383,9.097020026283115,53.063265168522015,0.0,0.0,False,0,0,55,0.9,3,False,232,0.0,0.5320695953804865,,0.028432499966584146,2,19698,0.8830671999894548
a9-ceiling,scale_free-n60-load0.9-cascading-centralised-th0.9-dw3,scale_free,60,0.9,cascading,CENTRALISED,cspf,12,16903995477801950000,0.06321339848401601,0.02719401502008109,0.03043963338748587,0.11765314088814402,0.043803635972714604,529.3311350720712,18.25652489852919,103.0521092646341,,0.2,True,122,0,97,0.9,3,False,232,0.30000000000000004,0.0,,0.34905279998201877,5,20399,1.2169346000009682
a9-ceiling,scale_free-n60-load0.9-cascading-centralised-th0.9-dw3,scale_free,60,0.9,cascading,CENTRALISED,orbit,12,16903995477801950000,0.05061940500393433,0.03432611360547542,0.07562516902073586,0.037548379417321004,0.05346903365631558,423.8725926779687,25.606161309439873,107.114,,0.0,True,284,0,117,0.9,3,False,232,0.1,0.0,,0.44571060000453144,7,20594,1.367259999999078
a9-ceiling,scale_free-n60-load0.9-cascading-centralised-th0.9-dw3,scale_free,60,0.9,cascading,CENTRALISED,orbit-ceiling-0.6,12,16903995477801950000,0.23649520745282784,0.27599548981449373,0.41305652796437475,0.18118905595780807,0.09827185944111853,1980.3440346869522,3.4111999989908504,7.123208025680043,,0.0,True,45,0,0,0.9,3,False,232,0.30000000000000004,0.8643261262391261,,0.06870730000082403,2,16032,1.1167026000039186
a9-ceiling,scale_free-n60-load0.9-cascading-centralised-th0.9-dw3,scale_free,60,0.9,cascading,CENTRALISED,orbit-ceiling-0.7,12,16903995477801950000,0.3259275430050549,0.5730732294330066,0.50362114603748,0.18526773329417795,0.17073866653519437,2729.225139409977,3.4461033829560916,6.195251031577487,,0.0,True,53,0,0,0.9,3,False,232,0.0,0.8521517864424187,,0.08016070001758635,2,14810,1.2855779000092298
a9-ceiling,scale_free-n60-load0.9-cascading-centralised-th0.9-dw3,scale_free,60,0.9,cascading,CENTRALISED,orbit-ceiling-0.8,12,16903995477801950000,0.3610943451190787,0.8554160844024048,0.5737527819815231,0.1498088173286293,0.10391845846906697,3023.7020023265945,3.666556904601809,6.22460643441838,0.2,0.2,False,57,0,0,0.9,3,False,232,0.30000000000000004,1.0,,0.10058880000724457,2,14276,1.471198400016874
a9-ceiling,scale_free-n60-load0.9-cascading-centralised-th0.9-dw3,scale_free,60,0.9,cascading,CENTRALISED,orbit-ceiling-0.9,12,16903995477801950000,0.39934381831901405,0.9244461605884572,0.5764631892978107,0.23847168597088622,0.08652309540717497,3343.9922817671168,3.6867706714837887,7.235094244299647,,0.2,True,63,0,0,0.9,3,False,232,0.30000000000000004,0.9382264099699643,,0.1152810999774374,2,13376,1.6530026000109501
a9-ceiling,scale_free-n60-load0.9-cascading-centralised-th0.9-dw3,scale_free,60,0.9,cascading,CENTRALISED,orbit-ceiling-0.95,12,16903995477801950000,0.2901973106858273,0.6303032101777559,0.35568255801334764,0.18337569308214174,0.1450180634862654,2430.0302711779223,3.442226932950378,7.243467763133937,0.2,0.2,False,98,0,44,0.9,3,False,232,0.30000000000000004,0.8772400982433267,,0.3333394000073895,7,15942,1.495118699996965
a9-ceiling,scale_free-n60-load0.9-cascading-centralised-th0.9-dw3,scale_free,60,0.9,cascading,CENTRALISED,orbit-ceiling-1.0,12,16903995477801950000,0.22544836700484813,0.4920683255288383,0.330493092272208,0.11725096426221528,0.088842253365432,1887.8409145649143,3.357375065955871,6.2353483603792395,0.2,0.2,True,104,0,63,0.9,3,False,232,0.30000000000000004,0.8297578106699456,,0.3080452000431251,7,17711,1.3121575000113808
a9-ceiling,scale_free-n60-load0.9-cascading-centralised-th0.9-dw3,scale_free,60,0.9,cascading,CENTRALISED,orbit-no-fallback,12,16903995477801950000,0.19603879923387665,0.4014198944136558,0.23274055741464453,0.13922802280954044,0.10023666985896271,1641.5735050674853,3.0073877531813342,5.129994475407031,,0.5,True,121,9,78,0.9,3,False,232,0.6000000000000001,0.7521272219673463,,0.37155329997767694,8,18246,1.3382955999986734
a9-ceiling,scale_free-n60-load0.9-cascading-centralised-th0.9-dw3,scale_free,60,0.9,cascading,CENTRALISED,spf-static,12,16903995477801950000,0.13058497440845643,0.015083839523073832,0.18126114292127854,0.16195043708156026,0.10766863362600912,1093.4816729472916,5.613644621513872,3.0793135183898643,,0.0,True,0,0,44,0.9,3,False,232,0.0,0.0,,0.029905200004577637,2,19404,0.833871500013629
a9-ceiling,scale_free-n60-load0.9-cascading-centralised-th0.9-dw3,scale_free,60,0.9,cascading,CENTRALISED,cspf,13,7643230861804543564,0.07721640351344805,0.030841430144995373,0.08496746568746497,0.07682589378063183,0.09727553605647238,581.1879903557023,19.499313812259707,104.48817153447666,,0.0,True,153,0,110,0.9,3,False,232,0.0,0.0,,0.2943059999961406,4,19991,1.2140204999886919
a9-ceiling,scale_free-n60-load0.9-cascading-centralised-th0.9-dw3,scale_free,60,0.9,cascading,CENTRALISED,orbit,13,7643230861804543564,0.04750575430906556,0.03321639921838004,0.04836831240260344,0.07570771488815041,0.018651239122704603,357.56358261893183,28.522670348406415,108.28033253665613,,,True,273,7,118,0.9,3,False,232,0.1,0.0,,0.37076529997284524,5,20794,1.2832372999982908
a9-ceiling,scale_free-n60-load0.9-cascading-centralised-th0.9-dw3,scale_free,60,0.9,cascading,CENTRALISED,orbit-ceiling-0.6,13,7643230861804543564,0.27548732768636575,0.5965834877916836,0.5410720238392243,0.08420466904852786,0.0610290448499772,2073.522192970525,3.8270849278844756,8.191880530096368,,0.0,True,48,0,0,0.9,3,False,232,0.30000000000000004,0.9362408273321814,,0.07398979997378774,2,15604,1.3147955999884289
a9-ceiling,scale_free-n60-load0.9-cascading-centralised-th0.9-dw3,scale_free,60,0.9,cascading,CENTRALISED,orbit-ceiling-0.7,13,7643230861804543564,0.3504478436048817,0.7690454273860939,0.6346159160984826,0.1614475974089421,0.05628761395129899,2637.730698163614,3.9626591680327796,8.153656468683508,,0.0,True,60,0,0,0.9,3,False,232,0.30000000000000004,0.949910137126325,,0.08600900002056733,2,13804,1.6624030999955721
a9-ceiling,scale_free-n60-load0.9-cascading-centralised-th0.9-dw3,scale_free,60,0.9,cascading,CENTRALISED,orbit-ceiling-0.8,13,7643230861804543564,0.4003281872118376,0.915177645611933,0.7307824489312392,0.15050006681112404,0.08044208506522682,3013.1672031042995,4.116393410614935,8.208529563538747,,0.0,True,65,0,0,0.9,3,False,232,0.0,0.932850234355507,,0.08823339999071322,2,13010,1.8250128000217956
a9-ceiling,scale_free-n60-load0.9-cascading-centralised-th0.9-dw3,scale_free,60,0.9,cascading,CENTRALISED,orbit-ceiling-0.9,13,7643230861804543564,0.43811928715330584,0.915177645611933,0.7947000732309872,0.21198568607401092,0.08331120526733744,3297.6110832765767,4.068384751293512,8.208529563538747,,0.2,True,73,0,0,0.9,3,False,232,0.30000000000000004,0.932850234355507,,0.11204810001072474,2,11984,2.089018300001044
a9-ceiling,scale_free-n60-load0.9-cascading-centralised-th0.9-dw3,scale_free,60,0.9,cascading,CENTRALISED,orbit-ceiling-0.95,13,7643230861804543564,0.2666992643458331,0.4798368831918048,0.4796930526377543,0.1635432062380915,0.05607284571033949,2007.3767026394028,3.550016341676473,7.149696701407451,,0.0,True,105,0,52,0.9,3,False,232,0.6000000000000001,0.6854101054910009,,0.3079143999784719,7,16280,1.5258587000134867
a9-ceiling,scale_free-n60-load0.9-cascading-centralised-th0.9-dw3,scale_free,60,0.9,cascading,CENTRALISED,orbit-ceiling-1.0,13,7643230861804543564,0.20425007024578792,0.30643321165110216,0.3470151481710496,0.10097131912246729,0.13127684422072522,1537.3376958107913,3.8349531664111187,9.171062443806912,,0.2,True,113,0,71,0.9,3,False,232,0.30000000000000004,0.5035284681879695,,0.3039091000100598,5,17960,1.344442599976901
a9-ceiling,scale_free-n60-load0.9-cascading-centralised-th0.9-dw3,scale_free,60,0.9,cascading,CENTRALISED,orbit-no-fallback,13,7643230861804543564,0.14733772205805115,0.3503374063562552,0.24386471444645175,0.0508785947610236,0.0530711389033398,1108.973102737066,4.305754260362265,12.326509593852755,,0.0,True,122,8,83,0.9,3,False,232,0.1,0.550626936128945,,0.29943340001045726,6,19153,1.2577413999824785
a9-ceiling,scale_free-n60-load0.9-cascading-centralised-th0.9-dw3,scale_free,60,0.9,cascading,CENTRALISED,spf-static,13,7643230861804543564,0.12795097811629474,0.12639563582446162,0.11263331631223042,0.12503281611460873,0.1482945819884964,963.0540720859213,6.57032741132294,52.044693361925965,0.0,0.0,False,0,0,52,0.9,3,False,232,0.0,0.48188020559258055,,0.02826739998999983,2,19110,0.8665170000167564
a9-ceiling,scale_free-n60-load0.9-cascading-centralised-th0.9-dw3,scale_free,60,0.9,cascading,CENTRALISED,cspf,14,16362881249786832982,0.03394717419787498,0.035390238420038855,0.04941129571000614,0.0377443401677512,0.011886664839474,264.5638921526122,39.381945853000374,153.0,,,True,143,0,114,0.9,3,False,232,0.0,0.0,,0.29550509998807684,4,21145,1.167005600000266
a9-ceiling,scale_free-n60-load0.9-cascading-centralised-th0.9-dw3,scale_free,60,0.9,cascading,CENTRALISED,orbit,14,16362881249786832982,0.03496482174309651,0.0642488532018987,0.028690638691094245,0.025022521435183416,0.03915085884131887,272.4948260746532,34.48148533045403,106.48341034611734,,0.0,True,246,2,114,0.9,3,False,232,0.0,0.10192709945625446,,0.35725140004069544,5,21129,1.237122399994405
a9-ceiling,scale_free-n60-load0.9-cascading-centralised-th0.9-dw3,scale_free,60,0.9,cascading,CENTRALISED,orbit-ceiling-0.6,14,16362881249786832982,0.2668123765297046,0.5405242523101965,0.41681470837547224,0.2138797515926041,0.033539105545154525,2079.375455457074,4.091086215684068,9.208301181496434,,0.0,True,50,0,0,0.9,3,False,232,0.0,0.9214140755792024,,0.07410679999156855,2,15260,1.3238014000235125
a9-ceiling,scale_free-n60-load0.9-cascading-centralised-th0.9-dw3,scale_free,60,0.9,cascading,CENTRALISED,orbit-ceiling-0.7,14,16362881249786832982,0.3446117769838922,0.7643518170045297,0.5532306477768109,0.21999576319620406,0.06695408546669575,2685.697268027501,3.742078891296389,8.218717704050366,,0.0,True,60,0,0,0.9,3,False,232,0.30000000000000004,0.878158919785248,,0.08236799997393973,2,13804,1.5692357000079937
a9-ceiling,scale_free-n60-load0.9-cascading-centralised-th0.9-dw3,scale_free,60,0.9,cascading,CENTRALISED,orbit-ceiling-0.8,14,16362881249786832982,0.414545205036965,0.9097587275223018,0.7612317283128317,0.1834805484434588,0.09255379715870518,3230.7164148186293,3.6348795138064087,7.209526790535805,,0.0,True,65,0,0,0.9,3,False,232,0.30000000000000004,0.895875454833423,,0.09121720000985079,2,13120,1.727567399997497
a9-ceiling,scale_free-n60-load0.9-cascading-centralised-th0.9-dw3,scale_free,60,0.9,cascading,CENTRALISED,orbit-ceiling-0.9,14,16362881249786832982,0.46836228365629423,0.9097587275223018,0.8566594782858906,0.2546303507487734,0.10828920800430154,3650.1344111685034,3.6241176070810655,6.302021883982178,,0.0,True,74,0,0,0.9,3,False,232,0.30000000000000004,0.895875454833423,,0.10444300001836382,2,11704,2.026984700001776
a9-ceiling,scale_free-n60-load0.9-cascading-centralised-th0.9-dw3,scale_free,60,0.9,cascading,CENTRALISED,orbit-ceiling-0.95,14,16362881249786832982,0.36201999357627396,0.8890688554658898,0.5807641338826957,0.20714967428878184,0.056691147563034394,2821.3664554028824,3.4116105062368183,6.331651135603838,0.0,0.0,False,103,0,36,0.9,3,False,232,0.0,0.9847054930315671,,0.17020120000233874,4,14470,1.6055933000170626
a9-ceiling,scale_free-n60-load0.9-cascading-centralised-th0.9-dw3,scale_free,60,0.9,cascading,CENTRALISED,orbit-ceiling-1.0,14,16362881249786832982,0.2041434422163754,0.4558973083604563,0.3333778461537738,0.12214632383081225,0.04289896065264679,1590.9714109157578,3.387083919907533,5.253736933401976,,0.0,True,126,0,82,0.9,3,False,232,0.6000000000000001,0.7749093088002614,,0.2916151000536047,8,18028,1.3598519999941345
a9-ceiling,scale_free-n60-load0.9-cascading-centralised-th0.9-dw3,scale_free,60,0.9,cascading,CENTRALISED,orbit-no-fallback,14,16362881249786832982,0.16923890999647942,0.4805903883462352,0.24097068528621915,0.06792364878645546,0.06234233666829614,1318.946445184148,3.2611088265717325,6.304004190092506,,0.0,True,146,9,97,0.9,3,False,232,1.6,0.8010580873562491,,0.3773035000485834,9,18640,1.4036970000015572
a9-ceiling,scale_free-n60-load0.9-cascading-centralised-th0.9-dw3,scale_free,60,0.9,cascading,CENTRALISED,spf-static,14,16362881249786832982,0.11389912007133793,0.11759890242390104,0.14121852593781092,0.0920833543704428,0.11210231766088585,887.6613512272011,7.384972054949034,53.0310374339123,0.0,0.0,False,0,0,55,0.9,3,False,232,0.0,0.4420243596299849,,0.030720100010512397,2,19110,0.9083329999994021
a9-ceiling,scale_free-n60-load0.9-cascading-centralised-th0.9-dw3,scale_free,60,0.9,cascading,CENTRALISED,cspf,15,11859520640689116550,0.037354746671510584,0.03460019067785746,0.045141568256398076,0.013925806059768684,0.0631952676859111,284.4946481305667,39.601673217002414,155.0366527355472,,,True,156,0,121,0.9,3,False,232,0.1,0.0,,0.3141701999993529,5,21119,1.2129290000011679
a9-ceiling,scale_free-n60-load0.9-cascading-centralised-th0.9-dw3,scale_free,60,0.9,cascading,CENTRALISED,orbit,15,11859520640689116550,0.022069947533983236,0.035590531159289646,0.044615493336303644,0.010323226954599779,0.006387343003892919,168.085250668539,56.94052904357684,160.50838069085708,,,True,257,1,113,0.9,3,False,232,0.0,0.0,,0.3459353999933228,4,21527,1.1924438000132795
a9-ceiling,scale_free-n60-load0.9-cascading-centralised-th0.9-dw3,scale_free,60,0.9,cascading,CENTRALISED,orbit-ceiling-0.6,15,11859520640689116550,0.24739046916783833,0.43335521740244903,0.5417408503115101,0.08830134679888581,0.04463992446560084,1884.1317569538703,4.064114787884812,9.159307509551294,0.2,0.2,False,46,0,0,0.9,3,False,232,0.30000000000000004,0.9708972366371023,,0.0757113000145182,2,15904,1.287272599991411
a9-ceiling,scale_free-n60-load0.9-cascading-centralised-th0.9-dw3,scale_free,60,0.9,cascading,CENTRALISED,orbit-ceiling-0.7,15,11859520640689116550,0.32139670810296256,0.659265642305081,0.6002840031493683,0.08930859094219142,0.14057258902794426,2447.765050748161,3.803765540561747,7.151865017377893,0.2,0.2,True,53,0,0,0.9,3,False,232,0.30000000000000004,1.0,,0.0844580999983009,2,14898,1.4018500000238419
a9-ceiling,scale_free-n60-load0.9-cascading-centralised-th0.9-dw3,scale_free,60,0.9,cascading,CENTRALISED,orbit-ceiling-0.8,15,11859520640689116550,0.3744212172528508,0.9320679104230756,0.6718280373608478,0.09317675978019312,0.10520233681743939,2851.600986393751,3.9460732500985474,8.248310287089744,0.0,0.2,True,60,0,0,0.9,3,False,232,0.30000000000000004,0.9553125858010625,,0.09610699999029748,2,13956,1.6536884999950416
a9-ceiling,scale_free-n60-load0.9-cascading-centralised-th0.9-dw3,scale_free,60,0.9,cascading,CENTRALISED,orbit-ceiling-0.9,15,11859520640689116550,0.3980564018686214,0.9624474808828026,0.7141765836642947,0.1382496539738994,0.07572165625936172,3031.6071202833673,4.384452668571672,10.440518156619664,0.0,0.2,True,66,0,0,0.9,3,False,232,0.30000000000000004,0.9566701702493822,,0.10334939998574555,2,13034,1.90225530002499
a9-ceiling,scale_free-n60-load0.9-cascading-centralised-th0.9-dw3,scale_free,60,0.9,cascading,CENTRALISED,orbit-ceiling-0.95,15,11859520640689116550,0.2523728545071452,0.5102896389642259,0.3017460456464646,0.17355796382393163,0.1489762857968289,1922.0777234041811,3.390518416057764,6.342335180028811,,0.0,True,118,0,60,0.9,3,False,232,0.6000000000000001,0.7620376690620071,,0.29386740003246814,8,16468,1.4181936999957543
a9-ceiling,scale_free-n60-load0.9-cascading-centralised-th0.9-dw3,scale_free,60,0.9,cascading,CENTRALISED,orbit-ceiling-1.0,15,11859520640689116550,0.16235932614490242,0.3605256976987385,0.22095967114281892,0.08465751692787349,0.08502349582158784,1236.532528743878,3.6469603501619052,7.1863934637339515,0.2,0.2,True,119,0,85,0.9,3,False,232,0.30000000000000004,0.7053809102079148,,0.24999410004238598,5,18665,1.231539900007192
a9-ceiling,scale_free-n60-load0.9-cascading-centralised-th0.9-dw3,scale_free,60,0.9,cascading,CENTRALISED,orbit-no-fallback,15,11859520640689116550,0.13278818088043248,0.2774713911941262,0.14227062164884768,0.10774635429571232,0.06734761808489385,1011.3179759371396,3.9077458307000366,9.0917797492098,,0.0,True,133,8,95,0.9,3,False,232,1.1,0.4980707923516259,,0.31310080000548624,8,19174,1.278882699989481
a9-ceiling,scale_free-n60-load0.9-cascading-centralised-th0.9-dw3,scale_free,60,0.9,cascading,CENTRALISED,spf-static,15,11859520640689116550,0.051694041851256915,0.06365268350408836,0.07555142219641658,0.04076054047528809,0.03450220762612823,393.70306473357766,13.638562996621614,103.01782606379635,0.0,0.0,False,0,0,53,0.9,3,False,232,0.0,0.2722789760069787,,0.027459600009024143,2,21021,0.7755550000001676
a9-ceiling,scale_free-n60-load0.9-cascading-centralised-th0.9-dw3,scale_free,60,0.9,cascading,CENTRALISED,cspf,16,3237719339440489938,0.034558333150801014,0.05764034079091599,0.022023566937767438,0.05008999267348368,0.011952215956796368,242.93682961717008,39.131577336236454,110.24569859965031,,,True,109,0,125,0.9,3,False,232,0.0,0.09343559403536239,,0.2847485000093002,5,21239,1.1807099000143353
a9-ceiling,scale_free-n60-load0.9-cascading-centralised-th0.9-dw3,scale_free,60,0.9,cascading,CENTRALISED,orbit,16,3237719339440489938,0.05132140741261079,0.10032917856080861,0.08054138741819454,0.027965594672904347,0.025330362044656482,360.77723870260826,27.9174212239559,153.0,0.0,0.0,True,261,0,124,0.9,3,False,232,0.0,0.2732464677596806,,0.3131382000283338,5,20703,1.2683276000025216
a9-ceiling,scale_free-n60-load0.9-cascading-centralised-th0.9-dw3,scale_free,60,0.9,cascading,CENTRALISED,orbit-ceiling-0.6,16,3237719339440489938,0.3160530006599318,0.6480748059705098,0.48487842175999524,0.22683344702235705,0.07476426840274887,2221.7771220698337,3.7644525823499757,7.156593685636534,,0.0,True,57,0,0,0.9,3,False,232,0.30000000000000004,0.921091122374159,,0.08383109999704175,2,14254,1.4456014999886975
a9-ceiling,scale_free-n60-load0.9-cascading-centralised-th0.9-dw3,scale_free,60,0.9,cascading,CENTRALISED,orbit-ceiling-0.7,16,3237719339440489938,0.3353696488378835,0.9193913163803573,0.5931157238326037,0.09024338341748209,0.06872289017024588,2357.568545999465,4.213916703495443,8.140311406330097,,0.0,True,54,0,0,0.9,3,False,232,0.0,0.9069899804388666,,0.09538969999994151,2,14660,1.5503208999871276
a9-ceiling,scale_free-n60-load0.9-cascading-centralised-th0.9-dw3,scale_free,60,0.9,cascading,CENTRALISED,orbit-ceiling-0.8,16,3237719339440489938,0.4106545293483858,0.9193913163803573,0.682959951598524,0.22629666557694325,0.0922877767685308,2886.803278170134,4.2676561083542115,9.305526656051168,,0.0,True,67,0,0,0.9,3,False,232,0.30000000000000004,0.9069899804388666,,0.09062490001088008,2,12754,1.8689223999972455
a9-ceiling,scale_free-n60-load0.9-cascading-centralised-th0.9-dw3,scale_free,60,0.9,cascading,CENTRALISED,orbit-ceiling-0.9,16,3237719339440489938,0.4598592836817122,0.9193913163803573,0.7596067245754152,0.3346475106787237,0.06388503917825947,3232.700951176187,4.406333939561926,8.29063202243016,,0.0,True,75,0,0,0.9,3,False,232,0.30000000000000004,0.9069899804388666,,0.10329049997380935,2,11532,2.235127599997213
a9-ceiling,scale_free-n60-load0.9-cascading-centralised-th0.9-dw3,scale_free,60,0.9,cascading,CENTRALISED,orbit-ceiling-0.95,16,3237719339440489938,0.25458499109938565,0.2767520633777026,0.3626721463886149,0.2265443237340969,0.17412793285981865,1789.6716932473541,4.012933656915189,8.365378621296275,,0.0,True,137,0,70,0.9,3,False,232,0.6000000000000001,0.6190521694126335,,0.305157600028906,7,16563,1.5118178999982774
a9-ceiling,scale_free-n60-load0.9-cascading-centralised-th0.9-dw3,scale_free,60,0.9,cascading,CENTRALISED,orbit-ceiling-1.0,16,3237719339440489938,0.16107843778599687,0.24904670190652958,0.20378632316078663,0.17882868466212257,0.04299718602728403,1132.3429525567158,3.4972494128649605,6.35607742632005,,0.0,True,138,0,113,0.9,3,False,232,0.1,0.5330152824130642,,0.2322116000286769,5,18491,1.3348336000053678
a9-ceiling,scale_free-n60-load0.9-cascading-centralised-th0.9-dw3,scale_free,60,0.9,cascading,CENTRALISED,orbit-no-fallback,16,3237719339440489938,0.12213240268628736,0.24661513268720614,0.14825610611731993,0.13120897894257375,0.010206569538065376,858.5616260096295,3.7070622127912984,7.30454928663222,,0.5,True,142,4,119,0.9,3,False,232,0.6000000000000001,0.5126630864573487,,0.22606599997379817,7,19405,1.2605618999805301
a9-ceiling,scale_free-n60-load0.9-cascading-centralised-th0.9-dw3,scale_free,60,0.9,cascading,CENTRALISED,spf-static,16,3237719339440489938,0.10048128130764537,0.1156326409541937,0.1677625042804605,0.10466640519190092,0.020250175753392854,706.359412944793,7.847248662740484,53.09783443299354,0.0,0.0,False,0,0,52,0.9,3,False,232,0.0,0.4602275646424598,,0.03143870001076721,2,19845,0.8476396999903955
a9-ceiling,scale_free-n60-load0.9-cascading-centralised-th0.9-dw3,scale_free,60,0.9,cascading,CENTRALISED,cspf,17,2675893234139599477,0.06606637338035916,0.10113135141910054,0.07014095506786414,0.06961697843916775,0.037486937417568485,488.13629343821117,21.654799320750005,105.10000000000001,,0.0,True,110,0,107,0.9,3,False,232,0.0,0.26763080341596046,,0.2650520000315737,4,20550,1.1503642000025138
a9-ceiling,scale_free-n60-load0.9-cascading-centralised-th0.9-dw3,scale_free,60,0.9,cascading,CENTRALISED,orbit,17,2675893234139599477,0.03775178229220207,0.03338848446026808,0.054795506114909534,0.052551229053136854,0.0068616238355905515,278.93183984396325,33.0988224947519,153.0,,0.0,True,248,2,119,0.9,3,False,232,1.6,0.0,,0.3870642999536358,8,21101,1.2920506999944337
a9-ceiling,scale_free-n60-load0.9-cascading-centralised-th0.9-dw3,scale_free,60,0.9,cascading,CENTRALISED,orbit-ceiling-0.6,17,2675893234139599477,0.2867422493600939,0.5350735155205607,0.5514060129194366,0.1651809427850733,0.039101563073991284,2118.616349181699,3.877794673398137,7.190652626341932,0.0,0.0,False,53,0,0,0.9,3,False,232,0.30000000000000004,1.0,,0.08288699999684468,2,14854,1.4276298000186216
a9-ceiling,scale_free-n60-load0.9-cascading-centralised-th0.9-dw3,scale_free,60,0.9,cascading,CENTRALISED,orbit-ceiling-0.7,17,2675893234139599477,0.3273582443951932,0.8302748384424546,0.6198997723052967,0.0899501794483476,0.04206239462411337,2418.71063703665,4.215964253469412,8.22586427851222,,0.2,True,53,0,0,0.9,3,False,232,0.30000000000000004,0.9388783359773649,,0.09613819999503903,2,14984,1.4864925000001676
a9-ceiling,scale_free-n60-load0.9-cascading-centralised-th0.9-dw3,scale_free,60,0.9,cascading,CENTRALISED,orbit-ceiling-0.8,17,2675893234139599477,0.3871226083766011,0.999285515168816,0.6933604105247214,0.13705162958969325,0.0400397034906611,2860.284067223594,4.107437413390949,8.214317816313715,0.2,0.2,False,62,0,0,0.9,3,False,232,0.30000000000000004,1.0,,0.08846620001713745,2,13526,1.7623293999931775
a9-ceiling,scale_free-n60-load0.9-cascading-centralised-th0.9-dw3,scale_free,60,0.9,cascading,CENTRALISED,orbit-ceiling-0.9,17,2675893234139599477,0.4165799816571213,0.999285515168816,0.6871391813589642,0.22118870934689408,0.05503077734436254,3077.932051695127,4.448183474573285,8.55173517778413,0.2,0.2,False,69,0,0,0.9,3,False,232,0.30000000000000004,1.0,,0.09633269999176264,2,12606,1.9754253999853972
a9-ceiling,scale_free-n60-load0.9-cascading-centralised-th0.9-dw3,scale_free,60,0.9,cascading,CENTRALISED,orbit-ceiling-0.95,17,2675893234139599477,0.32984288213378526,0.697830741557954,0.465321225198534,0.2704882994703253,0.058381610512796146,2437.0685670121675,4.100492865556627,8.29828566658291,0.0,0.0,True,94,0,32,0.9,3,False,232,0.1,0.9310868662107594,,0.21214109999709763,6,14340,1.6900836999993771
a9-ceiling,scale_free-n60-load0.9-cascading-centralised-th0.9-dw3,scale_free,60,0.9,cascading,CENTRALISED,orbit-ceiling-1.0,17,2675893234139599477,0.19811768612006606,0.26660036832319406,0.19425345467632182,0.26801052222563404,0.07851108813376022,1463.8071990183494,3.5924668538219797,6.275865649590566,,0.0,True,130,0,81,0.9,3,False,232,0.6000000000000001,0.49091339540599555,,0.2741124999593012,6,17725,1.3590852999768686
a9-ceiling,scale_free-n60-load0.9-cascading-centralised-th0.9-dw3,scale_free,60,0.9,cascading,CENTRALISED,orbit-no-fallback,17,2675893234139599477,0.17416736322296508,0.33748840117199574,0.21332702816888108,0.1636147778919272,0.05444897213203071,1286.8484642270312,4.155869058546275,8.16459270416412,,,True,128,12,84,0.9,3,False,232,0.1,0.6267661053279986,,0.2436026999494061,5,18701,1.2363604000129271
a9-ceiling,scale_free-n60-load0.9-cascading-centralised-th0.9-dw3,scale_free,60,0.9,cascading,CENTRALISED,spf-static,17,2675893234139599477,0.12655188563193837,0.15593811070086894,0.14255093928927895,0.13661447849538969,0.08246554027439919,935.0379810367455,6.877275138579028,52.028339209421944,0.0,0.0,False,0,0,53,0.9,3,False,232,0.0,0.5423628925760624,,0.029979600018123165,2,19257,0.858756200002972
a9-ceiling,scale_free-n60-load0.9-cascading-centralised-th0.9-dw3,scale_free,60,0.9,cascading,CENTRALISED,cspf,18,6906037902645645928,0.07127185084626717,0.06462760207829918,0.10457636950035543,0.020987456078275644,0.1083860499041908,521.0966604789776,19.893088542829517,105.13637099714117,,0.0,True,151,0,116,0.9,3,False,232,0.1,0.11299211121580387,,0.3269203999952879,6,20349,1.2545178000000305
a9-ceiling,scale_free-n60-load0.9-cascading-centralised-th0.9-dw3,scale_free,60,0.9,cascading,CENTRALISED,orbit,18,6906037902645645928,0.07830134842571329,0.15651990762984336,0.13111526188657077,0.014395111483776965,0.07355565508087693,572.492094580943,16.082025272848032,104.05921634695012,0.0,0.0,True,239,0,111,0.9,3,False,232,0.0,0.42871529620039217,,0.2814916000061203,3,20283,1.2057756000140216
a9-ceiling,scale_free-n60-load0.9-cascading-centralised-th0.9-dw3,scale_free,60,0.9,cascading,CENTRALISED,orbit-ceiling-0.6,18,6906037902645645928,0.3095562784597531,0.7245582312026443,0.5205138942998533,0.1416073838761548,0.13107897381589212,2263.288255045032,3.473459243411742,7.109193889278442,,0.0,True,56,0,0,0.9,3,False,232,0.30000000000000004,0.9349984655370747,,0.09635490001528524,2,14426,1.4127871999808121
a9-ceiling,scale_free-n60-load0.9-cascading-centralised-th0.9-dw3,scale_free,60,0.9,cascading,CENTRALISED,orbit-ceiling-0.7,18,6906037902645645928,0.35757502078589604,0.8916625646596207,0.677436640595894,0.1317775917860651,0.09802755229964141,2614.3722520149827,3.635811919093077,7.21710407633757,0.2,0.2,False,63,0,0,0.9,3,False,232,0.30000000000000004,0.9533822212034387,,0.09019759998773225,2,13354,1.7057576999941375
a9-ceiling,scale_free-n60-load0.9-cascading-centralised-th0.9-dw3,scale_free,60,0.9,cascading,CENTRALISED,orbit-ceiling-0.8,18,6906037902645645928,0.38598125838171676,0.9561217908762977,0.7495742963718096,0.16273703246871382,0.06755966715618834,2822.0614781567765,4.121689649819549,8.266469912680428,0.2,0.2,False,68,0,0,0.9,3,False,232,0.30000000000000004,0.9500382172424612,,0.10213840001961216,2,12800,1.9317650999873877
a9-ceiling,scale_free-n60-load0.9-cascading-centralised-th0.9-dw3,scale_free,60,0.9,cascading,CENTRALISED,orbit-ceiling-0.9,18,6906037902645645928,0.45495779370661793,0.9617640118640958,0.838004475898856,0.27147452950838213,0.10143300799436236,3326.376179998124,4.064929461811605,9.504847226492249,0.2,0.2,False,78,0,0,0.9,3,False,232,0.30000000000000004,0.956650194962536,,0.1030482999922242,2,11234,2.244896400021389
a9-ceiling,scale_free-n60-load0.9-cascading-centralised-th0.9-dw3,scale_free,60,0.9,cascading,CENTRALISED,orbit-ceiling-0.95,18,6906037902645645928,0.34295246318821626,0.7351797804327114,0.4893438314634815,0.23627443452474636,0.15528139585094966,2507.460956162035,3.586015912586091,8.272282599636608,0.2,0.2,True,122,0,45,0.9,3,False,232,0.8,0.9422968856088306,,0.30395590004627593,7,14020,1.7848924999998417
a9-ceiling,scale_free-n60-load0.9-cascading-centralised-th0.9-dw3,scale_free,60,0.9,cascading,CENTRALISED,orbit-ceiling-1.0,18,6906037902645645928,0.2334424224799987,0.44989748922396344,0.30282645362014987,0.17540869365861275,0.13870597632603507,1706.7897819973773,3.410276389444932,7.29551025130081,,0.0,True,131,0,76,0.9,3,False,232,0.6000000000000001,0.689127838506758,,0.3218219000264071,7,16656,1.4681578000017907
a9-ceiling,scale_free-n60-load0.9-cascading-centralised-th0.9-dw3,scale_free,60,0.9,cascading,CENTRALISED,orbit-no-fallback,18,6906037902645645928,0.17330049868795083,0.28337544555354965,0.22973040644193377,0.10461116463499393,0.15564031278744064,1267.0684155575339,3.299789971850342,7.245371614316794,,0.0,True,157,19,98,0.9,3,False,232,1.1,0.3941622837212024,,0.2869694999535568,7,18216,1.3405654999951366
a9-ceiling,scale_free-n60-load0.9-cascading-centralised-th0.9-dw3,scale_free,60,0.9,cascading,CENTRALISED,spf-static,18,6906037902645645928,0.15538868265527286,0.17517964025121097,0.09082497686369241,0.11356719466696835,0.25364788209546735,1136.1080517264445,5.1634482489898685,4.100240858925708,0.0,0.0,False,0,0,44,0.9,3,False,232,0.0,0.5857977698229182,,0.02962050001951866,2,18375,0.9083530000061728
a9-ceiling,scale_free-n60-load0.9-cascading-centralised-th0.9-dw3,scale_free,60,0.9,cascading,CENTRALISED,cspf,19,9418514244051693830,0.054801149124574525,0.05370702377903799,0.02262669658379128,0.03749785917025806,0.10905842032841967,391.16503846158764,25.251001137439,105.08447376361491,,0.0,True,135,0,103,0.9,3,False,232,0.0,0.11021948088855538,,0.31242160001420416,4,20640,1.181544599996414
a9-ceiling,scale_free-n60-load0.9-cascading-centralised-th0.9-dw3,scale_free,60,0.9,cascading,CENTRALISED,orbit,19,9418514244051693830,0.03532001979619618,0.03864977285581795,0.021369757844280548,0.026744458296642765,0.05830083387530789,252.11071524497675,34.607207074425574,154.03005164347726,,,True,281,1,116,0.9,3,False,232,0.0,0.0,,0.40447830004268326,6,21181,1.2936979999940377
a9-ceiling,scale_free-n60-load0.9-cascading-centralised-th0.9-dw3,scale_free,60,0.9,cascading,CENTRALISED,orbit-ceiling-0.6,19,9418514244051693830,0.2502827171052979,0.827772701001746,0.35482426614469703,0.08479244805958498,0.06921948062169053,1786.4926233611097,4.532850471533869,10.195327402713865,0.0,0.0,True,46,0,0,0.9,3,False,232,0.30000000000000004,1.0,,0.07756919998792,2,15882,1.2730033999832813
a9-ceiling,scale_free-n60-load0.9-cascading-centralised-th0.9-dw3,scale_free,60,0.9,cascading,CENTRALISED,orbit-ceiling-0.7,19,9418514244051693830,0.3223044783005847,0.9054329637412141,0.45209213926577596,0.17279503788556125,0.09313223887835352,2300.576642365599,4.417466138997526,8.15382234096883,,0.2,True,55,0,0,0.9,3,False,232,0.30000000000000004,0.9311165772624017,,0.09668000001693144,2,14598,1.4840855000074953
a9-ceiling,scale_free-n60-load0.9-cascading-centralised-th0.9-dw3,scale_free,60,0.9,cascading,CENTRALISED,orbit-ceiling-0.8,19,9418514244051693830,0.3143776292003782,0.9425147797120969,0.49984562174397207,0.1339264447200992,0.048143608274520217,2243.9955983055024,5.5401079130627116,12.35569304179906,,0.0,True,54,0,0,0.9,3,False,232,0.30000000000000004,0.9336708996678018,,0.09542640001745895,2,14726,1.6169990999915171
a9-ceiling,scale_free-n60-load0.9-cascading-centralised-th0.9-dw3,scale_free,60,0.9,cascading,CENTRALISED,orbit-ceiling-0.9,19,9418514244051693830,0.4029857455149093,0.9425147797120969,0.7236358944705726,0.22715078877412911,0.04415560776054536,2876.471336129759,4.804299498069335,7.391554267239034,,0.2,True,69,0,0,0.9,3,False,232,0.30000000000000004,0.9336708996678018,,0.10085820002132095,2,12650,2.1203028000018094
a9-ceiling,scale_free-n60-load0.9-cascading-centralised-th0.9-dw3,scale_free,60,0.9,cascading,CENTRALISED,orbit-ceiling-0.95,19,9418514244051693830,0.2098325320266858,0.33986352151718907,0.381156685233251,0.11295930487244571,0.10224759718515467,1497.7633091986395,4.658567402367741,9.374725675279516,,0.0,True,121,0,77,0.9,3,False,232,0.30000000000000004,0.6162695090534938,,0.25548400002298877,6,17244,1.465710600023158
a9-ceiling,scale_free-n60-load0.9-cascading-centralised-th0.9-dw3,scale_free,60,0.9,cascading,CENTRALISED,orbit-ceiling-1.0,19,9418514244051693830,0.13532242835316852,0.11094860737048455,0.12231688480124366,0.13943320304925225,0.15504771878563042,965.9177542272672,3.84154854230492,7.278218608164211,,0.0,True,132,0,101,0.9,3,False,232,0.1,0.265275448846769,,0.3226476999698207,6,19433,1.2877475999994203
a9-ceiling,scale_free-n60-load0.9-cascading-centralised-th0.9-dw3,scale_free,60,0.9,cascading,CENTRALISED,orbit-no-fallback,19,9418514244051693830,0.1391435393231643,0.2851324247428262,0.13557071726786812,0.12537092849189052,0.08629497523798933,993.1924563716816,4.676940163446316,9.518319152639359,,0.0,True,126,8,97,0.9,3,False,232,0.0,0.5944798384089808,,0.2215806000167504,5,19222,1.2312666999932844
a9-ceiling,scale_free-n60-load0.9-cascading-centralised-th0.9-dw3,scale_free,60,0.9,cascading,CENTRALISED,spf-static,19,9418514244051693830,0.10286458915032477,0.06566436434912425,0.15585839384340028,0.11639247878388397,0.05266436849332712,734.2369934589323,7.104349634537147,52.031876106023475,0.0,0.0,False,0,0,44,0.9,3,False,232,0.0,0.27139459468264354,,0.034424299985403195,2,19698,0.8415006999857724
a9-ceiling,scale_free-n60-load0.9-cascading-centralised-th0.9-dw3,scale_free,60,0.9,cascading,CENTRALISED,cspf,20,16599440417660552724,0.03963871567753352,0.07717442163299293,0.04376008102425731,0.040294336926079706,0.01525261924957539,303.454722087293,37.78232883695804,154.02759879283246,,,True,134,0,128,0.9,3,False,232,0.0,0.17679415642092397,,0.291892600042047,5,21157,1.2094354000000749
a9-ceiling,scale_free-n60-load0.9-cascading-centralised-th0.9-dw3,scale_free,60,0.9,cascading,CENTRALISED,orbit,20,16599440417660552724,0.05319699496461807,0.10739825934624174,0.0679303868396047,0.039247127994541046,0.0301572618743585,407.25031189688076,25.82389264836474,106.22895368226085,,,True,297,3,114,0.9,3,False,232,0.0,0.21854886795917067,,0.3556008000159636,4,20667,1.2581560999969952
a9-ceiling,scale_free-n60-load0.9-cascading-centralised-th0.9-dw3,scale_free,60,0.9,cascading,CENTRALISED,orbit-ceiling-0.6,20,16599440417660552724,0.2595327186600953,0.672790812436856,0.4546300963218607,0.11082285748196073,0.06912238158998998,1986.8562254704052,3.63189194970243,7.128468044983763,0.0,0.2,False,52,0,0,0.9,3,False,232,0.30000000000000004,1.0,,0.0860775999899488,2,14982,1.3416365000011865
a9-ceiling,scale_free-n60-load0.9-cascading-centralised-th0.9-dw3,scale_free,60,0.9,cascading,CENTRALISED,orbit-ceiling-0.7,20,16599440417660552724,0.3582107047063038,0.7287897742095403,0.6968788966182913,0.1711180898592563,0.11863679410278692,2742.286877547709,3.6644247554403413,7.1748505128088755,0.0,0.0,False,66,0,0,0.9,3,False,232,0.30000000000000004,1.0,,0.08889409998664632,2,12774,1.752076600008877
a9-ceiling,scale_free-n60-load0.9-cascading-centralised-th0.9-dw3,scale_free,60,0.9,cascading,CENTRALISED,orbit-ceiling-0.8,20,16599440417660552724,0.40911780194866787,1.0,0.821768279244222,0.15747987941925778,0.07422088345181699,3132.0068465705203,3.944836528599043,8.23282881785972,0.0,0.0,True,70,0,0,0.9,3,False,232,0.30000000000000004,1.0,,0.09654630001750775,2,12282,1.996058599994285
a9-ceiling,scale_free-n60-load0.9-cascading-centralised-th0.9-dw3,scale_free,60,0.9,cascading,CENTRALISED,orbit-ceiling-0.9,20,16599440417660552724,0.44094243908992914,1.0,0.8716741517357062,0.215420541330591,0.07307479193463613,3375.640785111672,3.9079280660657476,8.273511707670744,0.0,0.0,True,78,0,0,0.9,3,False,232,0.30000000000000004,1.0,,0.10854869999457151,2,11430,2.2067042000126094
a9-ceiling,scale_free-n60-load0.9-cascading-centralised-th0.9-dw3,scale_free,60,0.9,cascading,CENTRALISED,orbit-ceiling-0.95,20,16599440417660552724,0.36413715220393433,0.7334152611838289,0.7211490837844755,0.16721178470186904,0.12257814853605081,2787.656876237593,3.6856946423739347,6.298602768305084,,0.2,True,112,0,35,0.9,3,False,232,0.8,0.9294673609914955,,0.20499790002941154,6,13462,1.8920704000047408
a9-ceiling,scale_free-n60-load0.9-cascading-centralised-th0.9-dw3,scale_free,60,0.9,cascading,CENTRALISED,orbit-ceiling-1.0,20,16599440417660552724,0.24975407861819773,0.5408683489851943,0.47397275981163656,0.14560843236896065,0.04071002037547557,1911.9957148412088,3.547660695448028,6.433717340808789,,0.5,True,131,0,73,0.9,3,False,232,0.6000000000000001,0.8010641181193295,,0.2328306000563316,6,16496,1.4790961999970023
a9-ceiling,scale_free-n60-load0.9-cascading-centralised-th0.9-dw3,scale_free,60,0.9,cascading,CENTRALISED,orbit-no-fallback,20,16599440417660552724,0.17942220601398182,0.47969781387840943,0.20772245886912552,0.12476988259101278,0.06742824928550174,1373.5691162446303,3.1643900860345213,6.318963954956563,,0.0,True,150,12,94,0.9,3,False,232,0.6000000000000001,0.7766711671069026,,0.2708190000266768,7,18358,1.299324899999192
a9-ceiling,scale_free-n60-load0.9-cascading-centralised-th0.9-dw3,scale_free,60,0.9,cascading,CENTRALISED,spf-static,20,16599440417660552724,0.10782366744866227,0.043956167457107814,0.17068322123391985,0.08436656226541647,0.11915821336205318,825.4455393117435,7.285718000052132,53.02425531942833,0.0,0.0,False,0,0,56,0.9,3,False,232,0.0,0.15087618350269963,,0.029545199999120086,2,19404,0.8788096999924164
a9-ceiling,scale_free-n60-load0.9-cascading-centralised-th0.9-dw3,scale_free,60,0.9,cascading,CENTRALISED,cspf,21,11754375424036358947,0.06918198794985862,0.06391607449872481,0.119050796286349,0.03517355534955371,0.06846690553138765,535.2153308373937,21.29494621604331,104.03670473925177,,0.0,True,130,0,124,0.9,3,False,232,0.0,0.12204496682221898,,0.2822127999679651,4,20349,1.2492768999945838
a9-ceiling,scale_free-n60-load0.9-cascading-centralised-th0.9-dw3,scale_free,60,0.9,cascading,CENTRALISED,orbit,21,11754375424036358947,0.08666829072535076,0.09059817783525155,0.15419482861235173,0.04451500257011539,0.07494061431565145,670.4953018594895,14.661856967872268,102.0,,,True,257,0,101,0.9,3,False,232,0.0,0.20908791517819889,,0.3786490000493359,5,19838,1.3098671000043396
a9-ceiling,scale_free-n60-load0.9-cascading-centralised-th0.9-dw3,scale_free,60,0.9,cascading,CENTRALISED,orbit-ceiling-0.6,21,11754375424036358947,0.26689856387252614,0.6331515380165682,0.4257690921394023,0.15441495535606178,0.07291965695828469,2064.8178434333536,3.3899585400388443,7.1182168954326395,0.0,0.0,True,52,0,0,0.9,3,False,232,0.30000000000000004,1.0,,0.0831336000119336,2,15004,1.2693937000003643
a9-ceiling,scale_free-n60-load0.9-cascading-centralised-th0.9-dw3,scale_free,60,0.9,cascading,CENTRALISED,orbit-ceiling-0.7,21,11754375424036358947,0.33699646651091436,1.0,0.510748111986724,0.1553741886349477,0.06602552066235583,2607.119001052647,3.941521337242316,9.242967472454794,0.0,0.2,False,59,0,0,0.9,3,False,232,0.30000000000000004,1.0,,0.09099329999298789,2,14084,1.528947100014193
a9-ceiling,scale_free-n60-load0.9-cascading-centralised-th0.9-dw3,scale_free,60,0.9,cascading,CENTRALISED,orbit-ceiling-0.8,21,11754375424036358947,0.38054155431649905,1.0,0.6964269168462859,0.14388773879712788,0.06772454413514188,2943.9985742892673,3.8969410986335604,7.226861177642408,0.0,0.0,True,65,0,0,0.9,3,False,232,0.30000000000000004,1.0,,0.0942654000245966,2,13054,1.7843415999959689
a9-ceiling,scale_free-n60-load0.9-cascading-centralised-th0.9-dw3,scale_free,60,0.9,cascading,CENTRALISED,orbit-ceiling-0.9,21,11754375424036358947,0.42211113921914606,1.0,0.7171014934677195,0.20533974998070903,0.1247924638658915,3265.594986820353,4.006301228569916,7.449757056440276,0.0,0.0,True,72,0,0,0.9,3,False,232,0.30000000000000004,1.0,,0.10654700000304729,2,11874,2.0164282000041567
a9-ceiling,scale_free-n60-load0.9-cascading-centralised-th0.9-dw3,scale_free,60,0.9,cascading,CENTRALISED,orbit-ceiling-0.95,21,11754375424036358947,0.3006367636028856,0.5645835019508575,0.464889316594448,0.1851161892409493,0.1581057890596585,2325.8280032401203,3.8313888566180685,8.302871505153332,,0.0,True,119,0,39,0.9,3,False,232,1.6,0.7914960286606669,,0.32886259999941103,9,14688,1.7083160000038333
a9-ceiling,scale_free-n60-load0.9-cascading-centralised-th0.9-dw3,scale_free,60,0.9,cascading,CENTRALISED,orbit-ceiling-1.0,21,11754375424036358947,0.2648742788898271,0.4608207468457679,0.3960349756693713,0.1890795800437595,0.13728892888449185,2049.1572880080066,3.6122599029372577,7.175609735469677,0.0,0.2,True,131,0,59,0.9,3,False,232,0.8,0.821090672804812,,0.288291599979857,8,15712,1.5552385000046343
a9-ceiling,scale_free-n60-load0.9-cascading-centralised-th0.9-dw3,scale_free,60,0.9,cascading,CENTRALISED,orbit-no-fallback,21,11754375424036358947,0.20066555725757543,0.4142713686981869,0.30054402781549316,0.10217441683512714,0.12340590930043982,1552.4168327328712,3.554854066493864,5.802346525093127,0.0,0.0,True,154,14,78,0.9,3,False,232,0.8,0.7694006549700548,,0.3242605000559706,9,17481,1.4180028999981005
a9-ceiling,scale_free-n60-load0.9-cascading-centralised-th0.9-dw3,scale_free,60,0.9,cascading,CENTRALISED,spf-static,21,11754375424036358947,0.0912269663732236,0.09266181164032107,0.03013729224939794,0.1548105070674928,0.06617134074036193,705.7627633384078,7.900242190082038,52.10142806305904,0.0,0.0,False,0,0,49,0.9,3,False,232,0.0,0.3736541654497087,,0.0271774000430014,2,19992,0.837554600002477
a9-ceiling,scale_free-n60-load0.9-cascading-centralised-th0.9-dw3,scale_free,60,0.9,cascading,CENTRALISED,cspf,22,16152737079424385085,0.04942633634548511,0.03246347266208805,0.035073008983420986,0.05126871864174885,0.07251245926418828,359.95861025108604,28.28909952685035,107.11128974849535,,,True,148,0,104,0.9,3,False,232,0.0,0.0,,0.2951706999738235,4,20887,1.1413657999946736
a9-ceiling,scale_free-n60-load0.9-cascading-centralised-th0.9-dw3,scale_free,60,0.9,cascading,CENTRALISED,orbit,22,16152737079424385085,0.03199439677689572,0.06624996388753908,0.024033348931094503,0.024156628729267566,0.031911297826707305,233.00651942181045,42.32676118238026,156.05326290727487,,,True,302,1,116,0.9,3,False,232,0.0,0.08352148299148093,,0.3706338999909349,5,21126,1.2498349999950733
a9-ceiling,scale_free-n60-load0.9-cascading-centralised-th0.9-dw3,scale_free,60,0.9,cascading,CENTRALISED,orbit-ceiling-0.6,22,16152737079424385085,0.24800596230462454,0.6176406231994979,0.44754739837193125,0.10931177432407951,0.015649205468645736,1806.1601997193245,3.8806289331611676,8.14758342989395,0.0,0.2,False,46,0,0,0.9,3,False,232,0.30000000000000004,1.0,,0.08426989999134094,2,16056,1.2518474999815226
a9-ceiling,scale_free-n60-load0.9-cascading-centralised-th0.9-dw3,scale_free,60,0.9,cascading,CENTRALISED,orbit-ceiling-0.7,22,16152737079424385085,0.33946373293253806,0.9070643727894951,0.6002011944600915,0.1483633962531531,0.0,2472.2223529360185,4.062525585241071,9.176080299590907,0.0,0.0,True,54,0,0,0.9,3,False,232,0.30000000000000004,0.9713978152567009,,0.08504859998356551,2,14834,1.4851533999899402
a9-ceiling,scale_free-n60-load0.9-cascading-centralised-th0.9-dw3,scale_free,60,0.9,cascading,CENTRALISED,orbit-ceiling-0.8,22,16152737079424385085,0.3820871701464201,0.9769436464651546,0.7094598521785572,0.12374011476282384,0.05370737628885286,2782.6372927848806,4.015172520266679,9.303977192373516,0.0,0.0,True,60,0,0,0.9,3,False,232,0.30000000000000004,0.9733965151520999,,0.10120969999115914,2,13956,1.695023400010541
a9-ceiling,scale_free-n60-load0.9-cascading-centralised-th0.9-dw3,scale_free,60,0.9,cascading,CENTRALISED,orbit-ceiling-0.9,22,16152737079424385085,0.40498672905008753,0.9769436464651546,0.801164867305684,0.10538496399307053,0.07654748890273211,2949.4085731951873,4.648251561919194,10.46223997664708,0.0,0.0,True,67,0,0,0.9,3,False,232,0.30000000000000004,0.9733965151520999,,0.09244920001947321,2,13058,1.9542595999955665
a9-ceiling,scale_free-n60-load0.9-cascading-centralised-th0.9-dw3,scale_free,60,0.9,cascading,CENTRALISED,orbit-ceiling-0.95,22,16152737079424385085,0.18915515437926345,0.27252591660899006,0.2961096081870286,0.08244740616046797,0.18143591944820542,1377.5657175207336,4.001935366532586,8.202266305413985,,0.5,True,116,0,71,0.9,3,False,232,0.6000000000000001,0.533902136903974,,0.2857603000011295,7,17939,1.3181927000114229
a9-ceiling,scale_free-n60-load0.9-cascading-centralised-th0.9-dw3,scale_free,60,0.9,cascading,CENTRALISED,orbit-ceiling-1.0,22,16152737079424385085,0.10317721055976148,0.10505261989093406,0.11361120055668475,0.07579563897055198,0.13146166069716084,751.4116576044377,3.9320127021407822,8.17945246298138,,0.0,True,131,0,109,0.9,3,False,232,1.1,0.24400004369987705,,0.31226030000834726,8,20014,1.2543449999939185
a9-ceiling,scale_free-n60-load0.9-cascading-centralised-th0.9-dw3,scale_free,60,0.9,cascading,CENTRALISED,orbit-no-fallback,22,16152737079424385085,0.09443673552065995,0.08043496018996044,0.1395734883419942,0.07203738992425292,0.08683584269346335,687.7571470613618,3.2089061513186103,7.571220050315386,,0.0,True,129,4,110,0.9,3,False,232,0.1,0.09162897417007904,,0.2189799000043422,6,20496,1.1171141999948304
a9-ceiling,scale_free-n60-load0.9-cascading-centralised-th0.9-dw3,scale_free,60,0.9,cascading,CENTRALISED,spf-static,22,16152737079424385085,0.11002787208917275,0.14850853145182857,0.032242127190470614,0.13328687222807142,0.1374200505077117,801.3031686035675,7.524144970987221,53.03018076938743,0.0,0.0,False,0,0,47,0.9,3,False,232,0.0,0.5205961047163655,,0.028775199985830113,2,19551,0.842667499993695
a9-ceiling,scale_free-n60-load0.9-cascading-centralised-th0.9-dw3,scale_free,60,0.9,cascading,CENTRALISED,cspf,23,7996873395213172010,0.06545539934592035,0.13173698702469072,0.05798191694226335,0.060441747376014154,0.042709496215197665,514.6412857948009,21.596456875141985,105.06686831190987,,0.2,True,134,0,121,0.9,3,False,232,0.30000000000000004,0.3430988855341674,,0.2923968999821227,5,20350,1.248958300013328
a9-ceiling,scale_free-n60-load0.9-cascading-centralised-th0.9-dw3,scale_free,60,0.9,cascading,CENTRALISED,orbit,23,7996873395213172010,0.04722959571038402,0.09860341758248381,0.04170976956482255,0.045393729982211896,0.026355955276358495,371.34140356406806,27.836996093230365,106.96142508065519,,0.0,True,255,1,129,0.9,3,False,232,0.0,0.2439547302424173,,0.28468700000667013,4,20828,1.2294888999895193
a9-ceiling,scale_free-n60-load0.9-cascading-centralised-th0.9-dw3,scale_free,60,0.9,cascading,CENTRALISED,orbit-ceiling-0.6,23,7996873395213172010,0.26440568384384844,0.6178661403932905,0.5181983966576436,0.10216099045714058,0.0381802553480556,2078.8824522439168,3.860146460660662,9.150737805760608,0.2,0.2,False,48,0,0,0.9,3,False,232,0.30000000000000004,1.0,,0.06787790000089444,2,15582,1.3017377000069246
a9-ceiling,scale_free-n60-load0.9-cascading-centralised-th0.9-dw3,scale_free,60,0.9,cascading,CENTRALISED,orbit-ceiling-0.7,23,7996873395213172010,0.32352811743338555,0.7003899298355507,0.655210984110684,0.0953293017366969,0.09956761996138465,2543.7309681170927,3.6908438407448347,8.151844182107679,0.0,0.0,True,57,0,0,0.9,3,False,232,0.0,0.9502252183301342,,0.07478989998344332,2,14340,1.4717163000022992
a9-ceiling,scale_free-n60-load0.9-cascading-centralised-th0.9-dw3,scale_free,60,0.9,cascading,CENTRALISED,orbit-ceiling-0.8,23,7996873395213172010,0.3669015384900871,0.8823714492717918,0.6729965416764364,0.1127400403849262,0.12795764818926378,2884.753304012923,3.9727932560054806,8.264818436427932,,0.0,True,59,0,0,0.9,3,False,232,0.30000000000000004,0.864274749159764,,0.09227660001488402,2,13932,1.6053148999926634
a9-ceiling,scale_free-n60-load0.9-cascading-centralised-th0.9-dw3,scale_free,60,0.9,cascading,CENTRALISED,orbit-ceiling-0.9,23,7996873395213172010,0.4274015224614957,0.8823714492717918,0.7532048835785883,0.1597695130237394,0.22210949976949487,3360.4327720589945,4.032707067858005,7.409098199283405,,0.0,True,71,0,0,0.9,3,False,232,0.30000000000000004,0.864274749159764,,0.09781880001537502,2,12132,1.907744400028605
a9-ceiling,scale_free-n60-load0.9-cascading-centralised-th0.9-dw3,scale_free,60,0.9,cascading,CENTRALISED,orbit-ceiling-0.95,23,7996873395213172010,0.3190651212867984,0.6305110059811568,0.40403351088192424,0.19542950902155612,0.23385100405238243,2508.640783070043,3.7166012554372734,7.432854279045139,,0.2,True,113,0,44,0.9,3,False,232,1.1,0.7475416167421387,,0.29934359999606386,9,14702,1.6486352999927476
a9-ceiling,scale_free-n60-load0.9-cascading-centralised-th0.9-dw3,scale_free,60,0.9,cascading,CENTRALISED,orbit-ceiling-1.0,23,7996873395213172010,0.22473509071832312,0.46029546053265147,0.27789764320224025,0.13316383963037742,0.16885441968668058,1766.9734996078312,3.9470295929570742,7.25362675266541,,0.0,True,117,0,78,0.9,3,False,232,0.30000000000000004,0.7081270737617198,,0.1995345999894198,5,17141,1.343266899988521
a9-ceiling,scale_free-n60-load0.9-cascading-centralised-th0.9-dw3,scale_free,60,0.9,cascading,CENTRALISED,orbit-no-fallback,23,7996873395213172010,0.17384376829352158,0.4793472023131433,0.14626710914788318,0.08092944509242324,0.16289398469057503,1366.8418699758129,3.496388906295831,8.261516930972991,,0.0,True,122,4,92,0.9,3,False,232,0.30000000000000004,0.68350193743603,,0.2496738000481855,6,18215,1.3033818999829236
a9-ceiling,scale_free-n60-load0.9-cascading-centralised-th0.9-dw3,scale_free,60,0.9,cascading,CENTRALISED,spf-static,23,7996873395213172010,0.11940508730929239,0.22359475344980168,0.07400066126515285,0.0873587927253801,0.15307229689351753,938.8192307641118,7.291714567954601,52.12443145332975,0.0,0.0,False,0,0,52,0.9,3,False,232,0.0,0.6670647069441695,,0.029174499970395118,2,18963,0.8946366000163835
a9-ceiling,scale_free-n60-load0.9-cascading-centralised-th0.9-dw3,scale_free,60,0.9,cascading,CENTRALISED,cspf,24,10391079679589632229,0.030349633347536955,0.031115261439727877,0.0443531792823236,0.015997156289776902,0.03637705563830874,245.68859627358827,43.37854673158738,154.02889142680112,,,True,175,0,124,0.9,3,False,232,0.0,0.0,,0.31348879999131896,5,21181,1.1994313999894075
a9-ceiling,scale_free-n60-load0.9-cascading-centralised-th0.9-dw3,scale_free,60,0.9,cascading,CENTRALISED,orbit,24,10391079679589632229,0.04669604456870733,0.055015746399863875,0.04886244728652423,0.02659309904735626,0.0685618896460703,378.01727323159554,27.57221285132062,153.0,,,True,253,0,125,0.9,3,False,232,0.0,0.1064590835789637,,0.30895700003020465,4,20864,1.2262622999842279
a9-ceiling,scale_free-n60-load0.9-cascading-centralised-th0.9-dw3,scale_free,60,0.9,cascading,CENTRALISED,orbit-ceiling-0.6,24,10391079679589632229,0.23732185434522157,0.5355340362651011,0.42123304193386063,0.1485730499472928,0.01482652365379586,1921.1854255845378,3.731579813368673,7.108053700705376,0.2,0.2,False,46,0,0,0.9,3,False,232,0.30000000000000004,0.950873153087593,,0.07186520000686869,2,16034,1.1640076000185218
a9-ceiling,scale_free-n60-load0.9-cascading-centralised-th0.9-dw3,scale_free,60,0.9,cascading,CENTRALISED,orbit-ceiling-0.7,24,10391079679589632229,0.3342467322329821,0.6734948613714732,0.5486724634617973,0.19376245883511573,0.13223355223989725,2705.818864794288,3.9079001908155324,8.174684796358642,0.0,0.2,False,62,0,0,0.9,3,False,232,0.30000000000000004,1.0,,0.08159330001217313,2,13656,1.529282500006957
a9-ceiling,scale_free-n60-load0.9-cascading-centralised-th0.9-dw3,scale_free,60,0.9,cascading,CENTRALISED,orbit-ceiling-0.8,24,10391079679589632229,0.3537046495548426,0.9083916375787628,0.6060984951046801,0.1517035191535293,0.08208613177024181,2863.3360360389092,4.259594869398607,9.232138723805015,,0.2,True,58,0,0,0.9,3,False,232,0.30000000000000004,0.9281592357365874,,0.08353480001096614,2,14256,1.5367998000001535
a9-ceiling,scale_free-n60-load0.9-cascading-centralised-th0.9-dw3,scale_free,60,0.9,cascading,CENTRALISED,orbit-ceiling-0.9,24,10391079679589632229,0.36802424580633525,0.9396864838914308,0.6885228549185622,0.12245696854630546,0.081007472457484,2979.257090568528,4.690112212427462,11.307610153042319,,0.2,True,60,0,0,0.9,3,False,232,0.30000000000000004,0.9304074814131954,,0.08902029998716898,2,13804,1.762008399993647
a9-ceiling,scale_free-n60-load0.9-cascading-centralised-th0.9-dw3,scale_free,60,0.9,cascading,CENTRALISED,orbit-ceiling-0.95,24,10391079679589632229,0.3127369185460077,0.6554501599929318,0.5567026606367316,0.13322901150748326,0.13487533808257735,2531.6910303541385,4.112022601324778,8.35837707065515,,0.2,True,77,0,26,0.9,3,False,232,0.30000000000000004,0.8616922813951992,,0.16671930000302382,5,15538,1.4700728000025265
a9-ceiling,scale_free-n60-load0.9-cascading-centralised-th0.9-dw3,scale_free,60,0.9,cascading,CENTRALISED,orbit-ceiling-1.0,24,10391079679589632229,0.19025775088603594,0.30794202871050513,0.2766931052913823,0.142192632830527,0.10718372561813608,1540.1886148042634,3.8735359704427688,8.35837707065515,,0.0,True,96,0,67,0.9,3,False,232,0.0,0.5209333898298392,,0.24202489998424426,6,18814,1.146794799977215
a9-ceiling,scale_free-n60-load0.9-cascading-centralised-th0.9-dw3,scale_free,60,0.9,cascading,CENTRALISED,orbit-no-fallback,24,10391079679589632229,0.16837385395943996,0.3872751773119061,0.21654017160845546,0.10994747000299332,0.08225705330129478,1363.032474058741,4.041555079000136,8.35837707065515,,0.2,True,124,8,89,0.9,3,False,232,0.8,0.5507410254254654,,0.3491273000254296,8,18617,1.3447814999963157
a9-ceiling,scale_free-n60-load0.9-cascading-centralised-th0.9-dw3,scale_free,60,0.9,cascading,CENTRALISED,spf-static,24,10391079679589632229,0.08651375502207352,0.08360057685114769,0.06703684925053287,0.07910109047157246,0.1181509800722518,700.3525474700782,9.096079476965723,53.05628890018733,0.0,0.0,False,0,0,56,0.9,3,False,232,0.0,0.3503674544145737,,0.030364900012500584,2,19992,0.8395380999718327
a9-ceiling,scale_free-n60-load0.9-cascading-centralised-th0.9-dw3,scale_free,60,0.9,cascading,CENTRALISED,cspf,25,4904111088553647312,0.035046653295289686,0.03061146091449506,0.04023915687177914,0.033450536340830915,0.03422177467116814,274.7185583596486,40.69942182794046,154.0439135529419,,0.0,True,137,0,117,0.9,3,False,232,0.0,0.0,,0.27759390001301654,4,21163,1.1521430000138935
a9-ceiling,scale_free-n60-load0.9-cascading-centralised-th0.9-dw3,scale_free,60,0.9,cascading,CENTRALISED,orbit,25,4904111088553647312,0.0495086942564349,0.07518529011652277,0.03725537247534132,0.05854243041802803,0.03560591037426911,388.0814809277209,26.119779380769177,107.16499324990515,0.0,0.0,True,249,0,120,0.9,3,False,232,0.0,0.17054289616803184,,0.30664309998974204,4,20866,1.2065226999984588
a9-ceiling,scale_free-n60-load0.9-cascading-centralised-th0.9-dw3,scale_free,60,0.9,cascading,CENTRALISED,orbit-ceiling-0.6,25,4904111088553647312,0.26078680151215555,0.5706095212430593,0.3463288109002342,0.21576365501347902,0.05701073009980197,2044.217276525862,4.060365555723902,10.159518137673372,0.2,0.2,True,50,0,0,0.9,3,False,232,0.30000000000000004,1.0,,0.08086269997875206,2,15304,1.279745500010904
a9-ceiling,scale_free-n60-load0.9-cascading-centralised-th0.9-dw3,scale_free,60,0.9,cascading,CENTRALISED,orbit-ceiling-0.7,25,4904111088553647312,0.3162739004678334,0.832456190259132,0.41682038701281526,0.14948949590597257,0.14809331348586338,2479.161398129385,4.046355826008787,9.170449702684577,0.0,0.0,True,55,0,0,0.9,3,False,232,0.30000000000000004,0.9567310589802208,,0.08216240000911057,2,14554,1.4252349000016693
a9-ceiling,scale_free-n60-load0.9-cascading-centralised-th0.9-dw3,scale_free,60,0.9,cascading,CENTRALISED,orbit-ceiling-0.8,25,4904111088553647312,0.3642491531780052,0.9406042523412589,0.5659662599970728,0.17839964752125295,0.08068719002906387,2855.2227626891104,4.064749308091423,7.193559599426869,,0.0,True,61,0,0,0.9,3,False,232,0.30000000000000004,0.9314664450091455,,0.09681349998572841,2,13654,1.615563800005475
a9-ceiling,scale_free-n60-load0.9-cascading-centralised-th0.9-dw3,scale_free,60,0.9,cascading,CENTRALISED,orbit-ceiling-0.9,25,4904111088553647312,0.4159411272960939,0.9406042523412589,0.6401802175434038,0.24691631714856593,0.11434602235612222,3260.418217126244,4.157172798032008,9.302930777100544,,0.0,True,69,0,0,0.9,3,False,232,0.30000000000000004,0.9314664450091455,,0.1032534999831114,2,12432,1.9030621999991126
a9-ceiling,scale_free-n60-load0.9-cascading-centralised-th0.9-dw3,scale_free,60,0.9,cascading,CENTRALISED,orbit-ceiling-0.95,25,4904111088553647312,0.2547986344274227,0.40935302325459005,0.4363410900392156,0.1887296130891435,0.06543309221256834,1997.2781118965358,4.258280964711821,8.323865966894163,,0.0,True,103,0,43,0.9,3,False,232,1.1,0.756322609924178,,0.2976082000241149,10,16346,1.4930063000065275
a9-ceiling,scale_free-n60-load0.9-cascading-centralised-th0.9-dw3,scale_free,60,0.9,cascading,CENTRALISED,orbit-ceiling-1.0,25,4904111088553647312,0.21753676424591328,0.3577902153609627,0.41370572891244733,0.14122460343301807,0.03479727923472493,1705.19523677007,4.015446296071731,7.214284745566672,,0.2,True,110,0,70,0.9,3,False,232,0.30000000000000004,0.5517569082020571,,0.241887999989558,7,17187,1.3825991000048816
a9-ceiling,scale_free-n60-load0.9-cascading-centralised-th0.9-dw3,scale_free,60,0.9,cascading,CENTRALISED,orbit-no-fallback,25,4904111088553647312,0.15709798848015796,0.36577258234652077,0.22040259061162473,0.10637192633425684,0.041939734365349805,1231.436638267259,4.1634170754000746,7.244553008846048,,0.0,True,160,36,99,0.9,3,False,232,1.8,0.7574626605449408,,0.4148216000176035,11,18708,1.461795200011693
a9-ceiling,scale_free-n60-load0.9-cascading-centralised-th0.9-dw3,scale_free,60,0.9,cascading,CENTRALISED,spf-static,25,4904111088553647312,0.15299624810525642,0.09487902857219424,0.19687058503328458,0.12363421652405346,0.17957731757388795,1199.284518261268,5.754542528341894,3.0802475858613416,0.0,0.0,False,0,0,49,0.9,3,False,232,0.0,0.4225505114591298,,0.026932100008707494,2,18228,0.9416879999917
a9-ceiling,scale_free-n60-load0.9-cascading-centralised-th0.9-dw3,scale_free,60,0.9,cascading,CENTRALISED,cspf,26,6004442829707399442,0.06173558541237887,0.05982453572106105,0.04225971192428904,0.05109466157022848,0.09691180233803505,454.72986097470505,22.516139573509204,104.79634124936395,,0.0,True,110,0,113,0.9,3,False,232,0.1,0.13570731683556075,,0.2927087000280153,5,20554,1.2167901000066195
a9-ceiling,scale_free-n60-load0.9-cascading-centralised-th0.9-dw3,scale_free,60,0.9,cascading,CENTRALISED,orbit,26,6004442829707399442,0.05934938319289353,0.1150230811632887,0.04403034909901066,0.06035994385012006,0.045042591852151155,437.1536543788488,22.645892323142746,104.51768807917347,,,True,244,0,111,0.9,3,False,232,0.1,0.22093552636091818,,0.36457700000028126,5,20557,1.2797092999971937
a9-ceiling,scale_free-n60-load0.9-cascading-centralised-th0.9-dw3,scale_free,60,0.9,cascading,CENTRALISED,orbit-ceiling-0.6,26,6004442829707399442,0.2867403807172576,0.6798754354616313,0.4646757017647498,0.14404807929686575,0.10671038107262973,2112.062477231286,3.7590255293432073,6.116560207841388,,0.2,True,53,0,0,0.9,3,False,232,0.30000000000000004,0.9323720886526503,,0.08215240002027713,2,14854,1.372678600018844
a9-ceiling,scale_free-n60-load0.9-cascading-centralised-th0.9-dw3,scale_free,60,0.9,cascading,CENTRALISED,orbit-ceiling-0.7,26,6004442829707399442,0.3574118807953127,0.9576709781904746,0.47835677397106524,0.19474641495136197,0.15698560042271711,2632.6121924515132,3.6346651262909178,6.157719312883098,0.0,0.2,False,64,0,0,0.9,3,False,232,0.30000000000000004,0.9511588209890056,,0.09745979998842813,2,13226,1.5768276000162587
a9-ceiling,scale_free-n60-load0.9-cascading-centralised-th0.9-dw3,scale_free,60,0.9,cascading,CENTRALISED,orbit-ceiling-0.8,26,6004442829707399442,0.37700075912096936,0.9576709781904746,0.5922445226001424,0.19086081510276526,0.1246313651223194,2776.8992816266677,4.188897003313148,7.182839447295057,0.0,0.2,True,66,0,0,0.9,3,False,232,0.30000000000000004,0.9511588209890056,,0.10624739999184385,2,13056,1.8018532000132836
a9-ceiling,scale_free-n60-load0.9-cascading-centralised-th0.9-dw3,scale_free,60,0.9,cascading,CENTRALISED,orbit-ceiling-0.9,26,6004442829707399442,0.4110139045496049,0.9576709781904746,0.7636089857426525,0.17528390460687615,0.10706763185790592,3027.432143488451,4.622125624741395,8.258577831102272,0.0,0.0,False,70,0,0,0.9,3,False,232,0.30000000000000004,0.9511588209890056,,0.10507880002842285,2,12370,2.1419507000246085
a9-ceiling,scale_free-n60-load0.9-cascading-centralised-th0.9-dw3,scale_free,60,0.9,cascading,CENTRALISED,orbit-ceiling-0.95,26,6004442829707399442,0.2726191395500147,0.5728772921667787,0.4292410377775222,0.15019018646656696,0.13298815036830183,2008.0487226053667,3.996445780446505,7.412512620565465,,0.0,True,110,0,49,0.9,3,False,232,0.1,0.7582141496570887,,0.2659762999683153,6,15914,1.528621999983443
a9-ceiling,scale_free-n60-load0.9-cascading-centralised-th0.9-dw3,scale_free,60,0.9,cascading,CENTRALISED,orbit-ceiling-1.0,26,6004442829707399442,0.1673029644268954,0.3750945390728618,0.18871833175934705,0.12965404335345684,0.09257025963450081,1232.3144463005854,3.6706849980815943,6.23175154387385,,0.0,True,115,0,90,0.9,3,False,232,0.1,0.6235002325212293,,0.297699000017019,6,18358,1.3303383000020403
a9-ceiling,scale_free-n60-load0.9-cascading-centralised-th0.9-dw3,scale_free,60,0.9,cascading,CENTRALISED,orbit-no-fallback,26,6004442829707399442,0.1442650263413687,0.3863167565493925,0.08855247085972145,0.13366719203683278,0.09190620024558063,1062.6223908548,3.9370503128798,8.280207298058397,0.0,0.5,True,141,15,105,0.9,3,False,232,1.6,0.748412387412934,,0.33989359997212887,9,18943,1.3819551999913529
a9-ceiling,scale_free-n60-load0.9-cascading-centralised-th0.9-dw3,scale_free,60,0.9,cascading,CENTRALISED,spf-static,26,6004442829707399442,0.13406704586709017,0.08530400283416276,0.08328914421031952,0.19142925680034573,0.1302525511422512,987.5064554940966,5.690430279829088,52.01620668346402,0.0,0.0,False,0,0,46,0.9,3,False,232,0.0,0.35146230050946564,,0.029828499973518774,2,18816,0.8957633000100031
a9-ceiling,scale_free-n60-load0.9-cascading-centralised-th0.9-dw3,scale_free,60,0.9,cascading,CENTRALISED,cspf,27,1506111178635184449,0.03832915610747539,0.06299320830164662,0.022676711853430353,0.03802124413247616,0.04255312660514842,319.9319334548289,33.309505765990046,154.01098842316688,,,True,128,0,117,0.9,3,False,232,0.30000000000000004,0.10393414950156357,,0.31540390002192,6,21059,1.2074594000005163
a9-ceiling,scale_free-n60-load0.9-cascading-centralised-th0.9-dw3,scale_free,60,0.9,cascading,CENTRALISED,orbit,27,1506111178635184449,0.05051900669013342,0.09901682144269061,0.04398227488881375,0.03753259349905521,0.04909155066536339,421.6801288625187,26.715326748687016,107.10296646261622,,0.0,True,269,1,119,0.9,3,False,232,0.0,0.19092909140853032,,0.39596569995046593,6,20903,1.2992628999927547
a9-ceiling,scale_free-n60-load0.9-cascading-centralised-th0.9-dw3,scale_free,60,0.9,cascading,CENTRALISED,orbit-ceiling-0.6,27,1506111178635184449,0.25718850372042595,0.49983412180627057,0.30708617865119997,0.2513956665879625,0.07962002139781738,2146.742156986404,3.467444030515193,6.137897092209515,0.2,0.2,False,49,0,0,0.9,3,False,232,0.30000000000000004,1.0,,0.09091239998815581,2,15454,1.1982460000144783
a9-ceiling,scale_free-n60-load0.9-cascading-centralised-th0.9-dw3,scale_free,60,0.9,cascading,CENTRALISED,orbit-ceiling-0.7,27,1506111178635184449,0.2843904193089371,0.725553090728207,0.4216362120430993,0.17271893821597276,0.04763978004091914,2373.795458747204,3.7804870389943863,6.199140147526099,0.0,0.0,False,51,0,0,0.9,3,False,232,0.30000000000000004,0.9999999999999999,,0.07974740001372993,2,15154,1.3176692000124604
a9-ceiling,scale_free-n60-load0.9-cascading-centralised-th0.9-dw3,scale_free,60,0.9,cascading,CENTRALISED,orbit-ceiling-0.8,27,1506111178635184449,0.3837341773846391,0.8664228161566502,0.6031416935615056,0.23580442184100628,0.08387271678548336,3203.013835189084,3.832688173166484,7.222999211204233,,0.2,True,62,0,0,0.9,3,False,232,0.30000000000000004,0.9241812886203151,,0.08884139996371232,2,13482,1.635382300009951
a9-ceiling,scale_free-n60-load0.9-cascading-centralised-th0.9-dw3,scale_free,60,0.9,cascading,CENTRALISED,orbit-ceiling-0.9,27,1506111178635184449,0.4197404264162552,0.9390636463941398,0.6571141810864336,0.29586912837601526,0.0479049623601025,3503.556556162122,3.829159106555271,6.380455563894698,,0.2,True,69,0,0,0.9,3,False,232,0.30000000000000004,0.9296888227624721,,0.11363850001362152,2,12584,1.8652928000083193
a9-ceiling,scale_free-n60-load0.9-cascading-centralised-th0.9-dw3,scale_free,60,0.9,cascading,CENTRALISED,orbit-ceiling-0.95,27,1506111178635184449,0.30809784067058543,0.5697812927580549,0.581797686110644,0.15133524492769113,0.08004851051805295,2571.6803569221784,3.598466785034458,6.1290962051771745,,0.0,True,95,0,35,0.9,3,False,232,0.0,0.7648185782131998,,0.23161069996422157,5,15628,1.495267899997998
a9-ceiling,scale_free-n60-load0.9-cascading-centralised-th0.9-dw3,scale_free,60,0.9,cascading,CENTRALISED,orbit-ceiling-1.0,27,1506111178635184449,0.23934974160445963,0.53731990514667,0.46014299850753065,0.08306088163578956,0.04891937897421333,1997.8427228794062,3.7320252592468557,6.220770215800974,,0.0,True,113,0,66,0.9,3,False,232,0.6000000000000001,0.716719279636234,,0.30344989997684024,8,17128,1.4571523999911733
a9-ceiling,scale_free-n60-load0.9-cascading-centralised-th0.9-dw3,scale_free,60,0.9,cascading,CENTRALISED,orbit-no-fallback,27,1506111178635184449,0.24599628849655225,0.6318863538437194,0.3553469115576361,0.14870994379805097,0.050070169785565624,2053.3211840284807,3.834033674583236,7.230793362145516,0.2,0.2,True,127,16,64,0.9,3,False,232,1.1,0.9164798052641465,,0.3371814000129234,9,16725,1.527688100002706
a9-ceiling,scale_free-n60-load0.9-cascading-centralised-th0.9-dw3,scale_free,60,0.9,cascading,CENTRALISED,spf-static,27,1506111178635184449,0.09810405097514055,0.13292567664451016,0.060679792433277015,0.13943476215490638,0.06426679646218243,818.8705908426308,7.460670336857923,53.022784426455814,0.0,0.0,False,0,0,51,0.9,3,False,232,0.0,0.5076159850370525,,0.03189589997055009,2,19698,0.8412312000000384
a9-ceiling,scale_free-n60-load0.9-cascading-centralised-th0.9-dw3,scale_free,60,0.9,cascading,CENTRALISED,cspf,28,8826967550766888817,0.06043337515398948,0.09120306372373785,0.06695561050130526,0.056347340071058565,0.040275018799657496,501.8561144326972,22.67549637179078,106.1380094886759,,0.0,True,186,0,119,0.9,3,False,232,0.0,0.21915645461227212,,0.3442297999863513,5,20336,1.2836965000024065
a9-ceiling,scale_free-n60-load0.9-cascading-centralised-th0.9-dw3,scale_free,60,0.9,cascading,CENTRALISED,orbit,28,8826967550766888817,0.04970052227015561,0.05683976543362138,0.05156043047604027,0.05291531066333444,0.03873449848421844,412.72741971171314,24.206046159526032,105.08191711518576,,0.0,True,256,2,111,0.9,3,False,232,0.0,0.09057968445514736,,0.3616578000073787,4,20780,1.2587174999935087
a9-ceiling,scale_free-n60-load0.9-cascading-centralised-th0.9-dw3,scale_free,60,0.9,cascading,CENTRALISED,orbit-ceiling-0.6,28,8826967550766888817,0.2164251269902912,0.309360458708108,0.3812061609829516,0.14625569627773857,0.0866992738072851,1797.2564501021502,3.9300207802752523,7.129754304326044,0.0,0.0,True,46,0,0,0.9,3,False,232,0.0,1.0,,0.06268249999266118,2,15860,1.182407799991779
a9-ceiling,scale_free-n60-load0.9-cascading-centralised-th0.9-dw3,scale_free,60,0.9,cascading,CENTRALISED,orbit-ceiling-0.7,28,8826967550766888817,0.3106581638872101,0.4609235653693482,0.6110944209098148,0.15353427951014006,0.12765271397965003,2579.7946688890056,3.6643241116300485,7.130777641645136,0.0,0.2,False,60,0,0,0.9,3,False,232,0.30000000000000004,1.0,,0.07387960000778548,2,13782,1.564947500010021
a9-ceiling,scale_free-n60-load0.9-cascading-centralised-th0.9-dw3,scale_free,60,0.9,cascading,CENTRALISED,orbit-ceiling-0.8,28,8826967550766888817,0.373575328490937,0.7852599586358524,0.621314215241852,0.1725684903360511,0.14501735074021077,3102.2768846959507,3.841315641053744,8.248511639017897,,0.0,True,65,0,0,0.9,3,False,232,0.30000000000000004,0.9287351379543382,,0.10917300003347918,2,13054,1.7119035000214353
a9-ceiling,scale_free-n60-load0.9-cascading-centralised-th0.9-dw3,scale_free,60,0.9,cascading,CENTRALISED,orbit-ceiling-0.9,28,8826967550766888817,0.4267925005640128,0.9659772732501793,0.6558629819426008,0.23481428141877458,0.12535576027654374,3544.207574974913,3.695721670978585,7.285721350521047,0.2,0.2,True,71,0,0,0.9,3,False,232,0.30000000000000004,1.0,,0.11121730002923869,2,12132,1.8720027999952435
a9-ceiling,scale_free-n60-load0.9-cascading-centralised-th0.9-dw3,scale_free,60,0.9,cascading,CENTRALISED,orbit-ceiling-0.95,28,8826967550766888817,0.3763107066944473,0.8242846169808252,0.5197079947599189,0.19211825617445608,0.2099202009607539,3124.992251382316,3.4661045518429106,6.244280778773254,0.2,0.2,True,95,0,22,0.9,3,False,232,1.3,0.9544835645927628,,0.2616078999999445,7,13465,1.7608976000046823
a9-ceiling,scale_free-n60-load0.9-cascading-centralised-th0.9-dw3,scale_free,60,0.9,cascading,CENTRALISED,orbit-ceiling-1.0,28,8826967550766888817,0.3000603098690405,0.6501888866179915,0.4466840948836778,0.15227777775737456,0.13945295787582795,2491.787043544048,3.636169436963716,6.321393507822533,,0.0,True,107,0,44,0.9,3,False,232,0.6000000000000001,0.9860058224732859,,0.2764934000442736,7,15602,1.542843500006711
a9-ceiling,scale_free-n60-load0.9-cascading-centralised-th0.9-dw3,scale_free,60,0.9,cascading,CENTRALISED,orbit-no-fallback,28,8826967550766888817,0.2502760826479695,0.6109254634387056,0.2579670878662573,0.17516276507221556,0.12441085162099448,2078.3645138650672,3.4622114922541494,6.319597060700714,,0.0,True,138,14,65,0.9,3,False,232,1.1,0.9322006292278188,,0.37270159999025054,8,16504,1.5329230000206735
a9-ceiling,scale_free-n60-load0.9-cascading-centralised-th0.9-dw3,scale_free,60,0.9,cascading,CENTRALISED,spf-static,28,8826967550766888817,0.09801188922590584,0.042240227404655634,0.12747142601935846,0.12498342486042226,0.06367191992552684,813.918894481503,8.10404393435089,53.049394366435315,0.0,0.0,False,0,0,55,0.9,3,False,232,0.0,0.1817944406089728,,0.03480550000676885,2,19404,0.8909885999746621
a9-ceiling,scale_free-n60-load0.9-cascading-centralised-th0.9-dw3,scale_free,60,0.9,cascading,CENTRALISED,cspf,29,14951798300661155977,0.060175788041116764,0.032933211579612695,0.04117701572922659,0.06329255565393023,0.09227663447090143,491.22559642023646,23.368089162308355,105.12585860799584,,0.0,True,126,0,120,0.9,3,False,232,0.0,0.0,,0.2923972999851685,5,20647,1.2103501000092365
a9-ceiling,scale_free-n60-load0.9-cascading-centralised-th0.9-dw3,scale_free,60,0.9,cascading,CENTRALISED,orbit,29,14951798300661155977,0.05037378384645436,0.06265760674202138,0.05906882471760479,0.012837155998715532,0.0902453269796018,411.2101032563294,26.485382838625778,105.27830218241854,0.0,0.0,True,256,1,123,0.9,3,False,232,0.0,0.13666905540338056,,0.2888624000188429,4,20840,1.2167085999972187
a9-ceiling,scale_free-n60-load0.9-cascading-centralised-th0.9-dw3,scale_free,60,0.9,cascading,CENTRALISED,orbit-ceiling-0.6,29,14951798300661155977,0.28944348359471267,0.43107134260153795,0.35546515036371495,0.2719133528158506,0.15964088878769866,2362.778328081285,3.513271756381585,6.118694581906204,,0.0,True,56,0,0,0.9,3,False,232,0.30000000000000004,0.9353056484906941,,0.06369220002670772,2,14382,1.3254423000034876
a9-ceiling,scale_free-n60-load0.9-cascading-centralised-th0.9-dw3,scale_free,60,0.9,cascading,CENTRALISED,orbit-ceiling-0.7,29,14951798300661155977,0.2912467842621241,0.6270235740956893,0.5205299195928731,0.1254120729491254,0.09296241435168356,2377.4989902397747,4.2489944699679665,9.171114466606005,,0.2,True,54,0,0,0.9,3,False,232,0.30000000000000004,0.9186441644000686,,0.067326599964872,2,14812,1.4048413999844342
a9-ceiling,scale_free-n60-load0.9-cascading-centralised-th0.9-dw3,scale_free,60,0.9,cascading,CENTRALISED,orbit-ceiling-0.8,29,14951798300661155977,0.4148311393149481,0.9428808470318939,0.6957298039842699,0.19386102156792678,0.12830450082975067,3386.33992934893,3.565689505340708,6.1844994635057216,,0.2,True,66,0,0,0.9,3,False,232,0.30000000000000004,0.9340932850367972,,0.09222179997595958,2,12882,1.6822918000107165
a9-ceiling,scale_free-n60-load0.9-cascading-centralised-th0.9-dw3,scale_free,60,0.9,cascading,CENTRALISED,orbit-ceiling-0.9,29,14951798300661155977,0.4345640339633391,0.9428808470318939,0.6667144500746067,0.2368829333628683,0.17705451547115944,3547.4230369956526,3.697938828324229,6.336639554957015,,0.0,True,70,0,0,0.9,3,False,232,0.30000000000000004,0.9340932850367972,,0.09599959998740815,2,12282,1.7772072000079788
a9-ceiling,scale_free-n60-load0.9-cascading-centralised-th0.9-dw3,scale_free,60,0.9,cascading,CENTRALISED,orbit-ceiling-0.95,29,14951798300661155977,0.37915346488311447,0.7692302689424315,0.5497298413185684,0.2328751722734926,0.18148326479280164,3095.0967654091496,3.7633853658418666,8.329339478725032,,0.2,True,88,0,27,0.9,3,False,232,0.8,0.9128613214185127,,0.18925880000460893,6,13726,1.6826312999764923
a9-ceiling,scale_free-n60-load0.9-cascading-centralised-th0.9-dw3,scale_free,60,0.9,cascading,CENTRALISED,orbit-ceiling-1.0,29,14951798300661155977,0.23135640965872042,0.4321490641046134,0.33898759898509573,0.11833496589905115,0.16525212164456382,1888.6032741706053,3.3062531144006817,6.1712370422326375,,0.2,True,120,0,74,0.9,3,False,232,0.30000000000000004,0.6399150022452202,,0.238385200034827,6,17436,1.3107189000002109
a9-ceiling,scale_free-n60-load0.9-cascading-centralised-th0.9-dw3,scale_free,60,0.9,cascading,CENTRALISED,orbit-no-fallback,29,14951798300661155977,0.18447583325912606,0.47311868146807523,0.18366742801841082,0.10042168440714322,0.1378137394602105,1505.9088408766029,3.576450951965513,6.268545852162113,0.2,1.7000000000000002,True,141,11,94,0.9,3,False,232,2.3000000000000003,0.8458339038191001,,0.4422240000567399,11,18652,1.429852800007211
a9-ceiling,scale_free-n60-load0.9-cascading-centralised-th0.9-dw3,scale_free,60,0.9,cascading,CENTRALISED,spf-static,29,14951798300661155977,0.11268331943803621,0.14696391058985692,0.07822472018901257,0.07199120961730354,0.19025990422688008,919.8538581620227,6.5627764504525015,52.03198562774292,0.0,0.0,False,0,0,49,0.9,3,False,232,0.0,0.5762710297587473,,0.02931499999249354,2,19257,0.8547323000093456
a9-ceiling,scale_free-n60-load0.9-cascading-centralised-th0.95-dw3,scale_free,60,0.9,cascading,CENTRALISED,cspf,0,266686485615056643,0.04337101504646333,0.04129002516500541,0.0799372881036371,0.02665371808687131,0.0349364230185686,311.1802630658412,35.276681271811356,112.24885563096318,,0.0,True,149,0,117,0.95,3,False,232,0.1,0.0,,0.35849930002586916,6,20840,1.28658440001891
a9-ceiling,scale_free-n60-load0.9-cascading-centralised-th0.95-dw3,scale_free,60,0.9,cascading,CENTRALISED,orbit,0,266686485615056643,0.043670306635739585,0.065752819003601,0.07638328891578265,0.02868318096345167,0.024225182156989208,313.3276335017096,33.549577081814164,109.21243344116469,,,True,284,2,114,0.95,3,False,232,0.0,0.08280681975114833,,0.3807553999940865,5,20881,1.3088273999746889
a9-ceiling,scale_free-n60-load0.9-cascading-centralised-th0.95-dw3,scale_free,60,0.9,cascading,CENTRALISED,orbit-ceiling-0.6,0,266686485615056643,0.28730280685044624,0.6819684962759704,0.639629310721934,0.10165045040297307,0.030754402630968902,2061.352793322893,3.9082912127435607,9.162546462933207,,0.2,True,57,0,0,0.95,3,False,232,0.30000000000000004,0.9300226871264256,,0.08114789999672212,2,14384,1.6008840999857057
a9-ceiling,scale_free-n60-load0.9-cascading-centralised-th0.95-dw3,scale_free,60,0.9,cascading,CENTRALISED,orbit-ceiling-0.7,0,266686485615056643,0.34254346295902444,0.8730360282716769,0.626798458321025,0.14502856701174047,0.09102381725445696,2457.695878246813,3.873182835021788,8.194465696495657,,0.0,True,60,0,0,0.95,3,False,232,0.30000000000000004,0.9324156357005827,,0.10716039998806082,2,13804,1.6257153000042308
a9-ceiling,scale_free-n60-load0.9-cascading-centralised-th0.95-dw3,scale_free,60,0.9,cascading,CENTRALISED,orbit-ceiling-0.8,0,266686485615056643,0.40715358500019316,0.8842529274467278,0.6995867956149011,0.2701247541196588,0.09777307467114404,2921.2634187331983,4.076705010495818,8.194465696495657,,0.0,True,72,0,0,0.95,3,False,232,0.30000000000000004,0.8664456855154501,,0.10114419998717494,2,11982,2.003574500005925
a9-ceiling,scale_free-n60-load0.9-cascading-centralised-th0.95-dw3,scale_free,60,0.9,cascading,CENTRALISED,orbit-ceiling-0.9,0,266686485615056643,0.4530614838778133,0.8842529274467278,0.8204913098329063,0.33513860656457467,0.0786706738378331,3250.6454272989117,4.108114593040567,8.374770325774339,,0.0,True,81,0,0,0.95,3,False,232,0.30000000000000004,0.8664456855154501,,0.10821599999326281,2,10676,2.3919729000190273
a9-ceiling,scale_free-n60-load0.9-cascading-centralised-th0.95-dw3,scale_free,60,0.9,cascading,CENTRALISED,orbit-ceiling-0.95,0,266686485615056643,0.4706139572430699,0.8842529274467278,0.8521234342612763,0.33688900895868307,0.11333895097862222,3376.581683884221,4.267368211858923,8.452020540890016,,0.2,True,86,0,0,0.95,3,False,232,0.30000000000000004,0.8664456855154501,,0.11779600000591017,2,10164,2.518709600000875
a9-ceiling,scale_free-n60-load0.9-cascading-centralised-th0.95-dw3,scale_free,60,0.9,cascading,CENTRALISED,orbit-ceiling-1.0,0,266686485615056643,0.29015033401898155,0.5526505120033353,0.47194243621141346,0.2247701203267642,0.08942352630058059,2081.7833562793444,4.640713478769191,8.508320902462575,,0.0,True,122,0,49,0.95,3,False,232,0.0,0.7221474122040756,,0.24789520000922494,6,14932,1.7462485000141896
a9-ceiling,scale_free-n60-load0.9-cascading-centralised-th0.95-dw3,scale_free,60,0.9,cascading,CENTRALISED,orbit-no-fallback,0,266686485615056643,0.23282977465250818,0.5309235280630451,0.38063502414842165,0.10700915184627849,0.12059866472344499,1670.517290137439,4.390235065820981,8.241310685723128,,0.2,True,176,21,74,0.95,3,False,232,3.6,0.853755493884876,,0.5353606999851763,13,16394,1.8149574999988545
a9-ceiling,scale_free-n60-load0.9-cascading-centralised-th0.95-dw3,scale_free,60,0.9,cascading,CENTRALISED,spf-static,0,266686485615056643,0.13486209254397222,0.12569189116619053,0.15012902536220654,0.11129325291956056,0.15675508140512576,967.6144630344598,6.014736172785908,52.015,0.0,0.0,False,0,0,39,0.95,3,False,232,0.0,0.48395045031624134,,0.03124699997715652,2,18816,0.8636388999875635
a9-ceiling,scale_free-n60-load0.9-cascading-centralised-th0.95-dw3,scale_free,60,0.9,cascading,CENTRALISED,cspf,1,11800420753426990870,0.06804451555437088,0.10736863020238155,0.12474479414846353,0.0546241099322069,0.015216544831043064,516.8013979744984,21.900827275989922,104.06274643413576,,,True,151,0,115,0.95,3,False,232,0.1,0.25761078635426693,,0.3339638000470586,5,20527,1.2677292999869678
a9-ceiling,scale_free-n60-load0.9-cascading-centralised-th0.95-dw3,scale_free,60,0.9,cascading,CENTRALISED,orbit,1,11800420753426990870,0.08630078162800861,0.1896965355813803,0.11256633155073179,0.058046242732596974,0.04545929032624517,655.4586248175857,17.36777039345539,104.11504013047133,0.0,0.0,True,270,1,112,0.95,3,False,232,0.0,0.40297438902731847,,0.3867784999893047,6,19881,1.34966439998243
a9-ceiling,scale_free-n60-load0.9-cascading-centralised-th0.95-dw3,scale_free,60,0.9,cascading,CENTRALISED,orbit-ceiling-0.6,1,11800420753426990870,0.3078995342634649,0.6476929865471338,0.610248723932546,0.19333920505290217,0.013186046994620669,2338.51190572308,3.2064362714896877,6.099944242789694,,0.0,True,53,0,0,0.95,3,False,232,0.0,0.9373332615402249,,0.0694618999841623,2,14680,1.3387089999741875
a9-ceiling,scale_free-n60-load0.9-cascading-centralised-th0.95-dw3,scale_free,60,0.9,cascading,CENTRALISED,orbit-ceiling-0.7,1,11800420753426990870,0.3860982160123868,0.8408459225694911,0.6859041110844315,0.22954951529366524,0.08723681782455797,2932.434688747579,3.155402492622518,6.1275572776472504,,0.0,True,67,0,0,0.95,3,False,232,0.30000000000000004,0.8872424959993586,,0.08651229998213239,2,12754,1.6566562000080012
a9-ceiling,scale_free-n60-load0.9-cascading-centralised-th0.95-dw3,scale_free,60,0.9,cascading,CENTRALISED,orbit-ceiling-0.8,1,11800420753426990870,0.4107279743392951,0.9089302457652231,0.8531461432615837,0.16282585565945848,0.0820337263876583,3119.498898572828,3.425621321858518,6.224661417950402,,0.0,True,71,0,0,0.95,3,False,232,0.0,0.8949195143444821,,0.09612049997667782,2,12110,1.9416288000065833
a9-ceiling,scale_free-n60-load0.9-cascading-centralised-th0.95-dw3,scale_free,60,0.9,cascading,CENTRALISED,orbit-ceiling-0.9,1,11800420753426990870,0.4794703796466357,0.9089302457652231,0.8995895149712937,0.30197823032657717,0.11585654456501819,3641.600803091144,3.528333095000965,6.2881397686113285,,0.0,True,83,0,0,0.95,3,False,232,0.30000000000000004,0.8949195143444821,,0.10059980000369251,2,10506,2.260800999996718
a9-ceiling,scale_free-n60-load0.9-cascading-centralised-th0.95-dw3,scale_free,60,0.9,cascading,CENTRALISED,orbit-ceiling-0.95,1,11800420753426990870,0.4928895404022271,0.9089302457652231,0.9627465011385217,0.3078888417553502,0.10258567694388844,3743.5199802890875,3.734069907573044,6.438246650616894,,0.0,True,85,0,0,0.95,3,False,232,0.30000000000000004,0.8949195143444821,,0.10347429997636937,2,10184,2.465897500020219
a9-ceiling,scale_free-n60-load0.9-cascading-centralised-th0.95-dw3,scale_free,60,0.9,cascading,CENTRALISED,orbit-ceiling-1.0,1,11800420753426990870,0.29906322609202873,0.5040965684182308,0.4513699297492889,0.24112358702130426,0.13314068763974968,2271.3997163169743,3.446641706868074,6.224661417950402,0.0,0.2,True,129,0,58,0.95,3,False,232,0.8,0.857717943919856,,0.29221879996475764,9,14675,1.7022843000013381
a9-ceiling,scale_free-n60-load0.9-cascading-centralised-th0.95-dw3,scale_free,60,0.9,cascading,CENTRALISED,orbit-no-fallback,1,11800420753426990870,0.23103997156471226,0.45381407347755387,0.3745770391382683,0.157367185729481,0.08366330958046493,1754.7597968747948,3.761791168026911,6.461502778577373,,0.0,True,155,15,77,0.95,3,False,232,0.8,0.6270408271433702,,0.28238459999556653,8,16507,1.5197489999991376
a9-ceiling,scale_free-n60-load0.9-cascading-centralised-th0.95-dw3,scale_free,60,0.9,cascading,CENTRALISED,spf-static,1,11800420753426990870,0.19537589793741522,0.3035568664079821,0.2858862595337059,0.13843938491444602,0.13283697846262194,1483.8894268252777,3.9938151738162424,3.206769232306362,0.0,0.0,False,0,0,35,0.95,3,False,232,0.0,0.7562356229280367,,0.03002179999020882,2,17640,0.907034499978181
a9-ceiling,scale_free-n60-load0.9-cascading-centralised-th0.95-dw3,scale_free,60,0.9,cascading,CENTRALISED,cspf,2,2225586967419470391,0.06554193985543207,0.09888595487509243,0.10740006069388272,0.03391929519350327,0.044305155780471,483.85250408432864,26.437268305018353,154.05516306102504,,0.0,True,172,0,121,0.95,3,False,232,0.0,0.17361511852546546,,0.3141866000369191,5,20471,1.2635562999930698
a9-ceiling,scale_free-n60-load0.9-cascading-centralised-th0.95-dw3,scale_free,60,0.9,cascading,CENTRALISED,orbit,2,2225586967419470391,0.07685517479637471,0.10910025344720668,0.13847811164571885,0.05419984806020201,0.025062157952415558,567.3705852937567,21.67334585130247,106.55868765184934,,,True,264,3,130,0.95,3,False,232,0.1,0.24498603414193074,,0.3422318000230007,6,20082,1.346925799996825
a9-ceiling,scale_free-n60-load0.9-cascading-centralised-th0.95-dw3,scale_free,60,0.9,cascading,CENTRALISED,orbit-ceiling-0.6,2,2225586967419470391,0.30658981057824536,0.4446596809998506,0.5554248829095513,0.20406340587173408,0.10688354726952629,2263.3484437938764,3.880814175257058,8.106428094644203,,0.2,True,55,0,0,0.95,3,False,232,0.30000000000000004,0.9008165642760655,,0.08281609998084605,2,14554,1.4171757999865804
a9-ceiling,scale_free-n60-load0.9-cascading-centralised-th0.95-dw3,scale_free,60,0.9,cascading,CENTRALISED,orbit-ceiling-0.7,2,2225586967419470391,0.37071087509387163,0.7698106477791201,0.7263327315576411,0.15308474734299585,0.05030805889595844,2736.7115712641908,3.909305500380487,8.147640256454252,,0.0,True,61,0,0,0.95,3,False,232,0.30000000000000004,0.9300777268396955,,0.0800238000229001,2,13676,1.6940453999850433
a9-ceiling,scale_free-n60-load0.9-cascading-centralised-th0.95-dw3,scale_free,60,0.9,cascading,CENTRALISED,orbit-ceiling-0.8,2,2225586967419470391,0.4131156247249385,0.9481503668975758,0.8134939065299104,0.12615083247622222,0.052861883545567666,3049.7576046790873,3.7669277698328494,6.208431582938149,,0.0,True,64,0,0,0.95,3,False,232,0.30000000000000004,0.9401735002664307,,0.09955970000009984,2,13248,1.8051120000018273
a9-ceiling,scale_free-n60-load0.9-cascading-centralised-th0.95-dw3,scale_free,60,0.9,cascading,CENTRALISED,orbit-ceiling-0.9,2,2225586967419470391,0.4937971197848604,0.9481503668975758,0.875145687334664,0.2540079568366351,0.14188500267266477,3645.3753649119676,3.9422364134066785,7.326488359753174,,0.2,True,81,0,0,0.95,3,False,232,0.30000000000000004,0.9401735002664307,,0.10559059999650344,2,10850,2.2572274999984074
a9-ceiling,scale_free-n60-load0.9-cascading-centralised-th0.95-dw3,scale_free,60,0.9,cascading,CENTRALISED,orbit-ceiling-0.95,2,2225586967419470391,0.507676433952821,0.9481503668975758,0.9165574075902803,0.27217115967387334,0.1317349981290337,3747.8371005571676,4.0589719151066985,7.3140132277593946,,0.2,True,84,0,0,0.95,3,False,232,0.30000000000000004,0.9401735002664307,,0.11012009999831207,2,10356,2.4625024999841116
a9-ceiling,scale_free-n60-load0.9-cascading-centralised-th0.95-dw3,scale_free,60,0.9,cascading,CENTRALISED,orbit-ceiling-1.0,2,2225586967419470391,0.2944307387093358,0.4831552954427756,0.3840092619787198,0.24266392599749295,0.1538777044816783,2173.5861117040727,4.005760401295374,7.278934147023168,,0.0,True,145,0,66,0.95,3,False,232,0.1,0.7187822854776146,,0.2766428999893833,6,14947,1.72474860001239
a9-ceiling,scale_free-n60-load0.9-cascading-centralised-th0.95-dw3,scale_free,60,0.9,cascading,CENTRALISED,orbit-no-fallback,2,2225586967419470391,0.20641594409104158,0.4718176726359172,0.2787302519629277,0.10008789674339867,0.10559183036377867,1523.8314833475852,4.192291524950183,8.25479615715245,0.0,0.0,True,182,27,92,0.95,3,False,232,1.6,0.9582846717458376,,0.36194080000859685,9,17529,1.509577699995134
a9-ceiling,scale_free-n60-load0.9-cascading-centralised-th0.95-dw3,scale_free,60,0.9,cascading,CENTRALISED,spf-static,2,2225586967419470391,0.13343088230200162,0.08610930573368,0.14100402993000657,0.10952140684274245,0.18712573952827147,985.031365663097,6.502922456576323,52.015817688458036,0.0,0.0,False,0,0,44,0.95,3,False,232,0.0,0.38158269788251714,,0.03100679998169653,3,18669,0.9148792999912985
a9-ceiling,scale_free-n60-load0.9-cascading-centralised-th0.95-dw3,scale_free,60,0.9,cascading,CENTRALISED,cspf,3,6196941691978826040,0.049425071399542025,0.06846760266434296,0.022098102798886108,0.05721355925378156,0.05481242545204362,358.84437988700756,32.18716208680449,153.0,,,True,155,0,113,0.95,3,False,232,0.30000000000000004,0.1259625908444218,,0.35273049998795614,6,20716,1.2555416999966837
a9-ceiling,scale_free-n60-load0.9-cascading-centralised-th0.95-dw3,scale_free,60,0.9,cascading,CENTRALISED,orbit,3,6196941691978826040,0.04604506274116559,0.09476242831377987,0.026806788070861787,0.04201808374509165,0.04338587665475912,334.3042613462977,31.71654556174437,154.09121151963961,0.0,0.0,True,297,0,108,0.95,3,False,232,0.0,0.18964234140474842,,0.36650110001210123,4,20722,1.2678061999904457
a9-ceiling,scale_free-n60-load0.9-cascading-centralised-th0.95-dw3,scale_free,60,0.9,cascading,CENTRALISED,orbit-ceiling-0.6,3,6196941691978826040,0.2657039695087831,0.47922402125267943,0.58234895356852,0.1020074920323127,0.0656882057314618,1929.1095282621911,4.064271878151327,9.150703301850733,,0.0,True,49,0,0,0.95,3,False,232,0.0,0.8155143280823924,,0.06887399998959154,2,15410,1.366498400020646
a9-ceiling,scale_free-n60-load0.9-cascading-centralised-th0.95-dw3,scale_free,60,0.9,cascading,CENTRALISED,orbit-ceiling-0.7,3,6196941691978826040,0.32887118156500605,0.9241287125739764,0.5709326237932537,0.12832478267556777,0.042164130879033486,2387.726954553182,4.262704476801109,8.209222136201452,,0.0,True,54,0,0,0.95,3,False,232,0.30000000000000004,0.9395306470936892,,0.08691869996255264,2,14704,1.505571699992288
a9-ceiling,scale_free-n60-load0.9-cascading-centralised-th0.95-dw3,scale_free,60,0.9,cascading,CENTRALISED,orbit-ceiling-0.8,3,6196941691978826040,0.3562955849134837,0.9488909356742786,0.6764800759784328,0.1309764680661967,0.029401047843641462,2586.8383110912896,4.5375091882430665,9.257209997462418,,0.2,True,61,0,0,0.95,3,False,232,0.30000000000000004,0.9410280027010859,,0.09939080002368428,2,13676,1.8198622000054456
a9-ceiling,scale_free-n60-load0.9-cascading-centralised-th0.95-dw3,scale_free,60,0.9,cascading,CENTRALISED,orbit-ceiling-0.9,3,6196941691978826040,0.4242825479226813,0.948560772699608,0.8357573135658384,0.16831113778692067,0.08815523835428825,3080.4489198493075,4.385859253295595,9.399512719995265,,0.0,True,74,0,0,0.95,3,False,232,0.30000000000000004,0.9410280027010859,,0.10567429996444844,2,11986,2.158128899987787
a9-ceiling,scale_free-n60-load0.9-cascading-centralised-th0.95-dw3,scale_free,60,0.9,cascading,CENTRALISED,orbit-ceiling-0.95,3,6196941691978826040,0.46840197825545526,0.948560772699608,0.8995339875447935,0.2477691264403053,0.09007906334566404,3400.7723745338667,4.589250221671958,8.660715005416932,,0.0,True,80,0,0,0.95,3,False,232,0.30000000000000004,0.9410280027010859,,0.10728110003401525,2,11000,2.4425583999836817
a9-ceiling,scale_free-n60-load0.9-cascading-centralised-th0.95-dw3,scale_free,60,0.9,cascading,CENTRALISED,orbit-ceiling-1.0,3,6196941691978826040,0.2835469844460485,0.6719160597248887,0.38339470847268764,0.13036285030301803,0.18205355555131988,2058.656445427331,4.261277896630046,8.587421097565644,0.0,1.0,False,125,0,57,0.95,3,False,232,1.8,0.9564424914714588,,0.4233250000397675,12,15553,1.7722241000155918
a9-ceiling,scale_free-n60-load0.9-cascading-centralised-th0.95-dw3,scale_free,60,0.9,cascading,CENTRALISED,orbit-no-fallback,3,6196941691978826040,0.23476554290779594,0.5322949200999558,0.36555754626671016,0.11817999390584079,0.10397335073744168,1704.4850574432414,4.374883713743021,8.321576428775431,,0.0,True,155,19,71,0.95,3,False,232,3.1,0.982905615909081,,0.5276375999965239,13,16884,1.7344368000049144
a9-ceiling,scale_free-n60-load0.9-cascading-centralised-th0.95-dw3,scale_free,60,0.9,cascading,CENTRALISED,spf-static,3,6196941691978826040,0.09583318658860678,0.12398772592764526,0.08790468084087809,0.08280334389870167,0.10558168028351565,695.7845368798626,8.021183158475548,53.03990595403087,0.0,0.0,False,0,0,42,0.95,3,False,232,0.0,0.47070282043021094,,0.028521200001705438,2,19845,0.8093003999965731
a9-ceiling,scale_free-n60-load0.9-cascading-centralised-th0.95-dw3,scale_free,60,0.9,cascading,CENTRALISED,cspf,4,3080686158776530774,0.04353122892162092,0.03410142792115572,0.053842964099937926,0.06248798638140857,0.011901218993861,325.08866290672904,33.67292331569151,107.11618441635217,,,True,185,0,110,0.95,3,False,232,0.1,0.0,,0.33348810000461526,5,20740,1.2349165999912657
a9-ceiling,scale_free-n60-load0.9-cascading-centralised-th0.95-dw3,scale_free,60,0.9,cascading,CENTRALISED,orbit,4,3080686158776530774,0.062315173511651875,0.11808935928205959,0.05678420539574369,0.035773579405991,0.07293054521040584,465.36605874781736,22.391285159001672,105.30849341220492,0.0,0.0,True,228,1,103,0.95,3,False,232,0.0,0.32740114451719776,,0.277552800020203,4,20760,1.1694789000030141
a9-ceiling,scale_free-n60-load0.9-cascading-centralised-th0.95-dw3,scale_free,60,0.9,cascading,CENTRALISED,orbit-ceiling-0.6,4,3080686158776530774,0.27723394076679986,0.624063547525093,0.4661003308263296,0.1466324685903455,0.05997370423287887,2070.366799855702,4.0665593256509,7.128983390892506,,0.2,True,54,0,0,0.95,3,False,232,0.30000000000000004,0.9188427471015802,,0.06883639999432489,2,14682,1.4414719000051264
a9-ceiling,scale_free-n60-load0.9-cascading-centralised-th0.95-dw3,scale_free,60,0.9,cascading,CENTRALISED,orbit-ceiling-0.7,4,3080686158776530774,0.3144105677023066,0.6830857466907476,0.5996348687958544,0.13972495070994706,0.04364484927407145,2347.999668057213,4.418042895600948,9.209229441078385,,0.2,True,55,0,0,0.95,3,False,232,0.30000000000000004,0.9254017953760764,,0.07525949997943826,2,14554,1.5295438999892212
a9-ceiling,scale_free-n60-load0.9-cascading-centralised-th0.95-dw3,scale_free,60,0.9,cascading,CENTRALISED,orbit-ceiling-0.8,4,3080686158776530774,0.38951215190537225,0.883197091759465,0.6851761689479774,0.1879922274539346,0.07343673909958126,2908.8538914633787,4.308915196503314,9.231484868009858,,0.0,True,65,0,0,0.95,3,False,232,0.30000000000000004,0.8652274135686074,,0.082992799958447,2,13076,1.8291685000003781
a9-ceiling,scale_free-n60-load0.9-cascading-centralised-th0.95-dw3,scale_free,60,0.9,cascading,CENTRALISED,orbit-ceiling-0.9,4,3080686158776530774,0.41615555137560045,0.883197091759465,0.7507591628515614,0.23575126239625002,0.045048109800422155,3107.8252351086853,4.481425116774256,10.32180375297279,,0.0,True,69,0,0,0.95,3,False,232,0.30000000000000004,0.8652274135686074,,0.09275639997213148,2,12432,2.0496812000055797
a9-ceiling,scale_free-n60-load0.9-cascading-centralised-th0.95-dw3,scale_free,60,0.9,cascading,CENTRALISED,orbit-ceiling-0.95,4,3080686158776530774,0.45482769476730855,0.883197091759465,0.7639576226931105,0.33553591161650054,0.04848689577039707,3396.6265324390147,4.449338588606811,10.380495517569175,,0.0,True,76,0,0,0.95,3,False,232,0.30000000000000004,0.8652274135686074,,0.09666000001016073,2,11426,2.2772576000133995
a9-ceiling,scale_free-n60-load0.9-cascading-centralised-th0.95-dw3,scale_free,60,0.9,cascading,CENTRALISED,orbit-ceiling-1.0,4,3080686158776530774,0.19507421677964323,0.4772223512809361,0.2063272457263604,0.17203486433456108,0.05412120776373438,1456.802802756947,4.294280732760475,9.306918811978269,,0.0,True,123,0,79,0.95,3,False,232,0.6000000000000001,0.7151318169519464,,0.23825269998633303,7,17320,1.399582800018834
a9-ceiling,scale_free-n60-load0.9-cascading-centralised-th0.95-dw3,scale_free,60,0.9,cascading,CENTRALISED,orbit-no-fallback,4,3080686158776530774,0.15471612484139122,0.3816533501546999,0.15885138314141498,0.10604710857375836,0.0880514039450772,1155.4109406228454,4.480276546916489,8.065216509067316,,0.0,True,141,11,92,0.95,3,False,232,0.6000000000000001,0.6190322132005184,,0.25730709996423684,7,18499,1.298720000020694
a9-ceiling,scale_free-n60-load0.9-cascading-centralised-th0.95-dw3,scale_free,60,0.9,cascading,CENTRALISED,spf-static,4,3080686158776530774,0.10227787137167772,0.09966451365518034,0.11602899573093424,0.12878996136741822,0.05272286987672119,763.8051411098794,7.936599323125926,53.0559044537827,0.0,0.0,False,0,0,49,0.95,3,False,232,0.0,0.41293201035034277,,0.030117699992842972,2,19845,0.8401550000126008
a9-ceiling,scale_free-n60-load0.9-cascading-centralised-th0.95-dw3,scale_free,60,0.9,cascading,CENTRALISED,cspf,5,1879472072605190241,0.034616715276932705,0.03348630235447223,0.026583812001780754,0.047843668679801624,0.025855639044534487,265.8557920253922,43.205594040887576,156.06005133554004,,0.0,True,128,0,117,0.95,3,False,232,0.0,0.0,,0.31487090000882745,5,21175,1.2002100000099745
a9-ceiling,scale_free-n60-load0.9-cascading-centralised-th0.95-dw3,scale_free,60,0.9,cascading,CENTRALISED,orbit,5,1879472072605190241,0.053245122385209405,0.11213737225609928,0.030408631457525034,0.03912256974536407,0.06368582608739426,408.9216457992912,27.185775555688924,153.0,,0.0,True,272,2,112,0.95,3,False,232,0.1,0.262057232322202,,0.428324899985455,6,20498,1.349923299974762
a9-ceiling,scale_free-n60-load0.9-cascading-centralised-th0.95-dw3,scale_free,60,0.9,cascading,CENTRALISED,orbit-ceiling-0.6,5,1879472072605190241,0.25156963744125416,0.42316378054591514,0.3728264944846257,0.19719841123448004,0.08254263683585021,1932.0505910638083,3.9603109610190144,7.160076446185562,,0.0,True,47,0,0,0.95,3,False,232,0.30000000000000004,0.9302026064878389,,0.06688660001964308,2,15754,1.1793913999863435
a9-ceiling,scale_free-n60-load0.9-cascading-centralised-th0.95-dw3,scale_free,60,0.9,cascading,CENTRALISED,orbit-ceiling-0.7,5,1879472072605190241,0.3186153703837077,0.7770604012194801,0.5504309512616781,0.12091182996121681,0.048603411032863635,2446.9606941958777,4.165371187556756,8.180045846024717,0.0,0.2,False,54,0,0,0.95,3,False,232,0.30000000000000004,0.9564542865089551,,0.09367120001115836,2,14704,1.487101500009885
a9-ceiling,scale_free-n60-load0.9-cascading-centralised-th0.95-dw3,scale_free,60,0.9,cascading,CENTRALISED,orbit-ceiling-0.8,5,1879472072605190241,0.39189263489499426,0.9177549494278862,0.7235593801993393,0.1158617505393698,0.07572343452794082,3009.7288551335446,4.159923732770455,8.269967866934511,0.0,0.0,False,59,0,0,0.95,3,False,232,0.30000000000000004,0.9629154167996071,,0.09444650000659749,2,14062,1.6469064000120852
a9-ceiling,scale_free-n60-load0.9-cascading-centralised-th0.95-dw3,scale_free,60,0.9,cascading,CENTRALISED,orbit-ceiling-0.9,5,1879472072605190241,0.4185174990296563,0.9177549494278862,0.7676502669322315,0.11921488582276915,0.1314582178962741,3214.2073645895184,4.159293891217053,7.2781362141459205,0.0,0.0,False,65,0,0,0.95,3,False,232,0.30000000000000004,0.9629154167996071,,0.10065559999202378,2,13162,1.79409150002175
a9-ceiling,scale_free-n60-load0.9-cascading-centralised-th0.95-dw3,scale_free,60,0.9,cascading,CENTRALISED,orbit-ceiling-0.95,5,1879472072605190241,0.4542414658586803,0.9177549494278862,0.8390153732452643,0.16236244574250677,0.13715294755976884,3488.5668299414415,4.045206895875062,7.476816638832079,0.0,0.0,True,72,0,0,0.95,3,False,232,0.30000000000000004,0.9629154167996071,,0.10364680000930093,2,12134,2.039701600006083
a9-ceiling,scale_free-n60-load0.9-cascading-centralised-th0.95-dw3,scale_free,60,0.9,cascading,CENTRALISED,orbit-ceiling-1.0,5,1879472072605190241,0.3072580141850581,0.35000528518889973,0.5428370684701587,0.22141779512084336,0.12919515619692956,2359.736389308738,4.145622076685901,7.33842694301356,,0.0,True,112,0,45,0.95,3,False,232,0.30000000000000004,0.6039757215676259,,0.21043279999867082,6,14989,1.6365615999966394
a9-ceiling,scale_free-n60-load0.9-cascading-centralised-th0.95-dw3,scale_free,60,0.9,cascading,CENTRALISED,orbit-no-fallback,5,1879472072605190241,0.2183262895260781,0.3905253114752766,0.3931385557941026,0.11232547029083431,0.060036676096958105,1676.7422373144252,4.084679014170685,8.340732640618132,,,True,141,21,71,0.95,3,False,232,0.8,0.7009389094746591,,0.3863231999857817,9,17287,1.5407093999965582
a9-ceiling,scale_free-n60-load0.9-cascading-centralised-th0.95-dw3,scale_free,60,0.9,cascading,CENTRALISED,spf-static,5,1879472072605190241,0.15215205981493055,0.2331402341276827,0.13965850135003807,0.14207087575431976,0.13126584663935836,1168.5252643640606,5.414094916164274,4.06337353365303,0.0,0.0,False,0,0,43,0.95,3,False,232,0.0,0.7234454379544392,,0.030188700009603053,2,18375,0.9128533000184689
a9-ceiling,scale_free-n60-load0.9-cascading-centralised-th0.95-dw3,scale_free,60,0.9,cascading,CENTRALISED,cspf,6,10481916229843943607,0.03919680970696201,0.06269018056219174,0.022334533988273637,0.06334450305643435,0.013751792632711918,313.2154965817899,41.1084418580836,155.06186707925895,,0.0,True,149,0,129,0.95,3,False,232,0.0,0.11514821306683036,,0.30522749992087483,5,20966,1.2409971000161022
a9-ceiling,scale_free-n60-load0.9-cascading-centralised-th0.95-dw3,scale_free,60,0.9,cascading,CENTRALISED,orbit,6,10481916229843943607,0.05769033237456475,0.035559591766697596,0.03074169391817832,0.06500850720799074,0.0873746725401097,460.994306367193,25.353850700653116,111.28940971704758,,,True,268,3,117,0.95,3,False,232,0.0,0.0,,0.37857349996920675,5,20734,1.29978149998351
a9-ceiling,scale_free-n60-load0.9-cascading-centralised-th0.95-dw3,scale_free,60,0.9,cascading,CENTRALISED,orbit-ceiling-0.6,6,10481916229843943607,0.2659115784608275,0.4216045206911028,0.4475837795868295,0.25375815512269617,0.018070119765103868,2124.8572962218,3.843009691436699,9.177047508824886,0.2,0.2,True,49,0,0,0.95,3,False,232,0.30000000000000004,0.9999999999999999,,0.06847349999588914,2,15432,1.4037313000007998
a9-ceiling,scale_free-n60-load0.9-cascading-centralised-th0.95-dw3,scale_free,60,0.9,cascading,CENTRALISED,orbit-ceiling-0.7,6,10481916229843943607,0.3353045765107111,0.74792706939484,0.5438455880024889,0.23907811693707695,0.018070119765103868,2679.3657499961123,3.8321172662624203,7.164591636319166,0.0,0.0,False,57,0,0,0.95,3,False,232,0.30000000000000004,0.9999999999999999,,0.08553509999183007,2,14254,1.6434774000081234
a9-ceiling,scale_free-n60-load0.9-cascading-centralised-th0.95-dw3,scale_free,60,0.9,cascading,CENTRALISED,orbit-ceiling-0.8,6,10481916229843943607,0.4102867053537075,0.9704251065668847,0.6674126366994441,0.2236238645013477,0.07119513690968753,3278.536062475585,3.6076680690490863,7.164416446417608,0.0,0.0,False,63,0,0,0.95,3,False,232,0.0,0.9658751229617857,,0.10153939999872819,2,13310,1.7952943999844138
a9-ceiling,scale_free-n60-load0.9-cascading-centralised-th0.95-dw3,scale_free,60,0.9,cascading,CENTRALISED,orbit-ceiling-0.9,6,10481916229843943607,0.44843781488299606,0.9995450016394907,0.7241041975189108,0.27049928077223817,0.08611879253588094,3583.39553460349,3.530937018098165,6.207748360738401,0.0,0.0,True,73,0,0,0.95,3,False,232,0.30000000000000004,1.0,,0.11019270002725534,2,11984,2.0126122999936342
a9-ceiling,scale_free-n60-load0.9-cascading-centralised-th0.95-dw3,scale_free,60,0.9,cascading,CENTRALISED,orbit-ceiling-0.95,6,10481916229843943607,0.4516776537013619,0.9995450016394907,0.7654588956429551,0.2805640089624473,0.046247434681255785,3609.2845733269446,3.9718738033469903,7.2919810375121825,0.0,0.2,False,73,0,0,0.95,3,False,232,0.30000000000000004,1.0,,0.10549230000469834,2,11984,2.1580969999777153
a9-ceiling,scale_free-n60-load0.9-cascading-centralised-th0.95-dw3,scale_free,60,0.9,cascading,CENTRALISED,orbit-ceiling-1.0,6,10481916229843943607,0.30008395996297355,0.5380621720281171,0.4336678655821356,0.220403657976371,0.1329482968375436,2397.9233830180406,3.474974378148596,6.267758597401492,,0.0,True,117,0,60,0.95,3,False,232,0.30000000000000004,0.7796078948690307,,0.30294389999471605,7,15342,1.6908921000140253
a9-ceiling,scale_free-n60-load0.9-cascading-centralised-th0.95-dw3,scale_free,60,0.9,cascading,CENTRALISED,orbit-no-fallback,6,10481916229843943607,0.25277407101178273,0.6208330111730196,0.2913736207816008,0.16853841903828715,0.11031899707394398,2019.8775555168143,3.594581174801018,9.402171366855026,0.0,0.5,True,153,22,80,0.95,3,False,232,4.1000000000000005,0.9447911034667609,,0.5068890999536961,14,16474,1.8263739999965765
a9-ceiling,scale_free-n60-load0.9-cascading-centralised-th0.95-dw3,scale_free,60,0.9,cascading,CENTRALISED,spf-static,6,10481916229843943607,0.12082926666388676,0.043502492007643376,0.10682883828908159,0.15300489991827165,0.1392749082340795,965.5275274360096,7.212935804542874,52.03176826045251,0.0,0.0,False,0,0,51,0.95,3,False,232,0.0,0.1791768399427142,,0.032007699977839366,2,19404,0.8608258000167552
a9-ceiling,scale_free-n60-load0.9-cascading-centralised-th0.95-dw3,scale_free,60,0.9,cascading,CENTRALISED,cspf,7,15902366928440803490,0.021462395246130087,0.03374559139689003,0.019235113472092356,0.01563909522421058,0.024083171143532547,177.13247448104025,65.15474528476524,157.26384308112776,,,True,172,0,118,0.95,3,False,232,0.0,0.0,,0.352757400018163,4,21350,1.2841001999913715
a9-ceiling,scale_free-n60-load0.9-cascading-centralised-th0.95-dw3,scale_free,60,0.9,cascading,CENTRALISED,orbit,7,15902366928440803490,0.05374536475440133,0.041660033798994564,0.046238162427199594,0.09900263036619202,0.007608166068947915,443.5688254576229,25.15205073984444,105.29965186714023,,,True,294,3,107,0.95,3,False,232,0.0,0.0,,0.5018897999543697,5,20697,1.4461576000030618
a9-ceiling,scale_free-n60-load0.9-cascading-centralised-th0.95-dw3,scale_free,60,0.9,cascading,CENTRALISED,orbit-ceiling-0.6,7,15902366928440803490,0.24766517524599937,0.5016304556667122,0.5035884122775045,0.1272846508313382,0.028882604239362158,2044.0190776010668,3.346782414688166,5.121357287031311,,0.0,True,49,0,0,0.95,3,False,232,0.30000000000000004,0.9400685843178478,,0.07443730000522919,2,15454,1.2705935999983922
a9-ceiling,scale_free-n60-load0.9-cascading-centralised-th0.95-dw3,scale_free,60,0.9,cascading,CENTRALISED,orbit-ceiling-0.7,7,15902366928440803490,0.3098836076031559,0.6912199393392505,0.585091510858163,0.13212016261720338,0.0759974220926036,2557.5174432479093,3.7538906467359543,7.175473122469418,0.2,0.2,False,54,0,0,0.95,3,False,232,0.30000000000000004,1.0,,0.07998599999700673,2,14704,1.4414718999760225
a9-ceiling,scale_free-n60-load0.9-cascading-centralised-th0.95-dw3,scale_free,60,0.9,cascading,CENTRALISED,orbit-ceiling-0.8,7,15902366928440803490,0.35936415788044057,0.8952478716041767,0.6899344682516381,0.13826470395681623,0.04345996540017298,2965.888093810749,3.9390316979736126,7.1866733075784275,0.2,0.2,False,60,0,0,0.95,3,False,232,0.30000000000000004,0.9523101942574048,,0.09631310001714155,2,13804,1.7007266999862622
a9-ceiling,scale_free-n60-load0.9-cascading-centralised-th0.95-dw3,scale_free,60,0.9,cascading,CENTRALISED,orbit-ceiling-0.9,7,15902366928440803490,0.39501008018885103,0.9443541550109448,0.7242622484270416,0.18138628366344126,0.06261994603066373,3260.0794154800374,3.9043814417001403,7.297075696412137,,0.0,True,66,0,0,0.95,3,False,232,0.30000000000000004,0.936479055896054,,0.10706880001816899,2,12948,1.8401510999829043
a9-ceiling,scale_free-n60-load0.9-cascading-centralised-th0.95-dw3,scale_free,60,0.9,cascading,CENTRALISED,orbit-ceiling-0.95,7,15902366928440803490,0.43900700910661944,0.9443541550109448,0.7943949910238414,0.2246953928333533,0.10933907633228807,3623.1928890414733,3.995822265478239,7.52445535764734,,0.0,True,75,0,0,0.95,3,False,232,0.30000000000000004,0.936479055896054,,0.10680580002372153,2,11750,2.0639033000043128
a9-ceiling,scale_free-n60-load0.9-cascading-centralised-th0.95-dw3,scale_free,60,0.9,cascading,CENTRALISED,orbit-ceiling-1.0,7,15902366928440803490,0.2968964051620365,0.5590477668352924,0.5527143246318679,0.18369515613242063,0.06397308247163568,2450.3320485796935,4.0529149119737475,8.377653519149872,,0.0,True,96,0,38,0.95,3,False,232,0.30000000000000004,0.7963605372822787,,0.22342629998456687,5,15368,1.5689425999880768
a9-ceiling,scale_free-n60-load0.9-cascading-centralised-th0.95-dw3,scale_free,60,0.9,cascading,CENTRALISED,orbit-no-fallback,7,15902366928440803490,0.26939121884935563,0.7370003928645114,0.3861410965640737,0.1473052720062662,0.0551509176459994,2223.3274828378667,4.09426058550244,7.297129422231366,0.2,0.2,True,110,8,43,0.95,3,False,232,0.30000000000000004,1.0397765929329623,,0.2918026000261307,7,16421,1.4634895999915898
a9-ceiling,scale_free-n60-load0.9-cascading-centralised-th0.95-dw3,scale_free,60,0.9,cascading,CENTRALISED,spf-static,7,15902366928440803490,0.11751476107852683,0.1977378095477955,0.1420721140707102,0.10393950314306054,0.06691148657418766,969.8675371119631,6.6329233754819565,52.026666666666664,0.0,0.0,False,0,0,48,0.95,3,False,232,0.0,0.6381527911708159,,0.029625700000906363,3,19404,0.9686153999937233
a9-ceiling,scale_free-n60-load0.9-cascading-centralised-th0.95-dw3,scale_free,60,0.9,cascading,CENTRALISED,cspf,8,10482090051068808452,0.05726065424070736,0.1000302770001529,0.05314821386228317,0.06033910955065928,0.032714402322660006,447.29507609491253,25.17572710909862,105.11129873454358,,,True,146,0,113,0.95,3,False,232,0.0,0.20982704558150178,,0.3259920999989845,5,20543,1.2170267000037711
a9-ceiling,scale_free-n60-load0.9-cascading-centralised-th0.95-dw3,scale_free,60,0.9,cascading,CENTRALISED,orbit,8,10482090051068808452,0.05497451807830695,0.06547914810215587,0.053072254971315576,0.09237422027555749,0.006111765483952586,429.43678470296305,23.241034183486512,105.03874229863162,,,True,289,1,108,0.95,3,False,232,0.0,0.06605321628773446,,0.4667339999869,6,20504,1.351355799997691
a9-ceiling,scale_free-n60-load0.9-cascading-centralised-th0.95-dw3,scale_free,60,0.9,cascading,CENTRALISED,orbit-ceiling-0.6,8,10482090051068808452,0.29986124907015116,0.42217570423129336,0.32631977951764524,0.44598271389015587,0.028501735036503537,2342.384347494872,3.249005960987546,6.081999581387479,0.2,0.2,False,55,0,0,0.95,3,False,232,0.30000000000000004,1.0,,0.07646819998626597,2,14532,1.4195981999801006
a9-ceiling,scale_free-n60-load0.9-cascading-centralised-th0.95-dw3,scale_free,60,0.9,cascading,CENTRALISED,orbit-ceiling-0.7,8,10482090051068808452,0.3821337164708281,0.6982176486884477,0.6383381218396067,0.27468621386018466,0.07574755695791607,2985.060720206317,3.507395334337691,7.176220241170935,,0.0,True,62,0,0,0.95,3,False,232,0.30000000000000004,0.908612227161573,,0.0895796999684535,2,13656,1.568033200019272
a9-ceiling,scale_free-n60-load0.9-cascading-centralised-th0.95-dw3,scale_free,60,0.9,cascading,CENTRALISED,orbit-ceiling-0.8,8,10482090051068808452,0.39925478179521207,0.9399425360929429,0.6864483118710271,0.19973774576442604,0.04163711637867088,3118.802961168209,3.5341511910120817,6.189756671724884,,0.0,True,61,0,0,0.95,3,False,232,0.30000000000000004,0.9307029262610894,,0.10248289999435656,2,13654,1.6265950000088196
a9-ceiling,scale_free-n60-load0.9-cascading-centralised-th0.95-dw3,scale_free,60,0.9,cascading,CENTRALISED,orbit-ceiling-0.9,8,10482090051068808452,0.43397758346068244,0.9633690124794985,0.7125737706698322,0.27613418810620727,0.04163711637867088,3390.0422339137813,3.6961706525394225,8.141660911393622,0.2,0.2,False,70,0,0,0.95,3,False,232,0.30000000000000004,0.958155828276583,,0.1149553999712225,2,12608,1.8850324999948498
a9-ceiling,scale_free-n60-load0.9-cascading-centralised-th0.95-dw3,scale_free,60,0.9,cascading,CENTRALISED,orbit-ceiling-0.95,8,10482090051068808452,0.4628840651928951,0.9633690124794985,0.7596100163384311,0.31474999696564326,0.05805951847230736,3615.846970473259,3.68695215060685,7.304919456688574,0.2,0.2,True,75,0,0,0.95,3,False,232,0.30000000000000004,0.958155828276583,,0.11323689995333552,2,11706,2.044753900001524
a9-ceiling,scale_free-n60-load0.9-cascading-centralised-th0.95-dw3,scale_free,60,0.9,cascading,CENTRALISED,orbit-ceiling-1.0,8,10482090051068808452,0.27937028264203057,0.5629801726121249,0.3088301137560868,0.20834246125930994,0.17018957044275998,2182.3179195215675,3.197174880749885,6.72399600837958,0.2,0.5,True,119,0,61,0.95,3,False,232,1.1,0.8655450485418751,,0.39683620003052056,10,16318,1.5236684999836143
a9-ceiling,scale_free-n60-load0.9-cascading-centralised-th0.95-dw3,scale_free,60,0.9,cascading,CENTRALISED,orbit-no-fallback,8,10482090051068808452,0.2640087437612778,0.5947510227465378,0.20366527468743675,0.2487965366624984,0.14864042990914944,2062.320326170346,3.397774698270193,7.2847132406794985,0.0,0.2,True,139,16,65,0.95,3,False,232,1.1,0.9587947588006225,,0.3979775999614503,9,16289,1.5819058000051882
a9-ceiling,scale_free-n60-load0.9-cascading-centralised-th0.95-dw3,scale_free,60,0.9,cascading,CENTRALISED,spf-static,8,10482090051068808452,0.1702295475090745,0.24120603772937815,0.12137273941450916,0.2257008682739235,0.11052991861471567,1329.758442622597,4.485792528715598,4.0588720743936095,0.0,0.0,False,0,0,36,0.95,3,False,232,0.0,0.676066999001964,,0.03035100005217828,3,18081,0.9039534000039566
a9-ceiling,scale_free-n60-load0.9-cascading-centralised-th0.95-dw3,scale_free,60,0.9,cascading,CENTRALISED,cspf,9,7634962571501669575,0.07080751748440946,0.033793382355596535,0.05235595037796095,0.05233857322642322,0.13603622239639426,567.3765681864282,19.548749888944222,103.24032552236626,,0.0,True,179,0,104,0.95,3,False,232,0.1,0.0,,0.35789209997165017,5,20215,1.26559460000135
a9-ceiling,scale_free-n60-load0.9-cascading-centralised-th0.95-dw3,scale_free,60,0.9,cascading,CENTRALISED,orbit,9,7634962571501669575,0.02910543543847506,0.039776041650013534,0.025190688388175786,0.027124509451955693,0.030002524542712336,233.22018143468537,46.29736765480746,154.06793711513916,,,True,306,2,112,0.95,3,False,232,0.0,0.0,,0.4317078999883961,5,21244,1.2997534000023734
a9-ceiling,scale_free-n60-load0.9-cascading-centralised-th0.95-dw3,scale_free,60,0.9,cascading,CENTRALISED,orbit-ceiling-0.6,9,7634962571501669575,0.25923364669466736,0.534898286411279,0.4158898187316217,0.20945491669018373,0.023615743011005316,2077.224312410874,3.622556963761179,8.12849185494437,,0.0,True,49,0,0,0.95,3,False,232,0.30000000000000004,0.9203541955441079,,0.07588629997917451,2,15432,1.2456791999866255
a9-ceiling,scale_free-n60-load0.9-cascading-centralised-th0.95-dw3,scale_free,60,0.9,cascading,CENTRALISED,orbit-ceiling-0.7,9,7634962571501669575,0.34232690595421,0.791560742293038,0.6087124646453816,0.19665813759126566,0.04011153784346726,2743.0458233611057,3.677571307373418,6.131463406250388,,0.0,True,57,0,0,0.95,3,False,232,0.30000000000000004,0.904484485297407,,0.08917170000495389,2,14232,1.5023273999977391
a9-ceiling,scale_free-n60-load0.9-cascading-centralised-th0.95-dw3,scale_free,60,0.9,cascading,CENTRALISED,orbit-ceiling-0.8,9,7634962571501669575,0.4257731777757111,0.8741001977532034,0.6544873208833218,0.2836732387361404,0.15644838672891606,3411.6960036821397,3.359890606522322,6.2591840960813085,,0.2,True,71,0,0,0.95,3,False,232,0.30000000000000004,0.9128223697839423,,0.10839730000589043,2,12284,1.7454555000003893
a9-ceiling,scale_free-n60-load0.9-cascading-centralised-th0.95-dw3,scale_free,60,0.9,cascading,CENTRALISED,orbit-ceiling-0.9,9,7634962571501669575,0.4374893355011977,0.9053467801344595,0.6745054534045642,0.30342757417340527,0.13762933466665603,3505.5769021909896,3.4987947885836697,6.2591840960813085,0.2,0.2,False,73,0,0,0.95,3,False,232,0.30000000000000004,0.9515485058307656,,0.12366879999171942,2,12114,1.811663000000408
a9-ceiling,scale_free-n60-load0.9-cascading-centralised-th0.95-dw3,scale_free,60,0.9,cascading,CENTRALISED,orbit-ceiling-0.95,9,7634962571501669575,0.48721730287643605,0.9053467801344595,0.713483420259619,0.3549080230366399,0.22281099261143106,3904.044246826561,3.7928606643395324,7.484192553072959,0.2,0.2,False,82,0,0,0.95,3,False,232,0.30000000000000004,0.9515485058307656,,0.1130667999968864,2,10808,2.098598700016737
a9-ceiling,scale_free-n60-load0.9-cascading-centralised-th0.95-dw3,scale_free,60,0.9,cascading,CENTRALISED,orbit-ceiling-1.0,9,7634962571501669575,0.30539909008618926,0.6140771822323386,0.3713962531086449,0.25991757462449616,0.13580752082109604,2447.145357108618,3.6205853241797574,6.416222223781212,0.2,0.2,False,109,0,47,0.95,3,False,232,0.8,0.9658672245557173,,0.2274689999758266,5,14969,1.550768999994034
a9-ceiling,scale_free-n60-load0.9-cascading-centralised-th0.95-dw3,scale_free,60,0.9,cascading,CENTRALISED,orbit-no-fallback,9,7634962571501669575,0.2845146852879425,0.5541695458637187,0.24935940823619535,0.2820964827003776,0.1751611184061084,2279.799821718899,3.5700471211252442,7.980141566712914,,0.5,True,155,21,66,0.95,3,False,232,2.1,0.8474420523232891,,0.42263939999975264,10,15457,1.729272199998377
a9-ceiling,scale_free-n60-load0.9-cascading-centralised-th0.95-dw3,scale_free,60,0.9,cascading,CENTRALISED,spf-static,9,7634962571501669575,0.09038123950994367,0.10695288710833248,0.09170706509407557,0.0923403133769064,0.07715777967906375,724.2196778453423,7.372534324328108,53.02219540932575,0.0,0.0,False,0,0,43,0.95,3,False,232,0.0,0.45476726610088425,,0.029897599975811318,2,19992,0.792401599988807
a9-ceiling,scale_free-n60-load0.9-cascading-centralised-th0.95-dw3,scale_free,60,0.9,cascading,CENTRALISED,cspf,10,9723117558920786488,0.08090736231167758,0.08324883167082359,0.11766444208488207,0.09138232918247582,0.025576353980073463,625.3821438460046,18.865943430167007,104.07344205501813,,,True,131,0,112,0.95,3,False,232,0.0,0.19408642315673605,,0.298359199980041,4,20068,1.251137099985499
a9-ceiling,scale_free-n60-load0.9-cascading-centralised-th0.95-dw3,scale_free,60,0.9,cascading,CENTRALISED,orbit,10,9723117558920786488,0.05297368447361247,0.08733968453839676,0.0714994232684975,0.04268107599939031,0.02550307559262527,409.46578181486456,26.966443419855285,106.32402524204413,,,True,281,0,114,0.95,3,False,232,0.0,0.17467429450725144,,0.4266836000024341,5,20588,1.3573019999894314
a9-ceiling,scale_free-n60-load0.9-cascading-centralised-th0.95-dw3,scale_free,60,0.9,cascading,CENTRALISED,orbit-ceiling-0.6,10,9723117558920786488,0.27724896103439256,0.415456424127841,0.38559511812482633,0.25935209251705105,0.09681029787971966,2143.025611968819,3.531887447124098,6.127698761032909,0.2,0.2,True,52,0,0,0.95,3,False,232,0.30000000000000004,1.0,,0.08017810000455938,2,14982,1.3048844000149984
a9-ceiling,scale_free-n60-load0.9-cascading-centralised-th0.95-dw3,scale_free,60,0.9,cascading,CENTRALISED,orbit-ceiling-0.7,10,9723117558920786488,0.3593872452595599,0.8912415643823989,0.6112816340423095,0.12206698111347344,0.0858770406661827,2777.9222989067084,3.834199684947303,6.152729284152892,,0.2,True,56,0,0,0.95,3,False,232,0.30000000000000004,0.9417124624283179,,0.09357130000717007,2,14404,1.547347699990496
a9-ceiling,scale_free-n60-load0.9-cascading-centralised-th0.95-dw3,scale_free,60,0.9,cascading,CENTRALISED,orbit-ceiling-0.8,10,9723117558920786488,0.3619269100190866,0.9525828418509985,0.6436822377677631,0.1166918083020176,0.028983836502494337,2797.5529103440776,4.1426792888435315,9.297816276289817,,0.2,True,58,0,0,0.95,3,False,232,0.30000000000000004,0.9452878944434635,,0.08731810000608675,2,14148,1.6771794999949634
a9-ceiling,scale_free-n60-load0.9-cascading-centralised-th0.95-dw3,scale_free,60,0.9,cascading,CENTRALISED,orbit-ceiling-0.9,10,9723117558920786488,0.40274184212687303,0.9525828418509985,0.6988636993511519,0.16005389244428875,0.0788985596130367,3113.0363102869346,4.138408438646489,9.336774280558343,,0.2,True,66,0,0,0.95,3,False,232,0.30000000000000004,0.9452878944434635,,0.10614599997643381,2,12948,1.9071485000022221
a9-ceiling,scale_free-n60-load0.9-cascading-centralised-th0.95-dw3,scale_free,60,0.9,cascading,CENTRALISED,orbit-ceiling-0.95,10,9723117558920786488,0.4580148831560896,0.9525828418509985,0.7006751716488259,0.2753567214959045,0.13867392055082906,3540.2752154755485,4.15887621058449,8.446641949194056,,0.0,True,77,0,0,0.95,3,False,232,0.30000000000000004,0.9452878944434635,,0.10133599999244325,2,11298,2.160125700000208
a9-ceiling,scale_free-n60-load0.9-cascading-centralised-th0.95-dw3,scale_free,60,0.9,cascading,CENTRALISED,orbit-ceiling-1.0,10,9723117558920786488,0.29883468509765165,0.6578346757350475,0.3146541284142665,0.23241708392888064,0.135962146718438,2309.8747837307915,3.899737689021238,7.340963198421148,0.0,0.0,True,125,0,64,0.95,3,False,232,1.8,0.8851416660876466,,0.3366957999242004,9,15219,1.7214160999865271
a9-ceiling,scale_free-n60-load0.9-cascading-centralised-th0.95-dw3,scale_free,60,0.9,cascading,CENTRALISED,orbit-no-fallback,10,9723117558920786488,0.26329708530984824,0.6446667286013713,0.27836886723803,0.16419355624315157,0.13430203388600692,2035.183090571613,3.976038942163113,8.355453221369423,0.0,0.7000000000000001,True,142,14,68,0.95,3,False,232,1.3,0.9827169690150894,,0.36841989995446056,9,16106,1.6232742999854963
a9-ceiling,scale_free-n60-load0.9-cascading-centralised-th0.95-dw3,scale_free,60,0.9,cascading,CENTRALISED,spf-static,10,9723117558920786488,0.18011530298804163,0.19410732711091735,0.14300092077888157,0.21652274288890258,0.15534613705001282,1392.220573057495,4.62454751114413,3.072040402339206,0.0,0.0,False,0,0,37,0.95,3,False,232,0.0,0.6679796069121677,,0.029211700020823628,2,17640,0.9430360000114888
a9-ceiling,scale_free-n60-load0.9-cascading-centralised-th0.95-dw3,scale_free,60,0.9,cascading,CENTRALISED,cspf,11,5314029030686934564,0.04110355911737598,0.03655687216474355,0.021718029633481916,0.05442759233117534,0.04484652713313569,301.2482385928419,36.84585597891053,154.18986409100793,,0.0,True,145,0,108,0.95,3,False,232,0.0,0.0,,0.29694530001142994,4,20833,1.1924258999933954
a9-ceiling,scale_free-n60-load0.9-cascading-centralised-th0.95-dw3,scale_free,60,0.9,cascading,CENTRALISED,orbit,11,5314029030686934564,0.05728613334709053,0.06365061695115896,0.06100227674809299,0.06260622049437943,0.042042569761101295,419.8504250526173,25.85910800615894,109.1591701720874,,,True,307,3,111,0.95,3,False,232,0.0,0.07986045005950379,,0.37052000002586283,5,20331,1.3135518000053708
a9-ceiling,scale_free-n60-load0.9-cascading-centralised-th0.95-dw3,scale_free,60,0.9,cascading,CENTRALISED,orbit-ceiling-0.6,11,5314029030686934564,0.2720385818843745,0.33770457530762105,0.5456966458495637,0.19648731614627954,0.06325653420631444,1993.772446515919,3.653339285687691,6.1157608135478245,,0.0,True,52,0,0,0.95,3,False,232,0.30000000000000004,0.8971941710038864,,0.07879530001082458,2,14982,1.3581575000134762
a9-ceiling,scale_free-n60-load0.9-cascading-centralised-th0.95-dw3,scale_free,60,0.9,cascading,CENTRALISED,orbit-ceiling-0.7,11,5314029030686934564,0.35470117403065465,0.6168708141588948,0.7527848736171516,0.16772465102106376,0.045333094348714686,2599.607094811823,3.6727318938660263,6.108692435048028,,0.0,True,61,0,0,0.95,3,False,232,0.0,0.8976334396255963,,0.08215020000352524,2,13740,1.673199199984083
a9-ceiling,scale_free-n60-load0.9-cascading-centralised-th0.95-dw3,scale_free,60,0.9,cascading,CENTRALISED,orbit-ceiling-0.8,11,5314029030686934564,0.41590705708961073,0.9281483424182613,0.6460522845277094,0.25747115193411313,0.06444107019995914,3048.185389707836,3.9578907982235108,7.187320206522878,,0.0,True,67,0,0,0.95,3,False,232,0.30000000000000004,0.9413043111790133,,0.09093049998045899,2,12884,1.7861120000015944
a9-ceiling,scale_free-n60-load0.9-cascading-centralised-th0.95-dw3,scale_free,60,0.9,cascading,CENTRALISED,orbit-ceiling-0.9,11,5314029030686934564,0.42259579039546474,0.9171956878166324,0.6576475017962128,0.2608762489496124,0.08266509864012486,3097.2071574105266,4.47066694138876,8.350873504303856,,0.0,True,68,0,0,0.95,3,False,232,0.30000000000000004,0.9044565628653496,,0.09548610000638291,2,12712,1.9260447999986354
a9-ceiling,scale_free-n60-load0.9-cascading-centralised-th0.95-dw3,scale_free,60,0.9,cascading,CENTRALISED,orbit-ceiling-0.95,11,5314029030686934564,0.4471124943302924,0.9171956878166324,0.7051283023320456,0.2988562204634077,0.08253621213107179,3276.8902319437693,4.560764185622366,7.950296575169622,,0.0,True,72,0,0,0.95,3,False,232,0.0,0.9044565628653496,,0.10899559999234043,2,12090,2.102749399986351
a9-ceiling,scale_free-n60-load0.9-cascading-centralised-th0.95-dw3,scale_free,60,0.9,cascading,CENTRALISED,orbit-ceiling-1.0,11,5314029030686934564,0.23579224398152704,0.3270934901508127,0.4175903420334779,0.15269311653171344,0.11042362045659566,1728.1228121985384,4.1214699758488065,8.342035398946187,0.0,0.5,True,139,0,68,0.95,3,False,232,2.1,0.7178900312219364,,0.3293681000068318,9,16584,1.5514082000008784
a9-ceiling,scale_free-n60-load0.9-cascading-centralised-th0.95-dw3,scale_free,60,0.9,cascading,CENTRALISED,orbit-no-fallback,11,5314029030686934564,0.2022681530028357,0.27882082500521455,0.30697059965552875,0.14717388748820856,0.12394919884946416,1482.4245423986442,4.119016560528929,7.214951848889617,,0.5,True,145,15,83,0.95,3,False,232,0.6000000000000001,0.5684204435571536,,0.2803890999930445,6,17428,1.4357098000182305
a9-ceiling,scale_free-n60-load0.9-cascading-centralised-th0.95-dw3,scale_free,60,0.9,cascading,CENTRALISED,spf-static,11,5314029030686934564,0.09981933808394665,0.1440144483219613,0.15092339695067974,0.08263848820994499,0.04364184845660472,731.5765452189383,9.097020026283115,53.063265168522015,0.0,0.0,False,0,0,54,0.95,3,False,232,0.0,0.5320695953804865,,0.031554599991068244,2,19698,0.8706373999884818
a9-ceiling,scale_free-n60-load0.9-cascading-centralised-th0.95-dw3,scale_free,60,0.9,cascading,CENTRALISED,cspf,12,16903995477801950000,0.07057796814744527,0.026443029568855865,0.07874504113157887,0.10225307571016383,0.045286965662154066,590.9999602380851,17.629580737676815,103.02000000000001,,0.0,True,154,0,95,0.95,3,False,232,0.30000000000000004,0.0,,0.3657795999897644,5,20028,1.2464581000094768
a9-ceiling,scale_free-n60-load0.9-cascading-centralised-th0.95-dw3,scale_free,60,0.9,cascading,CENTRALISED,orbit,12,16903995477801950000,0.06480386999322356,0.03581875527175119,0.07286110201064479,0.07973715421648672,0.05382378245755645,542.6492940298039,21.253685494663127,104.08745169623116,,0.0,True,284,0,108,0.95,3,False,232,0.0,0.0,,0.3963782000064384,5,20315,1.291167300019879
a9-ceiling,scale_free-n60-load0.9-cascading-centralised-th0.95-dw3,scale_free,60,0.9,cascading,CENTRALISED,orbit-ceiling-0.6,12,16903995477801950000,0.23649520745282784,0.27599548981449373,0.41305652796437475,0.18118905595780807,0.09827185944111853,1980.3440346869522,3.4111999989908504,7.123208025680043,,0.0,True,45,0,0,0.95,3,False,232,0.30000000000000004,0.8643261262391261,,0.07613479997962713,2,16032,1.122715600009542
a9-ceiling,scale_free-n60-load0.9-cascading-centralised-th0.95-dw3,scale_free,60,0.9,cascading,CENTRALISED,orbit-ceiling-0.7,12,16903995477801950000,0.3259275430050549,0.5730732294330066,0.50362114603748,0.18526773329417795,0.17073866653519437,2729.225139409977,3.4461033829560916,6.195251031577487,,0.0,True,53,0,0,0.95,3,False,232,0.0,0.8521517864424187,,0.08576399998855777,2,14810,1.2936445999948774
a9-ceiling,scale_free-n60-load0.9-cascading-centralised-th0.95-dw3,scale_free,60,0.9,cascading,CENTRALISED,orbit-ceiling-0.8,12,16903995477801950000,0.3610943451190787,0.8554160844024048,0.5737527819815231,0.1498088173286293,0.10391845846906697,3023.7020023265945,3.666556904601809,6.22460643441838,0.2,0.2,False,57,0,0,0.95,3,False,232,0.30000000000000004,1.0,,0.10158280000905506,2,14276,1.4719987999997102
a9-ceiling,scale_free-n60-load0.9-cascading-centralised-th0.95-dw3,scale_free,60,0.9,cascading,CENTRALISED,orbit-ceiling-0.9,12,16903995477801950000,0.39934381831901405,0.9244461605884572,0.5764631892978107,0.23847168597088622,0.08652309540717497,3343.9922817671168,3.6867706714837887,7.235094244299647,,0.2,True,63,0,0,0.95,3,False,232,0.30000000000000004,0.9382264099699643,,0.11631700000725687,2,13376,1.6441067999985535
a9-ceiling,scale_free-n60-load0.9-cascading-centralised-th0.95-dw3,scale_free,60,0.9,cascading,CENTRALISED,orbit-ceiling-0.95,12,16903995477801950000,0.4338664011724486,0.9477082750531883,0.5677280099139381,0.25167097278341466,0.2068555301949462,3633.074634649138,3.9248212426012574,7.305663811943202,,0.2,True,72,0,0,0.95,3,False,232,0.30000000000000004,0.9396633942921403,,0.111528699984774,2,12070,1.843958699988434
a9-ceiling,scale_free-n60-load0.9-cascading-centralised-th0.95-dw3,scale_free,60,0.9,cascading,CENTRALISED,orbit-ceiling-1.0,12,16903995477801950000,0.3285460025016099,0.6689532352597093,0.44556872567328093,0.20126935610292285,0.15689406904994374,2751.1513792687974,3.7697613548293267,8.236506029200115,,0.0,True,100,0,31,0.95,3,False,232,0.30000000000000004,0.8309636686536631,,0.22100610003690235,6,14349,1.6051583999942522
a9-ceiling,scale_free-n60-load0.9-cascading-centralised-th0.95-dw3,scale_free,60,0.9,cascading,CENTRALISED,orbit-no-fallback,12,16903995477801950000,0.2497351122583687,0.6522940775111271,0.2833896096229968,0.1404910982468712,0.10056138358313194,2091.211255988702,3.8113731655602465,7.286404180388967,0.2,0.7000000000000001,False,142,21,65,0.95,3,False,232,3.3000000000000003,0.955290454165564,,0.43449360004160553,11,16607,1.5681333999964409
a9-ceiling,scale_free-n60-load0.9-cascading-centralised-th0.95-dw3,scale_free,60,0.9,cascading,CENTRALISED,spf-static,12,16903995477801950000,0.1352479551388279,0.015083839523073832,0.18126114292127854,0.17544852365404515,0.10766863362600912,1132.5281558452305,5.490202257592283,3.0793135183898643,,0.0,True,0,0,41,0.95,3,False,232,0.0,0.0,,0.03050039996742271,2,19257,0.8398621999949683
a9-ceiling,scale_free-n60-load0.9-cascading-centralised-th0.95-dw3,scale_free,60,0.9,cascading,CENTRALISED,cspf,13,7643230861804543564,0.07023376812630933,0.033540471444784295,0.10644993594812788,0.04000146825973566,0.0940287839541991,528.6314914334107,22.980108063279506,106.1781015999772,,,True,146,0,113,0.95,3,False,232,0.0,0.0,,0.32685310003580526,5,20117,1.2648311000084504
a9-ceiling,scale_free-n60-load0.9-cascading-centralised-th0.95-dw3,scale_free,60,0.9,cascading,CENTRALISED,orbit,13,7643230861804543564,0.03613095300784913,0.03990057476230937,0.05932983860290808,0.03841042128318088,0.00724765715472186,271.9483815975835,39.14723308294977,155.06922189700265,,,True,303,1,109,0.95,3,False,232,0.0,0.0,,0.3655560999759473,4,20956,1.2450487000169232
a9-ceiling,scale_free-n60-load0.9-cascading-centralised-th0.95-dw3,scale_free,60,0.9,cascading,CENTRALISED,orbit-ceiling-0.6,13,7643230861804543564,0.27548732768636575,0.5965834877916836,0.5410720238392243,0.08420466904852786,0.0610290448499772,2073.522192970525,3.8270849278844756,8.191880530096368,,0.0,True,48,0,0,0.95,3,False,232,0.30000000000000004,0.9362408273321814,,0.07194979998166673,2,15604,1.3005195999867283
a9-ceiling,scale_free-n60-load0.9-cascading-centralised-th0.95-dw3,scale_free,60,0.9,cascading,CENTRALISED,orbit-ceiling-0.7,13,7643230861804543564,0.3504478436048817,0.7690454273860939,0.6346159160984826,0.1614475974089421,0.05628761395129899,2637.730698163614,3.9626591680327796,8.153656468683508,,0.0,True,60,0,0,0.95,3,False,232,0.30000000000000004,0.949910137126325,,0.08592249997309409,2,13804,1.6428242000110913
a9-ceiling,scale_free-n60-load0.9-cascading-centralised-th0.95-dw3,scale_free,60,0.9,cascading,CENTRALISED,orbit-ceiling-0.8,13,7643230861804543564,0.4003281872118376,0.915177645611933,0.7307824489312392,0.15050006681112404,0.08044208506522682,3013.1672031042995,4.116393410614935,8.208529563538747,,0.0,True,65,0,0,0.95,3,False,232,0.0,0.932850234355507,,0.0888363000121899,2,13010,1.8215538999938872
a9-ceiling,scale_free-n60-load0.9-cascading-centralised-th0.95-dw3,scale_free,60,0.9,cascading,CENTRALISED,orbit-ceiling-0.9,13,7643230861804543564,0.43811928715330584,0.915177645611933,0.7947000732309872,0.21198568607401092,0.08331120526733744,3297.6110832765767,4.068384751293512,8.208529563538747,,0.2,True,73,0,0,0.95,3,False,232,0.30000000000000004,0.932850234355507,,0.11390090000350028,2,11984,2.074917900026776
a9-ceiling,scale_free-n60-load0.9-cascading-centralised-th0.95-dw3,scale_free,60,0.9,cascading,CENTRALISED,orbit-ceiling-0.95,13,7643230861804543564,0.4750827565172288,0.915177645611933,0.8432970102068316,0.24557796685671024,0.13464217037325507,3575.8256011600924,4.0698811420950465,8.424602421787792,,0.2,True,79,0,0,0.95,3,False,232,0.30000000000000004,0.932850234355507,,0.11708060003002174,2,11084,2.2551748999976553
a9-ceiling,scale_free-n60-load0.9-cascading-centralised-th0.95-dw3,scale_free,60,0.9,cascading,CENTRALISED,orbit-ceiling-1.0,13,7643230861804543564,0.3053551812062296,0.5385653355505801,0.5180923278591796,0.17206192165513665,0.12203838817915894,2298.329837118636,3.8923420075723385,8.702761569691432,,0.0,True,122,0,52,0.95,3,False,232,1.3,0.7508320095425828,,0.3052126999536995,8,15054,1.7103504999831785
a9-ceiling,scale_free-n60-load0.9-cascading-centralised-th0.95-dw3,scale_free,60,0.9,cascading,CENTRALISED,orbit-no-fallback,13,7643230861804543564,0.24915053292207293,0.5961296410701896,0.3912363239581094,0.12083505407340674,0.06419220714955307,1875.2919190261534,3.8070232134978568,8.169779950648469,,0.0,True,156,24,74,0.95,3,False,232,1.1,0.9401971633711576,,0.379938600002788,9,16265,1.6773010000179056
a9-ceiling,scale_free-n60-load0.9-cascading-centralised-th0.95-dw3,scale_free,60,0.9,cascading,CENTRALISED,spf-static,13,7643230861804543564,0.13984733589666265,0.158104467046737,0.11263331631223042,0.12503281611460873,0.17597978968140274,1052.5948944543227,6.279238089110525,51.0,0.0,0.0,False,0,0,49,0.95,3,False,232,0.0,0.5562366851536935,,0.0331644999969285,2,18816,0.8764661999884993
a9-ceiling,scale_free-n60-load0.9-cascading-centralised-th0.95-dw3,scale_free,60,0.9,cascading,CENTRALISED,cspf,14,16362881249786832982,0.06154862611716705,0.0357832252752661,0.08098802298098741,0.055942162588134864,0.06224436383260577,479.67303514832616,25.74390614694064,105.22208209315487,,0.0,True,167,0,114,0.95,3,False,232,0.0,0.0,,0.30550409998977557,4,20505,1.2206137000175659
a9-ceiling,scale_free-n60-load0.9-cascading-centralised-th0.95-dw3,scale_free,60,0.9,cascading,CENTRALISED,orbit,14,16362881249786832982,0.049436850075503656,0.07033954712917127,0.03120889189419433,0.025779724629937474,0.08882285559791106,385.2811251829951,27.999441570894245,106.25922323546358,,0.0,True,291,4,108,0.95,3,False,232,0.0,0.0880499851208631,,0.38750899996375665,5,20685,1.2922381999960635
a9-ceiling,scale_free-n60-load0.9-cascading-centralised-th0.95-dw3,scale_free,60,0.9,cascading,CENTRALISED,orbit-ceiling-0.6,14,16362881249786832982,0.2668123765297046,0.5405242523101965,0.41681470837547224,0.2138797515926041,0.033539105545154525,2079.375455457074,4.091086215684068,9.208301181496434,,0.0,True,50,0,0,0.95,3,False,232,0.0,0.9214140755792024,,0.07565580002847128,2,15260,1.3234577999974135
a9-ceiling,scale_free-n60-load0.9-cascading-centralised-th0.95-dw3,scale_free,60,0.9,cascading,CENTRALISED,orbit-ceiling-0.7,14,16362881249786832982,0.3446117769838922,0.7643518170045297,0.5532306477768109,0.21999576319620406,0.06695408546669575,2685.697268027501,3.742078891296389,8.218717704050366,,0.0,True,60,0,0,0.95,3,False,232,0.30000000000000004,0.878158919785248,,0.08270319999428466,2,13804,1.5590286999940872
a9-ceiling,scale_free-n60-load0.9-cascading-centralised-th0.95-dw3,scale_free,60,0.9,cascading,CENTRALISED,orbit-ceiling-0.8,14,16362881249786832982,0.414545205036965,0.9097587275223018,0.7612317283128317,0.1834805484434588,0.09255379715870518,3230.7164148186293,3.6348795138064087,7.209526790535805,,0.0,True,65,0,0,0.95,3,False,232,0.30000000000000004,0.895875454833423,,0.08821529999841005,2,13120,1.7130820000020321
a9-ceiling,scale_free-n60-load0.9-cascading-centralised-th0.95-dw3,scale_free,60,0.9,cascading,CENTRALISED,orbit-ceiling-0.9,14,16362881249786832982,0.46836228365629423,0.9097587275223018,0.8566594782858906,0.2546303507487734,0.10828920800430154,3650.1344111685034,3.6241176070810655,6.302021883982178,,0.0,True,74,0,0,0.95,3,False,232,0.30000000000000004,0.895875454833423,,0.09517519996734336,2,11704,2.018352999992203
a9-ceiling,scale_free-n60-load0.9-cascading-centralised-th0.95-dw3,scale_free,60,0.9,cascading,CENTRALISED,orbit-ceiling-0.95,14,16362881249786832982,0.4830142775456365,0.9097587275223018,0.9005927191704324,0.254881297719297,0.11902420335611373,3764.323253767465,3.8259824660523862,6.645710714966859,,0.2,True,79,0,0,0.95,3,False,232,0.30000000000000004,0.895875454833423,,0.10310610002488829,2,11236,2.1641069000179414
a9-ceiling,scale_free-n60-load0.9-cascading-centralised-th0.95-dw3,scale_free,60,0.9,cascading,CENTRALISED,orbit-ceiling-1.0,14,16362881249786832982,0.37962456786394505,0.7034167447552624,0.5711161685554529,0.2712226084715901,0.1495560378710233,2958.5659367525736,3.4475057285382835,6.377965068758564,,0.0,True,114,0,41,0.95,3,False,232,0.30000000000000004,0.8394803214732192,,0.24109929997939616,6,13587,1.7570030000060797
a9-ceiling,scale_free-n60-load0.9-cascading-centralised-th0.95-dw3,scale_free,60,0.9,cascading,CENTRALISED,orbit-no-fallback,14,16362881249786832982,0.27377083973377175,0.7024767849075606,0.3028399068693676,0.20227104227065196,0.10978981272921112,2133.6055394675423,3.372110751853861,6.457609392828461,,0.5,True,136,8,68,0.95,3,False,232,0.6000000000000001,0.82183765583954,,0.3397901000280399,8,16104,1.5548935999977402
a9-ceiling,scale_free-n60-load0.9-cascading-centralised-th0.95-dw3,scale_free,60,0.9,cascading,CENTRALISED,spf-static,14,16362881249786832982,0.13914644541136564,0.11759890242390104,0.14121852593781092,0.1440304983915617,0.141963527457937,1084.4238451969975,6.453331689709766,52.01748551654646,0.0,0.0,False,0,0,49,0.95,3,False,232,0.0,0.4420243596299849,,0.02945289999479428,2,18522,0.923460599995451
a9-ceiling,scale_free-n60-load0.9-cascading-centralised-th0.95-dw3,scale_free,60,0.9,cascading,CENTRALISED,cspf,15,11859520640689116550,0.050946650036862946,0.036084788249101704,0.04775916812670707,0.04116455560288064,0.0769563223058842,388.0109107184135,29.72838760882262,110.20635218473916,,,True,162,0,114,0.95,3,False,232,0.0,0.0,,0.3245595999760553,5,20673,1.2134036000061315
a9-ceiling,scale_free-n60-load0.9-cascading-centralised-th0.95-dw3,scale_free,60,0.9,cascading,CENTRALISED,orbit,15,11859520640689116550,0.031883373032475536,0.06568417530019878,0.04609919804100079,0.024637423668450762,0.006047056217226009,242.82453504115603,41.48005778321329,155.0323676233908,,,True,296,1,104,0.95,3,False,232,0.0,0.10259238795322827,,0.3623582999862265,4,21114,1.2036473999905866
a9-ceiling,scale_free-n60-load0.9-cascading-centralised-th0.95-dw3,scale_free,60,0.9,cascading,CENTRALISED,orbit-ceiling-0.6,15,11859520640689116550,0.24739046916783833,0.43335521740244903,0.5417408503115101,0.08830134679888581,0.04463992446560084,1884.1317569538703,4.064114787884812,9.159307509551294,0.2,0.2,False,46,0,0,0.95,3,False,232,0.30000000000000004,0.9708972366371023,,0.07593490002909675,2,15904,1.293703600007575
a9-ceiling,scale_free-n60-load0.9-cascading-centralised-th0.95-dw3,scale_free,60,0.9,cascading,CENTRALISED,orbit-ceiling-0.7,15,11859520640689116550,0.32139670810296256,0.659265642305081,0.6002840031493683,0.08930859094219142,0.14057258902794426,2447.765050748161,3.803765540561747,7.151865017377893,0.2,0.2,True,53,0,0,0.95,3,False,232,0.30000000000000004,1.0,,0.08267579998937435,2,14898,1.419249900005525
a9-ceiling,scale_free-n60-load0.9-cascading-centralised-th0.95-dw3,scale_free,60,0.9,cascading,CENTRALISED,orbit-ceiling-0.8,15,11859520640689116550,0.3744212172528508,0.9320679104230756,0.6718280373608478,0.09317675978019312,0.10520233681743939,2851.600986393751,3.9460732500985474,8.248310287089744,0.0,0.2,True,60,0,0,0.95,3,False,232,0.30000000000000004,0.9553125858010625,,0.09517620003316551,2,13956,1.6674192000064068
a9-ceiling,scale_free-n60-load0.9-cascading-centralised-th0.95-dw3,scale_free,60,0.9,cascading,CENTRALISED,orbit-ceiling-0.9,15,11859520640689116550,0.3980564018686214,0.9624474808828026,0.7141765836642947,0.1382496539738994,0.07572165625936172,3031.6071202833673,4.384452668571672,10.440518156619664,0.0,0.2,True,66,0,0,0.95,3,False,232,0.30000000000000004,0.9566701702493822,,0.100604100007331,2,13034,1.9012425999972038
a9-ceiling,scale_free-n60-load0.9-cascading-centralised-th0.95-dw3,scale_free,60,0.9,cascading,CENTRALISED,orbit-ceiling-0.95,15,11859520640689116550,0.4449982668656702,0.9624474808828026,0.7601933909509043,0.1973396010143795,0.1361278916809845,3389.1174919201057,4.342183646286191,8.753272111505181,0.0,0.2,False,75,0,0,0.95,3,False,232,0.30000000000000004,0.9566701702493822,,0.10740730000543408,2,11684,2.137115499994252
a9-ceiling,scale_free-n60-load0.9-cascading-centralised-th0.95-dw3,scale_free,60,0.9,cascading,CENTRALISED,orbit-ceiling-1.0,15,11859520640689116550,0.2632080093579167,0.5457653615463998,0.37268008229519933,0.14049227115662066,0.14240988781870756,2004.598523071695,4.030505897511802,8.410623632175579,0.2,0.2,True,124,0,54,0.95,3,False,232,1.8,0.8806587421581533,,0.3079619000200182,9,15599,1.6092990000033751
a9-ceiling,scale_free-n60-load0.9-cascading-centralised-th0.95-dw3,scale_free,60,0.9,cascading,CENTRALISED,orbit-no-fallback,15,11859520640689116550,0.21356021123135058,0.615824060337991,0.22829432508023415,0.11918186142776592,0.07773648200607601,1626.4796997081507,4.052148301115091,8.5068655409658,0.2,0.5,True,134,11,63,0.95,3,False,232,1.1,0.9327681418757778,,0.351886300049955,8,17133,1.475849600014044
a9-ceiling,scale_free-n60-load0.9-cascading-centralised-th0.95-dw3,scale_free,60,0.9,cascading,CENTRALISED,spf-static,15,11859520640689116550,0.051694041851256915,0.06365268350408836,0.07555142219641658,0.04076054047528809,0.03450220762612823,393.70306473357766,13.638562996621614,103.01782606379635,0.0,0.0,False,0,0,53,0.95,3,False,232,0.0,0.2722789760069787,,0.028896700008772314,2,21021,0.7647865999897476
a9-ceiling,scale_free-n60-load0.9-cascading-centralised-th0.95-dw3,scale_free,60,0.9,cascading,CENTRALISED,cspf,16,3237719339440489938,0.08414722482902422,0.08122925113699886,0.06758404093233619,0.11947530461549045,0.05411383683372152,591.5348964269283,20.37567236101505,104.10813879837498,,0.0,True,127,0,114,0.95,3,False,232,0.0,0.1680720371687185,,0.2701804999669548,4,20058,1.2481388000014704
a9-ceiling,scale_free-n60-load0.9-cascading-centralised-th0.95-dw3,scale_free,60,0.9,cascading,CENTRALISED,orbit,16,3237719339440489938,0.08955630666673946,0.1740844365898393,0.05702173697948836,0.029640108322486113,0.15211980258650648,629.5594500725053,18.89703097945562,104.19484635827888,0.0,0.0,True,268,1,118,0.95,3,False,232,0.6000000000000001,0.44115245154771526,,0.36519479998969473,6,19957,1.3632714000123087
a9-ceiling,scale_free-n60-load0.9-cascading-centralised-th0.95-dw3,scale_free,60,0.9,cascading,CENTRALISED,orbit-ceiling-0.6,16,3237719339440489938,0.3160530006599318,0.6480748059705098,0.48487842175999524,0.22683344702235705,0.07476426840274887,2221.7771220698337,3.7644525823499757,7.156593685636534,,0.0,True,57,0,0,0.95,3,False,232,0.30000000000000004,0.921091122374159,,0.0884473999904003,2,14254,1.4760327999829315
a9-ceiling,scale_free-n60-load0.9-cascading-centralised-th0.95-dw3,scale_free,60,0.9,cascading,CENTRALISED,orbit-ceiling-0.7,16,3237719339440489938,0.3353696488378835,0.9193913163803573,0.5931157238326037,0.09024338341748209,0.06872289017024588,2357.568545999465,4.213916703495443,8.140311406330097,,0.0,True,54,0,0,0.95,3,False,232,0.0,0.9069899804388666,,0.08316419998300262,2,14660,1.5483926000015344
a9-ceiling,scale_free-n60-load0.9-cascading-centralised-th0.95-dw3,scale_free,60,0.9,cascading,CENTRALISED,orbit-ceiling-0.8,16,3237719339440489938,0.4106545293483858,0.9193913163803573,0.682959951598524,0.22629666557694325,0.0922877767685308,2886.803278170134,4.2676561083542115,9.305526656051168,,0.0,True,67,0,0,0.95,3,False,232,0.30000000000000004,0.9069899804388666,,0.08917809999547899,2,12754,1.9025458999967668
a9-ceiling,scale_free-n60-load0.9-cascading-centralised-th0.95-dw3,scale_free,60,0.9,cascading,CENTRALISED,orbit-ceiling-0.9,16,3237719339440489938,0.4598592836817122,0.9193913163803573,0.7596067245754152,0.3346475106787237,0.06388503917825947,3232.700951176187,4.406333939561926,8.29063202243016,,0.0,True,75,0,0,0.95,3,False,232,0.30000000000000004,0.9069899804388666,,0.10482190002221614,2,11532,2.2670942000113428
a9-ceiling,scale_free-n60-load0.9-cascading-centralised-th0.95-dw3,scale_free,60,0.9,cascading,CENTRALISED,orbit-ceiling-0.95,16,3237719339440489938,0.5192972199760283,0.9193913163803573,0.8644379318861357,0.3740284990348995,0.14172630928763055,3650.5354497128674,4.161211348502453,8.32962951433143,,0.2,True,89,0,0,0.95,3,False,232,0.30000000000000004,0.9069899804388666,,0.10974269997677766,2,9736,2.6770583000034094
a9-ceiling,scale_free-n60-load0.9-cascading-centralised-th0.95-dw3,scale_free,60,0.9,cascading,CENTRALISED,orbit-ceiling-1.0,16,3237719339440489938,0.32939442305789524,0.4547265132887127,0.4184615490894931,0.2478662255739613,0.27851629129682604,2315.5641356332935,4.203245680383906,7.383000720443571,,0.0,True,136,0,66,0.95,3,False,232,2.8000000000000003,0.8339885636275487,,0.26593349999166094,12,14006,1.8791827999812085
a9-ceiling,scale_free-n60-load0.9-cascading-centralised-th0.95-dw3,scale_free,60,0.9,cascading,CENTRALISED,orbit-no-fallback,16,3237719339440489938,0.31053116908347544,0.607522912539799,0.38244560003946376,0.22279543956820191,0.18248940078218598,2182.9599646852275,3.982357666922621,7.542544161544657,0.5,0.5,True,164,14,79,0.95,3,False,232,1.1,0.8918409106387638,,0.2663800999871455,8,14572,1.78984899999341
a9-ceiling,scale_free-n60-load0.9-cascading-centralised-th0.95-dw3,scale_free,60,0.9,cascading,CENTRALISED,spf-static,16,3237719339440489938,0.12583097368850354,0.15394404279103693,0.21037277782660707,0.10466640519190092,0.055438926886750714,884.5616969468348,6.640979976722138,52.352327110361344,0.0,0.0,False,0,0,47,0.95,3,False,232,0.0,0.5552372360725707,,0.029903000016929582,2,19257,0.8828242000017781
a9-ceiling,scale_free-n60-load0.9-cascading-centralised-th0.95-dw3,scale_free,60,0.9,cascading,CENTRALISED,cspf,17,2675893234139599477,0.075958250905983,0.10275954390192887,0.07460842571915634,0.07159800727015059,0.06667431771320483,561.2231632547744,19.63310895690964,104.09648798407743,,0.0,True,120,0,102,0.95,3,False,232,0.0,0.25632508318449665,,0.319500399986282,5,20348,1.2189268000074662
a9-ceiling,scale_free-n60-load0.9-cascading-centralised-th0.95-dw3,scale_free,60,0.9,cascading,CENTRALISED,orbit,17,2675893234139599477,0.04088019224425458,0.035137771160787805,0.0582505120852488,0.04124470374341191,0.02764402574505028,302.04632850460627,32.17500673118092,153.0,,0.0,True,247,5,105,0.95,3,False,232,0.0,0.0,,0.3063308999699075,4,21112,1.1813370999880135
a9-ceiling,scale_free-n60-load0.9-cascading-centralised-th0.95-dw3,scale_free,60,0.9,cascading,CENTRALISED,orbit-ceiling-0.6,17,2675893234139599477,0.2867422493600939,0.5350735155205607,0.5514060129194366,0.1651809427850733,0.039101563073991284,2118.616349181699,3.877794673398137,7.190652626341932,0.0,0.0,False,53,0,0,0.95,3,False,232,0.30000000000000004,1.0,,0.08405110001331195,2,14854,1.4462364000210073
a9-ceiling,scale_free-n60-load0.9-cascading-centralised-th0.95-dw3,scale_free,60,0.9,cascading,CENTRALISED,orbit-ceiling-0.7,17,2675893234139599477,0.3273582443951932,0.8302748384424546,0.6198997723052967,0.0899501794483476,0.04206239462411337,2418.71063703665,4.215964253469412,8.22586427851222,,0.2,True,53,0,0,0.95,3,False,232,0.30000000000000004,0.9388783359773649,,0.09759630003827624,2,14984,1.503247000015108
a9-ceiling,scale_free-n60-load0.9-cascading-centralised-th0.95-dw3,scale_free,60,0.9,cascading,CENTRALISED,orbit-ceiling-0.8,17,2675893234139599477,0.3871226083766011,0.999285515168816,0.6933604105247214,0.13705162958969325,0.0400397034906611,2860.284067223594,4.107437413390949,8.214317816313715,0.2,0.2,False,62,0,0,0.95,3,False,232,0.30000000000000004,1.0,,0.0931165000074543,2,13526,1.7786362000042573
a9-ceiling,scale_free-n60-load0.9-cascading-centralised-th0.95-dw3,scale_free,60,0.9,cascading,CENTRALISED,orbit-ceiling-0.9,17,2675893234139599477,0.4165799816571213,0.999285515168816,0.6871391813589642,0.22118870934689408,0.05503077734436254,3077.932051695127,4.448183474573285,8.55173517778413,0.2,0.2,False,69,0,0,0.95,3,False,232,0.30000000000000004,1.0,,0.0979611000220757,2,12606,1.9939420000009704
a9-ceiling,scale_free-n60-load0.9-cascading-centralised-th0.95-dw3,scale_free,60,0.9,cascading,CENTRALISED,orbit-ceiling-0.95,17,2675893234139599477,0.4658726808300701,0.9535584859730546,0.7261942218425855,0.36614865168520827,0.05593438795795232,3442.134810779846,4.193035867386691,7.422315083548557,,0.2,True,78,0,0,0.95,3,False,232,0.30000000000000004,0.9464136376612147,,0.10321819997625425,2,11234,2.246519400010584
a9-ceiling,scale_free-n60-load0.9-cascading-centralised-th0.95-dw3,scale_free,60,0.9,cascading,CENTRALISED,orbit-ceiling-1.0,17,2675893234139599477,0.3279805251503482,0.6368165813528922,0.35549976497435376,0.2813900536952431,0.17655921626130802,2423.3084044901548,3.8348457473994944,7.334461783768143,,0.0,True,114,0,46,0.95,3,False,232,0.6000000000000001,0.8520156517701499,,0.23942450000322424,7,14051,1.7311675999953877
a9-ceiling,scale_free-n60-load0.9-cascading-centralised-th0.95-dw3,scale_free,60,0.9,cascading,CENTRALISED,orbit-no-fallback,17,2675893234139599477,0.31739249899628935,0.7411158799261561,0.3616196443184106,0.24161815893958558,0.11769890119465772,2345.0779889667615,4.172212485551531,7.4792696661724625,0.0,0.0,True,127,10,48,0.95,3,False,232,0.0,0.9726174699227306,,0.23622289998456836,5,14867,1.6802588000136893
a9-ceiling,scale_free-n60-load0.9-cascading-centralised-th0.95-dw3,scale_free,60,0.9,cascading,CENTRALISED,spf-static,17,2675893234139599477,0.1399545577170378,0.15593811070086894,0.1958974938525026,0.13661447849538969,0.08246554027439919,1034.0646165101737,6.414208546878233,52.01730034508633,0.0,0.0,False,0,0,51,0.95,3,False,232,0.0,0.5423628925760624,,0.029206000006524846,2,18963,0.8912799000099767
a9-ceiling,scale_free-n60-load0.9-cascading-centralised-th0.95-dw3,scale_free,60,0.9,cascading,CENTRALISED,cspf,18,6906037902645645928,0.08400377059659644,0.1183640534400575,0.07584497548004972,0.03614285106155238,0.13374067205211743,614.184756053956,18.08639447883075,104.8973544794469,,,True,168,0,111,0.95,3,False,232,0.0,0.2882147686572505,,0.3229662000085227,5,20020,1.2441621999896597
a9-ceiling,scale_free-n60-load0.9-cascading-centralised-th0.95-dw3,scale_free,60,0.9,cascading,CENTRALISED,orbit,18,6906037902645645928,0.07600433963886784,0.07299214213435862,0.09662486236627962,0.045687864315574374,0.09742070101479594,555.6977558103971,19.040418585178696,104.25345597194371,,,True,270,0,106,0.95,3,False,232,0.0,0.09237400507998426,,0.4261780000233557,6,20282,1.3405718000140041
a9-ceiling,scale_free-n60-load0.9-cascading-centralised-th0.95-dw3,scale_free,60,0.9,cascading,CENTRALISED,orbit-ceiling-0.6,18,6906037902645645928,0.3095562784597531,0.7245582312026443,0.5205138942998533,0.1416073838761548,0.13107897381589212,2263.288255045032,3.473459243411742,7.109193889278442,,0.0,True,56,0,0,0.95,3,False,232,0.30000000000000004,0.9349984655370747,,0.08647810001275502,2,14426,1.4253009000094607
a9-ceiling,scale_free-n60-load0.9-cascading-centralised-th0.95-dw3,scale_free,60,0.9,cascading,CENTRALISED,orbit-ceiling-0.7,18,6906037902645645928,0.35757502078589604,0.8916625646596207,0.677436640595894,0.1317775917860651,0.09802755229964141,2614.3722520149827,3.635811919093077,7.21710407633757,0.2,0.2,False,63,0,0,0.95,3,False,232,0.30000000000000004,0.9533822212034387,,0.08806670003104955,2,13354,1.7017530000011902
a9-ceiling,scale_free-n60-load0.9-cascading-centralised-th0.95-dw3,scale_free,60,0.9,cascading,CENTRALISED,orbit-ceiling-0.8,18,6906037902645645928,0.38598125838171676,0.9561217908762977,0.7495742963718096,0.16273703246871382,0.06755966715618834,2822.0614781567765,4.121689649819549,8.266469912680428,0.2,0.2,False,68,0,0,0.95,3,False,232,0.30000000000000004,0.9500382172424612,,0.10730900001362897,2,12800,1.9381692000024486
a9-ceiling,scale_free-n60-load0.9-cascading-centralised-th0.95-dw3,scale_free,60,0.9,cascading,CENTRALISED,orbit-ceiling-0.9,18,6906037902645645928,0.45495779370661793,0.9617640118640958,0.838004475898856,0.27147452950838213,0.10143300799436236,3326.376179998124,4.064929461811605,9.504847226492249,0.2,0.2,False,78,0,0,0.95,3,False,232,0.30000000000000004,0.956650194962536,,0.10854869999457151,2,11234,2.2602002000203356
a9-ceiling,scale_free-n60-load0.9-cascading-centralised-th0.95-dw3,scale_free,60,0.9,cascading,CENTRALISED,orbit-ceiling-0.95,18,6906037902645645928,0.4872243718207991,0.9617640118640958,0.8576727193974454,0.33262346568260204,0.12455902240031592,3562.2898808595137,4.21230999302759,8.57611778970297,0.2,0.2,False,84,0,0,0.95,3,False,232,0.30000000000000004,0.956650194962536,,0.11001060000853613,2,10486,2.4385529000137467
a9-ceiling,scale_free-n60-load0.9-cascading-centralised-th0.95-dw3,scale_free,60,0.9,cascading,CENTRALISED,orbit-ceiling-1.0,18,6906037902645645928,0.3135512714226183,0.4668356771311154,0.470451267039907,0.27682560507748666,0.14768517615021587,2292.4972269865134,3.829570010174581,7.550801434244104,,0.0,True,143,0,57,0.95,3,False,232,4.1000000000000005,0.8744235068681557,,0.5192127000191249,13,14697,1.9617530000105035
a9-ceiling,scale_free-n60-load0.9-cascading-centralised-th0.95-dw3,scale_free,60,0.9,cascading,CENTRALISED,orbit-no-fallback,18,6906037902645645928,0.3039567227494847,0.7087174640254438,0.39579720413402897,0.1989977381698747,0.1551920918124548,2222.3476909072947,4.096456054347413,9.493339029307554,0.2,0.2,True,169,28,63,0.95,3,False,232,1.6,1.0365363543375745,,0.4526448999240529,11,15014,1.8860565000213683
a9-ceiling,scale_free-n60-load0.9-cascading-centralised-th0.95-dw3,scale_free,60,0.9,cascading,CENTRALISED,spf-static,18,6906037902645645928,0.2056806794594818,0.21159959800417294,0.10783892956352267,0.16155429671128368,0.3424889000167674,1503.8127103303154,4.483125729573065,4.100240858925708,0.0,0.0,False,0,0,39,0.95,3,False,232,0.0,0.6469997520333733,,0.03032109999912791,2,17199,1.0073706999828573
a9-ceiling,scale_free-n60-load0.9-cascading-centralised-th0.95-dw3,scale_free,60,0.9,cascading,CENTRALISED,cspf,19,9418514244051693830,0.05272996036070701,0.12666589512764984,0.023084983573903907,0.04039042341612881,0.06000418890612018,376.38110335399085,26.895656339620178,105.97401771640233,,,True,134,0,104,0.95,3,False,232,0.0,0.32205548179477356,,0.35488549998262897,5,20590,1.2320255000086036
a9-ceiling,scale_free-n60-load0.9-cascading-centralised-th0.95-dw3,scale_free,60,0.9,cascading,CENTRALISED,orbit,19,9418514244051693830,0.06361116853692542,0.06407410011930798,0.044444359104956026,0.043897970593248944,0.10752860088805377,454.05006254102244,22.402182808586847,107.1460695792052,,0.0,True,289,1,106,0.95,3,False,232,0.0,0.08278949013861212,,0.41518660000292584,5,20467,1.324247300013667
a9-ceiling,scale_free-n60-load0.9-cascading-centralised-th0.95-dw3,scale_free,60,0.9,cascading,CENTRALISED,orbit-ceiling-0.6,19,9418514244051693830,0.2502827171052979,0.827772701001746,0.35482426614469703,0.08479244805958498,0.06921948062169053,1786.4926233611097,4.532850471533869,10.195327402713865,0.0,0.0,True,46,0,0,0.95,3,False,232,0.30000000000000004,1.0,,0.07570460002170876,2,15882,1.2771737999864854
a9-ceiling,scale_free-n60-load0.9-cascading-centralised-th0.95-dw3,scale_free,60,0.9,cascading,CENTRALISED,orbit-ceiling-0.7,19,9418514244051693830,0.3223044783005847,0.9054329637412141,0.45209213926577596,0.17279503788556125,0.09313223887835352,2300.576642365599,4.417466138997526,8.15382234096883,,0.2,True,55,0,0,0.95,3,False,232,0.30000000000000004,0.9311165772624017,,0.09879299998283386,2,14598,1.4804141000204254
a9-ceiling,scale_free-n60-load0.9-cascading-centralised-th0.95-dw3,scale_free,60,0.9,cascading,CENTRALISED,orbit-ceiling-0.8,19,9418514244051693830,0.3143776292003782,0.9425147797120969,0.49984562174397207,0.1339264447200992,0.048143608274520217,2243.9955983055024,5.5401079130627116,12.35569304179906,,0.0,True,54,0,0,0.95,3,False,232,0.30000000000000004,0.9336708996678018,,0.09428160000243224,2,14726,1.613595599977998
a9-ceiling,scale_free-n60-load0.9-cascading-centralised-th0.95-dw3,scale_free,60,0.9,cascading,CENTRALISED,orbit-ceiling-0.9,19,9418514244051693830,0.4029857455149093,0.9425147797120969,0.7236358944705726,0.22715078877412911,0.04415560776054536,2876.471336129759,4.804299498069335,7.391554267239034,,0.2,True,69,0,0,0.95,3,False,232,0.30000000000000004,0.9336708996678018,,0.10104229999706149,2,12650,2.1154327999975067
a9-ceiling,scale_free-n60-load0.9-cascading-centralised-th0.95-dw3,scale_free,60,0.9,cascading,CENTRALISED,orbit-ceiling-0.95,19,9418514244051693830,0.4358046677648264,0.9425147797120969,0.8123467911621366,0.24391467859313334,0.05997977306403613,3110.7294710271512,4.937257311024682,9.632266302007494,,0.2,True,75,0,0,0.95,3,False,232,0.30000000000000004,0.9336708996678018,,0.10361530003137887,2,11684,2.369173500017496
a9-ceiling,scale_free-n60-load0.9-cascading-centralised-th0.95-dw3,scale_free,60,0.9,cascading,CENTRALISED,orbit-ceiling-1.0,19,9418514244051693830,0.3254247148442765,0.4872601342505095,0.47945824039213125,0.29540464505368724,0.1320797590873445,2322.848574015206,4.31561312892369,7.408609526882725,0.0,0.0,True,121,0,44,0.95,3,False,232,0.30000000000000004,0.7974029910360699,,0.2664303999627009,5,14075,1.8452905000012834
a9-ceiling,scale_free-n60-load0.9-cascading-centralised-th0.95-dw3,scale_free,60,0.9,cascading,CENTRALISED,orbit-no-fallback,19,9418514244051693830,0.21145936939153698,0.5302172296053324,0.18982235370809894,0.166790302052475,0.12841475453436074,1509.37550913529,4.533975361091712,8.495210987814716,,0.5,True,163,25,71,0.95,3,False,232,0.6000000000000001,0.8374074531561865,,0.3470236000139266,7,17260,1.5004712000081781
a9-ceiling,scale_free-n60-load0.9-cascading-centralised-th0.95-dw3,scale_free,60,0.9,cascading,CENTRALISED,spf-static,19,9418514244051693830,0.12249374824633004,0.10064286743089941,0.18295612468877007,0.13955008378159597,0.05266436849332712,874.3479381273236,6.301029108551259,52.01841519057917,0.0,0.0,False,0,0,38,0.95,3,False,232,0.0,0.40308324662327627,,0.029499900003429502,2,19257,0.8606994000147097
a9-ceiling,scale_free-n60-load0.9-cascading-centralised-th0.95-dw3,scale_free,60,0.9,cascading,CENTRALISED,cspf,20,16599440417660552724,0.05478376876026729,0.12787761338008297,0.028602635977068004,0.04917655334301989,0.0455962356063062,419.3978800747026,27.598002213056272,111.58532503595453,,,True,138,0,121,0.95,3,False,232,0.0,0.3308968781259101,,0.3249445999972522,6,20686,1.2441599999729078
a9-ceiling,scale_free-n60-load0.9-cascading-centralised-th0.95-dw3,scale_free,60,0.9,cascading,CENTRALISED,orbit,20,16599440417660552724,0.06828974486105159,0.10903854132759623,0.10397010911605521,0.06328326498029545,0.022720986302642986,522.7930621366695,21.840948069536218,106.15252001847708,,,True,303,4,114,0.95,3,False,232,0.0,0.2107573647390996,,0.3635921999521088,5,20223,1.3024969999969471
a9-ceiling,scale_free-n60-load0.9-cascading-centralised-th0.95-dw3,scale_free,60,0.9,cascading,CENTRALISED,orbit-ceiling-0.6,20,16599440417660552724,0.2595327186600953,0.672790812436856,0.4546300963218607,0.11082285748196073,0.06912238158998998,1986.8562254704052,3.63189194970243,7.128468044983763,0.0,0.2,False,52,0,0,0.95,3,False,232,0.30000000000000004,1.0,,0.08747230001608841,2,14982,1.3327895999827888
a9-ceiling,scale_free-n60-load0.9-cascading-centralised-th0.95-dw3,scale_free,60,0.9,cascading,CENTRALISED,orbit-ceiling-0.7,20,16599440417660552724,0.3582107047063038,0.7287897742095403,0.6968788966182913,0.1711180898592563,0.11863679410278692,2742.286877547709,3.6644247554403413,7.1748505128088755,0.0,0.0,False,66,0,0,0.95,3,False,232,0.30000000000000004,1.0,,0.08875060002901591,2,12774,1.754941899998812
a9-ceiling,scale_free-n60-load0.9-cascading-centralised-th0.95-dw3,scale_free,60,0.9,cascading,CENTRALISED,orbit-ceiling-0.8,20,16599440417660552724,0.40911780194866787,1.0,0.821768279244222,0.15747987941925778,0.07422088345181699,3132.0068465705203,3.944836528599043,8.23282881785972,0.0,0.0,True,70,0,0,0.95,3,False,232,0.30000000000000004,1.0,,0.0932557999913115,2,12282,1.9641968000214547
a9-ceiling,scale_free-n60-load0.9-cascading-centralised-th0.95-dw3,scale_free,60,0.9,cascading,CENTRALISED,orbit-ceiling-0.9,20,16599440417660552724,0.44094243908992914,1.0,0.8716741517357062,0.215420541330591,0.07307479193463613,3375.640785111672,3.9079280660657476,8.273511707670744,0.0,0.0,True,78,0,0,0.95,3,False,232,0.30000000000000004,1.0,,0.10856039999634959,2,11430,2.16786200000206
a9-ceiling,scale_free-n60-load0.9-cascading-centralised-th0.95-dw3,scale_free,60,0.9,cascading,CENTRALISED,orbit-ceiling-0.95,20,16599440417660552724,0.461868278062459,1.0,0.9386538820244987,0.2514110721510344,0.04593132465018816,3535.8388273870823,3.9998369918035763,8.335832508547277,0.0,0.0,True,79,0,0,0.95,3,False,232,0.30000000000000004,1.0,,0.106363400031114,2,10932,2.386606900021434
a9-ceiling,scale_free-n60-load0.9-cascading-centralised-th0.95-dw3,scale_free,60,0.9,cascading,CENTRALISED,orbit-ceiling-1.0,20,16599440417660552724,0.3925449872562074,0.8017397876231983,0.7720607988554425,0.2342964665718132,0.059423102108981544,3005.133440337654,3.8860805590930103,8.234819339956978,0.0,0.2,True,98,0,25,0.95,3,False,232,0.30000000000000004,0.9476648201750685,,0.19395810001879,5,12686,2.0944664000126068
a9-ceiling,scale_free-n60-load0.9-cascading-centralised-th0.95-dw3,scale_free,60,0.9,cascading,CENTRALISED,orbit-no-fallback,20,16599440417660552724,0.34085777067981404,0.8062547228026403,0.5781186375387699,0.16988672427238485,0.1160603435455327,2609.4412572393762,3.670567227336877,8.36814648392044,0.0,0.5,False,146,24,52,0.95,3,False,232,2.6,1.0006517476707508,,0.3325315999391023,11,13874,1.8879625999834388
a9-ceiling,scale_free-n60-load0.9-cascading-centralised-th0.95-dw3,scale_free,60,0.9,cascading,CENTRALISED,spf-static,20,16599440417660552724,0.13624094028848127,0.11008636813512458,0.19524565367443747,0.1107394803257442,0.1334714078550369,1042.9943545215565,6.357124360854499,52.02254446089121,0.0,0.0,False,0,0,48,0.95,3,False,232,0.0,0.41372632063923975,,0.029785400023683906,2,18669,0.9094556999916676
a9-ceiling,scale_free-n60-load0.9-cascading-centralised-th0.95-dw3,scale_free,60,0.9,cascading,CENTRALISED,cspf,21,11754375424036358947,0.048257223762419935,0.0661085464596139,0.044443792135625805,0.04142695347935269,0.051599375453322056,373.33425573166835,30.149651463283675,105.38074795614462,,0.0,True,145,0,121,0.95,3,False,232,0.0,0.11497252930611089,,0.313310099998489,5,20845,1.2286489000252914
a9-ceiling,scale_free-n60-load0.9-cascading-centralised-th0.95-dw3,scale_free,60,0.9,cascading,CENTRALISED,orbit,21,11754375424036358947,0.0531308171636833,0.07066701605582197,0.08445704023738823,0.045702298014120415,0.023833256091102047,411.0380277960767,25.078858982604224,105.18354036764856,,,True,283,2,109,0.95,3,False,232,0.1,0.10260957792590734,,0.47302270005457103,7,20695,1.363953699998092
a9-ceiling,scale_free-n60-load0.9-cascading-centralised-th0.95-dw3,scale_free,60,0.9,cascading,CENTRALISED,orbit-ceiling-0.6,21,11754375424036358947,0.26689856387252614,0.6331515380165682,0.4257690921394023,0.15441495535606178,0.07291965695828469,2064.8178434333536,3.3899585400388443,7.1182168954326395,0.0,0.0,True,52,0,0,0.95,3,False,232,0.30000000000000004,1.0,,0.08399260003352538,2,15004,1.2727069999964442
a9-ceiling,scale_free-n60-load0.9-cascading-centralised-th0.95-dw3,scale_free,60,0.9,cascading,CENTRALISED,orbit-ceiling-0.7,21,11754375424036358947,0.33699646651091436,1.0,0.510748111986724,0.1553741886349477,0.06602552066235583,2607.119001052647,3.941521337242316,9.242967472454794,0.0,0.2,False,59,0,0,0.95,3,False,232,0.30000000000000004,1.0,,0.09105839999392629,2,14084,1.5071037999878172
a9-ceiling,scale_free-n60-load0.9-cascading-centralised-th0.95-dw3,scale_free,60,0.9,cascading,CENTRALISED,orbit-ceiling-0.8,21,11754375424036358947,0.38054155431649905,1.0,0.6964269168462859,0.14388773879712788,0.06772454413514188,2943.9985742892673,3.8969410986335604,7.226861177642408,0.0,0.0,True,65,0,0,0.95,3,False,232,0.30000000000000004,1.0,,0.09568170001148246,2,13054,1.776439199980814
a9-ceiling,scale_free-n60-load0.9-cascading-centralised-th0.95-dw3,scale_free,60,0.9,cascading,CENTRALISED,orbit-ceiling-0.9,21,11754375424036358947,0.42211113921914606,1.0,0.7171014934677195,0.20533974998070903,0.1247924638658915,3265.594986820353,4.006301228569916,7.449757056440276,0.0,0.0,True,72,0,0,0.95,3,False,232,0.30000000000000004,1.0,,0.11347290000412613,2,11874,1.9921235000074375
a9-ceiling,scale_free-n60-load0.9-cascading-centralised-th0.95-dw3,scale_free,60,0.9,cascading,CENTRALISED,orbit-ceiling-0.95,21,11754375424036358947,0.4499004723624241,1.0,0.786504472886217,0.2069946423354993,0.16110403947409957,3480.582696378654,3.921559968917668,7.535824893632589,0.0,0.2,False,78,0,0,0.95,3,False,232,0.30000000000000004,1.0,,0.11132759999600239,2,11082,2.1352844999928493
a9-ceiling,scale_free-n60-load0.9-cascading-centralised-th0.95-dw3,scale_free,60,0.9,cascading,CENTRALISED,orbit-ceiling-1.0,21,11754375424036358947,0.39427857583740006,0.6622341947465706,0.611704157690396,0.2668211648823747,0.21439678873990542,3050.272833470113,3.6945504533355655,7.404737539134165,0.0,0.2,False,107,0,29,0.95,3,False,232,0.8,0.9304601682226671,,0.19932990000233985,5,12251,1.9582066999864765
a9-ceiling,scale_free-n60-load0.9-cascading-centralised-th0.95-dw3,scale_free,60,0.9,cascading,CENTRALISED,orbit-no-fallback,21,11754375424036358947,0.3565277335586346,0.7431998536783204,0.5670223854522418,0.20996272209634512,0.14703510339696732,2758.219509499954,3.772057313812262,8.39400599826782,0.0,0.2,False,120,10,35,0.95,3,False,232,1.8,1.0452919303641552,,0.26709140004822984,7,13037,1.9188770999899134
a9-ceiling,scale_free-n60-load0.9-cascading-centralised-th0.95-dw3,scale_free,60,0.9,cascading,CENTRALISED,spf-static,21,11754375424036358947,0.09986010962978659,0.09266181164032107,0.06420266365935917,0.1548105070674928,0.06617134074036193,772.5516886230768,7.395581317836655,52.038011000443,0.0,0.0,False,0,0,46,0.95,3,False,232,0.0,0.3736541654497087,,0.0313400000159163,2,19845,0.8283443999825977
a9-ceiling,scale_free-n60-load0.9-cascading-centralised-th0.95-dw3,scale_free,60,0.9,cascading,CENTRALISED,cspf,22,16152737079424385085,0.05007600983940877,0.03238207168585474,0.050868866810124085,0.044413125642224174,0.06822407040561417,364.69000620880183,29.39415077498641,109.11745363683853,,,True,147,0,108,0.95,3,False,232,0.0,0.0,,0.29180360000464134,4,20753,1.1699669000227004
a9-ceiling,scale_free-n60-load0.9-cascading-centralised-th0.95-dw3,scale_free,60,0.9,cascading,CENTRALISED,orbit,22,16152737079424385085,0.06367138149176545,0.22296756004461904,0.026116574434893524,0.048991447319955216,0.03142264482874768,463.7014128326381,22.286710849344335,106.10889383405944,0.0,0.0,True,298,3,97,0.95,3,False,232,0.0,0.48312599539084133,,0.4238875000446569,5,20291,1.3110891999967862
a9-ceiling,scale_free-n60-load0.9-cascading-centralised-th0.95-dw3,scale_free,60,0.9,cascading,CENTRALISED,orbit-ceiling-0.6,22,16152737079424385085,0.24800596230462454,0.6176406231994979,0.44754739837193125,0.10931177432407951,0.015649205468645736,1806.1601997193245,3.8806289331611676,8.14758342989395,0.0,0.2,False,46,0,0,0.95,3,False,232,0.30000000000000004,1.0,,0.08340720002888702,2,16056,1.2660806000058074
a9-ceiling,scale_free-n60-load0.9-cascading-centralised-th0.95-dw3,scale_free,60,0.9,cascading,CENTRALISED,orbit-ceiling-0.7,22,16152737079424385085,0.33946373293253806,0.9070643727894951,0.6002011944600915,0.1483633962531531,0.0,2472.2223529360185,4.062525585241071,9.176080299590907,0.0,0.0,True,54,0,0,0.95,3,False,232,0.30000000000000004,0.9713978152567009,,0.08891110002878122,2,14834,1.4681345999997575
a9-ceiling,scale_free-n60-load0.9-cascading-centralised-th0.95-dw3,scale_free,60,0.9,cascading,CENTRALISED,orbit-ceiling-0.8,22,16152737079424385085,0.3820871701464201,0.9769436464651546,0.7094598521785572,0.12374011476282384,0.05370737628885286,2782.6372927848806,4.015172520266679,9.303977192373516,0.0,0.0,True,60,0,0,0.95,3,False,232,0.30000000000000004,0.9733965151520999,,0.09564620000310242,2,13956,1.6949485999939498
a9-ceiling,scale_free-n60-load0.9-cascading-centralised-th0.95-dw3,scale_free,60,0.9,cascading,CENTRALISED,orbit-ceiling-0.9,22,16152737079424385085,0.40498672905008753,0.9769436464651546,0.801164867305684,0.10538496399307053,0.07654748890273211,2949.4085731951873,4.648251561919194,10.46223997664708,0.0,0.0,True,67,0,0,0.95,3,False,232,0.30000000000000004,0.9733965151520999,,0.10000370000489056,2,13058,1.9736014000081923
a9-ceiling,scale_free-n60-load0.9-cascading-centralised-th0.95-dw3,scale_free,60,0.9,cascading,CENTRALISED,orbit-ceiling-0.95,22,16152737079424385085,0.4338592773944151,0.9996452868686946,0.8418348872778353,0.14264214808581122,0.08370931759332229,3159.679516681388,4.8650483652140135,10.730243852807767,0.0,0.0,True,73,0,0,0.95,3,False,232,0.30000000000000004,1.0,,0.09864320000633597,2,12158,2.1826213999884203
a9-ceiling,scale_free-n60-load0.9-cascading-centralised-th0.95-dw3,scale_free,60,0.9,cascading,CENTRALISED,orbit-ceiling-1.0,22,16152737079424385085,0.2661525220309395,0.6073037220360323,0.2983430448776446,0.20068448186964807,0.12466438313482842,1938.316675454539,4.08051878287171,9.4143410260229,0.0,0.0,True,124,0,61,0.95,3,False,232,0.0,0.8394530110009412,,0.2085681000025943,4,15922,1.5019804000039585
a9-ceiling,scale_free-n60-load0.9-cascading-centralised-th0.95-dw3,scale_free,60,0.9,cascading,CENTRALISED,orbit-no-fallback,22,16152737079424385085,0.2584995748744742,0.6113957460449091,0.28543802769971965,0.17233791115834984,0.14658136852911183,1882.582335698688,4.182662945154676,10.239243718264673,,0.0,True,131,5,63,0.95,3,False,232,0.1,0.8199556283977149,,0.25477929998305626,5,16068,1.534158499998739
a9-ceiling,scale_free-n60-load0.9-cascading-centralised-th0.95-dw3,scale_free,60,0.9,cascading,CENTRALISED,spf-static,22,16152737079424385085,0.11002787208917275,0.14850853145182857,0.032242127190470614,0.13328687222807142,0.1374200505077117,801.3031686035675,7.524144970987221,53.03018076938743,0.0,0.0,False,0,0,45,0.95,3,False,232,0.0,0.5205961047163655,,0.029255200002808124,2,19551,0.8373047000204679
a9-ceiling,scale_free-n60-load0.9-cascading-centralised-th0.95-dw3,scale_free,60,0.9,cascading,CENTRALISED,cspf,23,7996873395213172010,0.07002039851000386,0.1396712590662187,0.045754612663001,0.07812287276775774,0.04360097477422253,550.5334667750175,20.183118480232608,105.1613315055198,,,True,142,0,109,0.95,3,False,232,0.1,0.3265103468257236,,0.32924379996256903,5,20293,1.2358692999987397
a9-ceiling,scale_free-n60-load0.9-cascading-centralised-th0.95-dw3,scale_free,60,0.9,cascading,CENTRALISED,orbit,23,7996873395213172010,0.06535942016212272,0.10379429381231328,0.05417081621320373,0.045389749246306586,0.0838625958032839,513.8866520892129,22.622612414268822,105.75211926595372,,0.0,True,295,4,119,0.95,3,False,232,0.0,0.214725852409508,,0.36691890002111904,5,20420,1.3058184999972582
a9-ceiling,scale_free-n60-load0.9-cascading-centralised-th0.95-dw3,scale_free,60,0.9,cascading,CENTRALISED,orbit-ceiling-0.6,23,7996873395213172010,0.26440568384384844,0.6178661403932905,0.5181983966576436,0.10216099045714058,0.0381802553480556,2078.8824522439168,3.860146460660662,9.150737805760608,0.2,0.2,False,48,0,0,0.95,3,False,232,0.30000000000000004,1.0,,0.06823810000787489,2,15582,1.3186265999975149
a9-ceiling,scale_free-n60-load0.9-cascading-centralised-th0.95-dw3,scale_free,60,0.9,cascading,CENTRALISED,orbit-ceiling-0.7,23,7996873395213172010,0.32352811743338555,0.7003899298355507,0.655210984110684,0.0953293017366969,0.09956761996138465,2543.7309681170927,3.6908438407448347,8.151844182107679,0.0,0.0,True,57,0,0,0.95,3,False,232,0.0,0.9502252183301342,,0.07369079999625683,2,14340,1.4970313000085298
a9-ceiling,scale_free-n60-load0.9-cascading-centralised-th0.95-dw3,scale_free,60,0.9,cascading,CENTRALISED,orbit-ceiling-0.8,23,7996873395213172010,0.3669015384900871,0.8823714492717918,0.6729965416764364,0.1127400403849262,0.12795764818926378,2884.753304012923,3.9727932560054806,8.264818436427932,,0.0,True,59,0,0,0.95,3,False,232,0.30000000000000004,0.864274749159764,,0.09179370000492781,2,13932,1.6367437999870162
a9-ceiling,scale_free-n60-load0.9-cascading-centralised-th0.95-dw3,scale_free,60,0.9,cascading,CENTRALISED,orbit-ceiling-0.9,23,7996873395213172010,0.4274015224614957,0.8823714492717918,0.7532048835785883,0.1597695130237394,0.22210949976949487,3360.4327720589945,4.032707067858005,7.409098199283405,,0.0,True,71,0,0,0.95,3,False,232,0.30000000000000004,0.864274749159764,,0.09539660002337769,2,12132,1.9386235999991186
a9-ceiling,scale_free-n60-load0.9-cascading-centralised-th0.95-dw3,scale_free,60,0.9,cascading,CENTRALISED,orbit-ceiling-0.95,23,7996873395213172010,0.4623613810745757,0.8823714492717918,0.7670071253543906,0.2433190406739238,0.22835190681204381,3635.3037035272523,4.236263858495417,8.448282080194689,,0.0,True,78,0,0,0.95,3,False,232,0.30000000000000004,0.864274749159764,,0.09795160000794567,2,11148,2.1388890000234824
a9-ceiling,scale_free-n60-load0.9-cascading-centralised-th0.95-dw3,scale_free,60,0.9,cascading,CENTRALISED,orbit-ceiling-1.0,23,7996873395213172010,0.2913923381245182,0.5808370537016672,0.39676721451270847,0.15228304134403484,0.2201415473702859,2291.0642828810755,3.6780924795973275,8.830048864281657,,0.2,True,125,0,59,0.95,3,False,232,0.30000000000000004,0.7404817465399752,,0.2362587999959942,6,15196,1.5549921999918297
a9-ceiling,scale_free-n60-load0.9-cascading-centralised-th0.95-dw3,scale_free,60,0.9,cascading,CENTRALISED,orbit-no-fallback,23,7996873395213172010,0.2032696695278682,0.5453429401157162,0.18921151070689163,0.08369663086965516,0.19624041761913028,1598.20221302227,3.6267607478443216,9.443625108832544,,0.2,True,161,28,82,0.95,3,False,232,2.1,0.9062097013104703,,0.4743658999504987,13,17346,1.578274400002556
a9-ceiling,scale_free-n60-load0.9-cascading-centralised-th0.95-dw3,scale_free,60,0.9,cascading,CENTRALISED,spf-static,23,7996873395213172010,0.11940508730929239,0.22359475344980168,0.07400066126515285,0.0873587927253801,0.15307229689351753,938.8192307641118,7.291714567954601,52.12443145332975,0.0,0.0,False,0,0,50,0.95,3,False,232,0.0,0.6670647069441695,,0.02866879999055527,2,18963,0.9010992999828886
a9-ceiling,scale_free-n60-load0.9-cascading-centralised-th0.95-dw3,scale_free,60,0.9,cascading,CENTRALISED,cspf,24,10391079679589632229,0.03502856546224817,0.05930749851082389,0.022560735290720738,0.014516130887095517,0.06326537733826008,283.56583354229167,38.67485640531276,153.0,,,True,213,0,109,0.95,3,False,232,0.0,0.09404588556537903,,0.35931579998577945,5,20781,1.2297233999997843
a9-ceiling,scale_free-n60-load0.9-cascading-centralised-th0.95-dw3,scale_free,60,0.9,cascading,CENTRALISED,orbit,24,10391079679589632229,0.0475771763624288,0.09370075366855343,0.022249503451383688,0.0501317735297237,0.043709156331425775,385.1502764890805,26.324452464255074,108.79906147923082,0.0,0.0,True,267,1,102,0.95,3,False,232,0.30000000000000004,0.2245221424440064,,0.36953439994249493,5,20827,1.2221736999927089
a9-ceiling,scale_free-n60-load0.9-cascading-centralised-th0.95-dw3,scale_free,60,0.9,cascading,CENTRALISED,orbit-ceiling-0.6,24,10391079679589632229,0.23732185434522157,0.5355340362651011,0.42123304193386063,0.1485730499472928,0.01482652365379586,1921.1854255845378,3.731579813368673,7.108053700705376,0.2,0.2,False,46,0,0,0.95,3,False,232,0.30000000000000004,0.950873153087593,,0.07325570000102744,2,16034,1.1764129000075627
a9-ceiling,scale_free-n60-load0.9-cascading-centralised-th0.95-dw3,scale_free,60,0.9,cascading,CENTRALISED,orbit-ceiling-0.7,24,10391079679589632229,0.3342467322329821,0.6734948613714732,0.5486724634617973,0.19376245883511573,0.13223355223989725,2705.818864794288,3.9079001908155324,8.174684796358642,0.0,0.2,False,62,0,0,0.95,3,False,232,0.30000000000000004,1.0,,0.07959239999763668,2,13656,1.5368117000034545
a9-ceiling,scale_free-n60-load0.9-cascading-centralised-th0.95-dw3,scale_free,60,0.9,cascading,CENTRALISED,orbit-ceiling-0.8,24,10391079679589632229,0.3537046495548426,0.9083916375787628,0.6060984951046801,0.1517035191535293,0.08208613177024181,2863.3360360389092,4.259594869398607,9.232138723805015,,0.2,True,58,0,0,0.95,3,False,232,0.30000000000000004,0.9281592357365874,,0.08919950004201382,2,14256,1.5366455999901518
a9-ceiling,scale_free-n60-load0.9-cascading-centralised-th0.95-dw3,scale_free,60,0.9,cascading,CENTRALISED,orbit-ceiling-0.9,24,10391079679589632229,0.36802424580633525,0.9396864838914308,0.6885228549185622,0.12245696854630546,0.081007472457484,2979.257090568528,4.690112212427462,11.307610153042319,,0.2,True,60,0,0,0.95,3,False,232,0.30000000000000004,0.9304074814131954,,0.0871601999970153,2,13804,1.7568247999879532
a9-ceiling,scale_free-n60-load0.9-cascading-centralised-th0.95-dw3,scale_free,60,0.9,cascading,CENTRALISED,orbit-ceiling-0.95,24,10391079679589632229,0.3880899110610081,0.9396864838914308,0.7370590653943548,0.10694313337300566,0.1344169510742492,3141.6941478226768,4.599761849346043,9.475718640797037,,0.2,True,64,0,0,0.95,3,False,232,0.30000000000000004,0.9304074814131954,,0.0879109000088647,2,13226,1.8714092999871355
a9-ceiling,scale_free-n60-load0.9-cascading-centralised-th0.95-dw3,scale_free,60,0.9,cascading,CENTRALISED,orbit-ceiling-1.0,24,10391079679589632229,0.3356667742135975,0.7843218424200251,0.55735845483276,0.1416756065808709,0.1420334906238905,2717.3144936498925,4.362623949397106,8.35837707065515,,0.2,True,84,0,25,0.95,3,False,232,0.30000000000000004,0.8702551856913735,,0.20302590006031096,7,14351,1.7083126000070479
a9-ceiling,scale_free-n60-load0.9-cascading-centralised-th0.95-dw3,scale_free,60,0.9,cascading,CENTRALISED,orbit-no-fallback,24,10391079679589632229,0.3291990968732116,0.8276845657162378,0.5777430566452217,0.127944987692095,0.0914845109229822,2664.9568737500504,4.256289565733108,8.35837707065515,,0.0,True,85,3,24,0.95,3,False,232,0.30000000000000004,0.9048863824730198,,0.21001110001816414,6,14366,1.7347337999963202
a9-ceiling,scale_free-n60-load0.9-cascading-centralised-th0.95-dw3,scale_free,60,0.9,cascading,CENTRALISED,spf-static,24,10391079679589632229,0.10942264109079339,0.12103062899257144,0.06703684925053287,0.12851799768838643,0.1181509800722518,885.8062561183286,7.74019608127771,52.02457030415854,0.0,0.0,False,0,0,51,0.95,3,False,232,0.0,0.4702158061112952,,0.029714399977819994,2,19404,0.8731745999830309
a9-ceiling,scale_free-n60-load0.9-cascading-centralised-th0.95-dw3,scale_free,60,0.9,cascading,CENTRALISED,cspf,25,4904111088553647312,0.0565406719954183,0.06659620486254074,0.03914093525353664,0.033593197741768485,0.10105868542356083,443.2027152034713,25.344251877615815,105.12852401486518,,0.0,True,153,0,113,0.95,3,False,232,0.0,0.14605573565242566,,0.28802799998084083,4,20557,1.1929405000119004
a9-ceiling,scale_free-n60-load0.9-cascading-centralised-th0.95-dw3,scale_free,60,0.9,cascading,CENTRALISED,orbit,25,4904111088553647312,0.05538327134661063,0.07943509665474417,0.04470252779904133,0.04714744664833598,0.06455064767986264,434.1302529912891,25.77896139027327,129.57718927687935,,0.0,True,270,1,115,0.95,3,False,232,0.0,0.15238154352312583,,0.32035170000744984,4,20773,1.2237940999912098
a9-ceiling,scale_free-n60-load0.9-cascading-centralised-th0.95-dw3,scale_free,60,0.9,cascading,CENTRALISED,orbit-ceiling-0.6,25,4904111088553647312,0.26078680151215555,0.5706095212430593,0.3463288109002342,0.21576365501347902,0.05701073009980197,2044.217276525862,4.060365555723902,10.159518137673372,0.2,0.2,True,50,0,0,0.95,3,False,232,0.30000000000000004,1.0,,0.07775019996915944,2,15304,1.2806074999971315
a9-ceiling,scale_free-n60-load0.9-cascading-centralised-th0.95-dw3,scale_free,60,0.9,cascading,CENTRALISED,orbit-ceiling-0.7,25,4904111088553647312,0.3162739004678334,0.832456190259132,0.41682038701281526,0.14948949590597257,0.14809331348586338,2479.161398129385,4.046355826008787,9.170449702684577,0.0,0.0,True,55,0,0,0.95,3,False,232,0.30000000000000004,0.9567310589802208,,0.0867065999773331,2,14554,1.4357747999893036
a9-ceiling,scale_free-n60-load0.9-cascading-centralised-th0.95-dw3,scale_free,60,0.9,cascading,CENTRALISED,orbit-ceiling-0.8,25,4904111088553647312,0.3642491531780052,0.9406042523412589,0.5659662599970728,0.17839964752125295,0.08068719002906387,2855.2227626891104,4.064749308091423,7.193559599426869,,0.0,True,61,0,0,0.95,3,False,232,0.30000000000000004,0.9314664450091455,,0.10070319997612387,2,13654,1.6356397999916226
a9-ceiling,scale_free-n60-load0.9-cascading-centralised-th0.95-dw3,scale_free,60,0.9,cascading,CENTRALISED,orbit-ceiling-0.9,25,4904111088553647312,0.4159411272960939,0.9406042523412589,0.6401802175434038,0.24691631714856593,0.11434602235612222,3260.418217126244,4.157172798032008,9.302930777100544,,0.0,True,69,0,0,0.95,3,False,232,0.30000000000000004,0.9314664450091455,,0.10274309999658726,2,12432,1.8976653999998234
a9-ceiling,scale_free-n60-load0.9-cascading-centralised-th0.95-dw3,scale_free,60,0.9,cascading,CENTRALISED,orbit-ceiling-0.95,25,4904111088553647312,0.4251900564942229,0.9406042523412589,0.6401802175434038,0.24745276918056078,0.15068373391889509,3332.9173648842975,4.523450328517525,10.70425942753724,,0.0,True,71,0,0,0.95,3,False,232,0.30000000000000004,0.9314664450091455,,0.10506420000456274,2,12154,1.9888378000177909
a9-ceiling,scale_free-n60-load0.9-cascading-centralised-th0.95-dw3,scale_free,60,0.9,cascading,CENTRALISED,orbit-ceiling-1.0,25,4904111088553647312,0.35240251393535343,0.6347997461031277,0.49660632562007584,0.26504707230491087,0.16003985726040987,2762.3610669737723,3.837048841499274,6.366174679199181,,0.0,True,97,0,36,0.95,3,False,232,0.8,0.7998908010056639,,0.2694756000128109,8,13823,1.753243700019084
a9-ceiling,scale_free-n60-load0.9-cascading-centralised-th0.95-dw3,scale_free,60,0.9,cascading,CENTRALISED,orbit-no-fallback,25,4904111088553647312,0.2922150035756987,0.6430026001893233,0.41492746471646,0.18073063107921286,0.11744483249345218,2290.5720508315935,4.255014623418769,8.223445268222152,,0.2,True,134,21,54,0.95,3,False,232,1.8,0.8439715705707386,,0.4131967999855988,11,14882,1.8263271000178065
a9-ceiling,scale_free-n60-load0.9-cascading-centralised-th0.95-dw3,scale_free,60,0.9,cascading,CENTRALISED,spf-static,25,4904111088553647312,0.1592974647589762,0.09487902857219424,0.19687058503328458,0.1419421733308593,0.17957731757388795,1248.6775698726856,5.607621802840276,3.0802475858613416,0.0,0.0,False,0,0,48,0.95,3,False,232,0.0,0.4225505114591298,,0.03262509999331087,2,18081,0.9473974000138696
a9-ceiling,scale_free-n60-load0.9-cascading-centralised-th0.95-dw3,scale_free,60,0.9,cascading,CENTRALISED,cspf,26,6004442829707399442,0.07105717060969892,0.09961195511616432,0.06119198248330118,0.05265137384973225,0.09190731672604774,523.3904740154178,19.489562729736377,104.0794954832068,,,True,113,0,103,0.95,3,False,232,0.1,0.2553308182546404,,0.3241917999985162,5,20369,1.2171775000169873
a9-ceiling,scale_free-n60-load0.9-cascading-centralised-th0.95-dw3,scale_free,60,0.9,cascading,CENTRALISED,orbit,26,6004442829707399442,0.05654275445724725,0.1417788362092172,0.02710830102770485,0.08190328472368096,0.007681237008686391,416.48068454722005,24.911227986743082,105.14442504880994,,,True,294,2,105,0.95,3,False,232,0.0,0.29419750797918043,,0.41366410002228804,5,20535,1.3121884999854956
a9-ceiling,scale_free-n60-load0.9-cascading-centralised-th0.95-dw3,scale_free,60,0.9,cascading,CENTRALISED,orbit-ceiling-0.6,26,6004442829707399442,0.2867403807172576,0.6798754354616313,0.4646757017647498,0.14404807929686575,0.10671038107262973,2112.062477231286,3.7590255293432073,6.116560207841388,,0.2,True,53,0,0,0.95,3,False,232,0.30000000000000004,0.9323720886526503,,0.08015359999262728,2,14854,1.3443487999902572
a9-ceiling,scale_free-n60-load0.9-cascading-centralised-th0.95-dw3,scale_free,60,0.9,cascading,CENTRALISED,orbit-ceiling-0.7,26,6004442829707399442,0.3574118807953127,0.9576709781904746,0.47835677397106524,0.19474641495136197,0.15698560042271711,2632.6121924515132,3.6346651262909178,6.157719312883098,0.0,0.2,False,64,0,0,0.95,3,False,232,0.30000000000000004,0.9511588209890056,,0.09666929999366403,2,13226,1.564844800013816
a9-ceiling,scale_free-n60-load0.9-cascading-centralised-th0.95-dw3,scale_free,60,0.9,cascading,CENTRALISED,orbit-ceiling-0.8,26,6004442829707399442,0.37700075912096936,0.9576709781904746,0.5922445226001424,0.19086081510276526,0.1246313651223194,2776.8992816266677,4.188897003313148,7.182839447295057,0.0,0.2,True,66,0,0,0.95,3,False,232,0.30000000000000004,0.9511588209890056,,0.10534950002329424,2,13056,1.7798713000083808
a9-ceiling,scale_free-n60-load0.9-cascading-centralised-th0.95-dw3,scale_free,60,0.9,cascading,CENTRALISED,orbit-ceiling-0.9,26,6004442829707399442,0.4110139045496049,0.9576709781904746,0.7636089857426525,0.17528390460687615,0.10706763185790592,3027.432143488451,4.622125624741395,8.258577831102272,0.0,0.0,False,70,0,0,0.95,3,False,232,0.30000000000000004,0.9511588209890056,,0.10419999997247942,2,12370,2.1214827000221703
a9-ceiling,scale_free-n60-load0.9-cascading-centralised-th0.95-dw3,scale_free,60,0.9,cascading,CENTRALISED,orbit-ceiling-0.95,26,6004442829707399442,0.41091152853281104,0.9993487842798534,0.7110235172572009,0.17513973502713878,0.1383456085930922,3026.678065729686,4.786813145199895,8.535976455610745,0.0,0.2,False,71,0,0,0.95,3,False,232,0.30000000000000004,0.9999999999999999,,0.11705739996978082,2,12328,2.078951200004667
a9-ceiling,scale_free-n60-load0.9-cascading-centralised-th0.95-dw3,scale_free,60,0.9,cascading,CENTRALISED,orbit-ceiling-1.0,26,6004442829707399442,0.2385559744170455,0.39506393850301974,0.42311160166606177,0.14604408506012995,0.10249650312228838,1757.1474273182625,4.100874774053273,8.281017275630262,0.0,0.0,True,119,0,66,0.95,3,False,232,0.6000000000000001,0.7726805492555392,,0.3397065999743063,7,16612,1.555138999974588
a9-ceiling,scale_free-n60-load0.9-cascading-centralised-th0.95-dw3,scale_free,60,0.9,cascading,CENTRALISED,orbit-no-fallback,26,6004442829707399442,0.22892999656212407,0.3831555292049394,0.2654925374436088,0.17580212942232398,0.18762201472691142,1686.244729263725,3.7706464968306,7.307242733263073,,0.0,True,142,12,79,0.95,3,False,232,0.6000000000000001,0.6712317275168304,,0.28986400002031587,7,16815,1.45108299999265
a9-ceiling,scale_free-n60-load0.9-cascading-centralised-th0.95-dw3,scale_free,60,0.9,cascading,CENTRALISED,spf-static,26,6004442829707399442,0.15098311226588546,0.11390020416694487,0.08328914421031952,0.20198790496712027,0.1669648363459114,1112.1062381053855,5.31615064563574,3.1494514129009072,0.0,0.0,False,0,0,39,0.95,3,False,232,0.0,0.44464742593076173,,0.02838149998569861,2,18228,0.9129004999995232
a9-ceiling,scale_free-n60-load0.9-cascading-centralised-th0.95-dw3,scale_free,60,0.9,cascading,CENTRALISED,cspf,27,1506111178635184449,0.048746126169644806,0.08895401560581793,0.03902695010740884,0.032505196194697904,0.05967531059073389,406.88196604583976,28.868813119466626,153.0,,0.0,True,152,0,116,0.95,3,False,232,0.0,0.17372234686106874,,0.3073267999861855,5,20697,1.1938539000111632
a9-ceiling,scale_free-n60-load0.9-cascading-centralised-th0.95-dw3,scale_free,60,0.9,cascading,CENTRALISED,orbit,27,1506111178635184449,0.05017136621418597,0.06532096567695289,0.04384707476739656,0.04850414188031988,0.05117102369013318,418.77838771003525,26.96182167121432,106.10632808808053,,,True,288,3,107,0.95,3,False,232,0.0,0.07694409981498776,,0.35582299999077804,4,20687,1.2241724999912549
a9-ceiling,scale_free-n60-load0.9-cascading-centralised-th0.95-dw3,scale_free,60,0.9,cascading,CENTRALISED,orbit-ceiling-0.6,27,1506111178635184449,0.25718850372042595,0.49983412180627057,0.30708617865119997,0.2513956665879625,0.07962002139781738,2146.742156986404,3.467444030515193,6.137897092209515,0.2,0.2,False,49,0,0,0.95,3,False,232,0.30000000000000004,1.0,,0.08445890000439249,2,15454,1.1877611000090837
a9-ceiling,scale_free-n60-load0.9-cascading-centralised-th0.95-dw3,scale_free,60,0.9,cascading,CENTRALISED,orbit-ceiling-0.7,27,1506111178635184449,0.2843904193089371,0.725553090728207,0.4216362120430993,0.17271893821597276,0.04763978004091914,2373.795458747204,3.7804870389943863,6.199140147526099,0.0,0.0,False,51,0,0,0.95,3,False,232,0.30000000000000004,0.9999999999999999,,0.07977510002092458,2,15154,1.303106100007426
a9-ceiling,scale_free-n60-load0.9-cascading-centralised-th0.95-dw3,scale_free,60,0.9,cascading,CENTRALISED,orbit-ceiling-0.8,27,1506111178635184449,0.3837341773846391,0.8664228161566502,0.6031416935615056,0.23580442184100628,0.08387271678548336,3203.013835189084,3.832688173166484,7.222999211204233,,0.2,True,62,0,0,0.95,3,False,232,0.30000000000000004,0.9241812886203151,,0.09084589997655712,2,13482,1.632417799992254
a9-ceiling,scale_free-n60-load0.9-cascading-centralised-th0.95-dw3,scale_free,60,0.9,cascading,CENTRALISED,orbit-ceiling-0.9,27,1506111178635184449,0.4197404264162552,0.9390636463941398,0.6571141810864336,0.29586912837601526,0.0479049623601025,3503.556556162122,3.829159106555271,6.380455563894698,,0.2,True,69,0,0,0.95,3,False,232,0.30000000000000004,0.9296888227624721,,0.10988890001317486,2,12584,1.8481761000002734
a9-ceiling,scale_free-n60-load0.9-cascading-centralised-th0.95-dw3,scale_free,60,0.9,cascading,CENTRALISED,orbit-ceiling-0.95,27,1506111178635184449,0.436662296326429,0.9390636463941398,0.6978332020016488,0.29153649342358756,0.07672112304702454,3644.802727688897,3.952672870816696,7.389353416201732,,0.2,True,73,0,0,0.95,3,False,232,0.30000000000000004,0.9296888227624721,,0.11894770001526922,2,11984,1.9678680000070017
a9-ceiling,scale_free-n60-load0.9-cascading-centralised-th0.95-dw3,scale_free,60,0.9,cascading,CENTRALISED,orbit-ceiling-1.0,27,1506111178635184449,0.35910514620576417,0.8469744030285825,0.5898944719544297,0.17107588225987752,0.09830544910378249,2997.436296719878,3.9544724337217905,7.41203126561432,,0.2,True,94,0,25,0.95,3,False,232,0.8,0.9114942121614497,,0.23080189997563139,6,13718,1.7708542000036687
a9-ceiling,scale_free-n60-load0.9-cascading-centralised-th0.95-dw3,scale_free,60,0.9,cascading,CENTRALISED,orbit-no-fallback,27,1506111178635184449,0.3820118948511649,0.9377314129569992,0.5575722515512618,0.20627548331827847,0.12834225372681035,3188.6380117468757,3.7757044465800074,6.223339335987127,0.2,0.2,False,95,4,20,0.95,3,False,232,0.8,1.020969099695165,,0.20987139997305349,5,13146,1.7895607000100426
a9-ceiling,scale_free-n60-load0.9-cascading-centralised-th0.95-dw3,scale_free,60,0.9,cascading,CENTRALISED,spf-static,27,1506111178635184449,0.10834518227975541,0.13292567664451016,0.07980428964119816,0.1541471417210346,0.06426679646218243,904.3529043551683,6.947865757232493,52.043764270818926,0.0,0.0,False,0,0,48,0.95,3,False,232,0.0,0.5076159850370525,,0.029134900018107146,2,19404,0.8302056000102311
a9-ceiling,scale_free-n60-load0.9-cascading-centralised-th0.95-dw3,scale_free,60,0.9,cascading,CENTRALISED,cspf,28,8826967550766888817,0.047815266724162114,0.09121021168167906,0.03655216882934986,0.04168111982004111,0.04123695570470576,397.07171587895226,29.61600469412349,107.30322435704183,,0.0,True,177,0,116,0.95,3,False,232,0.0,0.21911481856087378,,0.36033519997727126,5,20614,1.2666085000091698
a9-ceiling,scale_free-n60-load0.9-cascading-centralised-th0.95-dw3,scale_free,60,0.9,cascading,CENTRALISED,orbit,28,8826967550766888817,0.08663748673669004,0.10900870625966834,0.099378283518826,0.062352883947141835,0.09399575982816485,719.4625874709122,15.28645273880407,104.0413583894459,,0.0,True,262,2,99,0.95,3,False,232,0.0,0.22081210418061356,,0.4215633000130765,5,19596,1.3591659000085201
a9-ceiling,scale_free-n60-load0.9-cascading-centralised-th0.95-dw3,scale_free,60,0.9,cascading,CENTRALISED,orbit-ceiling-0.6,28,8826967550766888817,0.2164251269902912,0.309360458708108,0.3812061609829516,0.14625569627773857,0.0866992738072851,1797.2564501021502,3.9300207802752523,7.129754304326044,0.0,0.0,True,46,0,0,0.95,3,False,232,0.0,1.0,,0.0660994999925606,2,15860,1.177666700008558
a9-ceiling,scale_free-n60-load0.9-cascading-centralised-th0.95-dw3,scale_free,60,0.9,cascading,CENTRALISED,orbit-ceiling-0.7,28,8826967550766888817,0.3106581638872101,0.4609235653693482,0.6110944209098148,0.15353427951014006,0.12765271397965003,2579.7946688890056,3.6643241116300485,7.130777641645136,0.0,0.2,False,60,0,0,0.95,3,False,232,0.30000000000000004,1.0,,0.07256110000889748,2,13782,1.5658803999831434
a9-ceiling,scale_free-n60-load0.9-cascading-centralised-th0.95-dw3,scale_free,60,0.9,cascading,CENTRALISED,orbit-ceiling-0.8,28,8826967550766888817,0.373575328490937,0.7852599586358524,0.621314215241852,0.1725684903360511,0.14501735074021077,3102.2768846959507,3.841315641053744,8.248511639017897,,0.0,True,65,0,0,0.95,3,False,232,0.30000000000000004,0.9287351379543382,,0.11234090002835728,2,13054,1.7009212999837473
a9-ceiling,scale_free-n60-load0.9-cascading-centralised-th0.95-dw3,scale_free,60,0.9,cascading,CENTRALISED,orbit-ceiling-0.9,28,8826967550766888817,0.4267925005640128,0.9659772732501793,0.6558629819426008,0.23481428141877458,0.12535576027654374,3544.207574974913,3.695721670978585,7.285721350521047,0.2,0.2,True,71,0,0,0.95,3,False,232,0.30000000000000004,1.0,,0.11180409998632967,2,12132,1.8651219000166748
a9-ceiling,scale_free-n60-load0.9-cascading-centralised-th0.95-dw3,scale_free,60,0.9,cascading,CENTRALISED,orbit-ceiling-0.95,28,8826967550766888817,0.44694935509768413,0.9150799431666164,0.6775197221683092,0.25975086909319123,0.18143462542960948,3711.5958876362088,3.7346316689611645,7.323343018586587,,0.2,True,76,0,0,0.95,3,False,232,0.30000000000000004,0.938304713906261,,0.12306730001000687,2,11426,1.979632100003073
a9-ceiling,scale_free-n60-load0.9-cascading-centralised-th0.95-dw3,scale_free,60,0.9,cascading,CENTRALISED,orbit-ceiling-1.0,28,8826967550766888817,0.3552325300651298,0.7649320436253517,0.4339593088591543,0.20106488503206577,0.2373373506443086,2949.9530152721177,3.5986171382151984,7.374076151490005,0.2,0.2,True,101,0,28,0.95,3,False,232,0.30000000000000004,0.9313490550386285,,0.24006319997715764,6,13741,1.6909638000070117
a9-ceiling,scale_free-n60-load0.9-cascading-centralised-th0.95-dw3,scale_free,60,0.9,cascading,CENTRALISED,orbit-no-fallback,28,8826967550766888817,0.35454141527430116,0.8425679622588809,0.46786779605489204,0.17758339659893077,0.18421885841271438,2944.213799438674,3.4510138273002293,6.303559471784133,0.2,0.2,True,105,5,28,0.95,3,False,232,0.8,0.9853609684565664,,0.2632879999873694,6,13713,1.7107337999914307
a9-ceiling,scale_free-n60-load0.9-cascading-centralised-th0.95-dw3,scale_free,60,0.9,cascading,CENTRALISED,spf-static,28,8826967550766888817,0.10376457429924432,0.042240227404655634,0.12747142601935846,0.14150425706708797,0.06367191992552684,861.6908445191146,7.767800459461988,53.038577138565486,0.0,0.0,False,0,0,53,0.95,3,False,232,0.0,0.1817944406089728,,0.03100270000868477,2,19257,0.892486500000814
a9-ceiling,scale_free-n60-load0.9-cascading-centralised-th0.95-dw3,scale_free,60,0.9,cascading,CENTRALISED,cspf,29,14951798300661155977,0.07611166177581587,0.03477293024483991,0.04171924712789538,0.10462055692909301,0.0949241215054367,621.3129510628773,19.809991559285606,104.08738775111202,,,True,140,0,113,0.95,3,False,232,0.0,0.0,,0.275390900002094,4,20314,1.1996386999962851
a9-ceiling,scale_free-n60-load0.9-cascading-centralised-th0.95-dw3,scale_free,60,0.9,cascading,CENTRALISED,orbit,29,14951798300661155977,0.07969205243375752,0.06524491006991756,0.057884672897331395,0.0782538688358268,0.11394455741974327,650.5403129906197,18.637047453181317,104.08330097302107,,0.0,True,287,0,116,0.95,3,False,232,0.0,0.12678313179022835,,0.3239393999974709,4,20189,1.2747791000001598
a9-ceiling,scale_free-n60-load0.9-cascading-centralised-th0.95-dw3,scale_free,60,0.9,cascading,CENTRALISED,orbit-ceiling-0.6,29,14951798300661155977,0.28944348359471267,0.43107134260153795,0.35546515036371495,0.2719133528158506,0.15964088878769866,2362.778328081285,3.513271756381585,6.118694581906204,,0.0,True,56,0,0,0.95,3,False,232,0.30000000000000004,0.9353056484906941,,0.06409100000746548,2,14382,1.3287019999988843
a9-ceiling,scale_free-n60-load0.9-cascading-centralised-th0.95-dw3,scale_free,60,0.9,cascading,CENTRALISED,orbit-ceiling-0.7,29,14951798300661155977,0.2912467842621241,0.6270235740956893,0.5205299195928731,0.1254120729491254,0.09296241435168356,2377.4989902397747,4.2489944699679665,9.171114466606005,,0.2,True,54,0,0,0.95,3,False,232,0.30000000000000004,0.9186441644000686,,0.069483900006162,2,14812,1.4113208999915514
a9-ceiling,scale_free-n60-load0.9-cascading-centralised-th0.95-dw3,scale_free,60,0.9,cascading,CENTRALISED,orbit-ceiling-0.8,29,14951798300661155977,0.4148311393149481,0.9428808470318939,0.6957298039842699,0.19386102156792678,0.12830450082975067,3386.33992934893,3.565689505340708,6.1844994635057216,,0.2,True,66,0,0,0.95,3,False,232,0.30000000000000004,0.9340932850367972,,0.09394219997921027,2,12882,1.6909898000012618
a9-ceiling,scale_free-n60-load0.9-cascading-centralised-th0.95-dw3,scale_free,60,0.9,cascading,CENTRALISED,orbit-ceiling-0.9,29,14951798300661155977,0.4345640339633391,0.9428808470318939,0.6667144500746067,0.2368829333628683,0.17705451547115944,3547.4230369956526,3.697938828324229,6.336639554957015,,0.0,True,70,0,0,0.95,3,False,232,0.30000000000000004,0.9340932850367972,,0.09711859995150007,2,12282,1.7713642999879085
a9-ceiling,scale_free-n60-load0.9-cascading-centralised-th0.95-dw3,scale_free,60,0.9,cascading,CENTRALISED,orbit-ceiling-0.95,29,14951798300661155977,0.4647355887599167,0.9428808470318939,0.7245583295807663,0.31002209151874105,0.13100698357263893,3793.7187729110315,3.9441492045583497,9.331994889435219,,0.0,True,75,0,0,0.95,3,False,232,0.30000000000000004,0.9340932850367972,,0.0961855000059586,2,11554,2.0335545999987517
a9-ceiling,scale_free-n60-load0.9-cascading-centralised-th0.95-dw3,scale_free,60,0.9,cascading,CENTRALISED,orbit-ceiling-1.0,29,14951798300661155977,0.29350168779203023,0.6574711403376009,0.4145744140481176,0.13436041815249425,0.18402137056884563,2395.9061664049027,3.2999811916353723,8.015482364218595,,0.0,True,140,0,61,0.95,3,False,232,2.8000000000000003,0.9145325254756707,,0.42800319992238656,13,15875,1.6563146999978926
a9-ceiling,scale_free-n60-load0.9-cascading-centralised-th0.95-dw3,scale_free,60,0.9,cascading,CENTRALISED,orbit-no-fallback,29,14951798300661155977,0.26172168243467125,0.6400428251667007,0.3010709276186896,0.14119751688140358,0.1728896591941424,2136.4803641995336,3.599177427262811,7.502736146505451,,0.5,True,148,17,70,0.95,3,False,232,2.6,0.9504780977712953,,0.4092248000379186,11,16357,1.6095610999909695
a9-ceiling,scale_free-n60-load0.9-cascading-centralised-th0.95-dw3,scale_free,60,0.9,cascading,CENTRALISED,spf-static,29,14951798300661155977,0.12260058091775804,0.14696391058985692,0.09646863911618749,0.07199120961730354,0.2121996987131749,1000.8102169205174,6.152915676124824,52.023936632278144,0.0,0.0,False,0,0,47,0.95,3,False,232,0.0,0.5762710297587473,,0.028153899998869747,2,18963,0.8570526000112295
a9-ceiling,waxman-n60-load0.9-cascading-centralised,waxman,60,0.9,cascading,CENTRALISED,cspf,0,4053591605603262345,0.07120929185130256,0.08620933799854719,0.05588056725729073,0.10416505767202902,0.032721173525289464,580.3189675791976,23.137448560270613,103.99338076600579,,,True,220,0,136,0.98,3,False,262,0.1,0.17074042099613507,,0.39907039995887317,5,20155,1.4323327000020072
a9-ceiling,waxman-n60-load0.9-cascading-centralised,waxman,60,0.9,cascading,CENTRALISED,orbit,0,4053591605603262345,0.06676668531811752,0.091276627916947,0.0847086340436313,0.05162889212793469,0.05849629770067431,544.1140177802006,21.80862734336156,102.18538127856182,,0.0,True,303,0,125,0.98,3,False,262,0.0,0.15190260409700684,,0.44837629998801276,6,20258,1.4490122999995947
a9-ceiling,waxman-n60-load0.9-cascading-centralised,waxman,60,0.9,cascading,CENTRALISED,orbit-ceiling-0.6,0,4053591605603262345,0.2855609782180267,0.52126595414125,0.5821240960838557,0.16143881425291157,0.06947060000092979,2327.174554781922,1.1659906363504189,2.507153977636558,0.2,0.2,False,56,0,0,0.98,3,False,262,0.30000000000000004,0.9511175397592447,,0.07386669999687001,2,14404,1.5400899999949615
a9-ceiling,waxman-n60-load0.9-cascading-centralised,waxman,60,0.9,cascading,CENTRALISED,orbit-ceiling-0.7,0,4053591605603262345,0.325129460535284,0.7718949468272412,0.7156575805484728,0.07074934295278404,0.09037762533451167,2649.6372588764366,1.399033247266632,4.039837277951339,0.2,0.2,False,59,0,0,0.98,3,False,262,0.30000000000000004,1.0000000000000002,,0.0798656000115443,2,13976,1.797202500019921
a9-ceiling,waxman-n60-load0.9-cascading-centralised,waxman,60,0.9,cascading,CENTRALISED,orbit-ceiling-0.8,0,4053591605603262345,0.3684365081597862,0.9745113841773849,0.7101835320304133,0.12002148175077222,0.08465965525380759,3002.5673402320276,1.393074360728685,2.8674640196705212,0.2,0.2,False,64,0,0,0.98,3,False,262,0.30000000000000004,1.0,,0.09719129998120479,2,13248,1.8948012000182644
a9-ceiling,waxman-n60-load0.9-cascading-centralised,waxman,60,0.9,cascading,CENTRALISED,orbit-ceiling-0.9,0,4053591605603262345,0.40822006892539275,0.9543212485922852,0.7834699589789841,0.16509693335075667,0.11966841143392391,3326.7828226487195,1.5061842371051852,3.2142879706869656,,0.0,True,74,0,0,0.98,3,False,262,0.30000000000000004,0.9476751476237757,,0.11057979997713119,2,11856,2.227523300010944
a9-ceiling,waxman-n60-load0.9-cascading-centralised,waxman,60,0.9,cascading,CENTRALISED,orbit-ceiling-0.95,0,4053591605603262345,0.4245414841676569,0.99897178928666,0.8134563750341944,0.16478116864476922,0.1314396638573045,3459.793931123166,1.5444298010716215,3.4208308270405228,0.2,0.2,False,76,0,0,0.98,3,False,262,0.30000000000000004,1.0,,0.11208169997553341,2,11534,2.3427556000242475
a9-ceiling,waxman-n60-load0.9-cascading-centralised,waxman,60,0.9,cascading,CENTRALISED,orbit-ceiling-1.0,0,4053591605603262345,0.42319353694221,0.9149159247733022,0.7144713374324844,0.23991312227618822,0.15639969646656343,3448.808857098613,1.5582492438143307,4.062134064412717,0.2,0.2,False,88,0,7,0.98,3,False,262,0.8,0.9763880703684655,,0.18913500005146489,6,11685,2.253092500002822
a9-ceiling,waxman-n60-load0.9-cascading-centralised,waxman,60,0.9,cascading,CENTRALISED,orbit-no-fallback,0,4053591605603262345,0.41346227785389783,0.9081773460623834,0.7360487988612903,0.2001914376646406,0.15785996768396743,3369.5041191836867,1.4980020342619584,3.728966873446226,0.2,0.2,True,99,6,14,0.98,3,False,262,0.30000000000000004,0.9642947015669454,,0.20286750001832843,6,11947,2.201741900003981
a9-ceiling,waxman-n60-load0.9-cascading-centralised,waxman,60,0.9,cascading,CENTRALISED,spf-static,0,4053591605603262345,0.1304682081444714,0.07620537309234308,0.09942565016756034,0.19769514589239634,0.0962492503751183,1063.2485436087447,4.83326944555873,50.16497865442362,0.0,0.0,False,0,0,50,0.98,3,False,262,0.0,0.3533582208625152,,0.03437870001653209,2,18816,0.929624899988994
a9-ceiling,waxman-n60-load0.9-cascading-centralised,waxman,60,0.9,cascading,CENTRALISED,cspf,1,2320596041710581958,0.05063864465983155,0.03930277049613982,0.025394878315262673,0.0631402602586305,0.06361898794509023,483.51625776789103,31.14541661968199,151.32712221087283,,0.0,True,191,0,151,0.98,3,False,284,0.0,0.0,,0.37972770002670586,5,20690,1.4309860000212211
a9-ceiling,waxman-n60-load0.9-cascading-centralised,waxman,60,0.9,cascading,CENTRALISED,orbit,1,2320596041710581958,0.07018332235593921,0.06206349622809406,0.12966312836308666,0.05556974746988822,0.03998757612203567,670.1359724617516,19.83803584080265,104.08641266184668,0.0,0.0,True,308,0,133,0.98,3,False,284,1.1,0.09603454444501748,,0.553495899977861,7,20228,1.5874162999971304
a9-ceiling,waxman-n60-load0.9-cascading-centralised,waxman,60,0.9,cascading,CENTRALISED,orbit-ceiling-0.6,1,2320596041710581958,0.24349807880192134,0.32932085570468567,0.35501476379337993,0.2987753785773375,0.020596886918939655,2325.0085113231326,1.2797223820465409,2.829575346108076,0.2,0.2,True,52,0,0,0.98,3,False,284,0.30000000000000004,0.9999999999999999,,0.06867030003922991,2,14982,1.4849863999988884
a9-ceiling,waxman-n60-load0.9-cascading-centralised,waxman,60,0.9,cascading,CENTRALISED,orbit-ceiling-0.7,1,2320596041710581958,0.2820199335628287,0.4263570391856404,0.4767124829882862,0.28367324115013864,0.020596886918939655,2692.8292375963797,1.2358701430503243,2.658515030891974,0.2,0.2,True,55,0,0,0.98,3,False,284,0.30000000000000004,1.0,,0.07424889999674633,2,14532,1.5193790000048466
a9-ceiling,waxman-n60-load0.9-cascading-centralised,waxman,60,0.9,cascading,CENTRALISED,orbit-ceiling-0.8,1,2320596041710581958,0.3183999703252117,0.6630128324302071,0.6615958560728519,0.15330338538576263,0.026774301545619477,3040.199104048573,1.473282031843382,2.678063591956529,0.0,0.2,False,57,0,0,0.98,3,False,284,0.30000000000000004,0.9504270376585768,,0.08677649998571724,2,14232,1.7500848000054248
a9-ceiling,waxman-n60-load0.9-cascading-centralised,waxman,60,0.9,cascading,CENTRALISED,orbit-ceiling-0.9,1,2320596041710581958,0.3764694842938474,0.7778172084078671,0.7385957510722698,0.19205919957677783,0.06062608824749121,3594.668013576619,1.553896475928633,3.776932354939804,0.0,0.2,False,66,0,0,0.98,3,False,284,0.30000000000000004,0.9574742465828809,,0.10236669998266734,2,13056,1.9878974999883212
a9-ceiling,waxman-n60-load0.9-cascading-centralised,waxman,60,0.9,cascading,CENTRALISED,orbit-ceiling-0.95,1,2320596041710581958,0.40898241410158015,0.9679823994531642,0.7786464547119438,0.20001783503613518,0.02853587606899599,3905.113331679202,1.6176775365584664,3.7014769312943088,0.0,0.0,False,68,0,0,0.98,3,False,284,0.30000000000000004,0.9630566147536486,,0.10525990001042373,2,12582,2.1776350000000093
a9-ceiling,waxman-n60-load0.9-cascading-centralised,waxman,60,0.9,cascading,CENTRALISED,orbit-ceiling-1.0,1,2320596041710581958,0.4000213869037883,0.9050803047555022,0.7242585715660231,0.22227266700264173,0.050631065784193956,3819.5501740248355,1.6151275178866997,3.829370577743211,0.0,0.0,True,73,0,4,0.98,3,False,284,0.30000000000000004,0.9842575460477563,,0.12767080002231523,3,13033,2.014250500011258
a9-ceiling,waxman-n60-load0.9-cascading-centralised,waxman,60,0.9,cascading,CENTRALISED,orbit-no-fallback,1,2320596041710581958,0.3880545213690529,0.9618855332130548,0.6326445598919006,0.24400240554929942,0.027483780475979897,3705.2861750683896,1.6934010010708067,4.633575464692365,0.0,0.0,True,82,3,12,0.98,3,False,284,0.30000000000000004,1.0228720756653855,,0.1721397000073921,4,13189,2.028254000004381
a9-ceiling,waxman-n60-load0.9-cascading-centralised,waxman,60,0.9,cascading,CENTRALISED,spf-static,1,2320596041710581958,0.13634581143659666,0.1443238413591017,0.1254483627509239,0.1388338245517201,0.13842122139300905,1301.8795615682072,4.669578235260281,1.192454177711705,0.0,0.0,False,0,0,52,0.98,3,False,284,0.0,0.579645339406365,,0.03453169998829253,2,19110,0.9250161999952979
a9-ceiling,waxman-n60-load0.9-cascading-centralised,waxman,60,0.9,cascading,CENTRALISED,cspf,2,284056897045571085,0.06071713123243367,0.043078096295593456,0.08806131819283361,0.061827853134971675,0.041498058724649706,513.9112383047885,26.751801361621435,102.83675265179761,,0.2,True,192,0,143,0.98,3,False,268,0.30000000000000004,0.0,,0.4261900999408681,6,20586,1.4702631999971345
a9-ceiling,waxman-n60-load0.9-cascading-centralised,waxman,60,0.9,cascading,CENTRALISED,orbit,2,284056897045571085,0.053021870232623856,0.04930060572083754,0.0995082061514343,0.03223728911319462,0.03706103013271331,448.7783667540604,28.116679675328214,103.30708036136792,,,True,335,2,128,0.98,3,False,268,0.1,0.0,,0.5467115999781527,6,20561,1.549341399979312
a9-ceiling,waxman-n60-load0.9-cascading-centralised,waxman,60,0.9,cascading,CENTRALISED,orbit-ceiling-0.6,2,284056897045571085,0.2620918838171395,0.4546095045110693,0.40798504265688057,0.2387448791546584,0.04777629557154116,2218.351918612249,1.3051873406663967,2.9512926398474115,0.2,0.2,True,51,0,0,0.98,3,False,268,0.30000000000000004,1.0,,0.08243900001980364,2,15154,1.3535632999846712
a9-ceiling,waxman-n60-load0.9-cascading-centralised,waxman,60,0.9,cascading,CENTRALISED,orbit-ceiling-0.7,2,284056897045571085,0.36648721314215066,0.7339204459738594,0.58604074647185,0.25023498004117745,0.11233654045937805,3101.956461146929,1.3955450555228905,3.4999333679146107,0.0,0.2,False,65,0,0,0.98,3,False,268,0.30000000000000004,1.0,,0.09227859997190535,2,13032,1.7381149000138976
a9-ceiling,waxman-n60-load0.9-cascading-centralised,waxman,60,0.9,cascading,CENTRALISED,orbit-ceiling-0.8,2,284056897045571085,0.39583269588045855,0.9292021583110486,0.6710263829378883,0.23123404424097696,0.0643143624805986,3350.3373228013365,1.3598295816135766,3.0458759277357776,0.2,0.2,True,67,0,0,0.98,3,False,268,0.30000000000000004,1.0,,0.12157620000652969,2,12798,1.8652304999995977
a9-ceiling,waxman-n60-load0.9-cascading-centralised,waxman,60,0.9,cascading,CENTRALISED,orbit-ceiling-0.9,2,284056897045571085,0.4260736511695443,0.9446563985895212,0.8161306622067115,0.17871398118804738,0.1004138349888797,3606.2974853564488,1.5508109087036623,3.7749287593710634,,0.0,True,72,0,0,0.98,3,False,268,0.30000000000000004,0.9361419983725201,,0.13050399997155182,2,12026,2.1703416999953333
a9-ceiling,waxman-n60-load0.9-cascading-centralised,waxman,60,0.9,cascading,CENTRALISED,orbit-ceiling-0.95,2,284056897045571085,0.4487029435715154,0.9446563985895212,0.8193596844270009,0.217871854052233,0.1318733380933492,3797.832352768727,1.7048056912185527,4.029372159594151,,0.0,True,76,0,0,0.98,3,False,268,0.30000000000000004,0.9361419983725201,,0.132212199998321,2,11382,2.279268599988427
a9-ceiling,waxman-n60-load0.9-cascading-centralised,waxman,60,0.9,cascading,CENTRALISED,orbit-ceiling-1.0,2,284056897045571085,0.3808004926792737,0.8384126995755166,0.6171387150740306,0.21690803489805915,0.126712176497009,3223.104398505277,1.7491774196816572,3.9694517642854765,0.2,0.2,True,109,0,29,0.98,3,False,268,0.30000000000000004,0.9497462434082393,,0.21999620003043674,6,12835,2.0509149999998044
a9-ceiling,waxman-n60-load0.9-cascading-centralised,waxman,60,0.9,cascading,CENTRALISED,orbit-no-fallback,2,284056897045571085,0.4075911212978102,0.9192658979201734,0.6692314453469863,0.22415625685803767,0.12631629250042928,3449.8609143164404,1.823006107773593,3.6103208183902495,0.2,0.2,False,118,9,23,0.98,3,False,268,0.8,0.9971151649500346,,0.25014839999494143,7,12368,2.2106178000103682
a9-ceiling,waxman-n60-load0.9-cascading-centralised,waxman,60,0.9,cascading,CENTRALISED,spf-static,2,284056897045571085,0.08394401859882952,0.10844036695145406,0.12860926923244825,0.07379397414301651,0.040554084334390075,710.5041636644457,6.717547485256454,50.771008639088976,0.0,0.0,False,0,0,44,0.98,3,False,268,0.0,0.4454861472516672,,0.03383400000166148,2,19845,0.8299004000145942
a9-ceiling,waxman-n60-load0.9-cascading-centralised,waxman,60,0.9,cascading,CENTRALISED,cspf,3,16184490997428116268,0.050521600189852196,0.08230180940936414,0.04938504105048517,0.01993397474684793,0.07805862454599788,478.56450913030295,33.220910843631415,151.04053857430188,,,True,199,0,159,0.98,3,False,284,0.1,0.1481222119647831,,0.4155249999894295,6,20660,1.4806506999884732
a9-ceiling,waxman-n60-load0.9-cascading-centralised,waxman,60,0.9,cascading,CENTRALISED,orbit,3,16184490997428116268,0.05552368439772604,0.05698641318190383,0.046766996403987925,0.07284098587182336,0.03798127729986687,525.9466182593485,27.513091749769615,102.72719986907417,,0.0,True,372,4,141,0.98,3,False,284,1.1,0.0,,0.6064984999538865,8,20365,1.6727019999816548
a9-ceiling,waxman-n60-load0.9-cascading-centralised,waxman,60,0.9,cascading,CENTRALISED,orbit-ceiling-0.6,3,16184490997428116268,0.24120883947027263,0.38709715993505933,0.29531937974971767,0.22062429073315362,0.12309519506216929,2284.8442928410495,1.284970111369598,4.162865371928018,0.0,0.2,False,49,0,0,0.98,3,False,284,0.30000000000000004,1.0,,0.0775384999869857,2,15454,1.3288251000049058
a9-ceiling,waxman-n60-load0.9-cascading-centralised,waxman,60,0.9,cascading,CENTRALISED,orbit-ceiling-0.7,3,16184490997428116268,0.314388042774745,0.47755861947729933,0.42753296297861904,0.27238855338413254,0.1540680214027903,2978.0323426325876,1.189689095637803,2.6383748291954827,0.0,0.2,True,58,0,0,0.98,3,False,284,0.30000000000000004,1.0,,0.088120499975048,2,14126,1.5205727999855299
a9-ceiling,waxman-n60-load0.9-cascading-centralised,waxman,60,0.9,cascading,CENTRALISED,orbit-ceiling-0.8,3,16184490997428116268,0.3537348932991866,0.6307501536527212,0.7135022216119447,0.17449604646416433,0.06315859334824492,3350.744333865894,1.1933971895308129,2.4641017087725583,0.2,0.2,False,59,0,0,0.98,3,False,284,0.30000000000000004,1.0000000000000002,,0.10036480001872405,2,13932,1.7046493999951053
a9-ceiling,waxman-n60-load0.9-cascading-centralised,waxman,60,0.9,cascading,CENTRALISED,orbit-ceiling-0.9,3,16184490997428116268,0.4574805344054052,0.9345387079720062,0.7768675393502351,0.22144181126829474,0.17164841762839933,4333.472149767074,1.2026026698064836,2.388652863617176,0.2,0.2,False,72,0,0,0.98,3,False,284,0.30000000000000004,1.0,,0.11967709998134524,2,11982,1.9890564999950584
a9-ceiling,waxman-n60-load0.9-cascading-centralised,waxman,60,0.9,cascading,CENTRALISED,orbit-ceiling-0.95,3,16184490997428116268,0.46623617457426625,1.0,0.8116943143456576,0.22290610121055932,0.12798686699108677,4416.409717535844,1.3057755131205968,3.327111179681075,0.0,0.2,False,75,0,0,0.98,3,False,284,0.30000000000000004,1.0,,0.11545710000791587,2,11532,2.1541536999866366
a9-ceiling,waxman-n60-load0.9-cascading-centralised,waxman,60,0.9,cascading,CENTRALISED,orbit-ceiling-1.0,3,16184490997428116268,0.46765288288374085,0.9155525112870185,0.811116336943386,0.22133431211935384,0.1894505401086586,4429.829449178483,1.411388570023282,3.327111179681075,0.0,0.2,False,85,0,5,0.98,3,False,284,0.30000000000000004,0.9750158985061163,,0.16916510002920404,4,11410,2.2546052999969106
a9-ceiling,waxman-n60-load0.9-cascading-centralised,waxman,60,0.9,cascading,CENTRALISED,orbit-no-fallback,3,16184490997428116268,0.4679103678219403,0.9590288343167566,0.7870716065972058,0.22133431211935384,0.1894505401086586,4432.268468382047,1.408578844271524,3.327111179681075,0.0,0.2,False,86,1,5,0.98,3,False,284,0.30000000000000004,0.9999065535016297,,0.15143410005839542,4,11410,2.209257200011052
a9-ceiling,waxman-n60-load0.9-cascading-centralised,waxman,60,0.9,cascading,CENTRALISED,spf-static,3,16184490997428116268,0.11733946094824446,0.1493750421904388,0.053125234446678916,0.1208036862277913,0.16150724166188438,1111.494911469376,4.886805023927367,50.503963526661245,0.0,0.0,False,0,0,48,0.98,3,False,284,0.0,0.5415753695060176,,0.034568199975183234,2,19257,0.8951572999940254
a9-ceiling,waxman-n60-load0.9-cascading-centralised,waxman,60,0.9,cascading,CENTRALISED,cspf,4,10028887255842766051,0.06897726846363694,0.12714522525509575,0.07585801329106928,0.07282392762409982,0.026460716249785375,606.0353412028993,25.081217322494574,102.51430725760738,,0.0,True,268,0,149,0.98,3,False,290,0.6000000000000001,0.2819008864444895,,0.5463904000353068,6,20036,1.6565780999953859
a9-ceiling,waxman-n60-load0.9-cascading-centralised,waxman,60,0.9,cascading,CENTRALISED,orbit,4,10028887255842766051,0.07032899053335585,0.11355840710077364,0.12268412810184622,0.03549116194851748,0.04610335510347795,617.911592089312,22.796440808123542,102.3826320727319,,0.0,True,337,4,137,0.98,3,False,290,0.30000000000000004,0.14260740115680182,,0.5901757999963593,6,20066,1.6754971999907866
a9-ceiling,waxman-n60-load0.9-cascading-centralised,waxman,60,0.9,cascading,CENTRALISED,orbit-ceiling-0.6,4,10028887255842766051,0.2754253802493475,0.34367163406725004,0.4860577161946653,0.27829535029993097,0.05509633315237492,2419.8916253598277,1.2885543455514812,3.096758186348616,,0.0,True,56,0,0,0.98,3,False,290,0.30000000000000004,0.8914159952788708,,0.1039454999845475,2,14404,1.5714552999997977
a9-ceiling,waxman-n60-load0.9-cascading-centralised,waxman,60,0.9,cascading,CENTRALISED,orbit-ceiling-0.7,4,10028887255842766051,0.3595272364720635,0.5253189456005841,0.6045035312736246,0.384930487642121,0.028165175994882698,3158.811827144859,1.1923430739124332,3.913676110535844,0.2,0.2,False,68,0,0,0.98,3,False,290,0.30000000000000004,1.0,,0.11451390001457185,2,12626,1.9189053000009153
a9-ceiling,waxman-n60-load0.9-cascading-centralised,waxman,60,0.9,cascading,CENTRALISED,orbit-ceiling-0.8,4,10028887255842766051,0.43419932165208536,0.7827545404720193,0.7639923583668442,0.35968023723348014,0.05688258951975963,3814.8819155720803,1.35609056510655,3.367821760558053,,0.0,True,77,0,0,0.98,3,False,290,0.0,0.8837154988019806,,0.11287050001556054,2,11210,2.293918000010308
a9-ceiling,waxman-n60-load0.9-cascading-centralised,waxman,60,0.9,cascading,CENTRALISED,orbit-ceiling-0.9,4,10028887255842766051,0.46691782490806305,0.9475509445815814,0.9448752318234875,0.26027813737878047,0.05806453191629719,4102.347188205162,1.5074864557595304,3.3711748112090882,,0.0,True,82,0,0,0.98,3,False,290,0.30000000000000004,0.940117880640322,,0.12252249999437481,2,10504,2.6359933000057936
a9-ceiling,waxman-n60-load0.9-cascading-centralised,waxman,60,0.9,cascading,CENTRALISED,orbit-ceiling-0.95,4,10028887255842766051,0.4901611381223664,0.9122729516198284,0.9448752318234875,0.34343991315309763,0.05742337807523035,4306.563295457105,1.6571873023503467,4.123555255427087,,0.0,True,86,0,0,0.98,3,False,290,0.30000000000000004,0.8987764826382639,,0.12556439999025315,2,10034,2.789139000000432
a9-ceiling,waxman-n60-load0.9-cascading-centralised,waxman,60,0.9,cascading,CENTRALISED,orbit-ceiling-1.0,4,10028887255842766051,0.4200125808212717,0.816673437514922,0.7903529043317343,0.2681060658411323,0.07959816768491623,3690.236992520485,1.8298257421780815,4.62909329628953,,0.0,True,104,0,29,0.98,3,False,290,0.30000000000000004,0.8890489009710904,,0.2154414000106044,6,11769,2.475124100019457
a9-ceiling,waxman-n60-load0.9-cascading-centralised,waxman,60,0.9,cascading,CENTRALISED,orbit-no-fallback,4,10028887255842766051,0.40447211133949496,0.9101300294574903,0.6676312973401411,0.23876366201726124,0.11319088337030118,3553.6981887288157,1.852081129537475,3.9061783711483185,0.2,0.2,True,134,23,46,0.98,3,False,290,1.8,1.0189922895934311,,0.3031177999509964,9,12255,2.3495479999983218
a9-ceiling,waxman-n60-load0.9-cascading-centralised,waxman,60,0.9,cascading,CENTRALISED,spf-static,4,10028887255842766051,0.14016741107361788,0.3526621998753921,0.1312570775315732,0.14777893913536755,0.021981037710094017,1231.5130286771016,4.264778328594991,1.45358509544455,0.0,0.0,False,0,0,45,0.98,3,False,290,0.0,0.8262695147077566,,0.03741929997340776,2,18816,0.9403843999898527
a9-ceiling,waxman-n60-load0.9-cascading-centralised,waxman,60,0.9,cascading,CENTRALISED,cspf,5,9550258962755398862,0.08816184275644035,0.14537409621875833,0.17521107169203162,0.046365078280246545,0.026691048306143036,645.8192982086528,16.733261042717306,101.4546017317435,,,True,169,0,110,0.98,3,False,262,0.1,0.3024840348269299,,0.4150428000430111,6,19900,1.4207254000066314
a9-ceiling,waxman-n60-load0.9-cascading-centralised,waxman,60,0.9,cascading,CENTRALISED,orbit,5,9550258962755398862,0.1349034875957194,0.2750116422148029,0.19624677631239512,0.07596906339810414,0.07446788275297037,988.2197667494049,10.559317033219395,52.29153053151824,,,True,340,6,100,0.98,3,False,262,1.1,0.47626076084764024,,0.6016487999877427,8,18615,1.6379694000061136
a9-ceiling,waxman-n60-load0.9-cascading-centralised,waxman,60,0.9,cascading,CENTRALISED,orbit-ceiling-0.6,5,9550258962755398862,0.32520372643574535,0.5231279767418248,0.5339545813978778,0.27906505700755024,0.06351934920230945,2382.241974703158,1.3045947153306923,3.284473664858648,,0.2,True,60,0,0,0.98,3,False,262,0.30000000000000004,0.9194307632803225,,0.08380900000338443,2,13848,1.6273725999926683
a9-ceiling,waxman-n60-load0.9-cascading-centralised,waxman,60,0.9,cascading,CENTRALISED,orbit-ceiling-0.7,5,9550258962755398862,0.41478240191277194,0.8284370029162264,0.7037525135718946,0.23240392736373483,0.1399542927901584,3038.4401157839584,1.2490541398515593,3.284473664858648,,0.0,True,69,0,0,0.98,3,False,262,0.30000000000000004,0.9477796224809403,,0.09467629998107441,2,12324,1.8891335000225808
a9-ceiling,waxman-n60-load0.9-cascading-centralised,waxman,60,0.9,cascading,CENTRALISED,orbit-ceiling-0.8,5,9550258962755398862,0.48598390775123496,0.8870677186572241,0.8247792690164405,0.28863132725496604,0.19014384932452236,3560.0184437124126,1.19287477435288,2.4393441572101553,0.2,0.2,False,78,0,0,0.98,3,False,262,0.30000000000000004,0.9981509027464917,,0.10822510000434704,2,10974,2.1667358999839053
a9-ceiling,waxman-n60-load0.9-cascading-centralised,waxman,60,0.9,cascading,CENTRALISED,orbit-ceiling-0.9,5,9550258962755398862,0.5434876645713101,0.8870677186572241,0.8247792690164405,0.4127873771240413,0.24374034557367288,3981.2555085557406,1.2505692989909276,2.27576136491184,0.2,0.2,False,88,0,0,0.98,3,False,262,0.30000000000000004,0.9981509027464917,,0.12367909998283722,2,9496,2.5083031999820378
a9-ceiling,waxman-n60-load0.9-cascading-centralised,waxman,60,0.9,cascading,CENTRALISED,orbit-ceiling-0.95,5,9550258962755398862,0.5752320807767698,0.8870677186572241,0.8421503459992787,0.4470793666951868,0.30523413335615884,4213.795527626017,1.2406304518280185,2.305966525486492,0.2,0.2,False,95,0,0,0.98,3,False,262,0.30000000000000004,0.9981509027464917,,0.13429869999527,2,8576,2.686687899986282
a9-ceiling,waxman-n60-load0.9-cascading-centralised,waxman,60,0.9,cascading,CENTRALISED,orbit-ceiling-1.0,5,9550258962755398862,0.4899535231303909,0.7930223117963648,0.5894135541092701,0.4597016505753038,0.252463221692395,3589.0973982597584,1.4323062592845655,2.8249040443367215,0.0,0.0,False,117,0,23,0.98,3,False,262,0.0,0.9875359021682194,,0.22085829998832196,4,10317,2.4324495999899227
a9-ceiling,waxman-n60-load0.9-cascading-centralised,waxman,60,0.9,cascading,CENTRALISED,orbit-no-fallback,5,9550258962755398862,0.4881987946116034,0.8836506122407238,0.6537113226725537,0.3733117225226836,0.2511061358879739,3576.2433391212626,1.508011405042527,3.071522043022359,0.0,0.0,False,122,8,22,0.98,3,False,262,0.0,1.035599702810435,,0.22337510003126226,5,10458,2.417645799985621
a9-ceiling,waxman-n60-load0.9-cascading-centralised,waxman,60,0.9,cascading,CENTRALISED,spf-static,5,9550258962755398862,0.1511531151948575,0.17582161009488753,0.15231721978197052,0.14158228060944514,0.1490428094304864,1107.2545187930912,4.2132100402393515,1.3119622547038263,0.0,0.0,False,0,0,43,0.98,3,False,262,0.0,0.5987350505713713,,0.03568150001228787,2,18375,0.9522811000060756
a9-ceiling,waxman-n60-load0.9-cascading-centralised,waxman,60,0.9,cascading,CENTRALISED,cspf,6,11541735394445254528,0.06172251207758549,0.09301621056030361,0.05548145504126374,0.08525038081270707,0.019430117905552238,467.1757638415259,25.573067491972758,101.51644013916624,,,True,218,0,122,0.98,3,False,268,0.6000000000000001,0.14700018870112863,,0.4843603999761399,7,20305,1.4721649000130128
a9-ceiling,waxman-n60-load0.9-cascading-centralised,waxman,60,0.9,cascading,CENTRALISED,orbit,6,11541735394445254528,0.08353480121584728,0.11632258232871147,0.0379227459671646,0.11118938992468834,0.07238379688738378,632.2722982549435,18.803398614460413,101.82661193683609,,0.0,True,339,0,125,0.98,3,False,268,0.6000000000000001,0.22247737787272215,,0.5677913000108674,8,19709,1.6256220000213943
a9-ceiling,waxman-n60-load0.9-cascading-centralised,waxman,60,0.9,cascading,CENTRALISED,orbit-ceiling-0.6,6,11541735394445254528,0.29618241981255633,0.519311047854336,0.37900628132888625,0.2849513354220903,0.1108180476481861,2241.7954738853095,1.068498870771065,2.0824920185525375,,0.0,True,59,0,0,0.98,3,False,268,0.30000000000000004,0.823531544135109,,0.09158469998510554,2,13976,1.5009538999875076
a9-ceiling,waxman-n60-load0.9-cascading-centralised,waxman,60,0.9,cascading,CENTRALISED,orbit-ceiling-0.7,6,11541735394445254528,0.3571441388728492,0.8750815820728323,0.635232220288267,0.15645866920879542,0.07669694363269809,2703.212819169078,1.2998929067342437,2.634964690812776,,0.2,True,60,0,0,0.98,3,False,268,0.30000000000000004,0.9404229809898798,,0.11490600003162399,2,13848,1.7149225999892224
a9-ceiling,waxman-n60-load0.9-cascading-centralised,waxman,60,0.9,cascading,CENTRALISED,orbit-ceiling-0.8,6,11541735394445254528,0.41252614356826306,0.8750815820728323,0.7398249346558841,0.25209941997870344,0.06210844693319523,3122.3974809037186,1.2502294403629943,2.4123591721802975,,0.0,True,69,0,0,0.98,3,False,268,0.30000000000000004,0.9404229809898798,,0.13119990000268444,2,12454,2.0205614999867976
a9-ceiling,waxman-n60-load0.9-cascading-centralised,waxman,60,0.9,cascading,CENTRALISED,orbit-ceiling-0.9,6,11541735394445254528,0.46284107731463175,0.8750815820728323,0.8318827461509881,0.3431277005894582,0.04618934213958954,3503.2296410732292,1.403034370882542,2.6826853046308785,,0.0,True,79,0,0,0.98,3,False,268,0.30000000000000004,0.9404229809898798,,0.1221837000339292,2,10998,2.517241399997147
a9-ceiling,waxman-n60-load0.9-cascading-centralised,waxman,60,0.9,cascading,CENTRALISED,orbit-ceiling-0.95,6,11541735394445254528,0.4865799826358839,0.8750815820728323,0.8505383718266797,0.36061762380079326,0.09597070090162088,3682.9086731300767,1.4907683276042356,3.1547708479635905,,0.2,True,84,0,0,0.98,3,False,268,0.30000000000000004,0.9404229809898798,,0.13721779998741113,2,10356,2.7184135999996215
a9-ceiling,waxman-n60-load0.9-cascading-centralised,waxman,60,0.9,cascading,CENTRALISED,orbit-ceiling-1.0,6,11541735394445254528,0.3862712527913792,0.7028316259742298,0.5312066904893404,0.34312386874720413,0.13328052445268487,2923.6750336084992,1.6791125730854062,3.422105617780478,0.0,0.0,True,128,0,38,0.98,3,False,268,0.8,0.9914193472389997,,0.2991350000665989,8,12522,2.2641405999893323
a9-ceiling,waxman-n60-load0.9-cascading-centralised,waxman,60,0.9,cascading,CENTRALISED,orbit-no-fallback,6,11541735394445254528,0.3770447969609627,0.8013057557958219,0.5030274300984795,0.2853655063850165,0.14773349703762803,2853.84027794096,1.6445188055251696,3.8554924760754496,0.0,0.2,False,152,12,46,0.98,3,False,268,2.3000000000000003,1.0181917029289058,,0.3606435999972746,9,12930,2.241226900019683
a9-ceiling,waxman-n60-load0.9-cascading-centralised,waxman,60,0.9,cascading,CENTRALISED,spf-static,6,11541735394445254528,0.18335557551945403,0.09710980354173304,0.2674402439038452,0.18723795871311033,0.14525439963191913,1387.8126175459192,2.892753471367556,1.1736310291463354,0.0,0.0,False,0,0,34,0.98,3,False,268,0.0,0.44290608136666854,,0.03443379999953322,2,17787,0.9857577999937348
a9-ceiling,waxman-n60-load0.9-cascading-centralised,waxman,60,0.9,cascading,CENTRALISED,cspf,7,8384104090626853855,0.11237982678741752,0.16302138772249652,0.1096597759720776,0.1238535554513284,0.0652523904937145,757.5206049332089,12.537582325307806,100.85043097365906,0.0,0.0,True,147,0,91,0.98,3,False,226,0.8,0.431723420888414,,0.4364402999926824,7,19184,1.3731599999882746
a9-ceiling,waxman-n60-load0.9-cascading-centralised,waxman,60,0.9,cascading,CENTRALISED,orbit,7,8384104090626853855,0.06996293072305364,0.041694849944891775,0.10187278939370335,0.09148074987549407,0.0269406751974394,471.6003140357365,19.769842504271455,102.48341631294001,,,True,297,5,93,0.98,3,False,226,0.0,0.0,,0.44216920001781546,6,20187,1.309617699997034
a9-ceiling,waxman-n60-load0.9-cascading-centralised,waxman,60,0.9,cascading,CENTRALISED,orbit-ceiling-0.6,7,8384104090626853855,0.3095898246740098,0.5373276183750861,0.5780845979509863,0.1749780340592008,0.06707862226667471,2086.8573833260243,1.2505114251736449,2.334885719607677,0.2,0.2,False,49,0,0,0.98,3,False,226,0.30000000000000004,1.0,,0.07665400000405498,2,15498,1.3318059000012
a9-ceiling,waxman-n60-load0.9-cascading-centralised,waxman,60,0.9,cascading,CENTRALISED,orbit-ceiling-0.7,7,8384104090626853855,0.3361419602635981,0.8238995747812191,0.5179360052786973,0.19310427656801227,0.018279089839218294,2265.8378141478447,1.3226964910174739,2.449538900912204,,0.0,True,52,0,0,0.98,3,False,226,0.30000000000000004,0.9342871085560697,,0.08909110000240617,2,15026,1.4490350999985822
a9-ceiling,waxman-n60-load0.9-cascading-centralised,waxman,60,0.9,cascading,CENTRALISED,orbit-ceiling-0.8,7,8384104090626853855,0.37949611556041457,0.8238995747812191,0.6002767336419651,0.222557568032658,0.0701990926510817,2558.0759042539753,1.5377844461516048,2.8312416285316777,,0.0,True,61,0,0,0.98,3,False,226,0.30000000000000004,0.9342871085560697,,0.09461960001499392,2,13654,1.7420677000191063
a9-ceiling,waxman-n60-load0.9-cascading-centralised,waxman,60,0.9,cascading,CENTRALISED,orbit-ceiling-0.9,7,8384104090626853855,0.4398907521388696,0.8238995747812191,0.6786939572513038,0.3115809045538946,0.1136310118122548,2965.1790556245105,1.6355924457871855,3.200506743560103,,0.2,True,74,0,0,0.98,3,False,226,0.30000000000000004,0.9342871085560697,,0.10743819997878745,2,11986,2.1612074000004213
a9-ceiling,waxman-n60-load0.9-cascading-centralised,waxman,60,0.9,cascading,CENTRALISED,orbit-ceiling-0.95,7,8384104090626853855,0.49685003458229293,0.8584372005065555,0.6824348810850027,0.46017049831695295,0.11416146839014389,3349.125457096759,1.6673095667700684,3.2527566961842207,,0.0,True,82,0,0,0.98,3,False,226,0.30000000000000004,0.9367861010818529,,0.10651270000380464,2,10656,2.456444300012663
a9-ceiling,waxman-n60-load0.9-cascading-centralised,waxman,60,0.9,cascading,CENTRALISED,orbit-ceiling-1.0,7,8384104090626853855,0.45880533788505384,0.7690464184206978,0.625974562518535,0.4210635382041236,0.13097545146572176,3092.6769246469853,1.7943457541848082,3.6806222184224193,0.0,0.0,False,95,0,15,0.98,3,False,226,0.0,0.9682538173834689,,0.1550005000026431,4,11387,2.351842999982182
a9-ceiling,waxman-n60-load0.9-cascading-centralised,waxman,60,0.9,cascading,CENTRALISED,orbit-no-fallback,7,8384104090626853855,0.42765034812268354,0.7253306652322135,0.5650411927193058,0.35523440287455926,0.1862640140540288,2882.669956615948,1.778612964200974,3.3231910561197058,,0.0,True,119,13,22,0.98,3,False,226,0.8,0.9019181981766103,,0.26491370002622716,7,12232,2.2018855000205804
a9-ceiling,waxman-n60-load0.9-cascading-centralised,waxman,60,0.9,cascading,CENTRALISED,spf-static,7,8384104090626853855,0.1310788795587228,0.06955447443385517,0.11015352574996079,0.1875809416645006,0.1163208917300193,883.5656271754316,4.865120006722632,1.3870277647802194,0.0,0.0,False,0,0,37,0.98,3,False,226,0.0,0.3011313658239999,,0.03086449997499585,3,19110,0.852143399999477
a9-ceiling,waxman-n60-load0.9-cascading-centralised,waxman,60,0.9,cascading,CENTRALISED,cspf,8,7891546345124064172,0.07050307779231782,0.06618619145436991,0.08973722038382757,0.046961209178962716,0.08686069246521047,522.0964131631611,20.733923484113276,101.83172118812931,,,True,167,0,104,0.98,3,False,234,0.30000000000000004,0.11446301828674542,,0.38389709999319166,6,20080,1.3071640000271145
a9-ceiling,waxman-n60-load0.9-cascading-centralised,waxman,60,0.9,cascading,CENTRALISED,orbit,8,7891546345124064172,0.08377815853193817,0.038311881835735154,0.1184114269149913,0.03564533972240245,0.1456147739570593,620.4023631391825,16.606994009664486,101.51305740221053,,0.0,True,274,3,101,0.98,3,False,234,0.0,0.0,,0.39083439999376424,5,19934,1.3429740999999922
a9-ceiling,waxman-n60-load0.9-cascading-centralised,waxman,60,0.9,cascading,CENTRALISED,orbit-ceiling-0.6,8,7891546345124064172,0.27053382302247686,0.45805937801374097,0.49768750225022496,0.16157600814896525,0.0639113162614784,2003.3840090700683,1.1369494373989255,2.078815696598169,,0.2,True,49,0,0,0.98,3,False,234,0.30000000000000004,0.9141111315253547,,0.06628130000899546,2,15432,1.275588999997126
a9-ceiling,waxman-n60-load0.9-cascading-centralised,waxman,60,0.9,cascading,CENTRALISED,orbit-ceiling-0.7,8,7891546345124064172,0.3096826455176075,0.793117895430625,0.5232753823931228,0.09302847009778237,0.08795440327299706,2293.2927682944223,1.442205182497246,2.8593723098663473,,0.2,True,48,0,0,0.98,3,False,234,0.30000000000000004,0.9275428222973402,,0.06552100004046224,2,15604,1.379050899995491
a9-ceiling,waxman-n60-load0.9-cascading-centralised,waxman,60,0.9,cascading,CENTRALISED,orbit-ceiling-0.8,8,7891546345124064172,0.339317564564209,0.801491421941702,0.5448271873795266,0.13972678326758758,0.11484882467749448,2512.748222199403,1.4305239154409173,2.9659553457555314,,0.0,True,55,0,0,0.98,3,False,234,0.30000000000000004,0.8634645962046232,,0.08411009999690577,2,14554,1.5327023999998346
a9-ceiling,waxman-n60-load0.9-cascading-centralised,waxman,60,0.9,cascading,CENTRALISED,orbit-ceiling-0.9,8,7891546345124064172,0.39593576568603495,0.801491421941702,0.647717646550324,0.17283057172829372,0.19156070076069384,2932.022963828864,1.5718904381976473,3.5272704217764588,,0.0,True,66,0,0,0.98,3,False,234,0.30000000000000004,0.8634645962046232,,0.0852491999976337,2,12926,1.8941950000007637
a9-ceiling,waxman-n60-load0.9-cascading-centralised,waxman,60,0.9,cascading,CENTRALISED,orbit-ceiling-0.95,8,7891546345124064172,0.40861091273283084,0.8893469480811667,0.7057348936729605,0.12301010586405908,0.19883845192209373,3025.8862250745856,1.5959796028770954,3.8609719944655962,,0.0,True,69,0,0,0.98,3,False,234,0.30000000000000004,0.9349985228156684,,0.09891579998657107,2,12432,2.0507202000007965
a9-ceiling,waxman-n60-load0.9-cascading-centralised,waxman,60,0.9,cascading,CENTRALISED,orbit-ceiling-1.0,8,7891546345124064172,0.43968196113531516,0.8078790912712788,0.6513937233662559,0.2200954366619795,0.29752996506231366,3255.976647111786,1.5411075014991804,2.754698529813683,,0.2,True,90,0,7,0.98,3,False,234,0.8,0.8845702523238543,,0.1558039999799803,5,11424,2.183182000007946
a9-ceiling,waxman-n60-load0.9-cascading-centralised,waxman,60,0.9,cascading,CENTRALISED,orbit-no-fallback,8,7891546345124064172,0.4396779256495266,0.8361115009683411,0.6214031278900625,0.20613018840249409,0.33275259801293705,3255.9467631305256,1.5468931984597716,2.6111933381725176,,0.2,True,91,2,7,0.98,3,False,234,0.30000000000000004,0.866181315478466,,0.15738520002923906,4,11424,2.142669900000328
a9-ceiling,waxman-n60-load0.9-cascading-centralised,waxman,60,0.9,cascading,CENTRALISED,spf-static,8,7891546345124064172,0.08168449065840026,0.015581208163125398,0.13334333916611046,0.06763034471815485,0.08804544933713222,604.8981252908854,5.738307828900203,50.664324158236994,,0.0,True,0,0,32,0.98,3,False,234,0.0,0.0,,0.030856900033541024,2,20139,0.7591173000109848
a9-ceiling,waxman-n60-load0.9-cascading-centralised,waxman,60,0.9,cascading,CENTRALISED,cspf,9,17252179256815130095,0.05010431242297841,0.036067658408268095,0.04717557928948828,0.06081680680191014,0.047491187198464895,520.6101929494613,35.42766564298046,151.14247279031673,,,True,224,0,184,0.98,3,False,310,0.6000000000000001,0.18231821980130317,,0.4683757000020705,6,20737,1.6452986000222154
a9-ceiling,waxman-n60-load0.9-cascading-centralised,waxman,60,0.9,cascading,CENTRALISED,orbit,9,17252179256815130095,0.056415334900089424,0.043247515328444334,0.051023383045987594,0.043795384345584505,0.08369077789149532,586.185040115917,29.95275073650456,151.0494018991335,,0.0,True,364,3,175,0.98,3,False,310,0.1,0.0,,0.5658453999494668,6,20506,1.7505968999757897
a9-ceiling,waxman-n60-load0.9-cascading-centralised,waxman,60,0.9,cascading,CENTRALISED,orbit-ceiling-0.6,9,17252179256815130095,0.2128801276808645,0.2376749705124478,0.187117278722598,0.2894442881944095,0.13304109519904522,2211.9366375380905,1.0643095614937192,1.992521267484581,0.2,0.2,False,48,0,0,0.98,3,False,310,0.30000000000000004,1.0,,0.07521209999686107,2,15604,1.2924011000141036
a9-ceiling,waxman-n60-load0.9-cascading-centralised,waxman,60,0.9,cascading,CENTRALISED,orbit-ceiling-0.7,9,17252179256815130095,0.321747765020047,0.3930258498255886,0.3284802513378583,0.3965876490637139,0.18803455114342008,3343.1287234135325,1.2700021032880546,2.4028228936121794,0.2,0.2,False,64,0,0,0.98,3,False,310,0.30000000000000004,1.0,,0.10147190000861883,2,13204,1.741915099992184
a9-ceiling,waxman-n60-load0.9-cascading-centralised,waxman,60,0.9,cascading,CENTRALISED,orbit-ceiling-0.8,9,17252179256815130095,0.3755715463363045,0.5960460204372529,0.4935235753612159,0.4103509354726064,0.10360910426155501,3902.3861569807796,1.2995814122802418,2.4654264650492683,,0.0,True,67,0,0,0.98,3,False,310,0.0,0.927705267945546,,0.10455389998969622,2,12580,1.9152849999954924
a9-ceiling,waxman-n60-load0.9-cascading-centralised,waxman,60,0.9,cascading,CENTRALISED,orbit-ceiling-0.9,9,17252179256815130095,0.45046883310498065,0.7103538965719018,0.595585370334354,0.5109264366381577,0.10068142168902042,4680.608410324173,1.2542232359168404,2.652069163789714,,0.0,True,79,0,0,0.98,3,False,310,0.30000000000000004,0.9387208695941555,,0.13295650001964532,2,10954,2.2541485000110697
a9-ceiling,waxman-n60-load0.9-cascading-centralised,waxman,60,0.9,cascading,CENTRALISED,orbit-ceiling-0.95,9,17252179256815130095,0.43569069292886586,0.7495827748462097,0.6292813898705089,0.4661179377246908,0.04651032701101452,4527.055751152407,1.4166686006655174,3.2484065763603605,0.2,0.2,False,75,0,0,0.98,3,False,310,0.30000000000000004,1.0,,0.1296388000191655,2,11532,2.2676100000098813
a9-ceiling,waxman-n60-load0.9-cascading-centralised,waxman,60,0.9,cascading,CENTRALISED,orbit-ceiling-1.0,9,17252179256815130095,0.45066932713277486,0.8262372515482541,0.6387755776189051,0.42564124153933663,0.10079834050846154,4682.691648860888,1.496601368955673,3.239160584552982,,0.0,True,93,0,13,0.98,3,False,310,0.30000000000000004,0.9403491662300641,,0.22299290006048977,5,11361,2.320640399993863
a9-ceiling,waxman-n60-load0.9-cascading-centralised,waxman,60,0.9,cascading,CENTRALISED,orbit-no-fallback,9,17252179256815130095,0.4512424873823526,0.8654661298225627,0.6605440797659421,0.37914723074275253,0.11689810502574094,4688.647085702424,1.5147094085429194,3.3471281701721862,0.2,0.2,True,98,4,14,0.98,3,False,310,0.30000000000000004,0.9931121508299211,,0.2205307999975048,5,11351,2.334295100008603
a9-ceiling,waxman-n60-load0.9-cascading-centralised,waxman,60,0.9,cascading,CENTRALISED,spf-static,9,17252179256815130095,0.15361615732679115,0.06398371698545091,0.1400791559773548,0.152512360051936,0.2152208606717389,1596.1527748533376,3.88229974780665,1.6440338902855656,0.0,0.0,False,0,0,53,0.98,3,False,310,0.0,0.28601733927842954,,0.038990700035355985,3,18816,0.9601188999949954
a9-ceiling,waxman-n60-load0.9-cascading-centralised,waxman,60,0.9,cascading,CENTRALISED,cspf,10,11193605584310611830,0.04652225149239983,0.041332761105621396,0.056149935301602664,0.030602788783273265,0.06033473812379658,478.2111293538221,35.989093262829925,151.75957089548703,,,True,194,0,174,0.98,3,False,306,0.1,0.12267929955271824,,0.4813924999907613,6,20702,1.6232552000146825
a9-ceiling,waxman-n60-load0.9-cascading-centralised,waxman,60,0.9,cascading,CENTRALISED,orbit,10,11193605584310611830,0.05044471317088992,0.11994814505814735,0.051751958783713976,0.03460835475027715,0.03002290388917795,518.5308638667632,31.73797619232032,151.04394226123193,,0.0,True,362,4,162,0.98,3,False,306,0.1,0.2198041044691597,,0.5707469999906607,6,20622,1.6968954000039957
a9-ceiling,waxman-n60-load0.9-cascading-centralised,waxman,60,0.9,cascading,CENTRALISED,orbit-ceiling-0.6,10,11193605584310611830,0.25124246862341193,0.21006078194403804,0.19439553102405144,0.3270397077257844,0.23461596522591008,2582.5694330738056,0.9747299369420335,1.8503591101579038,0.0,0.2,False,55,0,0,0.98,3,False,306,0.30000000000000004,1.0,,0.07741779999923892,2,14554,1.3679600000032224
a9-ceiling,waxman-n60-load0.9-cascading-centralised,waxman,60,0.9,cascading,CENTRALISED,orbit-ceiling-0.7,10,11193605584310611830,0.2920411883174209,0.2950889231740115,0.24440503205963648,0.3860386066128952,0.21672407895713955,3001.947283353674,1.2796958853715112,3.343319981737331,0.0,0.2,False,60,0,0,0.98,3,False,306,0.30000000000000004,1.0,,0.08434879998094402,2,13782,1.6399602000019513
a9-ceiling,waxman-n60-load0.9-cascading-centralised,waxman,60,0.9,cascading,CENTRALISED,orbit-ceiling-0.8,10,11193605584310611830,0.36597660470246024,0.5479833630708253,0.38128468508837676,0.5050910434524682,0.06387227684755235,3761.9435826409267,1.4039599791885498,3.0263718001610753,0.0,0.2,False,66,0,0,0.98,3,False,306,0.30000000000000004,1.0,,0.09717680001631379,2,12774,2.04784019998624
a9-ceiling,waxman-n60-load0.9-cascading-centralised,waxman,60,0.9,cascading,CENTRALISED,orbit-ceiling-0.9,10,11193605584310611830,0.4262478649872712,0.6623712907620336,0.5476175960669163,0.48430617418986815,0.08918541426066891,4381.483405495077,1.5032334402934022,3.857686798509983,0.0,0.0,False,72,0,0,0.98,3,False,306,0.30000000000000004,0.9999999999999999,,0.12000159997842275,2,12004,2.135831399995368
a9-ceiling,waxman-n60-load0.9-cascading-centralised,waxman,60,0.9,cascading,CENTRALISED,orbit-ceiling-0.95,10,11193605584310611830,0.47566631027440587,0.8537042675710078,0.7614936326130738,0.35590867544216387,0.11940914416843518,4889.465065315034,1.5459732476925825,3.1681672994006997,,0.0,True,76,0,0,0.98,3,False,306,0.30000000000000004,0.9315595181158233,,0.12774180000997148,2,11404,2.19102890000795
a9-ceiling,waxman-n60-load0.9-cascading-centralised,waxman,60,0.9,cascading,CENTRALISED,orbit-ceiling-1.0,10,11193605584310611830,0.452080843016747,0.9426992697339442,0.737670853317144,0.3098972582071982,0.06096730433559707,4647.025532149593,1.805465178674484,3.5765348386533278,0.2,0.2,False,75,0,4,0.98,3,False,306,0.30000000000000004,0.9602492679555938,,0.1533787999942433,3,12473,2.080401300016092
a9-ceiling,waxman-n60-load0.9-cascading-centralised,waxman,60,0.9,cascading,CENTRALISED,orbit-no-fallback,10,11193605584310611830,0.44674408102498026,0.9723510235293523,0.6999772892009902,0.28918953731746694,0.08928502821785196,4592.167933961504,1.82526453654484,4.163530037849793,0.2,0.7000000000000001,False,101,14,15,0.98,3,False,306,3.3000000000000003,1.0027471807556763,,0.32138019998092204,9,12660,2.2222327000054065
a9-ceiling,waxman-n60-load0.9-cascading-centralised,waxman,60,0.9,cascading,CENTRALISED,spf-static,10,11193605584310611830,0.11286050299253453,0.10780966814833837,0.11396673312734044,0.12992079498019632,0.09228069416544171,1160.1147163807716,5.7915912300431724,50.43494996600017,0.0,0.0,False,0,0,63,0.98,3,False,306,0.0,0.4508186106050809,,0.03982510001515038,3,19551,0.9722765999904368
a9-ceiling,waxman-n60-load0.9-cascading-centralised,waxman,60,0.9,cascading,CENTRALISED,cspf,11,2609158847039932858,0.06539728333620966,0.13394115847866084,0.06500972862904342,0.052040219351983365,0.039639820116014884,485.18127280821665,25.5596378985211,103.85442111941633,,0.0,True,181,0,126,0.98,3,False,252,0.1,0.27226240090012055,,0.3730440999788698,6,20449,1.3264528999861795
a9-ceiling,waxman-n60-load0.9-cascading-centralised,waxman,60,0.9,cascading,CENTRALISED,orbit,11,2609158847039932858,0.10701609555906055,0.20207301066372793,0.06304871446340721,0.10768996726645974,0.08665381467226758,793.9504946616347,13.944227351430246,101.24000785411235,,,True,293,2,107,0.98,3,False,252,0.1,0.386483311895526,,0.39268750001792796,5,19315,1.4071918999834452
a9-ceiling,waxman-n60-load0.9-cascading-centralised,waxman,60,0.9,cascading,CENTRALISED,orbit-ceiling-0.6,11,2609158847039932858,0.2704230762919532,0.5510562427849075,0.5365054416649858,0.10512218917246688,0.05885499017530958,2006.2639556068102,1.2839567158093703,3.5505831719408,0.0,0.2,False,48,0,0,0.98,3,False,252,0.30000000000000004,1.0,,0.08875619998434559,2,15582,1.3811489999934565
a9-ceiling,waxman-n60-load0.9-cascading-centralised,waxman,60,0.9,cascading,CENTRALISED,orbit-ceiling-0.7,11,2609158847039932858,0.3208523590290563,0.7169945039038795,0.5306585533411382,0.16335382208474294,0.07703800645667161,2380.3979002755154,1.5402870499318828,3.448654527296196,0.0,0.0,True,55,0,0,0.98,3,False,252,0.30000000000000004,1.0,,0.10554459999548271,2,14554,1.5342495999939274
a9-ceiling,waxman-n60-load0.9-cascading-centralised,waxman,60,0.9,cascading,CENTRALISED,orbit-ceiling-0.8,11,2609158847039932858,0.39442950402765187,0.9653401994026312,0.7142477055273668,0.1447998082400415,0.059080344620658524,2926.265420130849,1.4386915685891866,3.7207870784544506,0.0,0.0,True,65,0,0,0.98,3,False,252,0.30000000000000004,1.0,,0.09968860002118163,2,13228,1.9031136000121478
a9-ceiling,waxman-n60-load0.9-cascading-centralised,waxman,60,0.9,cascading,CENTRALISED,orbit-ceiling-0.9,11,2609158847039932858,0.45988752469740624,0.9702669028684063,0.7366046975635755,0.26178393755582424,0.13212926678089532,3411.8973021279016,1.565143560500683,3.550508367544426,0.0,0.2,True,77,0,0,0.98,3,False,252,0.30000000000000004,0.9656925802327773,,0.12591939998674206,2,11384,2.2383299999928568
a9-ceiling,waxman-n60-load0.9-cascading-centralised,waxman,60,0.9,cascading,CENTRALISED,orbit-ceiling-0.95,11,2609158847039932858,0.4850668339389115,0.9702669028684063,0.7620186809481361,0.29100084078317573,0.16796925481568345,3598.702146045035,1.7866924448342918,4.3322493362386805,0.0,0.0,True,82,0,0,0.98,3,False,252,0.30000000000000004,0.9656925802327773,,0.11974950003786944,2,10678,2.4657123999786563
a9-ceiling,waxman-n60-load0.9-cascading-centralised,waxman,60,0.9,cascading,CENTRALISED,orbit-ceiling-1.0,11,2609158847039932858,0.445006185300479,0.7592866785133846,0.628811956868257,0.34273471663638144,0.20031185090018044,3301.492911893934,1.7418776447230913,3.718710071534073,0.2,0.2,False,107,0,16,0.98,3,False,252,1.3,0.92974453316527,,0.23169389998656698,7,11170,2.3653133000188973
a9-ceiling,waxman-n60-load0.9-cascading-centralised,waxman,60,0.9,cascading,CENTRALISED,orbit-no-fallback,11,2609158847039932858,0.4175711619506914,0.8689910306616401,0.44478239684176263,0.31879801448415945,0.23391548580897747,3097.9529654417097,1.6378675384479495,3.0504391346086313,0.0,0.7000000000000001,True,157,30,38,0.98,3,False,252,3.3000000000000003,1.0926344120430094,,0.43533749991911463,12,12147,2.297650300024543
a9-ceiling,waxman-n60-load0.9-cascading-centralised,waxman,60,0.9,cascading,CENTRALISED,spf-static,11,2609158847039932858,0.12808708177282374,0.16507422870517613,0.043857910388878325,0.09417110554988498,0.2388264754942426,950.2757636786969,4.922112688059308,50.23831172338875,0.0,0.0,False,0,0,41,0.98,3,False,252,0.0,0.5839034799503318,,0.03137339997920208,2,18963,0.8888418999849819
a9-ceiling,waxman-n60-load0.9-cascading-centralised,waxman,60,0.9,cascading,CENTRALISED,cspf,12,16513731473521037156,0.0395096625847152,0.03591773456815401,0.02566929486092998,0.06193099769658704,0.02735402152660741,303.7713683353464,41.07899823420731,151.74591356224914,,,True,166,0,124,0.98,3,False,252,0.1,0.0,,0.37884330001543276,6,21056,1.3108506000135094
a9-ceiling,waxman-n60-load0.9-cascading-centralised,waxman,60,0.9,cascading,CENTRALISED,orbit,12,16513731473521037156,0.04975888252389344,0.09059874401549706,0.049693856682714296,0.06512110196787177,0.004019088546579503,382.5728402187978,30.01258901889125,151.2560257759771,,,True,286,2,117,0.98,3,False,252,0.0,0.21086819732730575,,0.45264280002447776,5,20758,1.3826043999870308
a9-ceiling,waxman-n60-load0.9-cascading-centralised,waxman,60,0.9,cascading,CENTRALISED,orbit-ceiling-0.6,12,16513731473521037156,0.2860261623799695,0.4368966926847305,0.4160216485031925,0.2600798612309492,0.08586690179274704,2199.1217601408835,1.4685026902195517,3.7718463426598507,,0.0,True,55,0,0,0.98,3,False,252,0.30000000000000004,0.911337427550106,,0.07934300001943484,2,14554,1.4955498999916017
a9-ceiling,waxman-n60-load0.9-cascading-centralised,waxman,60,0.9,cascading,CENTRALISED,orbit-ceiling-0.7,12,16513731473521037156,0.3286066907797357,0.6023568143720334,0.5638792557329544,0.22071121872933724,0.04520499847063598,2526.503583478525,1.5212456995263979,2.6815912557733865,,0.0,True,56,0,0,0.98,3,False,252,0.30000000000000004,0.934286633891485,,0.09127730003092438,2,14426,1.5710213000129443
a9-ceiling,waxman-n60-load0.9-cascading-centralised,waxman,60,0.9,cascading,CENTRALISED,orbit-ceiling-0.8,12,16513731473521037156,0.3853138562066027,0.9323742396318299,0.5249004670457066,0.24162697365794691,0.07768738047211453,2962.4985302640825,1.5426958318046726,2.666474445124141,,0.0,True,64,0,0,0.98,3,False,252,0.30000000000000004,0.9219702764982619,,0.1129306000075303,2,13334,1.7739724999992177
a9-ceiling,waxman-n60-load0.9-cascading-centralised,waxman,60,0.9,cascading,CENTRALISED,orbit-ceiling-0.9,12,16513731473521037156,0.42241517881225066,0.9323742396318299,0.6092444613991571,0.2881582069948987,0.07562181949302196,3247.753295748434,1.6429652206499747,3.163088443254098,,0.0,True,71,0,0,0.98,3,False,252,0.30000000000000004,0.9219702764982619,,0.12327490001916885,2,12284,2.0872491000045557
a9-ceiling,waxman-n60-load0.9-cascading-centralised,waxman,60,0.9,cascading,CENTRALISED,orbit-ceiling-0.95,12,16513731473521037156,0.448984359645658,0.9323742396318299,0.6123311506028019,0.34127937524499125,0.10946217673711188,3452.0313353294596,1.6656237047328424,2.9723887402859264,,0.0,True,77,0,0,0.98,3,False,252,0.30000000000000004,0.9219702764982619,,0.13236329998471774,2,11384,2.2403379999741446
a9-ceiling,waxman-n60-load0.9-cascading-centralised,waxman,60,0.9,cascading,CENTRALISED,orbit-ceiling-1.0,12,16513731473521037156,0.4220684668006634,0.7419954497375688,0.509262741671895,0.43938847385525687,0.10434913780245661,3245.0875887975753,1.8508848804056819,3.4787428454828424,,0.2,True,103,0,17,0.98,3,False,252,0.8,0.8763551228711042,,0.1925166000437457,5,11702,2.341888700000709
a9-ceiling,waxman-n60-load0.9-cascading-centralised,waxman,60,0.9,cascading,CENTRALISED,orbit-no-fallback,12,16513731473521037156,0.4215740884512711,0.8663019374371407,0.523557454921135,0.38366305402523443,0.08106933622483826,3241.2865442468083,1.8026822330827257,3.6975538715392515,0.2,0.2,True,109,4,18,0.98,3,False,252,0.30000000000000004,0.9465852023197071,,0.23287219999474473,6,11831,2.3341879999788944
a9-ceiling,waxman-n60-load0.9-cascading-centralised,waxman,60,0.9,cascading,CENTRALISED,spf-static,12,16513731473521037156,0.11223261698058873,0.04980046300852736,0.022624394093548758,0.26999721881676125,0.041902436943429475,862.9042467510109,5.166143900497881,50.66736849343051,,0.0,True,0,0,38,0.98,3,False,252,0.0,0.17443114498331844,,0.03406629999517463,3,19093,0.941009700007271
a9-ceiling,waxman-n60-load0.9-cascading-centralised,waxman,60,0.9,cascading,CENTRALISED,cspf,13,18119248762303217604,0.04926796428981425,0.0625572646505574,0.030517386592999893,0.060555443612729964,0.04636899875889224,455.57725740663653,36.189170814987826,151.6341328213813,,0.0,True,241,0,161,0.98,3,False,300,0.1,0.07810050734600729,,0.4962822999805212,7,20439,1.6194908000179566
a9-ceiling,waxman-n60-load0.9-cascading-centralised,waxman,60,0.9,cascading,CENTRALISED,orbit,13,18119248762303217604,0.03517037675690532,0.06442491964369021,0.03469324158377214,0.016827247753105894,0.04370137522669526,325.2178979958713,47.52139199243016,151.83119837601703,,0.0,True,364,2,157,0.98,3,False,300,0.6000000000000001,0.07473652813319821,,0.5643517000135034,6,21039,1.6489798999973573
a9-ceiling,waxman-n60-load0.9-cascading-centralised,waxman,60,0.9,cascading,CENTRALISED,orbit-ceiling-0.6,13,18119248762303217604,0.2666072016421751,0.4293850875154909,0.23147418575773518,0.35076676394614614,0.10249629231667162,2465.2972672977103,1.285236299085979,3.118600601647825,0.2,0.2,True,54,0,0,0.98,3,False,300,0.30000000000000004,1.0,,0.09110830002464354,2,14682,1.4175058999971952
a9-ceiling,waxman-n60-load0.9-cascading-centralised,waxman,60,0.9,cascading,CENTRALISED,orbit-ceiling-0.7,13,18119248762303217604,0.3179810343229457,0.4966872476825057,0.35524054717887943,0.35812177662723044,0.128674326536215,2940.3473354819084,1.4598646395548713,3.520782620443597,,0.0,True,58,0,0,0.98,3,False,300,0.30000000000000004,0.9154695544520454,,0.10041469999123365,2,14126,1.5600055000104476
a9-ceiling,waxman-n60-load0.9-cascading-centralised,waxman,60,0.9,cascading,CENTRALISED,orbit-ceiling-0.8,13,18119248762303217604,0.41268376971663256,0.7829493441960906,0.600416717637267,0.37541114823842925,0.06536546019401974,3816.0565936475036,1.3757433560584227,2.5989212832410504,,0.0,True,70,0,0,0.98,3,False,300,0.30000000000000004,0.9448749604880151,,0.11229829996591434,2,12348,1.959717699995963
a9-ceiling,waxman-n60-load0.9-cascading-centralised,waxman,60,0.9,cascading,CENTRALISED,orbit-ceiling-0.9,13,18119248762303217604,0.4735863538437403,0.8103376369182493,0.8079836072187284,0.30037122623162515,0.17289420842172054,4379.218328571082,1.4444203083574176,3.20145850472756,,0.0,True,72,0,0,0.98,3,False,300,0.30000000000000004,0.8951257442943652,,0.11354620000929572,2,12026,2.1141145000001416
a9-ceiling,waxman-n60-load0.9-cascading-centralised,waxman,60,0.9,cascading,CENTRALISED,orbit-ceiling-0.95,13,18119248762303217604,0.5107203903778469,0.8795536297511662,0.8681887982994522,0.3332837901525993,0.17425192022957314,4722.594044708468,1.522359638600358,3.126237664914661,,0.2,True,83,0,0,0.98,3,False,300,0.30000000000000004,0.9026826929545165,,0.12887709998176433,2,10506,2.427230800007237
a9-ceiling,waxman-n60-load0.9-cascading-centralised,waxman,60,0.9,cascading,CENTRALISED,orbit-ceiling-1.0,13,18119248762303217604,0.4906620220446443,0.7578753428317401,0.8225205179097428,0.35503805377936953,0.1813681527301888,4537.115781804437,1.5444004103507913,3.389901561046476,,0.0,True,91,0,7,0.98,3,False,300,0.30000000000000004,0.8489268444161282,,0.19084660001681186,4,10931,2.360349499998847
a9-ceiling,waxman-n60-load0.9-cascading-centralised,waxman,60,0.9,cascading,CENTRALISED,orbit-no-fallback,13,18119248762303217604,0.4941445693834974,0.8795301928859088,0.7436170150565269,0.36715267653709055,0.19312009783407344,4569.318641985357,1.5461585075030089,3.389901561046476,0.2,0.2,False,99,5,8,0.98,3,False,300,0.8,1.0132207718808992,,0.20028519997140393,5,10802,2.3752707000239752
a9-ceiling,waxman-n60-load0.9-cascading-centralised,waxman,60,0.9,cascading,CENTRALISED,spf-static,13,18119248762303217604,0.09397424535998497,0.016359198961298012,0.09272053389365965,0.11223658636544953,0.11391572104530003,868.9729641784982,7.518728905975808,50.964810603734335,,0.0,True,0,0,59,0.98,3,False,300,0.0,0.0,,0.039423400012310594,2,20286,0.8863483000022825
a9-ceiling,waxman-n60-load0.9-cascading-centralised,waxman,60,0.9,cascading,CENTRALISED,cspf,14,13422106581314820688,0.0727885290985087,0.07154029354190583,0.07119796797651294,0.08179622742421878,0.06299794531109919,645.995702868427,20.061822152966897,101.49028961099225,,0.0,True,204,0,127,0.98,3,False,268,0.30000000000000004,0.1036221871733174,,0.44788430002518,6,20168,1.4523556000203826
a9-ceiling,waxman-n60-load0.9-cascading-centralised,waxman,60,0.9,cascading,CENTRALISED,orbit,14,13422106581314820688,0.05857535096200207,0.04061222659387778,0.09479520040496167,0.05184572821552635,0.04492032759781344,519.8542336836226,24.103798734008205,102.72884848790683,,0.0,True,308,2,127,0.98,3,False,268,0.0,0.0,,0.4944455999939237,6,20517,1.4856842999870423
a9-ceiling,waxman-n60-load0.9-cascading-centralised,waxman,60,0.9,cascading,CENTRALISED,orbit-ceiling-0.6,14,13422106581314820688,0.28496480730827967,0.4293461285769703,0.5440370345524599,0.21194502668604204,0.06565820281390482,2529.052905310729,1.1134640462627623,2.6725618425831303,0.2,0.2,False,58,0,1,0.98,3,False,268,0.8,1.0,,0.09410169997136109,3,14408,1.5259314999857452
a9-ceiling,waxman-n60-load0.9-cascading-centralised,waxman,60,0.9,cascading,CENTRALISED,orbit-ceiling-0.7,14,13422106581314820688,0.31610309781234197,0.5439899253456003,0.6440331913400418,0.22116182493167014,0.016267206401904145,2805.404167101855,1.2398009867077286,2.6963419177261754,,0.0,True,58,0,0,0.98,3,False,268,0.30000000000000004,0.9322087805962782,,0.07588570000370964,2,14082,1.7161141000106
a9-ceiling,waxman-n60-load0.9-cascading-centralised,waxman,60,0.9,cascading,CENTRALISED,orbit-ceiling-0.8,14,13422106581314820688,0.3581480892612176,0.7635131960123646,0.7284828770633162,0.19011094860761713,0.016267206401904145,3178.552026242615,1.1801864763573011,2.2981761438834867,,0.0,True,63,0,0,0.98,3,False,268,0.30000000000000004,0.9337381825864852,,0.09345570000004955,2,13354,1.932127300009597
a9-ceiling,waxman-n60-load0.9-cascading-centralised,waxman,60,0.9,cascading,CENTRALISED,orbit-ceiling-0.9,14,13422106581314820688,0.4069363139540566,0.9534824378282912,0.7789795613007917,0.1412509787170784,0.11290912009564998,3611.54584947951,1.3136660943515621,3.5872214999231042,,0.0,True,69,0,0,0.98,3,False,268,0.30000000000000004,0.9463258898018762,,0.12123930003144778,2,12454,2.1125370000081602
a9-ceiling,waxman-n60-load0.9-cascading-centralised,waxman,60,0.9,cascading,CENTRALISED,orbit-ceiling-0.95,14,13422106581314820688,0.4439286611633938,0.9534824378282912,0.7991111931228962,0.2215108505953182,0.12877383620032418,3939.851664038665,1.503033116242297,3.646921821023632,,0.0,True,77,0,0,0.98,3,False,268,0.30000000000000004,0.9463258898018762,,0.11912889996892773,2,11298,2.369148600002518
a9-ceiling,waxman-n60-load0.9-cascading-centralised,waxman,60,0.9,cascading,CENTRALISED,orbit-ceiling-1.0,14,13422106581314820688,0.359849579595244,0.8718735881647729,0.651247723441231,0.1499425446671497,0.08439188285002207,3193.652694684007,1.5147679474090625,2.7591211944239795,,0.2,True,100,0,32,0.98,3,False,268,1.3,0.940227443242409,,0.2992980999988504,7,13565,2.0960256999824196
a9-ceiling,waxman-n60-load0.9-cascading-centralised,waxman,60,0.9,cascading,CENTRALISED,orbit-no-fallback,14,13422106581314820688,0.36802685073693564,0.9477577954300328,0.623841972834419,0.1397609617109682,0.11070760416814877,3266.225696009171,1.3910733648303917,2.8685930946615623,0.0,0.2,False,103,6,28,0.98,3,False,268,0.30000000000000004,0.9887789333338841,,0.2261086999787949,5,13329,2.013108299986925
a9-ceiling,waxman-n60-load0.9-cascading-centralised,waxman,60,0.9,cascading,CENTRALISED,spf-static,14,13422106581314820688,0.11349437177649617,0.10246215090132683,0.15861359770217923,0.13369978535604857,0.052173805348180634,1007.2586625310761,5.477026738962074,50.53300231139831,0.0,0.0,False,0,0,49,0.98,3,False,268,0.0,0.4141962198519592,,0.03425440003047697,2,19404,0.8854446999903303
a9-ceiling,waxman-n60-load0.9-cascading-centralised,waxman,60,0.9,cascading,CENTRALISED,cspf,15,10634034354848405627,0.06931631882637555,0.03954538457301277,0.048386258584998704,0.07588760748053405,0.09845051877271034,571.236635655143,25.761305071328092,150.82827082857722,,,True,224,0,146,0.98,3,False,280,0.0,0.0,,0.4570035000506323,6,20142,1.5534634999930859
a9-ceiling,waxman-n60-load0.9-cascading-centralised,waxman,60,0.9,cascading,CENTRALISED,orbit,15,10634034354848405627,0.0684503303753845,0.09002018993508172,0.04582140542787693,0.04415458381196287,0.11177392463548472,564.1000141836619,23.576782634693714,102.14100503120581,,,True,343,1,131,0.98,3,False,280,0.1,0.1769294178069614,,0.5358011999924202,6,20153,1.6013595999975223
a9-ceiling,waxman-n60-load0.9-cascading-centralised,waxman,60,0.9,cascading,CENTRALISED,orbit-ceiling-0.6,15,10634034354848405627,0.28363732702344185,0.44920865616130484,0.35722070020938523,0.3379340128341718,0.038637980178731865,2337.4586991690726,1.333300526219988,2.748591412598567,0.0,0.0,True,53,0,0,0.98,3,False,280,0.30000000000000004,1.0,,0.07939609998720698,2,14832,1.443492900027195
a9-ceiling,waxman-n60-load0.9-cascading-centralised,waxman,60,0.9,cascading,CENTRALISED,orbit-ceiling-0.7,15,10634034354848405627,0.3545195332905506,0.6679345377058478,0.37808128754671133,0.3694212780397859,0.1267899482910006,2921.5998324750444,1.2564233048680982,2.2027638410429056,0.0,0.0,True,63,0,0,0.98,3,False,280,0.30000000000000004,1.0,,0.09726519999094307,2,13332,1.6606219000241254
a9-ceiling,waxman-n60-load0.9-cascading-centralised,waxman,60,0.9,cascading,CENTRALISED,orbit-ceiling-0.8,15,10634034354848405627,0.4150529017245454,0.9063011213432024,0.5076022804772807,0.37193033675883763,0.09475505797003084,3420.456065964911,1.4538722413672895,2.5319747926304137,,0.0,True,69,0,0,0.98,3,False,280,0.30000000000000004,0.9331115694789521,,0.11515159998089075,2,12432,1.9823222999984864
a9-ceiling,waxman-n60-load0.9-cascading-centralised,waxman,60,0.9,cascading,CENTRALISED,orbit-ceiling-0.9,15,10634034354848405627,0.43897785611492274,0.9063011213432024,0.6781183107117332,0.35482721942474843,0.04404182039723745,3617.6219092404995,1.7420119510197203,4.0056815027188035,,0.2,True,72,0,0,0.98,3,False,280,0.30000000000000004,0.9331115694789521,,0.11199770000530407,2,12004,2.305680699995719
a9-ceiling,waxman-n60-load0.9-cascading-centralised,waxman,60,0.9,cascading,CENTRALISED,orbit-ceiling-0.95,15,10634034354848405627,0.46450914141290356,0.9063011213432024,0.6781183107117332,0.4000343901108536,0.08269027788541797,3828.0255452746255,1.6099353833700716,3.1469452221168916,,0.2,True,76,0,0,0.98,3,False,280,0.30000000000000004,0.9331115694789521,,0.1375918000121601,2,11382,2.314299999998184
a9-ceiling,waxman-n60-load0.9-cascading-centralised,waxman,60,0.9,cascading,CENTRALISED,orbit-ceiling-1.0,15,10634034354848405627,0.4346884750309399,0.7515265661018585,0.6385910508834859,0.40155556465802167,0.09250062421155308,3582.2730669917555,1.8586483637735174,3.3650130396348046,,0.2,True,93,0,14,0.98,3,False,280,0.8,0.8771060210358927,,0.22441119997529313,6,11812,2.3982542000012472
a9-ceiling,waxman-n60-load0.9-cascading-centralised,waxman,60,0.9,cascading,CENTRALISED,orbit-no-fallback,15,10634034354848405627,0.43325545800816073,0.8578775417466701,0.5796246550408715,0.38311691928285624,0.10836644443064394,3570.4635560888564,1.6877912006557216,3.2203724169247696,0.7000000000000001,0.7000000000000001,False,104,8,17,0.98,3,False,280,0.8,0.9718370665354878,,0.27430599997751415,7,11879,2.3406872999912594
a9-ceiling,waxman-n60-load0.9-cascading-centralised,waxman,60,0.9,cascading,CENTRALISED,spf-static,15,10634034354848405627,0.13075687719160273,0.10804438065134356,0.13528242653493103,0.12112413609461746,0.15288911498383298,1077.5690325217092,5.164720269993727,50.32342088629668,0.0,0.0,False,0,0,48,0.98,3,False,280,0.0,0.46127447949533323,,0.036319400038337335,2,18669,0.9816859000129625
a9-ceiling,waxman-n60-load0.9-cascading-centralised,waxman,60,0.9,cascading,CENTRALISED,cspf,16,7840558395724448283,0.05879991490784395,0.04189964216264938,0.024156571044075894,0.01724173482509239,0.16541412650845724,614.9769543810168,26.66948146363684,150.50249592486244,,0.0,True,244,0,161,0.98,3,False,308,0.1,0.0,,0.4856619999627583,6,20303,1.6198566000093706
a9-ceiling,waxman-n60-load0.9-cascading-centralised,waxman,60,0.9,cascading,CENTRALISED,orbit,16,7840558395724448283,0.02776443028324122,0.04092620081767407,0.03157960895617577,0.009249928744800804,0.04185698195163588,290.38281437094406,52.10390845593556,153.24088032927733,,,True,334,4,155,0.98,3,False,308,0.0,0.0,,0.5601856999564916,6,21130,1.6171631999895908
a9-ceiling,waxman-n60-load0.9-cascading-centralised,waxman,60,0.9,cascading,CENTRALISED,orbit-ceiling-0.6,16,7840558395724448283,0.24656037771608538,0.21328485821092044,0.3041622448484602,0.21310543474526764,0.25751151906515557,2578.727373951419,1.1183228178679687,2.1407841729537354,0.0,0.2,False,55,0,0,0.98,3,False,308,0.30000000000000004,1.0,,0.07517180001013912,2,14554,1.4112033999990672
a9-ceiling,waxman-n60-load0.9-cascading-centralised,waxman,60,0.9,cascading,CENTRALISED,orbit-ceiling-0.7,16,7840558395724448283,0.2729284184907095,0.25409929534759124,0.4112027531605825,0.2867185642694929,0.12339650542611584,2854.505620127241,1.2280960108298826,2.7423745870060663,0.0,0.2,False,55,0,0,0.98,3,False,308,0.30000000000000004,1.0,,0.08730449998984113,2,14402,1.5607454999990296
a9-ceiling,waxman-n60-load0.9-cascading-centralised,waxman,60,0.9,cascading,CENTRALISED,orbit-ceiling-0.8,16,7840558395724448283,0.34227923348143385,0.39227964910614777,0.5034675163501774,0.3558385790462868,0.12420186546709383,3579.8324008492928,1.37782893688404,2.9611338990920135,0.0,0.0,True,63,0,0,0.98,3,False,308,0.30000000000000004,1.0,,0.09942740001133643,2,13332,1.7966159000061452
a9-ceiling,waxman-n60-load0.9-cascading-centralised,waxman,60,0.9,cascading,CENTRALISED,orbit-ceiling-0.9,16,7840558395724448283,0.39482008667498075,0.6431720234014752,0.6950658516075369,0.23733522826159778,0.14972205150691162,4129.347037531824,1.39722539827061,3.2803466504497214,0.0,0.0,False,69,0,0,0.98,3,False,308,0.30000000000000004,1.0,,0.11138429999118671,2,12454,1.9918576999916695
a9-ceiling,waxman-n60-load0.9-cascading-centralised,waxman,60,0.9,cascading,CENTRALISED,orbit-ceiling-0.95,16,7840558395724448283,0.44247487547733655,0.8119649718428683,0.7958638329177573,0.24060467354439508,0.12695163297539902,4627.759270360307,1.553906974196479,3.733806870481411,0.2,0.2,False,76,0,0,0.98,3,False,308,0.30000000000000004,1.0,,0.1293209999857936,2,11556,2.271025299996836
a9-ceiling,waxman-n60-load0.9-cascading-centralised,waxman,60,0.9,cascading,CENTRALISED,orbit-ceiling-1.0,16,7840558395724448283,0.42683011048657277,0.7270296120228436,0.7802573516592369,0.18882508073542625,0.20898242040672094,4464.133694692286,1.668510034495518,4.005482107010614,0.2,0.2,False,90,0,14,0.98,3,False,308,0.30000000000000004,0.9369918123178488,,0.1834693999553565,4,11843,2.264776800002437
a9-ceiling,waxman-n60-load0.9-cascading-centralised,waxman,60,0.9,cascading,CENTRALISED,orbit-no-fallback,16,7840558395724448283,0.4118827728994594,0.7536468211973985,0.7160869682752897,0.21445072193578713,0.1587579135461577,4307.802377549485,1.623837336754611,3.551369725979219,0.2,0.2,False,94,3,17,0.98,3,False,308,0.30000000000000004,0.9883249847132504,,0.2150384999695234,5,12242,2.1747199000092223
a9-ceiling,waxman-n60-load0.9-cascading-centralised,waxman,60,0.9,cascading,CENTRALISED,spf-static,16,7840558395724448283,0.11354380433126345,0.13024937947047444,0.07913284176071865,0.10111297438656268,0.15580780859506949,1187.5327215339141,5.008647767144303,50.27333111020845,0.0,0.0,False,0,0,53,0.98,3,False,308,0.0,0.5179874244260925,,0.04050699999788776,3,19257,0.9400112000002991
a9-ceiling,waxman-n60-load0.9-cascading-centralised,waxman,60,0.9,cascading,CENTRALISED,cspf,17,815718876865160424,0.054443713743874925,0.05210721664092382,0.06634788068493257,0.07593954058320429,0.01534103700371445,472.8959020794608,30.92187462004365,102.05951082714526,,,True,234,0,146,0.98,3,False,294,0.6000000000000001,0.4667162684602342,,0.5648895000340417,8,20516,1.6452051000087522
a9-ceiling,waxman-n60-load0.9-cascading-centralised,waxman,60,0.9,cascading,CENTRALISED,orbit,17,815718876865160424,0.0749335494899233,0.19377863652669675,0.11245150819227716,0.04150604267893519,0.011357896860225416,650.8697890955285,22.95085015613534,101.94537685426144,,,True,396,3,146,0.98,3,False,294,0.30000000000000004,0.329769025779175,,0.636857300036354,7,19857,1.7593888000119478
a9-ceiling,waxman-n60-load0.9-cascading-centralised,waxman,60,0.9,cascading,CENTRALISED,orbit-ceiling-0.6,17,815718876865160424,0.3255488839263126,0.3230294933187752,0.49300800380072934,0.3345032321205994,0.15270649013031198,2827.704477683894,1.1327297934085367,2.5815205085350263,,0.2,True,63,0,0,0.98,3,False,294,0.30000000000000004,0.9210065966794592,,0.0852823999885004,2,13332,1.7189872000017203
a9-ceiling,waxman-n60-load0.9-cascading-centralised,waxman,60,0.9,cascading,CENTRALISED,orbit-ceiling-0.7,17,815718876865160424,0.38806891049333436,0.5695310818292005,0.6331936445105254,0.32448427078332304,0.12586033230188834,3370.750907259426,1.2570568655460925,2.718603272847856,0.0,0.0,False,68,0,0,0.98,3,False,294,0.30000000000000004,0.9538280067394378,,0.11224360001506284,2,12604,1.9041407000040635
a9-ceiling,waxman-n60-load0.9-cascading-centralised,waxman,60,0.9,cascading,CENTRALISED,orbit-ceiling-0.8,17,815718876865160424,0.42244776617173146,0.8767325541721193,0.7396137647292746,0.26660877520651827,0.04887061446269557,3669.364261318585,1.357213559420978,3.1965409428423657,0.0,0.2,False,71,0,0,0.98,3,False,294,0.30000000000000004,1.0,,0.11091869999654591,2,12328,2.1214359999867156
a9-ceiling,waxman-n60-load0.9-cascading-centralised,waxman,60,0.9,cascading,CENTRALISED,orbit-ceiling-0.9,17,815718876865160424,0.49683493904589876,1.0,0.7974873027532424,0.30529484998923645,0.15767228219761972,4315.488245162866,1.3272300358127305,2.2618789279424028,0.0,0.2,False,82,0,0,0.98,3,False,294,0.30000000000000004,1.0,,0.13959970002179034,2,10482,2.4118486999941524
a9-ceiling,waxman-n60-load0.9-cascading-centralised,waxman,60,0.9,cascading,CENTRALISED,orbit-ceiling-0.95,17,815718876865160424,0.5269126330622432,1.0,0.8222525820648462,0.34377248171677044,0.1998669249893527,4576.741882474289,1.3314548984039678,2.569239384794229,0.0,0.2,False,87,0,0,0.98,3,False,294,0.30000000000000004,1.0,,0.13613500000792556,2,9884,2.5246759000001475
a9-ceiling,waxman-n60-load0.9-cascading-centralised,waxman,60,0.9,cascading,CENTRALISED,orbit-ceiling-1.0,17,815718876865160424,0.46681556814356295,0.9542843653544334,0.7651614932776107,0.2930238560139931,0.11550266918819181,4054.741200067782,1.5072728239788102,3.5059641274452655,0.0,0.0,True,99,0,13,0.98,3,False,294,0.8,0.9927138016305559,,0.19463080001878552,4,11101,2.4516659999790136
a9-ceiling,waxman-n60-load0.9-cascading-centralised,waxman,60,0.9,cascading,CENTRALISED,orbit-no-fallback,17,815718876865160424,0.4634106928370065,0.9542843653544334,0.7890099341994501,0.26571465917274134,0.11584723684609213,4025.166590460199,1.4836112868579672,3.6384251582187312,0.0,0.2,False,100,3,13,0.98,3,False,294,0.8,0.9927138016305559,,0.16798609995748848,4,11212,2.3925226000137627
a9-ceiling,waxman-n60-load0.9-cascading-centralised,waxman,60,0.9,cascading,CENTRALISED,spf-static,17,815718876865160424,0.12987615254361287,0.188649976284663,0.09149320801919027,0.14275293237354705,0.11396255370758358,1128.099023601805,4.722628647157624,1.1295739368149502,0.0,0.0,False,0,0,47,0.98,3,False,294,0.0,0.6650199310442202,,0.03796920002787374,3,18816,0.9515549000061583
a9-ceiling,waxman-n60-load0.9-cascading-centralised,waxman,60,0.9,cascading,CENTRALISED,cspf,18,15312447191566706455,0.03921235227630907,0.044595817763506414,0.042451228810615096,0.032037605271592606,0.04279350083250033,296.4122717657414,40.17139738113964,151.57862232735496,,,True,203,0,121,0.98,3,False,250,0.1,0.0,,0.39145949998055585,5,20788,1.3346316000097431
a9-ceiling,waxman-n60-load0.9-cascading-centralised,waxman,60,0.9,cascading,CENTRALISED,orbit,18,15312447191566706455,0.08208967876849883,0.23787173055548297,0.07039966975936668,0.07514207011857572,0.02213691870501158,620.5286538495063,17.22072745710893,101.88089831519153,,,True,310,1,110,0.98,3,False,250,0.0,0.4623108638284967,,0.4255620000185445,5,20040,1.379502700001467
a9-ceiling,waxman-n60-load0.9-cascading-centralised,waxman,60,0.9,cascading,CENTRALISED,orbit-ceiling-0.6,18,15312447191566706455,0.29421996811811885,0.7567794097341889,0.4473162802018992,0.16285039013148245,0.07536009221122514,2224.0545156334715,1.4161114242419803,3.2260674550669317,0.2,0.2,False,52,0,0,0.98,3,False,250,0.30000000000000004,0.956779697739896,,0.0858674000191968,2,15048,1.400376800011145
a9-ceiling,waxman-n60-load0.9-cascading-centralised,waxman,60,0.9,cascading,CENTRALISED,orbit-ceiling-0.7,18,15312447191566706455,0.37488473277810347,0.9151582409327265,0.6556566036316568,0.17449251382473804,0.07935424899741775,2833.8120220394485,1.4100271734385017,3.246387908295438,,0.0,True,65,0,0,0.98,3,False,250,0.30000000000000004,0.9024929052384816,,0.09827729998505674,2,13184,1.763509599986719
a9-ceiling,waxman-n60-load0.9-cascading-centralised,waxman,60,0.9,cascading,CENTRALISED,orbit-ceiling-0.8,18,15312447191566706455,0.40295181341830366,0.9227059228031764,0.7417578592514257,0.21538589915764159,0.04213927313575952,3045.9754514550395,1.4122565797151627,3.0077078363609706,,0.0,True,67,0,0,0.98,3,False,250,0.30000000000000004,0.9113378449304086,,0.10989010002231225,2,12862,1.8956506999966223
a9-ceiling,waxman-n60-load0.9-cascading-centralised,waxman,60,0.9,cascading,CENTRALISED,orbit-ceiling-0.9,18,15312447191566706455,0.4656957805233362,0.9441849803360843,0.8343438584500811,0.2815307518027863,0.09161138373109493,3520.2668609105763,1.4549937393810957,3.184727965491333,,0.0,True,80,0,0,0.98,3,False,250,0.30000000000000004,0.9365086154767891,,0.10657020000508055,2,11086,2.262071899982402
a9-ceiling,waxman-n60-load0.9-cascading-centralised,waxman,60,0.9,cascading,CENTRALISED,orbit-ceiling-0.95,18,15312447191566706455,0.49880261407282633,0.9441849803360843,0.8187295434787812,0.353231483587591,0.13927209090036557,3770.526566684553,1.690260554010595,3.7024950476902188,,0.0,True,86,0,0,0.98,3,False,250,0.30000000000000004,0.9365086154767891,,0.12086060000001453,2,10316,2.4482045999902766
a9-ceiling,waxman-n60-load0.9-cascading-centralised,waxman,60,0.9,cascading,CENTRALISED,orbit-ceiling-1.0,18,15312447191566706455,0.4564930647201779,0.7080911681984928,0.7291289086940379,0.34547834212763473,0.19918741065020304,3450.702100336988,1.71925312863571,3.9193142629586557,0.0,0.0,True,106,0,18,0.98,3,False,250,0.30000000000000004,0.9524931903865567,,0.17727199997170828,4,10923,2.3339311000017915
a9-ceiling,waxman-n60-load0.9-cascading-centralised,waxman,60,0.9,cascading,CENTRALISED,orbit-no-fallback,18,15312447191566706455,0.4494934098180328,0.8719418758388473,0.6782227734214191,0.317971740332171,0.17523000168210567,3397.790619880495,1.694369729854365,3.799664450223602,0.0,0.2,False,130,14,26,0.98,3,False,250,2.3000000000000003,1.0635479085119723,,0.2573183999629691,7,11284,2.298420900013298
a9-ceiling,waxman-n60-load0.9-cascading-centralised,waxman,60,0.9,cascading,CENTRALISED,spf-static,18,15312447191566706455,0.1572268883471619,0.13439486725397942,0.1867596036375882,0.10882892255983397,0.20441509214827014,1188.5025113833217,4.271738559408065,1.5377926449378723,0.0,0.0,False,0,0,43,0.98,3,False,250,0.0,0.4941269186856973,,0.031662800000049174,2,18375,0.9295132999832276
a9-ceiling,waxman-n60-load0.9-cascading-centralised,waxman,60,0.9,cascading,CENTRALISED,cspf,19,8410335433369986300,0.08614923240667348,0.10342824549205798,0.08315491194505947,0.12470473914262398,0.029964670784347103,677.1745373289588,20.511094290622804,101.47930894813601,,,True,231,0,136,0.98,3,False,272,0.1,0.2005856816675295,,0.4084965999936685,5,19996,1.4649613999936264
a9-ceiling,waxman-n60-load0.9-cascading-centralised,waxman,60,0.9,cascading,CENTRALISED,orbit,19,8410335433369986300,0.08119097322391376,0.10939872008847168,0.0930842422702311,0.10495893667515807,0.026472458377885793,638.2002275847632,19.415232582654006,101.78092295276286,,0.0,True,336,5,131,0.98,3,False,272,0.6000000000000001,0.2439571472750729,,0.5361847999447491,7,20167,1.5869438000081573
a9-ceiling,waxman-n60-load0.9-cascading-centralised,waxman,60,0.9,cascading,CENTRALISED,orbit-ceiling-0.6,19,8410335433369986300,0.3079960782364009,0.5076439358926547,0.6298621633620861,0.25530728339989056,0.013199414734183864,2420.997795944518,1.285045636415683,2.9250367015578247,0.0,0.2,False,57,0,0,0.98,3,False,272,0.30000000000000004,1.0,,0.10134690001723357,2,14232,1.6905289999849629
a9-ceiling,waxman-n60-load0.9-cascading-centralised,waxman,60,0.9,cascading,CENTRALISED,orbit-ceiling-0.7,19,8410335433369986300,0.34305834134753044,0.6979067813046844,0.6919361177183265,0.20083661755171453,0.06314712049831939,2696.60410300833,1.1990506508886913,2.5497180908805337,0.0,0.0,True,60,0,0,0.98,3,False,272,0.30000000000000004,1.0,,0.13395800002035685,2,13804,1.749594499997329
a9-ceiling,waxman-n60-load0.9-cascading-centralised,waxman,60,0.9,cascading,CENTRALISED,orbit-ceiling-0.8,19,8410335433369986300,0.46630672106757975,0.8428996934825891,0.7460214718115816,0.4577865759132634,0.0587047741060545,3665.3958401126874,1.238613766960962,2.9434124514828293,,0.0,True,75,0,0,0.98,3,False,272,0.30000000000000004,0.9275880287407543,,0.12564179999753833,2,11576,2.2039915999921504
a9-ceiling,waxman-n60-load0.9-cascading-centralised,waxman,60,0.9,cascading,CENTRALISED,orbit-ceiling-0.9,19,8410335433369986300,0.5018061036794275,0.8709343962479636,0.8106521930043579,0.5043974696724316,0.05997831829857443,3944.43811738061,1.4885266621067559,3.930901555917631,,0.0,True,85,0,0,0.98,3,False,272,0.30000000000000004,0.9297770565333282,,0.13667499998700805,2,10098,2.7248547000053804
a9-ceiling,waxman-n60-load0.9-cascading-centralised,waxman,60,0.9,cascading,CENTRALISED,orbit-ceiling-0.95,19,8410335433369986300,0.5621465802489616,0.9123795908451424,0.815754379797518,0.6213363492271932,0.10163346343533398,4418.74338002411,1.3875070213618121,2.9843725466363953,,0.0,True,95,0,0,0.98,3,False,272,0.30000000000000004,0.8988995278982477,,0.1382103000069037,2,8576,3.0317594000080135
a9-ceiling,waxman-n60-load0.9-cascading-centralised,waxman,60,0.9,cascading,CENTRALISED,orbit-ceiling-1.0,19,8410335433369986300,0.5118468181765302,0.8263796319523022,0.7463353718014273,0.5557161555653845,0.10481130812698632,4023.36297839308,1.6070503610936426,3.450938687167998,,0.0,True,109,0,20,0.98,3,False,272,1.3,0.9282184537578703,,0.2275268000375945,5,9870,2.8549966999853496
a9-ceiling,waxman-n60-load0.9-cascading-centralised,waxman,60,0.9,cascading,CENTRALISED,orbit-no-fallback,19,8410335433369986300,0.4943613778118715,0.9081365895575477,0.692588791890552,0.46590577137947814,0.1598040215686168,3885.918979669609,1.5983880924756653,2.9843725466363953,0.2,0.2,False,125,12,27,0.98,3,False,272,2.3000000000000003,0.9951362689437897,,0.25913990000844933,7,10440,2.6182435999799054
a9-ceiling,waxman-n60-load0.9-cascading-centralised,waxman,60,0.9,cascading,CENTRALISED,spf-static,19,8410335433369986300,0.15515587019331006,0.08965449457348924,0.12850091574215403,0.24525513548356873,0.09364958127603064,1219.6000089246036,4.1171746009151144,1.2604478792872544,0.0,0.0,False,0,0,45,0.98,3,False,272,0.0,0.3785997283947904,,0.036269100033678114,3,18816,0.9354977999755647
a9-ceiling,waxman-n60-load0.9-cascading-centralised,waxman,60,0.9,cascading,CENTRALISED,cspf,20,9354882311026296945,0.04142155592394564,0.03412190800677659,0.05555394472441325,0.030201344438126453,0.04603385504506885,369.2215779619774,38.936272572113126,151.8150028890879,,,True,197,0,145,0.98,3,False,278,0.1,0.0,,0.4438213000248652,6,20829,1.4888050000008661
a9-ceiling,waxman-n60-load0.9-cascading-centralised,waxman,60,0.9,cascading,CENTRALISED,orbit,20,9354882311026296945,0.06760210390715526,0.04435993602422119,0.1585012975635838,0.02315569461977866,0.0454977898702506,602.5885537467234,20.873846485204993,101.96219048709631,,,True,317,1,126,0.98,3,False,278,0.0,0.0,,0.49839549997705035,5,20298,1.5188464999955613
a9-ceiling,waxman-n60-load0.9-cascading-centralised,waxman,60,0.9,cascading,CENTRALISED,orbit-ceiling-0.6,20,9354882311026296945,0.27345243496004,0.2965797143881631,0.3816491111530793,0.26666061719332695,0.15423577848305822,2437.487855812866,1.3447449506677946,2.447747242691222,0.0,0.2,False,53,0,0,0.98,3,False,278,0.30000000000000004,1.0,,0.08670529999653809,2,14854,1.381768599996576
a9-ceiling,waxman-n60-load0.9-cascading-centralised,waxman,60,0.9,cascading,CENTRALISED,orbit-ceiling-0.7,20,9354882311026296945,0.3290323269885231,0.6047790648338351,0.42027954732097067,0.31764597289058505,0.08291575163905403,2932.9133650668427,1.3291348100367457,2.5550487990392945,0.0,0.0,True,57,0,0,0.98,3,False,278,0.0,1.0,,0.08967149996897206,2,14210,1.5180764000106137
a9-ceiling,waxman-n60-load0.9-cascading-centralised,waxman,60,0.9,cascading,CENTRALISED,orbit-ceiling-0.8,20,9354882311026296945,0.3823209323332477,0.72574483217678,0.6840461449469247,0.2513361699385871,0.03498179781042932,3407.9149074738502,1.4663136431286454,3.7383706451104866,,0.0,True,63,0,0,0.98,3,False,278,0.30000000000000004,0.9250646066346059,,0.09692600002745166,2,13332,1.821509600005811
a9-ceiling,waxman-n60-load0.9-cascading-centralised,waxman,60,0.9,cascading,CENTRALISED,orbit-ceiling-0.9,20,9354882311026296945,0.4349890422030043,0.9119957340281368,0.8564495082440906,0.16615736986436774,0.06786582331642722,3877.3855055868617,1.4029901999377257,2.9561952014038484,,0.0,True,67,0,0,0.98,3,False,278,0.0,0.9395666370679346,,0.1201940999890212,2,12710,2.0149186000053305
a9-ceiling,waxman-n60-load0.9-cascading-centralised,waxman,60,0.9,cascading,CENTRALISED,orbit-ceiling-0.95,20,9354882311026296945,0.47034527883515975,0.9119957340281368,0.8761613661016238,0.24942085375913184,0.0759738314692046,4192.542316791409,1.5099448814085215,3.406964817512236,,0.0,True,74,0,0,0.98,3,False,278,0.30000000000000004,0.9395666370679346,,0.11788020000676624,2,11682,2.2388495999912266
a9-ceiling,waxman-n60-load0.9-cascading-centralised,waxman,60,0.9,cascading,CENTRALISED,orbit-ceiling-1.0,20,9354882311026296945,0.46084887204601965,0.7846831559571508,0.8754541176091486,0.2257243441783342,0.14688537255033984,4107.893678625979,1.6042670029640427,3.7822252473813553,,0.0,True,90,0,11,0.98,3,False,278,0.30000000000000004,0.8957801867894398,,0.17222499998752028,4,11664,2.3046581000089645
a9-ceiling,waxman-n60-load0.9-cascading-centralised,waxman,60,0.9,cascading,CENTRALISED,orbit-no-fallback,20,9354882311026296945,0.4537638287600219,0.7431113933876632,0.8786188601497994,0.23234861661847261,0.1309795566525714,4044.7393425892515,1.5995029131756935,3.700517529436951,,0.0,True,103,7,17,0.98,3,False,278,0.30000000000000004,0.8428504653980335,,0.19220449999556877,6,11795,2.306411500001559
a9-ceiling,waxman-n60-load0.9-cascading-centralised,waxman,60,0.9,cascading,CENTRALISED,spf-static,20,9354882311026296945,0.09694387148758565,0.18654332174426244,0.06925256648283017,0.10397998214925142,0.06314566862135332,864.1338647469128,6.698135699382757,50.81568284856537,0.0,0.0,False,0,0,53,0.98,3,False,278,0.0,0.6239032721025919,,0.03444430002127774,2,19845,0.8826383000123315
a9-ceiling,waxman-n60-load0.9-cascading-centralised,waxman,60,0.9,cascading,CENTRALISED,cspf,21,3432002575598101817,0.07948792125900607,0.06954453127568545,0.07710729241701035,0.10536555357575556,0.05246037365400372,825.6140807770101,18.01084678914779,101.88502405343783,,0.0,True,191,0,157,0.98,3,False,312,0.6000000000000001,0.09320318445796782,,0.5756630999967456,7,19913,1.7306189999799244
a9-ceiling,waxman-n60-load0.9-cascading-centralised,waxman,60,0.9,cascading,CENTRALISED,orbit,21,3432002575598101817,0.045196241341116355,0.05618808318292947,0.0623250365133442,0.016360312251332085,0.060908093935958155,469.43803106681304,36.36697760171833,151.83208078277062,,0.0,True,415,2,178,0.98,3,False,312,0.1,0.22728483443118816,,0.6468541999929585,7,20702,1.822364599996945
a9-ceiling,waxman-n60-load0.9-cascading-centralised,waxman,60,0.9,cascading,CENTRALISED,orbit-ceiling-0.6,21,3432002575598101817,0.2269736615277169,0.4033901145347298,0.21339426982341225,0.21372280210574587,0.16980077052162218,2357.498446992868,1.176680778880479,2.1860786766777744,0.0,0.2,False,52,0,0,0.98,3,False,312,0.30000000000000004,1.0,,0.087024400010705,2,15004,1.2813954000012018
a9-ceiling,waxman-n60-load0.9-cascading-centralised,waxman,60,0.9,cascading,CENTRALISED,orbit-ceiling-0.7,21,3432002575598101817,0.2935712989883485,0.500529357579551,0.31260029291122027,0.3464106656923266,0.10074546756007201,3049.2255215356586,1.3278523803957467,3.08848951675226,0.0,0.0,True,60,0,0,0.98,3,False,312,0.30000000000000004,1.0,,0.09457330001168884,2,13782,1.6071331000130158
a9-ceiling,waxman-n60-load0.9-cascading-centralised,waxman,60,0.9,cascading,CENTRALISED,orbit-ceiling-0.8,21,3432002575598101817,0.32256836004023137,0.6089841961595635,0.42277458571792353,0.37233317599755195,0.013012939730384887,3350.408160688807,1.3846739695441521,2.8811852700674345,0.0,0.0,True,61,0,0,0.98,3,False,312,0.30000000000000004,1.0,,0.11039480002364144,2,13632,1.767923300008988
a9-ceiling,waxman-n60-load0.9-cascading-centralised,waxman,60,0.9,cascading,CENTRALISED,orbit-ceiling-0.9,21,3432002575598101817,0.4391852273219264,0.8040968285427464,0.6069584807742507,0.45953801521499255,0.06196088501853563,4561.668011983038,1.5698828785007881,3.8699791206721113,,0.0,True,76,0,0,0.98,3,False,312,0.30000000000000004,0.9293624547515889,,0.11315759998979047,2,11382,2.2972340999986045
a9-ceiling,waxman-n60-load0.9-cascading-centralised,waxman,60,0.9,cascading,CENTRALISED,orbit-ceiling-0.95,21,3432002575598101817,0.4606738959049592,0.8040968285427464,0.6561426291254638,0.46584409184897013,0.08673662908779156,4784.863524940201,1.6390503716085991,3.8037353431758363,,0.0,True,78,0,0,0.98,3,False,312,0.30000000000000004,0.9293624547515889,,0.12003320004441775,2,11082,2.3023146000050474
a9-ceiling,waxman-n60-load0.9-cascading-centralised,waxman,60,0.9,cascading,CENTRALISED,orbit-ceiling-1.0,21,3432002575598101817,0.4359936232037049,0.7745285831023258,0.7275506711568122,0.34791811381666216,0.09248245441340018,4528.517902399929,1.7707698905910605,4.143500116093979,,0.0,True,97,0,27,0.98,3,False,312,0.30000000000000004,0.8952744499439236,,0.19662269999389537,5,11969,2.2774792999844067
a9-ceiling,waxman-n60-load0.9-cascading-centralised,waxman,60,0.9,cascading,CENTRALISED,orbit-no-fallback,21,3432002575598101817,0.41631773699420344,0.9398708932215327,0.6252753790230806,0.2857868889473437,0.11902381301274782,4324.151145174032,1.6289814234583002,3.566248617738526,0.2,0.2,False,123,13,50,0.98,3,False,312,1.8,0.9861989857637924,,0.3259768000280019,9,12471,2.2424944000085816
a9-ceiling,waxman-n60-load0.9-cascading-centralised,waxman,60,0.9,cascading,CENTRALISED,spf-static,21,3432002575598101817,0.12033111919401775,0.16897733333713175,0.11558048518678816,0.11217333914025135,0.11155438572722363,1249.8385262651673,4.716528492466943,1.2941596676063147,0.0,0.0,False,0,0,53,0.98,3,False,312,0.0,0.5787432605939855,,0.03897049996885471,2,19257,0.9381059999868739
a9-ceiling,waxman-n60-load0.9-cascading-centralised,waxman,60,0.9,cascading,CENTRALISED,cspf,22,9855241225322873675,0.024455756020004542,0.0646154982654581,0.025241031112492672,0.017075505639548336,0.010852760273279947,236.13428486821704,57.23481920977184,152.01797500140975,,,True,181,0,141,0.98,3,False,278,0.0,0.12293361294687699,,0.4160640999325551,6,21293,1.3980814999958966
a9-ceiling,waxman-n60-load0.9-cascading-centralised,waxman,60,0.9,cascading,CENTRALISED,orbit,22,9855241225322873675,0.030074593488687112,0.07687463993485472,0.04263329198171566,0.010195106263564766,0.01878943529620162,290.38736812488645,45.68966329799835,152.1905871734237,,,True,353,4,137,0.98,3,False,278,0.0,0.09165071814309088,,0.5246735999826342,5,20971,1.5235877999803051
a9-ceiling,waxman-n60-load0.9-cascading-centralised,waxman,60,0.9,cascading,CENTRALISED,orbit-ceiling-0.6,22,9855241225322873675,0.2294875266101973,0.33543621111809213,0.27228016976553965,0.23522105860748396,0.11709975040731099,2215.8330716886503,1.299713576733749,2.938888340161729,0.0,0.2,False,51,0,0,0.98,3,False,278,0.30000000000000004,1.0000000000000002,,0.07739720001700334,2,15154,1.3574785999953747
a9-ceiling,waxman-n60-load0.9-cascading-centralised,waxman,60,0.9,cascading,CENTRALISED,orbit-ceiling-0.7,22,9855241225322873675,0.2737983859464861,0.4712537533431895,0.4012194740275485,0.23714566937927198,0.08470247817868527,2643.679713301849,1.153315977047323,2.007461998576933,0.2,0.2,False,54,0,0,0.98,3,False,278,0.30000000000000004,1.0,,0.08751939999638125,2,14704,1.4436056000122335
a9-ceiling,waxman-n60-load0.9-cascading-centralised,waxman,60,0.9,cascading,CENTRALISED,orbit-ceiling-0.8,22,9855241225322873675,0.35183835279984005,0.6389547338202384,0.5849855197336635,0.27192879538971954,0.06739701139148543,3397.2001421523114,1.236285573700037,2.425027657907906,,0.2,True,63,0,0,0.98,3,False,278,0.30000000000000004,0.9229973296161983,,0.09927740000421181,2,13332,1.740108500001952
a9-ceiling,waxman-n60-load0.9-cascading-centralised,waxman,60,0.9,cascading,CENTRALISED,orbit-ceiling-0.9,22,9855241225322873675,0.382788622507268,0.9317990656646284,0.6610258180508761,0.19030770734968502,0.062111864749339926,3696.0426640462874,1.4224478114136552,3.0185344114874053,0.2,0.2,True,66,0,0,0.98,3,False,278,0.30000000000000004,1.0,,0.1143605999823194,2,12882,1.9435832999879494
a9-ceiling,waxman-n60-load0.9-cascading-centralised,waxman,60,0.9,cascading,CENTRALISED,orbit-ceiling-0.95,22,9855241225322873675,0.44388863915214144,0.9455087133464973,0.7299113221148328,0.3172078013746636,0.04894864015859452,4285.998203514033,1.3351426409768243,2.5392470191257255,,0.0,True,74,0,0,0.98,3,False,278,0.30000000000000004,0.9371254384767274,,0.1289155000122264,2,11704,2.1189338999975007
a9-ceiling,waxman-n60-load0.9-cascading-centralised,waxman,60,0.9,cascading,CENTRALISED,orbit-ceiling-1.0,22,9855241225322873675,0.42563071466178565,0.9557253231909907,0.6306499445496827,0.3041198952505509,0.08718258762818899,4109.707520078139,1.41346313574158,3.6124535024282722,0.2,0.2,True,85,0,16,0.98,3,False,278,0.30000000000000004,0.9930912980925438,,0.18178260000422597,4,12286,2.044590800011065
a9-ceiling,waxman-n60-load0.9-cascading-centralised,waxman,60,0.9,cascading,CENTRALISED,orbit-no-fallback,22,9855241225322873675,0.42406944281907716,0.9962549474392822,0.6265925446329147,0.2981638163661768,0.06988332548732475,4094.6325491894336,1.4025852969705483,3.2681706722993926,0.2,0.2,True,102,9,22,0.98,3,False,278,1.8,1.0157574265739706,,0.2716115999792237,7,12510,2.072925100015709
a9-ceiling,waxman-n60-load0.9-cascading-centralised,waxman,60,0.9,cascading,CENTRALISED,spf-static,22,9855241225322873675,0.10847029824788855,0.1787244297024137,0.07101651699829672,0.09752906333098961,0.12042529070967865,1047.3426495282242,5.573345211296943,50.515499254134916,0.0,0.0,False,0,0,51,0.98,3,False,278,0.0,0.6214070213904717,,0.041618899995228276,2,19551,0.8989259999943897
a9-ceiling,waxman-n60-load0.9-cascading-centralised,waxman,60,0.9,cascading,CENTRALISED,cspf,23,7770093315829151291,0.06901589310473556,0.0848695028080819,0.13622603744674397,0.034767421652042295,0.04365787610584814,523.4019876315028,19.930185984264504,101.9412895077981,,,True,187,0,102,0.98,3,False,244,0.0,0.16360118776148705,,0.40752899993094616,6,19903,1.3711706000030972
a9-ceiling,waxman-n60-load0.9-cascading-centralised,waxman,60,0.9,cascading,CENTRALISED,orbit,23,7770093315829151291,0.09745492810330375,0.13682688780343327,0.14003245514819881,0.04892822910590755,0.0976140579930952,739.0776352969406,13.799053834836696,101.4615731286321,,0.0,True,287,4,98,0.98,3,False,244,0.0,0.27657956162136166,,0.3822034000477288,4,19579,1.3555118000076618
a9-ceiling,waxman-n60-load0.9-cascading-centralised,waxman,60,0.9,cascading,CENTRALISED,orbit-ceiling-0.6,23,7770093315829151291,0.2617232072118374,0.5510751995725435,0.5485826851786426,0.1337180208161302,0.023982489033534667,1984.8536431468415,1.3176726399562344,3.2200272286578895,,0.0,True,50,0,0,0.98,3,False,244,0.30000000000000004,0.9394746047195627,,0.07097230001818389,2,15282,1.4558818000077736
a9-ceiling,waxman-n60-load0.9-cascading-centralised,waxman,60,0.9,cascading,CENTRALISED,orbit-ceiling-0.7,23,7770093315829151291,0.32585796428206587,0.9990179124398674,0.6526826699986903,0.08050394011945526,0.0,2471.2381238327525,1.3139061476365743,2.6006080795586644,0.2,0.2,True,57,0,0,0.98,3,False,244,0.30000000000000004,1.0,,0.08229570000548847,2,14406,1.733971300011035
a9-ceiling,waxman-n60-load0.9-cascading-centralised,waxman,60,0.9,cascading,CENTRALISED,orbit-ceiling-0.8,23,7770093315829151291,0.3746920822300287,0.9662020673033236,0.8113177184556717,0.0934179238415304,0.03732258097446501,2841.5857821526474,1.3109714386112765,2.795733876722373,0.2,0.2,False,66,0,0,0.98,3,False,244,0.30000000000000004,0.9615439314806145,,0.09887019998859614,2,13056,2.0486398999928497
a9-ceiling,waxman-n60-load0.9-cascading-centralised,waxman,60,0.9,cascading,CENTRALISED,orbit-ceiling-0.9,23,7770093315829151291,0.4016106115284771,0.9662020673033236,0.8552843954795245,0.1542860356610309,0.024340323655003656,3045.730235047629,1.5226737915574098,3.485670892779762,0.2,0.2,True,73,0,0,0.98,3,False,244,0.30000000000000004,0.9615439314806145,,0.10776620000251569,2,12136,2.3425013999803923
a9-ceiling,waxman-n60-load0.9-cascading-centralised,waxman,60,0.9,cascading,CENTRALISED,orbit-ceiling-0.95,23,7770093315829151291,0.46385877655433855,0.9990179124398674,0.8552843954795245,0.3165811434870263,0.039348062093546285,3517.807199284061,1.5200283149587501,2.9321330464647892,0.2,0.2,False,82,0,0,0.98,3,False,244,0.30000000000000004,1.0,,0.1172414000320714,2,10678,2.6274911999935284
a9-ceiling,waxman-n60-load0.9-cascading-centralised,waxman,60,0.9,cascading,CENTRALISED,orbit-ceiling-1.0,23,7770093315829151291,0.4352165245392602,0.8609727539471493,0.7071453678317604,0.330973128296058,0.116018751734491,3300.5903965950906,1.7057828526040304,3.9500207776691334,0.2,0.2,False,99,0,11,0.98,3,False,244,0.8,0.9564857553398252,,0.20580850000260398,7,11346,2.4331073999928776
a9-ceiling,waxman-n60-load0.9-cascading-centralised,waxman,60,0.9,cascading,CENTRALISED,orbit-no-fallback,23,7770093315829151291,0.39184760532737395,0.8968474917199976,0.6148611939969634,0.29246473990461325,0.06945595460751991,2971.689653653407,1.6524033792925152,3.611532714511906,0.7000000000000001,0.7000000000000001,False,137,24,25,0.98,3,False,244,1.8,0.9610291679360812,,0.29139069994562306,10,12364,2.3338827999832574
a9-ceiling,waxman-n60-load0.9-cascading-centralised,waxman,60,0.9,cascading,CENTRALISED,spf-static,23,7770093315829151291,0.14692644785495126,0.13304017430471016,0.29365499745458074,0.07458714573633511,0.11259059106905706,1114.2592145582362,4.25408601996017,1.3975544208732709,0.0,0.0,False,0,0,38,0.98,3,False,244,0.0,0.5876306444298882,,0.035347600001841784,2,18669,0.9155129000137094
a9-ceiling,waxman-n60-load0.9-cascading-centralised,waxman,60,0.9,cascading,CENTRALISED,cspf,24,14055642767569060435,0.05341091530243422,0.04443440185898501,0.08070765471955393,0.028382118980923073,0.06706101085804256,362.31970147946515,30.850576918397582,150.584638030539,,0.0,True,198,0,112,0.98,3,False,250,0.0,0.0,,0.37565049997647293,4,20546,1.335760800022399
a9-ceiling,waxman-n60-load0.9-cascading-centralised,waxman,60,0.9,cascading,CENTRALISED,orbit,24,14055642767569060435,0.07354112352761927,0.12233856559448979,0.05667346198296271,0.04973997116851147,0.09303772995741977,498.87551584005735,22.61898984330706,102.40316328266373,,,True,347,1,113,0.98,3,False,250,0.1,0.2232512703149733,,0.4864692000555806,5,20134,1.4598963999887928
a9-ceiling,waxman-n60-load0.9-cascading-centralised,waxman,60,0.9,cascading,CENTRALISED,orbit-ceiling-0.6,24,14055642767569060435,0.29533187803875816,0.7248440865605965,0.50023210668421,0.09706689588955962,0.09745902764756266,2003.4211599346231,1.3500806924752538,2.6231826542998493,,0.0,True,49,0,0,0.98,3,False,250,0.30000000000000004,0.9415436677192877,,0.08508960000472143,2,15498,1.3793280000099912
a9-ceiling,waxman-n60-load0.9-cascading-centralised,waxman,60,0.9,cascading,CENTRALISED,orbit-ceiling-0.7,24,14055642767569060435,0.37447786918167486,0.8879478975552497,0.6297777166282972,0.15471274478729513,0.10324937223714283,2540.3180043684247,1.3185490342037975,2.562170196156005,,0.2,True,63,0,0,0.98,3,False,250,0.30000000000000004,0.895032010450935,,0.09531240002252162,2,13506,1.7377845000009984
a9-ceiling,waxman-n60-load0.9-cascading-centralised,waxman,60,0.9,cascading,CENTRALISED,orbit-ceiling-0.8,24,14055642767569060435,0.42036518893113645,0.9111373381548475,0.6958125253390133,0.25847429252007237,0.061786775712544546,2851.600443532315,1.34436189521482,2.694418321105915,,0.0,True,72,0,0,0.98,3,False,250,0.30000000000000004,0.8974661594094423,,0.12152390001574531,2,12178,2.11687769999844
a9-ceiling,waxman-n60-load0.9-cascading-centralised,waxman,60,0.9,cascading,CENTRALISED,orbit-ceiling-0.9,24,14055642767569060435,0.5019506578105186,0.9111373381548475,0.7383656899801683,0.40283962481618196,0.14566338661920294,3405.045793833075,1.448408882704313,2.891316526778176,,0.0,True,85,0,0,0.98,3,False,250,0.30000000000000004,0.8974661594094423,,0.12174310002592392,2,10206,2.539182399981655
a9-ceiling,waxman-n60-load0.9-cascading-centralised,waxman,60,0.9,cascading,CENTRALISED,orbit-ceiling-0.95,24,14055642767569060435,0.5254665232820516,0.9111373381548475,0.7614944115367526,0.4986543757018182,0.08256711515136378,3564.5686424761275,1.4896105523258172,2.672611222422583,,0.2,True,90,0,0,0.98,3,False,250,0.30000000000000004,0.8974661594094423,,0.13329589998465963,2,9586,2.858357999997679
a9-ceiling,waxman-n60-load0.9-cascading-centralised,waxman,60,0.9,cascading,CENTRALISED,orbit-ceiling-1.0,24,14055642767569060435,0.5039932657783629,0.8550081479582553,0.7890852961630453,0.3541508034412881,0.20737170850553324,3418.902083412804,1.6469554333388838,3.15222737600679,,0.2,True,108,0,10,0.98,3,False,250,0.30000000000000004,0.883188149278956,,0.18653720000293106,5,9952,2.6926265000074636
a9-ceiling,waxman-n60-load0.9-cascading-centralised,waxman,60,0.9,cascading,CENTRALISED,orbit-no-fallback,24,14055642767569060435,0.5047816236489326,0.891693046385756,0.7596871928174329,0.36309475613982883,0.20412047793954705,3424.2500087705034,1.680615791913825,3.214243449897713,,0.2,True,111,2,10,0.98,3,False,250,0.8,0.9283782773797,,0.17870420002145693,5,9829,2.689918999996735
a9-ceiling,waxman-n60-load0.9-cascading-centralised,waxman,60,0.9,cascading,CENTRALISED,spf-static,24,14055642767569060435,0.0857711784809607,0.017115494561381495,0.16784209001322675,0.04085525716631175,0.11046502436558009,581.8396409571975,7.67258806466704,53.727017354531654,,0.0,True,0,0,42,0.98,3,False,250,0.0,0.0,,0.03270320000592619,2,20286,0.8420248000184074
a9-ceiling,waxman-n60-load0.9-cascading-centralised,waxman,60,0.9,cascading,CENTRALISED,cspf,25,2327587938646556194,0.08177951747150737,0.04293694063441793,0.11073917158936056,0.07571844158427354,0.08385227218185656,841.8614938858591,21.15911451964284,101.87683844392205,,0.0,True,248,0,180,0.98,3,False,330,0.1,0.0,,0.5295439000183251,6,19910,1.7639741000020877
a9-ceiling,waxman-n60-load0.9-cascading-centralised,waxman,60,0.9,cascading,CENTRALISED,orbit,25,2327587938646556194,0.0769029710547557,0.08390550797350911,0.15131538109538012,0.03883169550646359,0.05573990701008738,791.6609451623888,21.677151172821308,102.17039173459952,,0.0,True,364,4,177,0.98,3,False,330,0.6000000000000001,0.08529251619988473,,0.6483187000558246,7,19811,1.8928175000182819
a9-ceiling,waxman-n60-load0.9-cascading-centralised,waxman,60,0.9,cascading,CENTRALISED,orbit-ceiling-0.6,25,2327587938646556194,0.23421927848076837,0.3171576754165871,0.22526837979158307,0.18852097186985506,0.2626878240715164,2411.1195293783294,0.9627087199855344,1.7278548919032857,0.2,0.2,False,54,0,0,0.98,3,False,330,0.30000000000000004,1.0,,0.09300809999695048,2,14552,1.327567000000272
a9-ceiling,waxman-n60-load0.9-cascading-centralised,waxman,60,0.9,cascading,CENTRALISED,orbit-ceiling-0.7,25,2327587938646556194,0.2769540430263169,0.3301300802022677,0.30083821907574276,0.2563750197761885,0.25414222543859744,2851.043288205966,1.0545821746253417,1.9990567054536914,,0.0,True,58,0,0,0.98,3,False,330,0.0,0.9005872937054543,,0.10528090002480894,2,13930,1.5074050000112038
a9-ceiling,waxman-n60-load0.9-cascading-centralised,waxman,60,0.9,cascading,CENTRALISED,orbit-ceiling-0.8,25,2327587938646556194,0.3770358954308139,0.5403519472444294,0.4785481674692294,0.4092789960889777,0.1432049096860665,3881.3141968777986,1.215179312562585,2.356791390995746,,0.0,True,71,0,0,0.98,3,False,330,0.0,0.9371569731318165,,0.12475019998964854,2,11980,1.9927734000084456
a9-ceiling,waxman-n60-load0.9-cascading-centralised,waxman,60,0.9,cascading,CENTRALISED,orbit-ceiling-0.9,25,2327587938646556194,0.4586590516852476,0.7495881719021079,0.5977114960317811,0.48675451349645726,0.12442362656056548,4721.56606414979,1.3967406312098973,3.5730666856251565,,0.0,True,79,0,0,0.98,3,False,330,0.30000000000000004,0.8826773561843813,,0.15768109998316504,2,11062,2.3264718999853358
a9-ceiling,waxman-n60-load0.9-cascading-centralised,waxman,60,0.9,cascading,CENTRALISED,orbit-ceiling-0.95,25,2327587938646556194,0.5195071272537861,0.8128474206972609,0.6347267778621831,0.5317774716799111,0.229592142033461,5347.953372146035,1.4872458304085385,3.5568312946666882,,0.0,True,88,0,0,0.98,3,False,330,0.30000000000000004,0.890944935934552,,0.15473360000760294,2,9712,2.6042436999850906
a9-ceiling,waxman-n60-load0.9-cascading-centralised,waxman,60,0.9,cascading,CENTRALISED,orbit-ceiling-1.0,25,2327587938646556194,0.5178121859898407,0.9103508398255825,0.6733389332470671,0.5261475535777278,0.1401310285533478,5330.505167159853,1.4571244000626338,3.3907897743385664,,0.0,True,95,0,13,0.98,3,False,330,0.30000000000000004,0.9357373116604091,,0.19432969999616034,3,9620,2.700606600003084
a9-ceiling,waxman-n60-load0.9-cascading-centralised,waxman,60,0.9,cascading,CENTRALISED,orbit-no-fallback,25,2327587938646556194,0.5178121859898407,0.9103508398255825,0.6733389332470671,0.5261475535777278,0.1401310285533478,5330.505167159853,1.4571244000626338,3.3907897743385664,,0.0,True,95,0,13,0.98,3,False,330,0.30000000000000004,0.9357373116604091,,0.18984229999477975,3,9620,2.696100600005593
a9-ceiling,waxman-n60-load0.9-cascading-centralised,waxman,60,0.9,cascading,CENTRALISED,spf-static,25,2327587938646556194,0.16084715302072267,0.11401256826289416,0.17733837044095885,0.17901483480579802,0.1446666247458521,1655.806107886259,4.088753507349836,1.0253033745089748,0.0,0.0,False,0,0,58,0.98,3,False,330,0.0,0.4628700653579828,,0.039065999968443066,2,17934,1.0655189000244718
a9-ceiling,waxman-n60-load0.9-cascading-centralised,waxman,60,0.9,cascading,CENTRALISED,cspf,26,17327337641304115661,0.09805462699468419,0.08999106686737797,0.08018566032782802,0.10338911616583098,0.11447690236406964,633.8275705876162,18.331744665163363,101.74207581038264,,0.0,True,208,0,112,0.98,3,False,254,1.1,0.2128338796654887,,0.45511720003560185,7,19549,1.475278600002639
a9-ceiling,waxman-n60-load0.9-cascading-centralised,waxman,60,0.9,cascading,CENTRALISED,orbit,26,17327337641304115661,0.14089270273859167,0.22152075586057166,0.12217068420085524,0.09203940055963339,0.1773810622488625,910.7339676603534,12.051683263850581,100.57287212888403,,0.0,True,336,5,105,0.98,3,False,254,0.1,0.4274461209750164,,0.48954899999080226,6,18593,1.5675905999960378
a9-ceiling,waxman-n60-load0.9-cascading-centralised,waxman,60,0.9,cascading,CENTRALISED,orbit-ceiling-0.6,26,17327337641304115661,0.375352005474694,0.7026657003641007,0.6054399381655893,0.3155789690101258,0.018895781203015317,2426.284786725185,1.2098562129016956,2.6198922945923333,,0.0,True,64,0,0,0.98,3,False,254,0.0,0.9018039542728333,,0.09536259999731556,2,13290,1.7839897999947425
a9-ceiling,waxman-n60-load0.9-cascading-centralised,waxman,60,0.9,cascading,CENTRALISED,orbit-ceiling-0.7,26,17327337641304115661,0.4452534884296536,0.894264363393559,0.6804696822758718,0.28616629548962247,0.14290867583176955,2878.1297274459894,1.169913423610407,2.397242260937322,,0.2,True,73,0,0,0.98,3,False,254,0.30000000000000004,0.9214097502285694,,0.12255529998219572,2,12114,1.9193728999816813
a9-ceiling,waxman-n60-load0.9-cascading-centralised,waxman,60,0.9,cascading,CENTRALISED,orbit-ceiling-0.8,26,17327337641304115661,0.47239200670951587,0.894264363393559,0.7435158856162001,0.28465041356222776,0.18670375913181952,3053.553790928534,1.3434575974651384,3.061162921587857,,0.0,True,79,0,0,0.98,3,False,254,0.0,0.9214097502285694,,0.1267888000002131,2,11170,2.207245300000068
a9-ceiling,waxman-n60-load0.9-cascading-centralised,waxman,60,0.9,cascading,CENTRALISED,orbit-ceiling-0.9,26,17327337641304115661,0.5583182567496291,0.899647566615151,0.7773476482058685,0.4539702519743221,0.2643279116578176,3608.9832283948717,1.3009359467858383,2.4947538334013943,,0.0,True,93,0,0,0.98,3,False,254,0.0,0.8842087307097929,,0.1496272000076715,2,9070,2.688602299982449
a9-ceiling,waxman-n60-load0.9-cascading-centralised,waxman,60,0.9,cascading,CENTRALISED,orbit-ceiling-0.95,26,17327337641304115661,0.6049642177302599,0.899647566615151,0.848255992051895,0.5480080052340076,0.2503815828822185,3910.503891236012,1.4460178362475968,3.438860975748469,,0.0,True,96,0,0,0.98,3,False,254,0.30000000000000004,0.8842087307097929,,0.13407500000903383,2,8642,2.9654169999994338
a9-ceiling,waxman-n60-load0.9-cascading-centralised,waxman,60,0.9,cascading,CENTRALISED,orbit-ceiling-1.0,26,17327337641304115661,0.6111451877222744,0.8719140970148941,0.7886620227911978,0.5831361023556976,0.3071599807456505,3950.4578364396993,1.5612927412937887,3.022354018784974,,0.0,True,110,0,6,0.98,3,False,254,0.30000000000000004,0.8954160326444873,,0.216208199999528,4,8387,3.0794707000022754
a9-ceiling,waxman-n60-load0.9-cascading-centralised,waxman,60,0.9,cascading,CENTRALISED,orbit-no-fallback,26,17327337641304115661,0.5921831950213488,0.895357232096827,0.7452406232496835,0.5387963470844853,0.3222672578379419,3827.8870395737904,1.5787109294229524,3.373691778629418,,0.0,True,117,4,9,0.98,3,False,254,0.30000000000000004,0.9136063057321004,,0.20085700001800433,5,8642,2.9095741999917664
a9-ceiling,waxman-n60-load0.9-cascading-centralised,waxman,60,0.9,cascading,CENTRALISED,spf-static,26,17327337641304115661,0.17363589851855613,0.120116010719567,0.22003960857278174,0.16733726029806098,0.16531134085526644,1122.3868072108487,4.553889245967658,1.8725655314733087,0.0,0.0,False,0,0,45,0.98,3,False,254,0.0,0.4326301330183372,,0.030633000016678125,2,18375,0.9631356000027154
a9-ceiling,waxman-n60-load0.9-cascading-centralised,waxman,60,0.9,cascading,CENTRALISED,cspf,27,13798247298840138021,0.08979905076640643,0.07662885383276564,0.059425447151279794,0.1249646657010576,0.08382920986415415,585.2938349921062,20.512543679847894,102.28108965302701,,0.2,True,193,0,117,0.98,3,False,234,0.6000000000000001,0.10531967056721774,,0.39211489996523596,7,19895,1.3860733000037726
a9-ceiling,waxman-n60-load0.9-cascading-centralised,waxman,60,0.9,cascading,CENTRALISED,orbit,27,13798247298840138021,0.09067145611023106,0.15418715945828673,0.04921428323151888,0.13288886893173382,0.044099642091698116,590.9800139104444,17.721820771339736,101.983752571297,,0.0,True,311,5,106,0.98,3,False,234,0.1,0.30410289238737515,,0.4481404999969527,6,19743,1.4204270000045653
a9-ceiling,waxman-n60-load0.9-cascading-centralised,waxman,60,0.9,cascading,CENTRALISED,orbit-ceiling-0.6,27,13798247298840138021,0.3066233023233147,0.7296750897697513,0.49203608526219916,0.16060334858236774,0.05974278389960958,1998.5147613820222,1.3450143655655313,2.732286640418851,0.0,0.0,True,54,0,0,0.98,3,False,234,0.30000000000000004,1.0,,0.08694039998226799,2,14704,1.4188977000012528
a9-ceiling,waxman-n60-load0.9-cascading-centralised,waxman,60,0.9,cascading,CENTRALISED,orbit-ceiling-0.7,27,13798247298840138021,0.34223744875083395,1.0,0.5839507976197882,0.10899186993857395,0.01660067496307196,2230.6412723487856,1.4736237038348126,4.240356507902005,0.0,0.2,False,55,0,0,0.98,3,False,234,0.30000000000000004,1.0,,0.09144700001343153,2,14532,1.604752399987774
a9-ceiling,waxman-n60-load0.9-cascading-centralised,waxman,60,0.9,cascading,CENTRALISED,orbit-ceiling-0.8,27,13798247298840138021,0.42084446223285726,1.0,0.6923048116571816,0.2344262775011813,0.04624586981340911,2742.98744956897,1.5048850911533367,3.5038135093226757,0.0,0.2,False,71,0,0,0.98,3,False,234,0.30000000000000004,1.0,,0.10266060000867583,2,12176,2.1355255999951623
a9-ceiling,waxman-n60-load0.9-cascading-centralised,waxman,60,0.9,cascading,CENTRALISED,orbit-ceiling-0.9,27,13798247298840138021,0.49809282941142924,1.0,0.7598497073531458,0.3429726899571454,0.1365304400709185,3246.478217978504,1.5052023706686515,3.0004961318879384,0.0,0.2,False,86,0,0,0.98,3,False,234,0.30000000000000004,1.0,,0.11459370001102798,2,10056,2.59469870000612
a9-ceiling,waxman-n60-load0.9-cascading-centralised,waxman,60,0.9,cascading,CENTRALISED,orbit-ceiling-0.95,27,13798247298840138021,0.5079000259078555,1.0,0.8385779802047697,0.33014143232071325,0.1074152168917812,3310.3997360672215,1.7365679898761885,3.453048951595612,0.0,0.2,False,85,0,0,0.98,3,False,234,0.30000000000000004,1.0,,0.11173480001161806,2,10184,2.714917699981015
a9-ceiling,waxman-n60-load0.9-cascading-centralised,waxman,60,0.9,cascading,CENTRALISED,orbit-ceiling-1.0,27,13798247298840138021,0.4369296420449279,0.8971308382933582,0.5925728998258402,0.3253347502131993,0.15599842389928031,2847.8277179058196,1.7626699127949645,3.3505548186547762,0.0,0.2,False,124,0,29,0.98,3,False,234,0.30000000000000004,1.0143074853916463,,0.2013808999909088,5,11561,2.339567300019553
a9-ceiling,waxman-n60-load0.9-cascading-centralised,waxman,60,0.9,cascading,CENTRALISED,orbit-no-fallback,27,13798247298840138021,0.39588512698093226,0.8631207131027983,0.4339980419866778,0.3015015933432367,0.21482155855817606,2580.307054578449,1.7479079236114283,3.8089481143574195,0.0,0.7000000000000001,True,159,12,43,0.98,3,False,234,2.8000000000000003,1.0032927493654011,,0.3697591000236571,12,12563,2.2682424999948125
a9-ceiling,waxman-n60-load0.9-cascading-centralised,waxman,60,0.9,cascading,CENTRALISED,spf-static,27,13798247298840138021,0.13680736549623254,0.2596112681582774,0.06663982510800623,0.16239135083387068,0.10943413705009289,891.6854568401694,5.662631525746672,50.32718662307457,0.0,0.0,False,0,0,45,0.98,3,False,234,0.0,0.6991496045248536,,0.030652600020403042,3,18669,0.932029199990211
a9-ceiling,waxman-n60-load0.9-cascading-centralised,waxman,60,0.9,cascading,CENTRALISED,cspf,28,10909858104733326281,0.093001580218458,0.06040717545697117,0.04858426504629579,0.08825137340322792,0.1610787373679508,640.4699922295822,16.729789762436848,101.59986869623252,,0.0,True,198,0,109,0.98,3,False,248,1.1,0.11238974866772271,,0.48501120004220866,8,19638,1.471358799986774
a9-ceiling,waxman-n60-load0.9-cascading-centralised,waxman,60,0.9,cascading,CENTRALISED,orbit,28,10909858104733326281,0.082840103355029,0.11104023484015905,0.0517396753221656,0.1087894439793813,0.06362597158516392,570.4913854954378,17.939614019380848,102.30532035723681,,0.0,True,287,1,104,0.98,3,False,248,0.6000000000000001,0.26541873147150136,,0.5418037999770604,7,19773,1.4962836999911815
a9-ceiling,waxman-n60-load0.9-cascading-centralised,waxman,60,0.9,cascading,CENTRALISED,orbit-ceiling-0.6,28,10909858104733326281,0.3203380524059526,0.7404612414168715,0.4109066813932711,0.24940119712031167,0.10590079066598028,2206.0583213032387,1.4582590653590473,3.6323600999709065,0.2,0.2,False,56,0,0,0.98,3,False,248,0.30000000000000004,1.0,,0.10347189998719841,2,14274,1.499616299988702
a9-ceiling,waxman-n60-load0.9-cascading-centralised,waxman,60,0.9,cascading,CENTRALISED,orbit-ceiling-0.7,28,10909858104733326281,0.36814398849249413,0.7131841606204306,0.6311962753935582,0.20578536371811243,0.14569260733788642,2535.281410222306,1.4310347806381318,2.8069328946008993,,0.2,True,61,0,0,0.98,3,False,248,0.30000000000000004,0.9230076032254095,,0.12543069999082945,2,13654,1.6793048999970779
a9-ceiling,waxman-n60-load0.9-cascading-centralised,waxman,60,0.9,cascading,CENTRALISED,orbit-ceiling-0.8,28,10909858104733326281,0.42377559027951794,0.7477930557159108,0.6639278908789276,0.2617977514945852,0.23476817412360548,2918.397175358335,1.5117974507089602,2.8069328946008993,,0.2,True,73,0,0,0.98,3,False,248,0.30000000000000004,0.9263434510671782,,0.1318021999904886,2,11876,2.0508298999920953
a9-ceiling,waxman-n60-load0.9-cascading-centralised,waxman,60,0.9,cascading,CENTRALISED,orbit-ceiling-0.9,28,10909858104733326281,0.4719651436572103,0.7847992727806246,0.7608217800999373,0.347462057559728,0.18883201386436985,3250.2621050171556,1.742529020504646,3.4000590874845464,,0.2,True,81,0,0,0.98,3,False,248,0.30000000000000004,0.9296047363508427,,0.130753699952038,2,10784,2.407959899981506
a9-ceiling,waxman-n60-load0.9-cascading-centralised,waxman,60,0.9,cascading,CENTRALISED,orbit-ceiling-0.95,28,10909858104733326281,0.5280287448061143,0.7847992727806246,0.7747260271544137,0.4705024629665409,0.22491213042269542,3636.3529016235816,1.7113492414641507,3.2503971204625945,,0.2,True,89,0,0,0.98,3,False,248,0.30000000000000004,0.9296047363508427,,0.136809199990239,2,9562,2.6992219999956433
a9-ceiling,waxman-n60-load0.9-cascading-centralised,waxman,60,0.9,cascading,CENTRALISED,orbit-ceiling-1.0,28,10909858104733326281,0.47568608763836445,0.7148165371425415,0.6505574934570074,0.4367339828867643,0.22829419598597928,3275.8869702839447,1.9061643774871655,3.3545012163513768,,0.2,True,109,0,23,0.98,3,False,248,0.30000000000000004,0.9230062749067479,,0.20939860001089983,4,10623,2.502274500002386
a9-ceiling,waxman-n60-load0.9-cascading-centralised,waxman,60,0.9,cascading,CENTRALISED,orbit-no-fallback,28,10909858104733326281,0.4164988170878692,0.6258645524702042,0.6279352115347783,0.37071131093215354,0.15752351642121826,2868.284533631558,1.9058068569755209,3.3461270397989047,0.0,0.0,True,136,14,39,0.98,3,False,248,1.1,0.9320330549737578,,0.32598429996869527,8,11976,2.3403587999928277
a9-ceiling,waxman-n60-load0.9-cascading-centralised,waxman,60,0.9,cascading,CENTRALISED,spf-static,28,10909858104733326281,0.10893140495282773,0.12920976974871576,0.1260041584388708,0.11565053645186565,0.07199469860519862,750.1732327538274,5.828157810033369,50.73040203005704,0.0,0.0,False,0,0,41,0.98,3,False,248,0.0,0.5147212247758094,,0.03420559997903183,2,19404,0.8531578999827616
a9-ceiling,waxman-n60-load0.9-cascading-centralised,waxman,60,0.9,cascading,CENTRALISED,cspf,29,6329859330397869564,0.06111838473600748,0.09031173415454771,0.06020804402182647,0.05022256574079612,0.060084325776853915,600.9335397352859,26.66948452665039,102.81419733295604,0.0,0.0,True,223,0,162,0.98,3,False,296,0.6000000000000001,0.4355369845976745,,0.47144419999676757,6,20317,1.5974518999864813
a9-ceiling,waxman-n60-load0.9-cascading-centralised,waxman,60,0.9,cascading,CENTRALISED,orbit,29,6329859330397869564,0.09807497458962543,0.13432464859026566,0.1810512913846161,0.04097082729516435,0.07145063969954896,964.3013619250601,16.753487065509457,101.70161473571225,,0.2,True,376,1,156,0.98,3,False,296,0.30000000000000004,0.27201216242403997,,0.536170499981381,6,19205,1.7304776000091806
a9-ceiling,waxman-n60-load0.9-cascading-centralised,waxman,60,0.9,cascading,CENTRALISED,orbit-ceiling-0.6,29,6329859330397869564,0.25211043871707817,0.3060510679700189,0.29569645199774425,0.21135193049893727,0.2324680420188887,2478.822354302395,1.1515239660899046,2.947982745803078,0.2,0.2,True,54,0,0,0.98,3,False,296,0.30000000000000004,1.0,,0.07868469998356886,2,14682,1.412282100005541
a9-ceiling,waxman-n60-load0.9-cascading-centralised,waxman,60,0.9,cascading,CENTRALISED,orbit-ceiling-0.7,29,6329859330397869564,0.3178571766895099,0.45972185662805554,0.3726888384569549,0.29976482241110214,0.20005140668554114,3125.2631944272985,1.23499542896425,2.641663894368489,,0.0,True,61,0,0,0.98,3,False,296,0.30000000000000004,0.9323977651892096,,0.0930660999729298,2,13632,1.6058551000023726
a9-ceiling,waxman-n60-load0.9-cascading-centralised,waxman,60,0.9,cascading,CENTRALISED,orbit-ceiling-0.8,29,6329859330397869564,0.37775191567477917,0.5763298049249547,0.5599209879628129,0.2739096937389808,0.21570083868374487,3714.1654971534695,1.2253953425263282,2.901531793965094,,0.0,True,67,0,0,0.98,3,False,296,0.0,0.8823443005475186,,0.10416130002704449,2,12710,1.7842138000123668
a9-ceiling,waxman-n60-load0.9-cascading-centralised,waxman,60,0.9,cascading,CENTRALISED,orbit-ceiling-0.9,29,6329859330397869564,0.4131711615330192,0.8618096080732961,0.7440164675525319,0.1790460207665376,0.13123883682878104,4062.4177109559537,1.3655222563841047,3.073784328087717,,0.0,True,70,0,0,0.98,3,False,296,0.30000000000000004,0.9474505637707926,,0.11338979998254217,2,12326,2.0648665000044275
a9-ceiling,waxman-n60-load0.9-cascading-centralised,waxman,60,0.9,cascading,CENTRALISED,orbit-ceiling-0.95,29,6329859330397869564,0.4763187725319368,0.9246586207710789,0.8290028411409486,0.25121688367781486,0.15853833826161057,4683.303187025315,1.3788186089857926,3.1652545428665335,0.0,0.0,False,78,0,0,0.98,3,False,296,0.30000000000000004,0.9508702636990782,,0.11758029999327846,2,11082,2.283500199991977
a9-ceiling,waxman-n60-load0.9-cascading-centralised,waxman,60,0.9,cascading,CENTRALISED,orbit-ceiling-1.0,29,6329859330397869564,0.45439861343317356,0.8577762059412714,0.8235584316406995,0.21817738502008546,0.1627623064975944,4467.777877322228,1.4279414822362206,3.3654491625350857,,0.0,True,92,0,17,0.98,3,False,296,0.30000000000000004,0.9150643839028245,,0.1821967999858316,5,11692,2.273813000007067
a9-ceiling,waxman-n60-load0.9-cascading-centralised,waxman,60,0.9,cascading,CENTRALISED,orbit-no-fallback,29,6329859330397869564,0.4602308167614582,0.9233222233558327,0.7925657440799037,0.21817738502008546,0.1794157048117544,4525.121778108553,1.4651458901372731,3.313551220319444,0.0,0.0,False,93,1,14,0.98,3,False,296,0.30000000000000004,0.9608419898417241,,0.16185499998391606,4,11418,2.2619867000030354
a9-ceiling,waxman-n60-load0.9-cascading-centralised,waxman,60,0.9,cascading,CENTRALISED,spf-static,29,6329859330397869564,0.10493836015990916,0.11053547469229523,0.0780304350252501,0.10362494371611618,0.13172742008382907,1031.7841431394793,6.346031151055652,50.55696883540496,0.0,0.0,False,0,0,58,0.98,3,False,296,0.0,0.49006576456498846,,0.03875529998913407,2,19698,0.9077689999830909
a9-ceiling,waxman-n60-load0.9-cascading-centralised-th0.9-dw3,waxman,60,0.9,cascading,CENTRALISED,cspf,0,4053591605603262345,0.05896342854996477,0.0805513983196816,0.0651487162412297,0.04989878348937635,0.05435499266925705,480.5215034647116,24.40294949067054,102.13682151714907,,,True,197,0,140,0.9,3,False,262,0.1,0.1981822216516822,,0.13291420001769438,5,20441,0.5607740999839734
a9-ceiling,waxman-n60-load0.9-cascading-centralised-th0.9-dw3,waxman,60,0.9,cascading,CENTRALISED,orbit,0,4053591605603262345,0.04460890016637705,0.036775645020096386,0.025905111159999425,0.06688018400136106,0.035282709941079446,363.5395075049029,28.571920462150388,114.36096834805979,,,True,279,3,137,0.9,3,False,262,0.0,0.0,,0.09768989999429323,5,20894,0.34763860001112334
a9-ceiling,waxman-n60-load0.9-cascading-centralised-th0.9-dw3,waxman,60,0.9,cascading,CENTRALISED,orbit-ceiling-0.6,0,4053591605603262345,0.2855609782180267,0.52126595414125,0.5821240960838557,0.16143881425291157,0.06947060000092979,2327.174554781922,1.1659906363504189,2.507153977636558,0.2,0.2,False,56,0,0,0.9,3,False,262,0.30000000000000004,0.9511175397592447,,0.017931000009411946,2,14404,0.5738319999945816
a9-ceiling,waxman-n60-load0.9-cascading-centralised-th0.9-dw3,waxman,60,0.9,cascading,CENTRALISED,orbit-ceiling-0.7,0,4053591605603262345,0.325129460535284,0.7718949468272412,0.7156575805484728,0.07074934295278404,0.09037762533451167,2649.6372588764366,1.399033247266632,4.039837277951339,0.2,0.2,False,59,0,0,0.9,3,False,262,0.30000000000000004,1.0000000000000002,,0.019694299990078434,2,13976,0.6423950000025798
a9-ceiling,waxman-n60-load0.9-cascading-centralised-th0.9-dw3,waxman,60,0.9,cascading,CENTRALISED,orbit-ceiling-0.8,0,4053591605603262345,0.35892082523863544,0.9309073405305336,0.7099443423185536,0.12002148175077222,0.07224781236680826,2925.019436790657,1.3889544495677681,2.8685556947623883,0.2,0.2,False,65,0,2,0.9,3,False,262,0.8,1.0,,0.04975229999399744,3,13500,0.7188942999928258
a9-ceiling,waxman-n60-load0.9-cascading-centralised-th0.9-dw3,waxman,60,0.9,cascading,CENTRALISED,orbit-ceiling-0.9,0,4053591605603262345,0.40822006892539275,0.9543212485922852,0.7834699589789841,0.16509693335075667,0.11966841143392391,3326.7828226487195,1.5061842371051852,3.2142879706869656,,0.0,True,74,0,0,0.9,3,False,262,0.30000000000000004,0.9476751476237757,,0.06939030002104118,2,11856,1.0060458999942057
a9-ceiling,waxman-n60-load0.9-cascading-centralised-th0.9-dw3,waxman,60,0.9,cascading,CENTRALISED,orbit-ceiling-0.95,0,4053591605603262345,0.3306913164391801,0.6252892355286268,0.5689430604803651,0.23167251427660432,0.10098458228662559,2694.963513246627,1.4025790774363103,3.163688821990621,,0.0,True,113,0,45,0.9,3,False,262,2.1,0.8549692643195261,,0.07410309999249876,10,14390,0.6563523999939207
a9-ceiling,waxman-n60-load0.9-cascading-centralised-th0.9-dw3,waxman,60,0.9,cascading,CENTRALISED,orbit-ceiling-1.0,0,4053591605603262345,0.22129524126994707,0.5958054489628346,0.3016715111371536,0.12773986064188053,0.07980447853636576,1803.4419751306098,1.380865647619026,2.8453849080876767,,0.0,True,131,0,79,0.9,3,False,262,0.6000000000000001,0.8771994917935031,,0.07385970000177622,7,17234,0.37861670000711456
a9-ceiling,waxman-n60-load0.9-cascading-centralised-th0.9-dw3,waxman,60,0.9,cascading,CENTRALISED,orbit-no-fallback,0,4053591605603262345,0.20545754758684626,0.4998850072970212,0.31765302913127785,0.13037507305459936,0.053615792954735716,1674.3729476474427,1.391845341748244,2.984944267891391,,0.7000000000000001,True,139,10,89,0.9,3,False,262,0.8,0.7200096750293872,,0.08786500003770925,8,17796,0.39854510000441223
a9-ceiling,waxman-n60-load0.9-cascading-centralised-th0.9-dw3,waxman,60,0.9,cascading,CENTRALISED,spf-static,0,4053591605603262345,0.12661713950772302,0.07620537309234308,0.09942565016756034,0.19769514589239634,0.08189001794604528,1031.8643222908133,4.9487703230042515,50.27612820833735,0.0,0.0,False,0,0,52,0.9,3,False,262,0.0,0.3533582208625152,,0.008796500012977049,2,18963,0.38891120001790114
a9-ceiling,waxman-n60-load0.9-cascading-centralised-th0.9-dw3,waxman,60,0.9,cascading,CENTRALISED,cspf,1,2320596041710581958,0.02792783592376874,0.05725036976406589,0.024757256553915766,0.030153416267232464,0.011143116770928552,266.6651685511611,50.41093369468087,152.1641310407237,,,True,182,0,162,0.9,3,False,284,0.1,0.1121477900395954,,0.08759750000899658,5,21173,0.35415469997678883
a9-ceiling,waxman-n60-load0.9-cascading-centralised-th0.9-dw3,waxman,60,0.9,cascading,CENTRALISED,orbit,1,2320596041710581958,0.04607395664605397,0.03568597846175845,0.07268401236430926,0.04022964371735098,0.035510912930699474,439.93095091131886,29.150356783743565,152.12011349335586,,0.0,True,312,1,147,0.9,3,False,284,0.0,0.0,,0.14333260004059412,5,20827,0.5499113000114448
a9-ceiling,waxman-n60-load0.9-cascading-centralised-th0.9-dw3,waxman,60,0.9,cascading,CENTRALISED,orbit-ceiling-0.6,1,2320596041710581958,0.24349807880192134,0.32932085570468567,0.35501476379337993,0.2987753785773375,0.020596886918939655,2325.0085113231326,1.2797223820465409,2.829575346108076,0.2,0.2,True,52,0,0,0.9,3,False,284,0.30000000000000004,0.9999999999999999,,0.04400470003020018,2,14982,0.7072593999910168
a9-ceiling,waxman-n60-load0.9-cascading-centralised-th0.9-dw3,waxman,60,0.9,cascading,CENTRALISED,orbit-ceiling-0.7,1,2320596041710581958,0.2820199335628287,0.4263570391856404,0.4767124829882862,0.28367324115013864,0.020596886918939655,2692.8292375963797,1.2358701430503243,2.658515030891974,0.2,0.2,True,55,0,0,0.9,3,False,284,0.30000000000000004,1.0,,0.01866959998733364,2,14532,0.45711049999226816
a9-ceiling,waxman-n60-load0.9-cascading-centralised-th0.9-dw3,waxman,60,0.9,cascading,CENTRALISED,orbit-ceiling-0.8,1,2320596041710581958,0.3183999703252117,0.6630128324302071,0.6615958560728519,0.15330338538576263,0.026774301545619477,3040.199104048573,1.473282031843382,2.678063591956529,0.0,0.2,False,57,0,0,0.9,3,False,284,0.30000000000000004,0.9504270376585768,,0.026944099983666092,2,14232,0.7381405000051018
a9-ceiling,waxman-n60-load0.9-cascading-centralised-th0.9-dw3,waxman,60,0.9,cascading,CENTRALISED,orbit-ceiling-0.9,1,2320596041710581958,0.3764694842938474,0.7778172084078671,0.7385957510722698,0.19205919957677783,0.06062608824749121,3594.668013576619,1.553896475928633,3.776932354939804,0.0,0.2,False,66,0,0,0.9,3,False,284,0.30000000000000004,0.9574742465828809,,0.056565600010799244,2,13056,0.564252000011038
a9-ceiling,waxman-n60-load0.9-cascading-centralised-th0.9-dw3,waxman,60,0.9,cascading,CENTRALISED,orbit-ceiling-0.95,1,2320596041710581958,0.3300381074340588,0.6653972033914044,0.5645598274613477,0.23037747099517772,0.05645508600482557,3151.3242840382954,1.3487777067750162,2.813587970524187,0.0,0.0,True,82,0,30,0.9,3,False,284,0.30000000000000004,0.9319015549107379,,0.04642199995578267,5,14638,0.43879679997917265
a9-ceiling,waxman-n60-load0.9-cascading-centralised-th0.9-dw3,waxman,60,0.9,cascading,CENTRALISED,orbit-ceiling-1.0,1,2320596041710581958,0.2884618699604109,0.5836895082791308,0.505733593153925,0.21954438782784924,0.01307782159208266,2754.339197048523,1.3793317853263196,2.813587970524187,0.0,0.0,True,82,0,57,0.9,3,False,284,0.0,0.8961743719926332,,0.04529579999507405,4,16253,0.4515352000016719
a9-ceiling,waxman-n60-load0.9-cascading-centralised-th0.9-dw3,waxman,60,0.9,cascading,CENTRALISED,orbit-no-fallback,1,2320596041710581958,0.2618048387019225,0.5407080792874576,0.43704571955051796,0.13898618088042394,0.10471955353350552,2499.8081351709898,1.1508117313980533,2.01615611763787,0.0,1.0,True,121,13,89,0.9,3,False,284,1.6,0.9487494898899267,,0.1519438999821432,9,16795,0.6666713999875356
a9-ceiling,waxman-n60-load0.9-cascading-centralised-th0.9-dw3,waxman,60,0.9,cascading,CENTRALISED,spf-static,1,2320596041710581958,0.10715204466140324,0.042650879453321744,0.09252888323770343,0.12149460295689349,0.13842122139300905,1023.1268232966164,5.735128800581107,50.474069004713876,0.0,0.0,False,0,0,60,0.9,3,False,284,0.0,0.2005878859447681,,0.02457099998719059,2,19698,0.4226756000134628
a9-ceiling,waxman-n60-load0.9-cascading-centralised-th0.9-dw3,waxman,60,0.9,cascading,CENTRALISED,cspf,2,284056897045571085,0.055843968281773675,0.10095595021399754,0.0538564626404845,0.03325677057319587,0.06446099531583756,472.66467155169863,27.49368868553127,102.54972036365616,,0.0,True,163,0,152,0.9,3,False,268,0.0,0.19468390586736622,,0.10855080001056194,5,20683,0.4574209999991581
a9-ceiling,waxman-n60-load0.9-cascading-centralised-th0.9-dw3,waxman,60,0.9,cascading,CENTRALISED,orbit,2,284056897045571085,0.06122577239775261,0.07386597766758908,0.05880614986116357,0.06332644597424272,0.054115105035838953,518.2163891875136,22.058977961426464,103.01245739390824,,0.0,True,291,2,139,0.9,3,False,268,0.0,0.09158306775049538,,0.14260199997806922,5,20447,0.46032099999138154
a9-ceiling,waxman-n60-load0.9-cascading-centralised-th0.9-dw3,waxman,60,0.9,cascading,CENTRALISED,orbit-ceiling-0.6,2,284056897045571085,0.2620918838171395,0.4546095045110693,0.40798504265688057,0.2387448791546584,0.04777629557154116,2218.351918612249,1.3051873406663967,2.9512926398474115,0.2,0.2,True,51,0,0,0.9,3,False,268,0.30000000000000004,1.0,,0.020665899995947257,2,15154,0.3543051000160631
a9-ceiling,waxman-n60-load0.9-cascading-centralised-th0.9-dw3,waxman,60,0.9,cascading,CENTRALISED,orbit-ceiling-0.7,2,284056897045571085,0.36648721314215066,0.7339204459738594,0.58604074647185,0.25023498004117745,0.11233654045937805,3101.956461146929,1.3955450555228905,3.4999333679146107,0.0,0.2,False,65,0,0,0.9,3,False,268,0.30000000000000004,1.0,,0.022768599999835715,2,13032,0.6270065999997314
a9-ceiling,waxman-n60-load0.9-cascading-centralised-th0.9-dw3,waxman,60,0.9,cascading,CENTRALISED,orbit-ceiling-0.8,2,284056897045571085,0.39583269588045855,0.9292021583110486,0.6710263829378883,0.23123404424097696,0.0643143624805986,3350.3373228013365,1.3598295816135766,3.0458759277357776,0.2,0.2,True,67,0,0,0.9,3,False,268,0.30000000000000004,1.0,,0.042808800004422665,2,12798,0.6863236999779474
a9-ceiling,waxman-n60-load0.9-cascading-centralised-th0.9-dw3,waxman,60,0.9,cascading,CENTRALISED,orbit-ceiling-0.9,2,284056897045571085,0.4260736511695443,0.9446563985895212,0.8161306622067115,0.17871398118804738,0.1004138349888797,3606.2974853564488,1.5508109087036623,3.7749287593710634,,0.0,True,72,0,0,0.9,3,False,268,0.30000000000000004,0.9361419983725201,,0.030434099986450747,2,12026,0.5631721999961883
a9-ceiling,waxman-n60-load0.9-cascading-centralised-th0.9-dw3,waxman,60,0.9,cascading,CENTRALISED,orbit-ceiling-0.95,2,284056897045571085,0.31047885750840704,0.8487215842574768,0.5470663985242212,0.11061354366748331,0.06210375460619655,2627.900411150667,1.4733167009290105,3.036767252192538,0.2,0.2,True,99,0,42,0.9,3,False,268,0.30000000000000004,0.9677427749716377,,0.07518010004423559,4,15068,0.7540521000046283
a9-ceiling,waxman-n60-load0.9-cascading-centralised-th0.9-dw3,waxman,60,0.9,cascading,CENTRALISED,orbit-ceiling-1.0,2,284056897045571085,0.24692424838541568,0.5008856630380174,0.46453695775553866,0.13531305792700837,0.04830957427047902,2089.972692705921,1.4074583692991225,2.778505540470681,0.2,0.7000000000000001,False,119,0,89,0.9,3,False,268,1.3,0.8737816308370818,,0.11837269994430244,7,17208,0.7357744999753777
a9-ceiling,waxman-n60-load0.9-cascading-centralised-th0.9-dw3,waxman,60,0.9,cascading,CENTRALISED,orbit-no-fallback,2,284056897045571085,0.22405385069363937,0.5714953921515126,0.3658946668973778,0.07651954581676391,0.09944976085869621,1896.3971044043217,1.6006339208376064,2.8757996003592328,,0.0,True,142,10,98,0.9,3,False,268,0.6000000000000001,0.7620098558222148,,0.16882920000352897,8,17395,0.4982276000082493
a9-ceiling,waxman-n60-load0.9-cascading-centralised-th0.9-dw3,waxman,60,0.9,cascading,CENTRALISED,spf-static,2,284056897045571085,0.0799641576140247,0.10844036695145406,0.11304954465654335,0.07379397414301651,0.040554084334390075,676.8185259298122,6.9940559945643646,50.799967325380244,0.0,0.0,False,0,0,48,0.9,3,False,268,0.0,0.4454861472516672,,0.010563999996520579,2,19992,0.21407670000917278
a9-ceiling,waxman-n60-load0.9-cascading-centralised-th0.9-dw3,waxman,60,0.9,cascading,CENTRALISED,cspf,3,16184490997428116268,0.04445896707922592,0.03664690678633216,0.02444533507565477,0.02562392464654804,0.09928740404712393,421.13637883116104,34.14542186570163,151.2782225529911,,,True,187,0,164,0.9,3,False,284,0.0,0.0,,0.12250249995850027,5,20729,0.47881149998283945
a9-ceiling,waxman-n60-load0.9-cascading-centralised-th0.9-dw3,waxman,60,0.9,cascading,CENTRALISED,orbit,3,16184490997428116268,0.056855833951024635,0.13075290762232572,0.05772368152005678,0.010296988952706355,0.08009648541915029,538.5653693413965,22.399096337985487,102.04906464636248,,0.2,True,296,3,155,0.9,3,False,284,0.30000000000000004,0.2599927203302833,,0.16782919998513535,6,20695,0.5216834000020754
a9-ceiling,waxman-n60-load0.9-cascading-centralised-th0.9-dw3,waxman,60,0.9,cascading,CENTRALISED,orbit-ceiling-0.6,3,16184490997428116268,0.24120883947027263,0.38709715993505933,0.29531937974971767,0.22062429073315362,0.12309519506216929,2284.8442928410495,1.284970111369598,4.162865371928018,0.0,0.2,False,49,0,0,0.9,3,False,284,0.30000000000000004,1.0,,0.018861400021705776,2,15454,0.5368394000106491
a9-ceiling,waxman-n60-load0.9-cascading-centralised-th0.9-dw3,waxman,60,0.9,cascading,CENTRALISED,orbit-ceiling-0.7,3,16184490997428116268,0.314388042774745,0.47755861947729933,0.42753296297861904,0.27238855338413254,0.1540680214027903,2978.0323426325876,1.189689095637803,2.6383748291954827,0.0,0.2,True,58,0,0,0.9,3,False,284,0.30000000000000004,1.0,,0.042546500015305355,2,14126,0.5920084999816027
a9-ceiling,waxman-n60-load0.9-cascading-centralised-th0.9-dw3,waxman,60,0.9,cascading,CENTRALISED,orbit-ceiling-0.8,3,16184490997428116268,0.3537348932991866,0.6307501536527212,0.7135022216119447,0.17449604646416433,0.06315859334824492,3350.744333865894,1.1933971895308129,2.4641017087725583,0.2,0.2,False,59,0,0,0.9,3,False,284,0.30000000000000004,1.0000000000000002,,0.04797640003380366,2,13932,0.4709421999868937
a9-ceiling,waxman-n60-load0.9-cascading-centralised-th0.9-dw3,waxman,60,0.9,cascading,CENTRALISED,orbit-ceiling-0.9,3,16184490997428116268,0.4574805344054052,0.9345387079720062,0.7768675393502351,0.22144181126829474,0.17164841762839933,4333.472149767074,1.2026026698064836,2.388652863617176,0.2,0.2,False,72,0,0,0.9,3,False,284,0.30000000000000004,1.0,,0.0351552999636624,2,11982,0.7658740000042599
a9-ceiling,waxman-n60-load0.9-cascading-centralised-th0.9-dw3,waxman,60,0.9,cascading,CENTRALISED,orbit-ceiling-0.95,3,16184490997428116268,0.3885556273783906,0.7481233342017974,0.6524395921883501,0.19902287972164479,0.16563775343891624,3680.5828078958243,1.250830424491062,3.083818089873404,0.2,0.2,True,96,0,32,0.9,3,False,284,0.8,0.9013382413711244,,0.15526100000715815,9,13941,0.9735849999997299
a9-ceiling,waxman-n60-load0.9-cascading-centralised-th0.9-dw3,waxman,60,0.9,cascading,CENTRALISED,orbit-ceiling-1.0,3,16184490997428116268,0.31051928386266114,0.583558350429533,0.5881629290544186,0.1679354302506894,0.05584043875531247,2941.38562711393,1.1878886874219126,3.029636326177752,0.2,0.2,True,98,0,70,0.9,3,False,284,1.3,0.8879723798398831,,0.0764441000064835,8,16125,0.6197772999876179
a9-ceiling,waxman-n60-load0.9-cascading-centralised-th0.9-dw3,waxman,60,0.9,cascading,CENTRALISED,orbit-no-fallback,3,16184490997428116268,0.26449016446176826,0.5249312361758719,0.3852511936885045,0.16961409922710016,0.11510915420502708,2505.376022330807,1.1487164068696982,3.029636326177752,,0.0,True,141,15,95,0.9,3,False,284,1.6,0.8358794668469177,,0.1166261000034865,10,17090,0.43055590000585653
a9-ceiling,waxman-n60-load0.9-cascading-centralised-th0.9-dw3,waxman,60,0.9,cascading,CENTRALISED,spf-static,3,16184490997428116268,0.10957436795145914,0.1493750421904388,0.053125234446678916,0.09911347674054197,0.16150724166188438,1037.9402753455552,5.205618873478716,50.63356407629667,0.0,0.0,False,0,0,59,0.9,3,False,284,0.0,0.5415753695060176,,0.024747799965552986,2,19551,0.427712699980475
a9-ceiling,waxman-n60-load0.9-cascading-centralised-th0.9-dw3,waxman,60,0.9,cascading,CENTRALISED,cspf,4,10028887255842766051,0.0808509072096105,0.17273678082947316,0.08666167083135264,0.07954851745086976,0.02731623609402039,710.3573137746242,20.12175344679977,102.0674833120156,,,True,217,0,159,0.9,3,False,290,0.30000000000000004,0.32283976999107616,,0.13688929998897947,6,19793,0.4869431000261102
a9-ceiling,waxman-n60-load0.9-cascading-centralised-th0.9-dw3,waxman,60,0.9,cascading,CENTRALISED,orbit,4,10028887255842766051,0.08801742078701393,0.23388897283522786,0.14945523364310292,0.03758051686732281,0.019645956404947415,773.3224122462533,14.508776578233897,101.01165043661018,,0.0,True,302,1,139,0.9,3,False,290,0.1,0.4527429125478995,,0.13229160002083518,6,19663,0.46551159999216907
a9-ceiling,waxman-n60-load0.9-cascading-centralised-th0.9-dw3,waxman,60,0.9,cascading,CENTRALISED,orbit-ceiling-0.6,4,10028887255842766051,0.2754253802493475,0.34367163406725004,0.4860577161946653,0.27829535029993097,0.05509633315237492,2419.8916253598277,1.2885543455514812,3.096758186348616,,0.0,True,56,0,0,0.9,3,False,290,0.30000000000000004,0.8914159952788708,,0.025256599998101592,2,14404,1.1625314999837428
a9-ceiling,waxman-n60-load0.9-cascading-centralised-th0.9-dw3,waxman,60,0.9,cascading,CENTRALISED,orbit-ceiling-0.7,4,10028887255842766051,0.3595272364720635,0.5253189456005841,0.6045035312736246,0.384930487642121,0.028165175994882698,3158.811827144859,1.1923430739124332,3.913676110535844,0.2,0.2,False,68,0,0,0.9,3,False,290,0.30000000000000004,1.0,,0.028135200001997873,2,12626,1.3535094000108074
a9-ceiling,waxman-n60-load0.9-cascading-centralised-th0.9-dw3,waxman,60,0.9,cascading,CENTRALISED,orbit-ceiling-0.8,4,10028887255842766051,0.43419932165208536,0.7827545404720193,0.7639923583668442,0.35968023723348014,0.05688258951975963,3814.8819155720803,1.35609056510655,3.367821760558053,,0.0,True,77,0,0,0.9,3,False,290,0.0,0.8837154988019806,,0.02833140001166612,2,11210,1.6415411999914795
a9-ceiling,waxman-n60-load0.9-cascading-centralised-th0.9-dw3,waxman,60,0.9,cascading,CENTRALISED,orbit-ceiling-0.9,4,10028887255842766051,0.46691782490806305,0.9475509445815814,0.9448752318234875,0.26027813737878047,0.05806453191629719,4102.347188205162,1.5074864557595304,3.3711748112090882,,0.0,True,82,0,0,0.9,3,False,290,0.30000000000000004,0.940117880640322,,0.03576840000459924,2,10504,2.082372699980624
a9-ceiling,waxman-n60-load0.9-cascading-centralised-th0.9-dw3,waxman,60,0.9,cascading,CENTRALISED,orbit-ceiling-0.95,4,10028887255842766051,0.34826549806322366,0.796759173749627,0.7220776677016604,0.1457692975514129,0.04044986978315824,3059.8660203427667,1.2823534628402664,2.8618613320010544,,0.0,True,110,0,52,0.9,3,False,290,0.30000000000000004,0.9012074639628758,,0.09789440003805794,5,13878,1.475068800005829
a9-ceiling,waxman-n60-load0.9-cascading-centralised-th0.9-dw3,waxman,60,0.9,cascading,CENTRALISED,orbit-ceiling-1.0,4,10028887255842766051,0.27729221252838565,0.6038542232220583,0.5678277319954183,0.07419974077753531,0.10781217765426047,2436.2936424648087,1.353187149300088,3.3233252919953156,,0.0,True,125,0,96,0.9,3,False,290,0.6000000000000001,0.7947712558972755,,0.08510550003848039,7,16143,0.9032243000110611
a9-ceiling,waxman-n60-load0.9-cascading-centralised-th0.9-dw3,waxman,60,0.9,cascading,CENTRALISED,orbit-no-fallback,4,10028887255842766051,0.23173079842306774,0.5931931665766623,0.36590723042102796,0.1155845249235786,0.06653801067025376,2035.9903576578847,1.4516272120094411,3.6521157168243428,,0.0,True,157,20,112,0.9,3,False,290,1.1,0.7560460144009548,,0.0958451000333298,8,17195,0.4284812999831047
a9-ceiling,waxman-n60-load0.9-cascading-centralised-th0.9-dw3,waxman,60,0.9,cascading,CENTRALISED,spf-static,4,10028887255842766051,0.135537963495077,0.3526621998753921,0.11135616021024251,0.14777893913536755,0.021981037710094017,1190.8386310772455,4.402537329859113,1.4610597834358925,0.0,0.0,False,0,0,47,0.9,3,False,290,0.0,0.8262695147077566,,0.009220800013281405,2,18963,0.4076227000041399
a9-ceiling,waxman-n60-load0.9-cascading-centralised-th0.9-dw3,waxman,60,0.9,cascading,CENTRALISED,cspf,5,9550258962755398862,0.09196217894635222,0.10200260153070449,0.14191414674138486,0.06219363544863291,0.07864381508364571,673.6582177955115,14.310219768234605,101.18696899543907,,0.0,True,169,0,121,0.9,3,False,262,0.6000000000000001,0.2527784110916875,,0.09881479997420684,6,19543,0.8302482000144664
a9-ceiling,waxman-n60-load0.9-cascading-centralised-th0.9-dw3,waxman,60,0.9,cascading,CENTRALISED,orbit,5,9550258962755398862,0.07803949260185576,0.14932762714254302,0.09080070975489161,0.045468260414379943,0.06957331990114266,571.6692025588144,14.961817837936776,101.08866815355775,,,True,293,3,128,0.9,3,False,262,0.0,0.2799051947173606,,0.2597056000086013,5,19939,1.2068412999797147
a9-ceiling,waxman-n60-load0.9-cascading-centralised-th0.9-dw3,waxman,60,0.9,cascading,CENTRALISED,orbit-ceiling-0.6,5,9550258962755398862,0.32520372643574535,0.5231279767418248,0.5339545813978778,0.27906505700755024,0.06351934920230945,2382.241974703158,1.3045947153306923,3.284473664858648,,0.2,True,60,0,0,0.9,3,False,262,0.30000000000000004,0.9194307632803225,,0.08368489998974837,2,13848,1.6561172000074293
a9-ceiling,waxman-n60-load0.9-cascading-centralised-th0.9-dw3,waxman,60,0.9,cascading,CENTRALISED,orbit-ceiling-0.7,5,9550258962755398862,0.41478240191277194,0.8284370029162264,0.7037525135718946,0.23240392736373483,0.1399542927901584,3038.4401157839584,1.2490541398515593,3.284473664858648,,0.0,True,69,0,0,0.9,3,False,262,0.30000000000000004,0.9477796224809403,,0.0955359999788925,2,12324,1.9150190000073053
a9-ceiling,waxman-n60-load0.9-cascading-centralised-th0.9-dw3,waxman,60,0.9,cascading,CENTRALISED,orbit-ceiling-0.8,5,9550258962755398862,0.48598390775123496,0.8870677186572241,0.8247792690164405,0.28863132725496604,0.19014384932452236,3560.0184437124126,1.19287477435288,2.4393441572101553,0.2,0.2,False,78,0,0,0.9,3,False,262,0.30000000000000004,0.9981509027464917,,0.10738470000796951,2,10974,2.1849321000045165
a9-ceiling,waxman-n60-load0.9-cascading-centralised-th0.9-dw3,waxman,60,0.9,cascading,CENTRALISED,orbit-ceiling-0.9,5,9550258962755398862,0.5434876645713101,0.8870677186572241,0.8247792690164405,0.4127873771240413,0.24374034557367288,3981.2555085557406,1.2505692989909276,2.27576136491184,0.2,0.2,False,88,0,0,0.9,3,False,262,0.30000000000000004,0.9981509027464917,,0.12462369998684153,2,9496,2.5300571999978274
a9-ceiling,waxman-n60-load0.9-cascading-centralised-th0.9-dw3,waxman,60,0.9,cascading,CENTRALISED,orbit-ceiling-0.95,5,9550258962755398862,0.4066497590800687,0.7377182785385661,0.5364987469892037,0.30568760416213836,0.22381623697284173,2978.865389092865,1.1807451187647808,2.0958718950735213,0.2,1.0,False,123,0,40,0.9,3,False,262,1.1,0.9698717826753068,,0.340410900011193,8,12516,2.109843099984573
a9-ceiling,waxman-n60-load0.9-cascading-centralised-th0.9-dw3,waxman,60,0.9,cascading,CENTRALISED,orbit-ceiling-1.0,5,9550258962755398862,0.2579155255192976,0.4684680323223076,0.3061583504881666,0.2601523503695014,0.08037104350408074,1889.330105634852,1.2734687297030212,2.3392448568124484,0.0,0.0,True,140,0,89,0.9,3,False,262,0.0,0.8654034470782245,,0.32462579995626584,6,16275,1.6225625000079162
a9-ceiling,waxman-n60-load0.9-cascading-centralised-th0.9-dw3,waxman,60,0.9,cascading,CENTRALISED,orbit-no-fallback,5,9550258962755398862,0.20439306049834333,0.36044616192267576,0.27847127773232494,0.14477551175730688,0.12260748337397968,1497.2575295916888,1.359863563183743,2.4585067470459956,,0.0,True,161,15,98,0.9,3,False,262,0.6000000000000001,0.6370873088918728,,0.3106299999926705,7,17751,1.4418524999928195
a9-ceiling,waxman-n60-load0.9-cascading-centralised-th0.9-dw3,waxman,60,0.9,cascading,CENTRALISED,spf-static,5,9550258962755398862,0.13470078381377262,0.1411972076915684,0.15231721978197052,0.12003681940231978,0.13424390571183378,986.7348838328492,4.630149100499638,50.41064021527571,0.0,0.0,False,0,0,47,0.9,3,False,262,0.0,0.5263024594923827,,0.008770700020249933,2,18816,0.5000319999817293
a9-ceiling,waxman-n60-load0.9-cascading-centralised-th0.9-dw3,waxman,60,0.9,cascading,CENTRALISED,cspf,6,11541735394445254528,0.04798737224377142,0.0840021311491085,0.030353262434704726,0.06856794932416668,0.017859575315694317,363.2149199396056,26.27084059930411,101.68252131128935,,,True,168,0,132,0.9,3,False,268,0.0,0.18137089199508696,,0.37401189998490736,5,20781,1.3721525000000838
a9-ceiling,waxman-n60-load0.9-cascading-centralised-th0.9-dw3,waxman,60,0.9,cascading,CENTRALISED,orbit,6,11541735394445254528,0.0653187945906064,0.11127603778254466,0.06222191762980592,0.07079164192081955,0.03598007817398532,494.39591372619975,20.295908806575305,101.67131188024103,,,True,326,1,129,0.9,3,False,268,0.1,0.24889005023485086,,0.5189055000373628,6,20209,1.5700391000136733
a9-ceiling,waxman-n60-load0.9-cascading-centralised-th0.9-dw3,waxman,60,0.9,cascading,CENTRALISED,orbit-ceiling-0.6,6,11541735394445254528,0.29618241981255633,0.519311047854336,0.37900628132888625,0.2849513354220903,0.1108180476481861,2241.7954738853095,1.068498870771065,2.0824920185525375,,0.0,True,59,0,0,0.9,3,False,268,0.30000000000000004,0.823531544135109,,0.09646480003721081,2,13976,1.5098810999770649
a9-ceiling,waxman-n60-load0.9-cascading-centralised-th0.9-dw3,waxman,60,0.9,cascading,CENTRALISED,orbit-ceiling-0.7,6,11541735394445254528,0.3571441388728492,0.8750815820728323,0.635232220288267,0.15645866920879542,0.07669694363269809,2703.212819169078,1.2998929067342437,2.634964690812776,,0.2,True,60,0,0,0.9,3,False,268,0.30000000000000004,0.9404229809898798,,0.11402300000190735,2,13848,1.737812200008193
a9-ceiling,waxman-n60-load0.9-cascading-centralised-th0.9-dw3,waxman,60,0.9,cascading,CENTRALISED,orbit-ceiling-0.8,6,11541735394445254528,0.41252614356826306,0.8750815820728323,0.7398249346558841,0.25209941997870344,0.06210844693319523,3122.3974809037186,1.2502294403629943,2.4123591721802975,,0.0,True,69,0,0,0.9,3,False,268,0.30000000000000004,0.9404229809898798,,0.12908319997950457,2,12454,2.0160408999945503
a9-ceiling,waxman-n60-load0.9-cascading-centralised-th0.9-dw3,waxman,60,0.9,cascading,CENTRALISED,orbit-ceiling-0.9,6,11541735394445254528,0.46284107731463175,0.8750815820728323,0.8318827461509881,0.3431277005894582,0.04618934213958954,3503.2296410732292,1.403034370882542,2.6826853046308785,,0.0,True,79,0,0,0.9,3,False,268,0.30000000000000004,0.9404229809898798,,0.12626520000048913,2,10998,2.5276922000048216
a9-ceiling,waxman-n60-load0.9-cascading-centralised-th0.9-dw3,waxman,60,0.9,cascading,CENTRALISED,orbit-ceiling-0.95,6,11541735394445254528,0.20499157620260552,0.34542364269382647,0.3596860044832437,0.165851326963408,0.033336806578924426,1551.5748301551778,1.208285594440192,3.0443774772957606,,0.2,True,149,0,98,0.9,3,False,268,0.6000000000000001,0.6210274810458032,,0.35536740004317835,7,17222,1.6467529000074137
a9-ceiling,waxman-n60-load0.9-cascading-centralised-th0.9-dw3,waxman,60,0.9,cascading,CENTRALISED,orbit-ceiling-1.0,6,11541735394445254528,0.1731368924994533,0.2286747862916911,0.23510691972106063,0.14501728712429515,0.12125106832433405,1310.4677253075342,1.361175333392366,2.888827388481351,,0.0,True,149,0,114,0.9,3,False,268,0.6000000000000001,0.4330602780225556,,0.3484578999923542,7,18446,1.510173200018471
a9-ceiling,waxman-n60-load0.9-cascading-centralised-th0.9-dw3,waxman,60,0.9,cascading,CENTRALISED,orbit-no-fallback,6,11541735394445254528,0.10186509590563604,0.2561550757578956,0.12573547642412233,0.07677992679265272,0.028391077259395957,771.0137255704425,2.0534887472715098,2.9271483321755807,,0.0,True,164,13,131,0.9,3,False,268,1.6,0.47038844111940387,,0.35345309996046126,8,19987,1.4385386999929324
a9-ceiling,waxman-n60-load0.9-cascading-centralised-th0.9-dw3,waxman,60,0.9,cascading,CENTRALISED,spf-static,6,11541735394445254528,0.1578337919612495,0.09710980354173304,0.2674402439038452,0.1499457737253124,0.09717249098155395,1194.6390358644926,3.2567735293432603,1.1736310291463354,0.0,0.0,False,0,0,41,0.9,3,False,268,0.0,0.44290608136666854,,0.034982799988938496,2,18522,0.935124999989057
a9-ceiling,waxman-n60-load0.9-cascading-centralised-th0.9-dw3,waxman,60,0.9,cascading,CENTRALISED,cspf,7,8384104090626853855,0.050947080697611405,0.05801033094420432,0.06770655508064646,0.06787199282732956,0.005856246880471732,343.419851168134,23.262412488501003,102.97051386707658,,,True,121,0,109,0.9,3,False,226,0.30000000000000004,0.11034586854384829,,0.3200113000057172,6,20763,1.2021295999875292
a9-ceiling,waxman-n60-load0.9-cascading-centralised-th0.9-dw3,waxman,60,0.9,cascading,CENTRALISED,orbit,7,8384104090626853855,0.057260500396956106,0.03851211603405033,0.07251239574993178,0.09265408691219422,0.005752903550127456,385.9768264417452,19.980097061729005,102.92431203974749,,,True,274,4,109,0.9,3,False,226,0.0,0.0,,0.41171480002230965,6,20602,1.3033487999928184
a9-ceiling,waxman-n60-load0.9-cascading-centralised-th0.9-dw3,waxman,60,0.9,cascading,CENTRALISED,orbit-ceiling-0.6,7,8384104090626853855,0.3095898246740098,0.5373276183750861,0.5780845979509863,0.1749780340592008,0.06707862226667471,2086.8573833260243,1.2505114251736449,2.334885719607677,0.2,0.2,False,49,0,0,0.9,3,False,226,0.30000000000000004,1.0,,0.07758899996406399,2,15498,1.3184326000045985
a9-ceiling,waxman-n60-load0.9-cascading-centralised-th0.9-dw3,waxman,60,0.9,cascading,CENTRALISED,orbit-ceiling-0.7,7,8384104090626853855,0.3361419602635981,0.8238995747812191,0.5179360052786973,0.19310427656801227,0.018279089839218294,2265.8378141478447,1.3226964910174739,2.449538900912204,,0.0,True,52,0,0,0.9,3,False,226,0.30000000000000004,0.9342871085560697,,0.08727190000354312,2,15026,1.4266530000022613
a9-ceiling,waxman-n60-load0.9-cascading-centralised-th0.9-dw3,waxman,60,0.9,cascading,CENTRALISED,orbit-ceiling-0.8,7,8384104090626853855,0.37949611556041457,0.8238995747812191,0.6002767336419651,0.222557568032658,0.0701990926510817,2558.0759042539753,1.5377844461516048,2.8312416285316777,,0.0,True,61,0,0,0.9,3,False,226,0.30000000000000004,0.9342871085560697,,0.09309559999383055,2,13654,1.7348920999793336
a9-ceiling,waxman-n60-load0.9-cascading-centralised-th0.9-dw3,waxman,60,0.9,cascading,CENTRALISED,orbit-ceiling-0.9,7,8384104090626853855,0.4398907521388696,0.8238995747812191,0.6786939572513038,0.3115809045538946,0.1136310118122548,2965.1790556245105,1.6355924457871855,3.200506743560103,,0.2,True,74,0,0,0.9,3,False,226,0.30000000000000004,0.9342871085560697,,0.09676280000712723,2,11986,2.1093310000142083
a9-ceiling,waxman-n60-load0.9-cascading-centralised-th0.9-dw3,waxman,60,0.9,cascading,CENTRALISED,orbit-ceiling-0.95,7,8384104090626853855,0.23619225396447951,0.3895670647490949,0.27271859907719026,0.2683512416458437,0.051372185041715236,1592.1051332652817,1.4797580598510414,3.42123397998805,,0.2,True,110,0,58,0.9,3,False,226,0.30000000000000004,0.73096535806581,,0.27864700002828613,7,16616,1.4838569999847095
a9-ceiling,waxman-n60-load0.9-cascading-centralised-th0.9-dw3,waxman,60,0.9,cascading,CENTRALISED,orbit-ceiling-1.0,7,8384104090626853855,0.18007892762970004,0.21602176208850285,0.2658763648162729,0.17275540186942562,0.07841249589035626,1213.86108248609,1.272019040290832,2.8806150531545276,,0.2,True,120,0,83,0.9,3,False,226,0.30000000000000004,0.5500886336397043,,0.30345080004190095,5,18002,1.3553149000217672
a9-ceiling,waxman-n60-load0.9-cascading-centralised-th0.9-dw3,waxman,60,0.9,cascading,CENTRALISED,orbit-no-fallback,7,8384104090626853855,0.1027247120263084,0.09212528387868191,0.08099551330265857,0.1661944145430122,0.0448813622732946,692.4382090653961,1.6502869333851766,3.0013315147580792,,0.0,True,129,8,106,0.9,3,False,226,0.30000000000000004,0.17001078154697016,,0.25646689999848604,7,19923,1.2084238000097685
a9-ceiling,waxman-n60-load0.9-cascading-centralised-th0.9-dw3,waxman,60,0.9,cascading,CENTRALISED,spf-static,7,8384104090626853855,0.08373500160932063,0.017499155585922483,0.08525183890738476,0.12616816635422717,0.06858730491406384,564.4339458999572,7.13150541904018,51.18112634314447,,0.0,True,0,0,48,0.9,3,False,226,0.0,0.0,,0.028876099997432902,3,20139,0.822139399999287
a9-ceiling,waxman-n60-load0.9-cascading-centralised-th0.9-dw3,waxman,60,0.9,cascading,CENTRALISED,cspf,8,7891546345124064172,0.06400322892642331,0.036250969250150346,0.08436781834556724,0.023615000536571965,0.1187568493390211,473.963085012827,20.909520921340835,102.07658180269696,,0.0,True,147,0,111,0.9,3,False,234,0.30000000000000004,0.0,,0.3577479999512434,6,20316,1.2901394999935292
a9-ceiling,waxman-n60-load0.9-cascading-centralised-th0.9-dw3,waxman,60,0.9,cascading,CENTRALISED,orbit,8,7891546345124064172,0.03552845828751298,0.035338520360468334,0.06560864172021,0.019433991397380918,0.026512500053892354,263.09887763720695,35.3359222036291,151.53298028616194,,,True,269,5,120,0.9,3,False,234,0.0,0.0,,0.3403760000364855,5,21086,1.2420435999811161
a9-ceiling,waxman-n60-load0.9-cascading-centralised-th0.9-dw3,waxman,60,0.9,cascading,CENTRALISED,orbit-ceiling-0.6,8,7891546345124064172,0.27053382302247686,0.45805937801374097,0.49768750225022496,0.16157600814896525,0.0639113162614784,2003.3840090700683,1.1369494373989255,2.078815696598169,,0.2,True,49,0,0,0.9,3,False,234,0.30000000000000004,0.9141111315253547,,0.06747069998527877,2,15432,1.2484567999781575
a9-ceiling,waxman-n60-load0.9-cascading-centralised-th0.9-dw3,waxman,60,0.9,cascading,CENTRALISED,orbit-ceiling-0.7,8,7891546345124064172,0.3096826455176075,0.793117895430625,0.5232753823931228,0.09302847009778237,0.08795440327299706,2293.2927682944223,1.442205182497246,2.8593723098663473,,0.2,True,48,0,0,0.9,3,False,234,0.30000000000000004,0.9275428222973402,,0.06549949999316595,2,15604,1.3575045999896247
a9-ceiling,waxman-n60-load0.9-cascading-centralised-th0.9-dw3,waxman,60,0.9,cascading,CENTRALISED,orbit-ceiling-0.8,8,7891546345124064172,0.339317564564209,0.801491421941702,0.5448271873795266,0.13972678326758758,0.11484882467749448,2512.748222199403,1.4305239154409173,2.9659553457555314,,0.0,True,55,0,0,0.9,3,False,234,0.30000000000000004,0.8634645962046232,,0.08254580001812428,2,14554,1.5082847000157926
a9-ceiling,waxman-n60-load0.9-cascading-centralised-th0.9-dw3,waxman,60,0.9,cascading,CENTRALISED,orbit-ceiling-0.9,8,7891546345124064172,0.39593576568603495,0.801491421941702,0.647717646550324,0.17283057172829372,0.19156070076069384,2932.022963828864,1.5718904381976473,3.5272704217764588,,0.0,True,66,0,0,0.9,3,False,234,0.30000000000000004,0.8634645962046232,,0.0858845999755431,2,12926,1.8864748000050895
a9-ceiling,waxman-n60-load0.9-cascading-centralised-th0.9-dw3,waxman,60,0.9,cascading,CENTRALISED,orbit-ceiling-0.95,8,7891546345124064172,0.20857039548896353,0.35452918959901547,0.2737277501701997,0.11266757470738284,0.18566873198505665,1544.5262644785578,1.3921899748204343,2.658477913560738,,0.0,True,122,0,63,0.9,3,False,234,0.30000000000000004,0.6281474046419847,,0.23899569996865466,6,17161,1.3428768000158016
a9-ceiling,waxman-n60-load0.9-cascading-centralised-th0.9-dw3,waxman,60,0.9,cascading,CENTRALISED,orbit-ceiling-1.0,8,7891546345124064172,0.13617718020293465,0.1930345671244361,0.15069308300331205,0.12293429676849955,0.10368242096373735,1008.4328169056552,1.2025984461016948,2.189136658742805,,0.0,True,133,0,102,0.9,3,False,234,1.1,0.5556597711675012,,0.30191380000906065,9,19111,1.2835150999890175
a9-ceiling,waxman-n60-load0.9-cascading-centralised-th0.9-dw3,waxman,60,0.9,cascading,CENTRALISED,orbit-no-fallback,8,7891546345124064172,0.11395320378921801,0.14605803719190244,0.110697940514512,0.08622279148322096,0.13781919851540206,843.8576134513679,1.6558677766752108,2.2665457523843853,,0.0,True,137,13,113,0.9,3,False,234,0.6000000000000001,0.2567290266444371,,0.2243804000027012,7,19688,1.216743700002553
a9-ceiling,waxman-n60-load0.9-cascading-centralised-th0.9-dw3,waxman,60,0.9,cascading,CENTRALISED,spf-static,8,7891546345124064172,0.08168449065840026,0.015581208163125398,0.13334333916611046,0.06763034471815485,0.08804544933713222,604.8981252908854,5.738307828900203,50.664324158236994,,0.0,True,0,0,33,0.9,3,False,234,0.0,0.0,,0.030692100030137226,2,20139,0.7529801000200678
a9-ceiling,waxman-n60-load0.9-cascading-centralised-th0.9-dw3,waxman,60,0.9,cascading,CENTRALISED,cspf,9,17252179256815130095,0.028993336828286025,0.03313981316373125,0.04059854404655338,0.030737746249577747,0.013478715039472532,301.2560386618603,52.39655083582699,152.26420321385626,,,True,178,0,196,0.9,3,False,310,0.0,0.0,,0.3893873000051826,5,21197,1.5565008000121452
a9-ceiling,waxman-n60-load0.9-cascading-centralised-th0.9-dw3,waxman,60,0.9,cascading,CENTRALISED,orbit,9,17252179256815130095,0.035821702925710186,0.03583842702262552,0.06685353388996504,0.034362033465345596,0.007500833920971495,372.20635849659027,41.596025225518666,151.96727528674455,,,True,323,3,195,0.9,3,False,310,0.0,0.0,,0.4753354000276886,5,21031,1.6522269000124652
a9-ceiling,waxman-n60-load0.9-cascading-centralised-th0.9-dw3,waxman,60,0.9,cascading,CENTRALISED,orbit-ceiling-0.6,9,17252179256815130095,0.2128801276808645,0.2376749705124478,0.187117278722598,0.2894442881944095,0.13304109519904522,2211.9366375380905,1.0643095614937192,1.992521267484581,0.2,0.2,False,48,0,0,0.9,3,False,310,0.30000000000000004,1.0,,0.07605730002978817,2,15604,1.2801169999875128
a9-ceiling,waxman-n60-load0.9-cascading-centralised-th0.9-dw3,waxman,60,0.9,cascading,CENTRALISED,orbit-ceiling-0.7,9,17252179256815130095,0.321747765020047,0.3930258498255886,0.3284802513378583,0.3965876490637139,0.18803455114342008,3343.1287234135325,1.2700021032880546,2.4028228936121794,0.2,0.2,False,64,0,0,0.9,3,False,310,0.30000000000000004,1.0,,0.0971406000026036,2,13204,1.7463316000066698
a9-ceiling,waxman-n60-load0.9-cascading-centralised-th0.9-dw3,waxman,60,0.9,cascading,CENTRALISED,orbit-ceiling-0.8,9,17252179256815130095,0.3755715463363045,0.5960460204372529,0.4935235753612159,0.4103509354726064,0.10360910426155501,3902.3861569807796,1.2995814122802418,2.4654264650492683,,0.0,True,67,0,0,0.9,3,False,310,0.0,0.927705267945546,,0.10430040000937879,2,12580,1.915550500008976
a9-ceiling,waxman-n60-load0.9-cascading-centralised-th0.9-dw3,waxman,60,0.9,cascading,CENTRALISED,orbit-ceiling-0.9,9,17252179256815130095,0.45046883310498065,0.7103538965719018,0.595585370334354,0.5109264366381577,0.10068142168902042,4680.608410324173,1.2542232359168404,2.652069163789714,,0.0,True,79,0,0,0.9,3,False,310,0.30000000000000004,0.9387208695941555,,0.12979249999625608,2,10954,2.271008300012909
a9-ceiling,waxman-n60-load0.9-cascading-centralised-th0.9-dw3,waxman,60,0.9,cascading,CENTRALISED,orbit-ceiling-0.95,9,17252179256815130095,0.36667869139880144,0.6224510259037549,0.5585473747224479,0.3455814543652914,0.07149411626728217,3809.984710857715,1.227188546064672,3.2484065763603605,,0.0,True,92,0,35,0.9,3,False,310,1.1,0.8604711921085859,,0.33134069995139726,10,13380,2.0481314999924507
a9-ceiling,waxman-n60-load0.9-cascading-centralised-th0.9-dw3,waxman,60,0.9,cascading,CENTRALISED,orbit-ceiling-1.0,9,17252179256815130095,0.33134954435859687,0.5690919571057292,0.461644832558509,0.2654479474067717,0.1589902991190297,3442.896267410566,1.1521179538790485,2.2361300784289098,,0.5,True,120,0,82,0.9,3,False,310,0.6000000000000001,0.8295224125051632,,0.303028299997095,7,14850,1.8169695000106003
a9-ceiling,waxman-n60-load0.9-cascading-centralised-th0.9-dw3,waxman,60,0.9,cascading,CENTRALISED,orbit-no-fallback,9,17252179256815130095,0.32258433060957953,0.6300691921115938,0.4111715181125186,0.23253550534102974,0.1828631561518065,3351.8210804566697,1.293618189491984,3.338376682109174,0.2,0.2,True,124,6,87,0.9,3,False,310,0.30000000000000004,0.9303122262558373,,0.3365450000273995,7,15033,1.8448697999992874
a9-ceiling,waxman-n60-load0.9-cascading-centralised-th0.9-dw3,waxman,60,0.9,cascading,CENTRALISED,spf-static,9,17252179256815130095,0.1264086679491176,0.06398371698545091,0.1400791559773548,0.12514276293285256,0.14753339605814708,1313.4526316998902,4.51692213270741,50.19199685545351,0.0,0.0,False,0,0,59,0.9,3,False,310,0.0,0.28601733927842954,,0.039581700024427846,3,19257,0.9379475000023376
a9-ceiling,waxman-n60-load0.9-cascading-centralised-th0.9-dw3,waxman,60,0.9,cascading,CENTRALISED,cspf,10,11193605584310611830,0.03357520212478559,0.032460207953583675,0.037092880377047985,0.03098634869978371,0.03395134493826079,345.12593030884545,40.68112621528981,152.41932044281577,,,True,167,0,181,0.9,3,False,306,0.0,0.0,,0.4156254999979865,5,21090,1.5532218999869656
a9-ceiling,waxman-n60-load0.9-cascading-centralised-th0.9-dw3,waxman,60,0.9,cascading,CENTRALISED,orbit,10,11193605584310611830,0.02991315802570603,0.06331275608576144,0.03983773292052186,0.023320702854832155,0.009122768471789635,307.4830779492508,41.87915877236606,152.05262023671813,,,True,293,4,190,0.9,3,False,306,0.0,0.10157677546322043,,0.4320993999717757,5,21143,1.6033371000085026
a9-ceiling,waxman-n60-load0.9-cascading-centralised-th0.9-dw3,waxman,60,0.9,cascading,CENTRALISED,orbit-ceiling-0.6,10,11193605584310611830,0.25124246862341193,0.21006078194403804,0.19439553102405144,0.3270397077257844,0.23461596522591008,2582.5694330738056,0.9747299369420335,1.8503591101579038,0.0,0.2,False,55,0,0,0.9,3,False,306,0.30000000000000004,1.0,,0.07829629996558651,2,14554,1.3714411999972071
a9-ceiling,waxman-n60-load0.9-cascading-centralised-th0.9-dw3,waxman,60,0.9,cascading,CENTRALISED,orbit-ceiling-0.7,10,11193605584310611830,0.2920411883174209,0.2950889231740115,0.24440503205963648,0.3860386066128952,0.21672407895713955,3001.947283353674,1.2796958853715112,3.343319981737331,0.0,0.2,False,60,0,0,0.9,3,False,306,0.30000000000000004,1.0,,0.08573089996934868,2,13782,1.647382800001651
a9-ceiling,waxman-n60-load0.9-cascading-centralised-th0.9-dw3,waxman,60,0.9,cascading,CENTRALISED,orbit-ceiling-0.8,10,11193605584310611830,0.36597660470246024,0.5479833630708253,0.38128468508837676,0.5050910434524682,0.06387227684755235,3761.9435826409267,1.4039599791885498,3.0263718001610753,0.0,0.2,False,66,0,0,0.9,3,False,306,0.30000000000000004,1.0,,0.09585479999077506,2,12774,2.0495262000185903
a9-ceiling,waxman-n60-load0.9-cascading-centralised-th0.9-dw3,waxman,60,0.9,cascading,CENTRALISED,orbit-ceiling-0.9,10,11193605584310611830,0.4262478649872712,0.6623712907620336,0.5476175960669163,0.48430617418986815,0.08918541426066891,4381.483405495077,1.5032334402934022,3.857686798509983,0.0,0.0,False,72,0,0,0.9,3,False,306,0.30000000000000004,0.9999999999999999,,0.12842690001707524,2,12004,2.135006800002884
a9-ceiling,waxman-n60-load0.9-cascading-centralised-th0.9-dw3,waxman,60,0.9,cascading,CENTRALISED,orbit-ceiling-0.95,10,11193605584310611830,0.2920719710795095,0.6317766156988605,0.4571514762274298,0.1661989057698034,0.09103910898679354,3002.263705258264,1.2991461585812916,2.7664710971872513,0.0,0.0,True,85,0,77,0.9,3,False,306,0.30000000000000004,0.9983067050328126,,0.24757480001426302,6,15471,1.6897121999936644
a9-ceiling,waxman-n60-load0.9-cascading-centralised-th0.9-dw3,waxman,60,0.9,cascading,CENTRALISED,orbit-ceiling-1.0,10,11193605584310611830,0.2433297640713453,0.5602073179866398,0.4055519347718434,0.14017878594084585,0.02859696247721144,2501.2332281675344,1.4808290015054555,3.0497866221217587,0.0,0.0,True,79,0,104,0.9,3,False,306,0.0,0.8665341384247551,,0.17446450001443736,4,16971,1.5416108000208624
a9-ceiling,waxman-n60-load0.9-cascading-centralised-th0.9-dw3,waxman,60,0.9,cascading,CENTRALISED,orbit-no-fallback,10,11193605584310611830,0.24440224734043461,0.5736319284007576,0.3814933342240239,0.1345215475164232,0.05747828862497687,2512.257489007706,1.4511901291350342,2.570295054546537,,0.0,True,85,1,106,0.9,3,False,306,0.0,0.848205107174346,,0.21483929999521933,5,17093,1.5456909000058658
a9-ceiling,waxman-n60-load0.9-cascading-centralised-th0.9-dw3,waxman,60,0.9,cascading,CENTRALISED,spf-static,10,11193605584310611830,0.08722894489106273,0.05649239007352039,0.10040941223046249,0.10206841484871416,0.07173169124186836,896.6430237262283,7.119846192041386,50.762522845192635,0.0,0.0,False,0,0,73,0.9,3,False,306,0.0,0.25047562997943934,,0.03910090000135824,3,20139,0.9530138999980409
a9-ceiling,waxman-n60-load0.9-cascading-centralised-th0.9-dw3,waxman,60,0.9,cascading,CENTRALISED,cspf,11,2609158847039932858,0.07096883088431744,0.12697188377531668,0.06204762123427813,0.07420275945663983,0.0375883670641098,526.5164841962055,19.743499069877185,102.06066834144225,,,True,126,0,123,0.9,3,False,252,0.0,0.31810603662754094,,0.3308730999706313,5,20516,1.2863513999909628
a9-ceiling,waxman-n60-load0.9-cascading-centralised-th0.9-dw3,waxman,60,0.9,cascading,CENTRALISED,orbit,11,2609158847039932858,0.054866806397231106,0.15871810779418705,0.043549253126849354,0.04671183216501865,0.008724518754222891,407.05585315944217,24.384178569890224,150.68141901723573,,,True,266,0,127,0.9,3,False,252,0.0,0.36236598690028315,,0.3300376000115648,4,20815,1.2920363000012003
a9-ceiling,waxman-n60-load0.9-cascading-centralised-th0.9-dw3,waxman,60,0.9,cascading,CENTRALISED,orbit-ceiling-0.6,11,2609158847039932858,0.2704230762919532,0.5510562427849075,0.5365054416649858,0.10512218917246688,0.05885499017530958,2006.2639556068102,1.2839567158093703,3.5505831719408,0.0,0.2,False,48,0,0,0.9,3,False,252,0.30000000000000004,1.0,,0.08761580000282265,2,15582,1.3760987000132445
a9-ceiling,waxman-n60-load0.9-cascading-centralised-th0.9-dw3,waxman,60,0.9,cascading,CENTRALISED,orbit-ceiling-0.7,11,2609158847039932858,0.3208523590290563,0.7169945039038795,0.5306585533411382,0.16335382208474294,0.07703800645667161,2380.3979002755154,1.5402870499318828,3.448654527296196,0.0,0.0,True,55,0,0,0.9,3,False,252,0.30000000000000004,1.0,,0.10738410000340082,2,14554,1.5318943000165746
a9-ceiling,waxman-n60-load0.9-cascading-centralised-th0.9-dw3,waxman,60,0.9,cascading,CENTRALISED,orbit-ceiling-0.8,11,2609158847039932858,0.39442950402765187,0.9653401994026312,0.7142477055273668,0.1447998082400415,0.059080344620658524,2926.265420130849,1.4386915685891866,3.7207870784544506,0.0,0.0,True,65,0,0,0.9,3,False,252,0.30000000000000004,1.0,,0.10044350000680424,2,13228,1.909020299994154
a9-ceiling,waxman-n60-load0.9-cascading-centralised-th0.9-dw3,waxman,60,0.9,cascading,CENTRALISED,orbit-ceiling-0.9,11,2609158847039932858,0.45988752469740624,0.9702669028684063,0.7366046975635755,0.26178393755582424,0.13212926678089532,3411.8973021279016,1.565143560500683,3.550508367544426,0.0,0.2,True,77,0,0,0.9,3,False,252,0.30000000000000004,0.9656925802327773,,0.12005959995440207,2,11384,2.255549699999392
a9-ceiling,waxman-n60-load0.9-cascading-centralised-th0.9-dw3,waxman,60,0.9,cascading,CENTRALISED,orbit-ceiling-0.95,11,2609158847039932858,0.28533568560305345,0.5566865730258563,0.3339940830174272,0.1947913643477177,0.18863184050889586,2116.900336773506,1.3557715601000275,3.132252699599555,0.2,0.2,True,137,0,73,0.9,3,False,252,1.8,0.9570382555666617,,0.3134124999924097,10,15428,1.6658751999784727
a9-ceiling,waxman-n60-load0.9-cascading-centralised-th0.9-dw3,waxman,60,0.9,cascading,CENTRALISED,orbit-ceiling-1.0,11,2609158847039932858,0.22512443576036933,0.4277541586111718,0.21363370668255516,0.20208344261378614,0.13498720579326012,1670.1941534927712,1.227690487181805,2.6857606417516102,,0.0,True,148,0,88,0.9,3,False,252,1.8,0.871183853049665,,0.3701885000336915,10,16912,1.5512461999896914
a9-ceiling,waxman-n60-load0.9-cascading-centralised-th0.9-dw3,waxman,60,0.9,cascading,CENTRALISED,orbit-no-fallback,11,2609158847039932858,0.1616319146848009,0.2886051046729754,0.22234699502514566,0.1173865974548076,0.08081457102942588,1199.1442777528982,1.4544127550394572,3.6432878881634174,,0.0,True,163,13,106,0.9,3,False,252,3.8000000000000003,0.6580051798151099,,0.5323267999629024,14,18614,1.6088597000052687
a9-ceiling,waxman-n60-load0.9-cascading-centralised-th0.9-dw3,waxman,60,0.9,cascading,CENTRALISED,spf-static,11,2609158847039932858,0.10831498932338893,0.09110328584930709,0.043857910388878325,0.08221255658271605,0.223830618759497,803.5869642161821,5.734780972232081,50.5862618832164,0.0,0.0,False,0,0,47,0.9,3,False,252,0.0,0.3879524735379493,,0.030464200011920184,2,19551,0.8622858000162523
a9-ceiling,waxman-n60-load0.9-cascading-centralised-th0.9-dw3,waxman,60,0.9,cascading,CENTRALISED,cspf,12,16513731473521037156,0.026831394788339923,0.03527765585671768,0.02447699359053653,0.038481734221075654,0.008840399875513442,206.29408038409983,52.54587403232004,152.63381335237915,,,True,163,0,130,0.9,3,False,252,0.1,0.18070317257008248,,0.3822482999530621,7,21223,1.3108207000186667
a9-ceiling,waxman-n60-load0.9-cascading-centralised-th0.9-dw3,waxman,60,0.9,cascading,CENTRALISED,orbit,12,16513731473521037156,0.046598594915978335,0.0355576168298569,0.01949993672671558,0.0563992153750131,0.06970597812658706,358.27486275743115,28.625019180290767,151.1930343169777,,0.0,True,258,0,129,0.9,3,False,252,0.0,0.0,,0.36124329996528104,4,21016,1.3220575000159442
a9-ceiling,waxman-n60-load0.9-cascading-centralised-th0.9-dw3,waxman,60,0.9,cascading,CENTRALISED,orbit-ceiling-0.6,12,16513731473521037156,0.2860261623799695,0.4368966926847305,0.4160216485031925,0.2600798612309492,0.08586690179274704,2199.1217601408835,1.4685026902195517,3.7718463426598507,,0.0,True,55,0,0,0.9,3,False,252,0.30000000000000004,0.911337427550106,,0.07581900001969188,2,14554,1.5262829000130296
a9-ceiling,waxman-n60-load0.9-cascading-centralised-th0.9-dw3,waxman,60,0.9,cascading,CENTRALISED,orbit-ceiling-0.7,12,16513731473521037156,0.3286066907797357,0.6023568143720334,0.5638792557329544,0.22071121872933724,0.04520499847063598,2526.503583478525,1.5212456995263979,2.6815912557733865,,0.0,True,56,0,0,0.9,3,False,252,0.30000000000000004,0.934286633891485,,0.08568730001570657,2,14426,1.5911570999887772
a9-ceiling,waxman-n60-load0.9-cascading-centralised-th0.9-dw3,waxman,60,0.9,cascading,CENTRALISED,orbit-ceiling-0.8,12,16513731473521037156,0.3853138562066027,0.9323742396318299,0.5249004670457066,0.24162697365794691,0.07768738047211453,2962.4985302640825,1.5426958318046726,2.666474445124141,,0.0,True,64,0,0,0.9,3,False,252,0.30000000000000004,0.9219702764982619,,0.11368220002623275,2,13334,1.7965135000122245
a9-ceiling,waxman-n60-load0.9-cascading-centralised-th0.9-dw3,waxman,60,0.9,cascading,CENTRALISED,orbit-ceiling-0.9,12,16513731473521037156,0.42241517881225066,0.9323742396318299,0.6092444613991571,0.2881582069948987,0.07562181949302196,3247.753295748434,1.6429652206499747,3.163088443254098,,0.0,True,71,0,0,0.9,3,False,252,0.30000000000000004,0.9219702764982619,,0.12351860001217574,2,12284,2.125182199990377
a9-ceiling,waxman-n60-load0.9-cascading-centralised-th0.9-dw3,waxman,60,0.9,cascading,CENTRALISED,orbit-ceiling-0.95,12,16513731473521037156,0.31945730630069763,0.8269345443224754,0.3051521124077092,0.2690600678685063,0.07947016652858499,2456.158233485615,1.4967735968890639,2.657447606640187,0.2,0.2,True,104,0,37,0.9,3,False,252,0.30000000000000004,0.924719904075353,,0.2860128999745939,6,14888,1.747264899982838
a9-ceiling,waxman-n60-load0.9-cascading-centralised-th0.9-dw3,waxman,60,0.9,cascading,CENTRALISED,orbit-ceiling-1.0,12,16513731473521037156,0.1750813715931705,0.3729282703272338,0.1055399418323939,0.18278607796318627,0.11409653553433924,1346.119008352701,1.455567448847453,3.1840330638754004,,0.5,True,125,0,84,0.9,3,False,252,2.1,0.7076040438270046,,0.47062679997179657,10,18096,1.5696701999986544
a9-ceiling,waxman-n60-load0.9-cascading-centralised-th0.9-dw3,waxman,60,0.9,cascading,CENTRALISED,orbit-no-fallback,12,16513731473521037156,0.14425369595161192,0.430542598213806,0.07985930797877798,0.09779065180026608,0.09236132657364444,1109.0993883507506,1.6236470995094578,3.6432279221475143,,0.5,True,134,6,92,0.9,3,False,252,0.6000000000000001,0.6578784708387871,,0.38724710000678897,7,19276,1.3907854999997653
a9-ceiling,waxman-n60-load0.9-cascading-centralised-th0.9-dw3,waxman,60,0.9,cascading,CENTRALISED,spf-static,12,16513731473521037156,0.08493234257263998,0.0198784681983967,0.008668641760858587,0.22266831912207857,0.028100734037674394,653.00516965686,6.510728372530311,51.122032734540895,,0.0,True,0,0,44,0.9,3,False,252,0.0,0.0,,0.03155419998802245,3,19828,0.892055900010746
a9-ceiling,waxman-n60-load0.9-cascading-centralised-th0.9-dw3,waxman,60,0.9,cascading,CENTRALISED,cspf,13,18119248762303217604,0.03361566790320558,0.03586448084581967,0.0443012915648085,0.023904994084154408,0.03417895144562966,310.8416190924465,46.712937376356116,152.17910884127062,,,True,205,0,172,0.9,3,False,300,0.0,0.0,,0.4280296999786515,6,21094,1.5522491000010632
a9-ceiling,waxman-n60-load0.9-cascading-centralised-th0.9-dw3,waxman,60,0.9,cascading,CENTRALISED,orbit,13,18119248762303217604,0.05370644679135459,0.03496677772219321,0.07895335795244875,0.04586977869449567,0.048392971565469005,496.61958002432056,25.88273654103332,151.00636831190928,,0.0,True,286,1,164,0.9,3,False,300,0.0,0.0,,0.4063778000418097,4,20775,1.5325380000285804
a9-ceiling,waxman-n60-load0.9-cascading-centralised-th0.9-dw3,waxman,60,0.9,cascading,CENTRALISED,orbit-ceiling-0.6,13,18119248762303217604,0.2666072016421751,0.4293850875154909,0.23147418575773518,0.35076676394614614,0.10249629231667162,2465.2972672977103,1.285236299085979,3.118600601647825,0.2,0.2,True,54,0,0,0.9,3,False,300,0.30000000000000004,1.0,,0.08519340000930242,2,14682,1.4037080999987666
a9-ceiling,waxman-n60-load0.9-cascading-centralised-th0.9-dw3,waxman,60,0.9,cascading,CENTRALISED,orbit-ceiling-0.7,13,18119248762303217604,0.3179810343229457,0.4966872476825057,0.35524054717887943,0.35812177662723044,0.128674326536215,2940.3473354819084,1.4598646395548713,3.520782620443597,,0.0,True,58,0,0,0.9,3,False,300,0.30000000000000004,0.9154695544520454,,0.09795500000473112,2,14126,1.5411157999769785
a9-ceiling,waxman-n60-load0.9-cascading-centralised-th0.9-dw3,waxman,60,0.9,cascading,CENTRALISED,orbit-ceiling-0.8,13,18119248762303217604,0.41268376971663256,0.7829493441960906,0.600416717637267,0.37541114823842925,0.06536546019401974,3816.0565936475036,1.3757433560584227,2.5989212832410504,,0.0,True,70,0,0,0.9,3,False,300,0.30000000000000004,0.9448749604880151,,0.11903860000893474,2,12348,1.9703360999992583
a9-ceiling,waxman-n60-load0.9-cascading-centralised-th0.9-dw3,waxman,60,0.9,cascading,CENTRALISED,orbit-ceiling-0.9,13,18119248762303217604,0.4735863538437403,0.8103376369182493,0.8079836072187284,0.30037122623162515,0.17289420842172054,4379.218328571082,1.4444203083574176,3.20145850472756,,0.0,True,72,0,0,0.9,3,False,300,0.30000000000000004,0.8951257442943652,,0.10988530004397035,2,12026,2.1052117999934126
a9-ceiling,waxman-n60-load0.9-cascading-centralised-th0.9-dw3,waxman,60,0.9,cascading,CENTRALISED,orbit-ceiling-0.95,13,18119248762303217604,0.3781583140276759,0.7454633383866934,0.5686530998058659,0.2816511698586723,0.1075389145007898,3496.802233532993,1.370181238494463,2.508986117130874,0.0,0.0,True,103,0,51,0.9,3,False,300,0.6000000000000001,0.9668500668501826,,0.263177100016037,7,14136,1.840220500016585
a9-ceiling,waxman-n60-load0.9-cascading-centralised-th0.9-dw3,waxman,60,0.9,cascading,CENTRALISED,orbit-ceiling-1.0,13,18119248762303217604,0.33388758628298393,0.5447888817774794,0.5476911169023908,0.25980071348105427,0.09583873356783594,3087.4340564619465,1.3587539001158457,2.790260183819633,0.0,0.0,False,110,0,66,0.9,3,False,300,0.0,0.8564653285529659,,0.27191439998568967,5,15879,1.6476584000047296
a9-ceiling,waxman-n60-load0.9-cascading-centralised-th0.9-dw3,waxman,60,0.9,cascading,CENTRALISED,orbit-no-fallback,13,18119248762303217604,0.23708666923606367,0.5402792015844586,0.3453306250373328,0.14056636558249241,0.08618986826932794,2192.3230662195374,1.3345854192422442,3.0515219589915423,,0.2,True,163,25,113,0.9,3,False,300,2.6,0.9061717893933575,,0.6538747999584302,13,17532,1.8981170000042766
a9-ceiling,waxman-n60-load0.9-cascading-centralised-th0.9-dw3,waxman,60,0.9,cascading,CENTRALISED,spf-static,13,18119248762303217604,0.08630644925224858,0.016359198961298012,0.09272053389365965,0.08954712094814402,0.11391572104530003,798.0694151589574,8.128701918932519,51.223979794067866,,0.0,True,0,0,63,0.9,3,False,300,0.0,0.0,,0.03805829997872934,2,20433,0.9068544000037946
a9-ceiling,waxman-n60-load0.9-cascading-centralised-th0.9-dw3,waxman,60,0.9,cascading,CENTRALISED,cspf,14,13422106581314820688,0.036739340709255594,0.05630501861658905,0.03635034122540711,0.050192855030691,0.00817778174124439,326.0603905359647,36.034237926644224,150.8826034379479,,,True,127,0,142,0.9,3,False,268,0.0,0.09170355924781932,,0.3419422999722883,5,21080,1.3355976000020746
a9-ceiling,waxman-n60-load0.9-cascading-centralised-th0.9-dw3,waxman,60,0.9,cascading,CENTRALISED,orbit,14,13422106581314820688,0.04145818175114142,0.03425714765562887,0.04345665008641153,0.07135692556419244,0.004112646045878639,367.9399431705826,28.53882469375307,106.13754506127356,,,True,265,0,140,0.9,3,False,268,0.0,0.0,,0.4146798999863677,5,21092,1.4076977999939118
a9-ceiling,waxman-n60-load0.9-cascading-centralised-th0.9-dw3,waxman,60,0.9,cascading,CENTRALISED,orbit-ceiling-0.6,14,13422106581314820688,0.2755838964272646,0.42841429930341535,0.506769934701796,0.21090075765107782,0.06565820281390482,2445.7976425216425,1.1039753171963576,2.6725618425831303,0.2,0.2,False,61,0,4,0.9,3,False,268,1.8,1.0,,0.1204927000508178,5,14659,1.4839989999891259
a9-ceiling,waxman-n60-load0.9-cascading-centralised-th0.9-dw3,waxman,60,0.9,cascading,CENTRALISED,orbit-ceiling-0.7,14,13422106581314820688,0.31610309781234197,0.5439899253456003,0.6440331913400418,0.22116182493167014,0.016267206401904145,2805.404167101855,1.2398009867077286,2.6963419177261754,,0.0,True,58,0,0,0.9,3,False,268,0.30000000000000004,0.9322087805962782,,0.07784439998795278,2,14082,1.6857410999946296
a9-ceiling,waxman-n60-load0.9-cascading-centralised-th0.9-dw3,waxman,60,0.9,cascading,CENTRALISED,orbit-ceiling-0.8,14,13422106581314820688,0.3581480892612176,0.7635131960123646,0.7284828770633162,0.19011094860761713,0.016267206401904145,3178.552026242615,1.1801864763573011,2.2981761438834867,,0.0,True,63,0,0,0.9,3,False,268,0.30000000000000004,0.9337381825864852,,0.09313439999823458,2,13354,1.8899777000187896
a9-ceiling,waxman-n60-load0.9-cascading-centralised-th0.9-dw3,waxman,60,0.9,cascading,CENTRALISED,orbit-ceiling-0.9,14,13422106581314820688,0.4069363139540566,0.9534824378282912,0.7789795613007917,0.1412509787170784,0.11290912009564998,3611.54584947951,1.3136660943515621,3.5872214999231042,,0.0,True,69,0,0,0.9,3,False,268,0.30000000000000004,0.9463258898018762,,0.12141389996395446,2,12454,2.0718082000094
a9-ceiling,waxman-n60-load0.9-cascading-centralised-th0.9-dw3,waxman,60,0.9,cascading,CENTRALISED,orbit-ceiling-0.95,14,13422106581314820688,0.2974616534616015,0.7640019430514225,0.5648843411404221,0.10136833473629915,0.05114996515290646,2639.9619869261605,1.1984869022661442,2.0612275340971506,0.2,0.7000000000000001,False,99,0,49,0.9,3,False,268,1.8,0.9897052787699335,,0.3373326000000816,9,15726,1.7466887999908067
a9-ceiling,waxman-n60-load0.9-cascading-centralised-th0.9-dw3,waxman,60,0.9,cascading,CENTRALISED,orbit-ceiling-1.0,14,13422106581314820688,0.23324119958056536,0.5714443807722318,0.4114497388175954,0.11219809755970239,0.04086668566909562,2070.0076581710914,1.1478354410452984,2.2314494415588975,,0.7000000000000001,True,104,0,79,0.9,3,False,268,0.8,0.7865705427585706,,0.3219498000398744,7,17467,1.4946324000193272
a9-ceiling,waxman-n60-load0.9-cascading-centralised-th0.9-dw3,waxman,60,0.9,cascading,CENTRALISED,orbit-no-fallback,14,13422106581314820688,0.17864017103660434,0.5683863718265935,0.22595215953594028,0.0979439221689561,0.021955966868472735,1585.4253998339357,1.1758354678283962,2.465726887846284,,0.2,True,152,18,109,0.9,3,False,268,2.1,0.9915554558953398,,0.5402445000654552,11,18509,1.653090500010876
a9-ceiling,waxman-n60-load0.9-cascading-centralised-th0.9-dw3,waxman,60,0.9,cascading,CENTRALISED,spf-static,14,13422106581314820688,0.10007799638506715,0.10246215090132683,0.13115959277917755,0.11400068433209107,0.052173805348180634,888.1887904197241,6.119428127070136,50.64208151578936,0.0,0.0,False,0,0,57,0.9,3,False,268,0.0,0.4141962198519592,,0.032590099988738075,2,19698,0.8816665000049397
a9-ceiling,waxman-n60-load0.9-cascading-centralised-th0.9-dw3,waxman,60,0.9,cascading,CENTRALISED,cspf,15,10634034354848405627,0.0502235366740262,0.03265812160670351,0.044831580555318294,0.038819696769372754,0.08161329676053647,413.8927832021103,29.577742572552772,103.51101746223017,,,True,186,0,141,0.9,3,False,280,0.1,0.0,,0.4125685000617523,6,20697,1.4296919000044
a9-ceiling,waxman-n60-load0.9-cascading-centralised-th0.9-dw3,waxman,60,0.9,cascading,CENTRALISED,orbit,15,10634034354848405627,0.051211301906682084,0.08358348154714496,0.057378425555054575,0.016119973538221928,0.07455937459742032,422.03296862847145,29.242334132301014,151.3634682843578,,0.0,True,337,0,145,0.9,3,False,280,0.0,0.20907075858875457,,0.46235279997927137,5,20607,1.5144890999945346
a9-ceiling,waxman-n60-load0.9-cascading-centralised-th0.9-dw3,waxman,60,0.9,cascading,CENTRALISED,orbit-ceiling-0.6,15,10634034354848405627,0.28363732702344185,0.44920865616130484,0.35722070020938523,0.3379340128341718,0.038637980178731865,2337.4586991690726,1.333300526219988,2.748591412598567,0.0,0.0,True,53,0,0,0.9,3,False,280,0.30000000000000004,1.0,,0.07830180000746623,2,14832,1.4418294999923091
a9-ceiling,waxman-n60-load0.9-cascading-centralised-th0.9-dw3,waxman,60,0.9,cascading,CENTRALISED,orbit-ceiling-0.7,15,10634034354848405627,0.3545195332905506,0.6679345377058478,0.37808128754671133,0.3694212780397859,0.1267899482910006,2921.5998324750444,1.2564233048680982,2.2027638410429056,0.0,0.0,True,63,0,0,0.9,3,False,280,0.30000000000000004,1.0,,0.09801070002140477,2,13332,1.6582041000074241
a9-ceiling,waxman-n60-load0.9-cascading-centralised-th0.9-dw3,waxman,60,0.9,cascading,CENTRALISED,orbit-ceiling-0.8,15,10634034354848405627,0.4150529017245454,0.9063011213432024,0.5076022804772807,0.37193033675883763,0.09475505797003084,3420.456065964911,1.4538722413672895,2.5319747926304137,,0.0,True,69,0,0,0.9,3,False,280,0.30000000000000004,0.9331115694789521,,0.11470319997170009,2,12432,2.0030953999958
a9-ceiling,waxman-n60-load0.9-cascading-centralised-th0.9-dw3,waxman,60,0.9,cascading,CENTRALISED,orbit-ceiling-0.9,15,10634034354848405627,0.43897785611492274,0.9063011213432024,0.6781183107117332,0.35482721942474843,0.04404182039723745,3617.6219092404995,1.7420119510197203,4.0056815027188035,,0.2,True,72,0,0,0.9,3,False,280,0.30000000000000004,0.9331115694789521,,0.11818409999250434,2,12004,2.309786500001792
a9-ceiling,waxman-n60-load0.9-cascading-centralised-th0.9-dw3,waxman,60,0.9,cascading,CENTRALISED,orbit-ceiling-0.95,15,10634034354848405627,0.40062939820885624,0.8425958769888792,0.5959012286136031,0.25120358546950783,0.15416582400498632,3301.5917961628725,1.4576609655846196,2.672949543110145,,0.2,True,97,0,26,0.9,3,False,280,0.8,0.9109482596612862,,0.24756770001840778,7,13435,1.97293030002038
a9-ceiling,waxman-n60-load0.9-cascading-centralised-th0.9-dw3,waxman,60,0.9,cascading,CENTRALISED,orbit-ceiling-1.0,15,10634034354848405627,0.2881996429177611,0.5491905485189288,0.4781909687732119,0.17349664368793463,0.10516565723090146,2375.0568005453856,1.4150625002123167,2.5280582317047693,0.2,0.2,True,125,0,73,0.9,3,False,280,0.6000000000000001,0.8604593156866925,,0.29874460003338754,7,16293,1.6289722000074107
a9-ceiling,waxman-n60-load0.9-cascading-centralised-th0.9-dw3,waxman,60,0.9,cascading,CENTRALISED,orbit-no-fallback,15,10634034354848405627,0.261357685684355,0.5391073357053571,0.37258883232618,0.14787090931755648,0.1448888412762152,2153.851900977411,1.503909200262197,2.9204248392002916,,0.5,True,141,13,83,0.9,3,False,280,0.6000000000000001,0.8663409408292855,,0.36688999997568317,7,17054,1.6078476999828126
a9-ceiling,waxman-n60-load0.9-cascading-centralised-th0.9-dw3,waxman,60,0.9,cascading,CENTRALISED,spf-static,15,10634034354848405627,0.11805998312822531,0.07087536647067894,0.10657145326419484,0.12112413609461746,0.15288911498383298,972.9337724439098,5.6483736844604,50.46704582561055,0.0,0.0,False,0,0,52,0.9,3,False,280,0.0,0.3259898047398961,,0.035305799974594265,2,19110,0.9408804000122473
a9-ceiling,waxman-n60-load0.9-cascading-centralised-th0.9-dw3,waxman,60,0.9,cascading,CENTRALISED,cspf,16,7840558395724448283,0.023053480539729023,0.0337956385208066,0.02161064383801515,0.014583573214307692,0.02966633427536371,241.1119007982327,56.44513045805361,151.92136143995947,,,True,219,0,175,0.9,3,False,308,0.0,0.0,,0.4458174000028521,6,21222,1.549641799996607
a9-ceiling,waxman-n60-load0.9-cascading-centralised-th0.9-dw3,waxman,60,0.9,cascading,CENTRALISED,orbit,16,7840558395724448283,0.03435635925922182,0.07432204143619577,0.025500628061246967,0.006782527514121102,0.05686720268563741,359.32652647491744,37.96522481540757,152.8473390688336,,,True,300,1,189,0.9,3,False,308,0.0,0.1397173484812932,,0.45330039999680594,6,21002,1.6218067999870982
a9-ceiling,waxman-n60-load0.9-cascading-centralised-th0.9-dw3,waxman,60,0.9,cascading,CENTRALISED,orbit-ceiling-0.6,16,7840558395724448283,0.24656037771608538,0.21328485821092044,0.3041622448484602,0.21310543474526764,0.25751151906515557,2578.727373951419,1.1183228178679687,2.1407841729537354,0.0,0.2,False,55,0,0,0.9,3,False,308,0.30000000000000004,1.0,,0.07306009996682405,2,14554,1.4100902999925893
a9-ceiling,waxman-n60-load0.9-cascading-centralised-th0.9-dw3,waxman,60,0.9,cascading,CENTRALISED,orbit-ceiling-0.7,16,7840558395724448283,0.2729284184907095,0.25409929534759124,0.4112027531605825,0.2867185642694929,0.12339650542611584,2854.505620127241,1.2280960108298826,2.7423745870060663,0.0,0.2,False,55,0,0,0.9,3,False,308,0.30000000000000004,1.0,,0.09231020000879653,2,14402,1.5642727999947965
a9-ceiling,waxman-n60-load0.9-cascading-centralised-th0.9-dw3,waxman,60,0.9,cascading,CENTRALISED,orbit-ceiling-0.8,16,7840558395724448283,0.34227923348143385,0.39227964910614777,0.5034675163501774,0.3558385790462868,0.12420186546709383,3579.8324008492928,1.37782893688404,2.9611338990920135,0.0,0.0,True,63,0,0,0.9,3,False,308,0.30000000000000004,1.0,,0.09794550001970492,2,13332,1.788038200000301
a9-ceiling,waxman-n60-load0.9-cascading-centralised-th0.9-dw3,waxman,60,0.9,cascading,CENTRALISED,orbit-ceiling-0.9,16,7840558395724448283,0.39482008667498075,0.6431720234014752,0.6950658516075369,0.23733522826159778,0.14972205150691162,4129.347037531824,1.39722539827061,3.2803466504497214,0.0,0.0,False,69,0,0,0.9,3,False,308,0.30000000000000004,1.0,,0.11414339998736978,2,12454,1.997557800001232
a9-ceiling,waxman-n60-load0.9-cascading-centralised-th0.9-dw3,waxman,60,0.9,cascading,CENTRALISED,orbit-ceiling-0.95,16,7840558395724448283,0.29658937756067694,0.5258227846446969,0.49780215055468174,0.171849293836857,0.11864025918548524,3101.971021554912,1.3177519421753372,2.6307346749145517,0.0,0.0,False,91,0,86,0.9,3,False,308,0.30000000000000004,0.8881996885013937,,0.1989604000118561,4,15672,1.6429367999953683
a9-ceiling,waxman-n60-load0.9-cascading-centralised-th0.9-dw3,waxman,60,0.9,cascading,CENTRALISED,orbit-ceiling-1.0,16,7840558395724448283,0.2753334553072174,0.48022114588903586,0.4400933148037831,0.1189357708785245,0.19649392261925896,2879.6594357221843,1.2353080597897979,2.479079942992689,0.0,0.0,False,101,0,100,0.9,3,False,308,1.3,0.9086802326667787,,0.2938706999993883,8,16127,1.6677300999872386
a9-ceiling,waxman-n60-load0.9-cascading-centralised-th0.9-dw3,waxman,60,0.9,cascading,CENTRALISED,orbit-no-fallback,16,7840558395724448283,0.20490513239260708,0.47949764607639356,0.2607308251962971,0.08130805474545054,0.1448002515357317,2143.0632077162145,1.258364729217778,2.4224178707616786,,0.0,True,114,13,138,0.9,3,False,308,1.1,0.8149812812852776,,0.4064253999677021,8,17682,1.6998129999847151
a9-ceiling,waxman-n60-load0.9-cascading-centralised-th0.9-dw3,waxman,60,0.9,cascading,CENTRALISED,spf-static,16,7840558395724448283,0.10058567354976464,0.13024937947047444,0.061168690491831955,0.10111297438656268,0.12078332600986659,1052.0061342086326,5.613418142520788,50.395828743012956,0.0,0.0,False,0,0,63,0.9,3,False,308,0.0,0.5179874244260925,,0.04147749999538064,3,19551,0.9469055999943521
a9-ceiling,waxman-n60-load0.9-cascading-centralised-th0.9-dw3,waxman,60,0.9,cascading,CENTRALISED,cspf,17,815718876865160424,0.06369761671849566,0.06822397061140466,0.10138517773126397,0.049454844970216426,0.04362380594013779,553.2749301436771,23.35684803556079,101.67236040422651,,,True,187,0,150,0.9,3,False,294,0.1,0.08665721978746362,,0.4817332999955397,6,20314,1.589306999987457
a9-ceiling,waxman-n60-load0.9-cascading-centralised-th0.9-dw3,waxman,60,0.9,cascading,CENTRALISED,orbit,17,815718876865160424,0.07008218515353008,0.10721994659105456,0.06896927741316292,0.08536837486845957,0.02795820469240219,608.7310341059703,19.739908973991053,101.65683689342164,,,True,336,0,158,0.9,3,False,294,0.30000000000000004,0.2080943095358157,,0.4959479999670293,6,20179,1.6421893000078853
a9-ceiling,waxman-n60-load0.9-cascading-centralised-th0.9-dw3,waxman,60,0.9,cascading,CENTRALISED,orbit-ceiling-0.6,17,815718876865160424,0.3255488839263126,0.3230294933187752,0.49300800380072934,0.3345032321205994,0.15270649013031198,2827.704477683894,1.1327297934085367,2.5815205085350263,,0.2,True,63,0,0,0.9,3,False,294,0.30000000000000004,0.9210065966794592,,0.08746590002556331,2,13332,1.716606000001775
a9-ceiling,waxman-n60-load0.9-cascading-centralised-th0.9-dw3,waxman,60,0.9,cascading,CENTRALISED,orbit-ceiling-0.7,17,815718876865160424,0.38806891049333436,0.5695310818292005,0.6331936445105254,0.32448427078332304,0.12586033230188834,3370.750907259426,1.2570568655460925,2.718603272847856,0.0,0.0,False,68,0,0,0.9,3,False,294,0.30000000000000004,0.9538280067394378,,0.11093399999663234,2,12604,1.8971060999901965
a9-ceiling,waxman-n60-load0.9-cascading-centralised-th0.9-dw3,waxman,60,0.9,cascading,CENTRALISED,orbit-ceiling-0.8,17,815718876865160424,0.42244776617173146,0.8767325541721193,0.7396137647292746,0.26660877520651827,0.04887061446269557,3669.364261318585,1.357213559420978,3.1965409428423657,0.0,0.2,False,71,0,0,0.9,3,False,294,0.30000000000000004,1.0,,0.1112441000295803,2,12328,2.1283121000160463
a9-ceiling,waxman-n60-load0.9-cascading-centralised-th0.9-dw3,waxman,60,0.9,cascading,CENTRALISED,orbit-ceiling-0.9,17,815718876865160424,0.49683493904589876,1.0,0.7974873027532424,0.30529484998923645,0.15767228219761972,4315.488245162866,1.3272300358127305,2.2618789279424028,0.0,0.2,False,82,0,0,0.9,3,False,294,0.30000000000000004,1.0,,0.1312171000172384,2,10482,2.3993804000201635
a9-ceiling,waxman-n60-load0.9-cascading-centralised-th0.9-dw3,waxman,60,0.9,cascading,CENTRALISED,orbit-ceiling-0.95,17,815718876865160424,0.4400984474824307,0.8850006363064863,0.6729664556091959,0.20713578976930755,0.2579283004672989,3822.677367401089,1.2929376871819485,2.44982184856567,0.0,0.0,True,104,0,24,0.9,3,False,294,0.30000000000000004,0.9754181905508844,,0.22019940000609495,5,12262,2.121329899993725
a9-ceiling,waxman-n60-load0.9-cascading-centralised-th0.9-dw3,waxman,60,0.9,cascading,CENTRALISED,orbit-ceiling-1.0,17,815718876865160424,0.3026570703387365,0.6214231757176434,0.4926630652568438,0.15223666854521295,0.12744714959306294,2628.8671079985916,1.2422843721409356,2.165266048872728,0.0,0.0,True,120,0,77,0.9,3,False,294,0.1,0.8544154309002726,,0.29134819997125305,6,15727,1.7228757000120822
a9-ceiling,waxman-n60-load0.9-cascading-centralised-th0.9-dw3,waxman,60,0.9,cascading,CENTRALISED,orbit-no-fallback,17,815718876865160424,0.23742127992242318,0.5748745434063083,0.2867933971343975,0.14336804318265456,0.11113657706544768,2062.2316631441367,1.3397192589318188,2.510764677471223,0.0,0.5,True,156,16,108,0.9,3,False,294,1.6,0.8699201968748902,,0.4970995999756269,10,16949,1.803974799986463
a9-ceiling,waxman-n60-load0.9-cascading-centralised-th0.9-dw3,waxman,60,0.9,cascading,CENTRALISED,spf-static,17,815718876865160424,0.09598307153547142,0.16085319225596295,0.09149320801919027,0.11295922572569032,0.03798448711012774,833.7050887391142,6.124042134625327,50.698298254935004,0.0,0.0,False,0,0,58,0.9,3,False,294,0.0,0.614005739081875,,0.037158099992666394,3,19845,0.9019145999918692
a9-ceiling,waxman-n60-load0.9-cascading-centralised-th0.9-dw3,waxman,60,0.9,cascading,CENTRALISED,cspf,18,15312447191566706455,0.03191774114311066,0.03675501856630245,0.03593468266309259,0.03142998914577214,0.025992352346676705,241.27117126753558,41.62976439437503,151.6752393626504,,,True,149,0,123,0.9,3,False,250,0.0,0.0,,0.3422220000065863,5,21129,1.272408099990571
a9-ceiling,waxman-n60-load0.9-cascading-centralised-th0.9-dw3,waxman,60,0.9,cascading,CENTRALISED,orbit,18,15312447191566706455,0.034645153337699346,0.08507042930303535,0.025497958996117523,0.01433452798192584,0.04498367222964513,261.88810439470365,34.53125916123777,151.93335719489426,,,True,259,1,126,0.9,3,False,250,0.0,0.1647366487076044,,0.32999279993236996,4,21237,1.2662830000044778
a9-ceiling,waxman-n60-load0.9-cascading-centralised-th0.9-dw3,waxman,60,0.9,cascading,CENTRALISED,orbit-ceiling-0.6,18,15312447191566706455,0.29421996811811885,0.7567794097341889,0.4473162802018992,0.16285039013148245,0.07536009221122514,2224.0545156334715,1.4161114242419803,3.2260674550669317,0.2,0.2,False,52,0,0,0.9,3,False,250,0.30000000000000004,0.956779697739896,,0.08690369999385439,2,15048,1.4066521000058856
a9-ceiling,waxman-n60-load0.9-cascading-centralised-th0.9-dw3,waxman,60,0.9,cascading,CENTRALISED,orbit-ceiling-0.7,18,15312447191566706455,0.37488473277810347,0.9151582409327265,0.6556566036316568,0.17449251382473804,0.07935424899741775,2833.8120220394485,1.4100271734385017,3.246387908295438,,0.0,True,65,0,0,0.9,3,False,250,0.30000000000000004,0.9024929052384816,,0.09717199997976422,2,13184,1.7747494999784976
a9-ceiling,waxman-n60-load0.9-cascading-centralised-th0.9-dw3,waxman,60,0.9,cascading,CENTRALISED,orbit-ceiling-0.8,18,15312447191566706455,0.40295181341830366,0.9227059228031764,0.7417578592514257,0.21538589915764159,0.04213927313575952,3045.9754514550395,1.4122565797151627,3.0077078363609706,,0.0,True,67,0,0,0.9,3,False,250,0.30000000000000004,0.9113378449304086,,0.10256490000756457,2,12862,1.9017756000102963
a9-ceiling,waxman-n60-load0.9-cascading-centralised-th0.9-dw3,waxman,60,0.9,cascading,CENTRALISED,orbit-ceiling-0.9,18,15312447191566706455,0.4656957805233362,0.9441849803360843,0.8343438584500811,0.2815307518027863,0.09161138373109493,3520.2668609105763,1.4549937393810957,3.184727965491333,,0.0,True,80,0,0,0.9,3,False,250,0.30000000000000004,0.9365086154767891,,0.10943469998892397,2,11086,2.277779099997133
a9-ceiling,waxman-n60-load0.9-cascading-centralised-th0.9-dw3,waxman,60,0.9,cascading,CENTRALISED,orbit-ceiling-0.95,18,15312447191566706455,0.2703267276329446,0.41156567540789124,0.4299521902268078,0.23487635512218108,0.08305195104906316,2043.4417933425273,1.4116416046745996,4.046871345334191,,0.5,True,124,0,60,0.9,3,False,250,0.6000000000000001,0.750922231142211,,0.2977456000226084,7,15386,1.6961002000025474
a9-ceiling,waxman-n60-load0.9-cascading-centralised-th0.9-dw3,waxman,60,0.9,cascading,CENTRALISED,orbit-ceiling-1.0,18,15312447191566706455,0.17013950883352835,0.29352956658833657,0.20532908509441108,0.12517833848755602,0.1308259252989644,1286.1110186680319,1.3641483444637434,3.575282249276803,,0.0,True,143,0,106,0.9,3,False,250,0.6000000000000001,0.6601410913327859,,0.26407210002071224,6,18274,1.3581549000227824
a9-ceiling,waxman-n60-load0.9-cascading-centralised-th0.9-dw3,waxman,60,0.9,cascading,CENTRALISED,orbit-no-fallback,18,15312447191566706455,0.16028855174159082,0.4181939155281066,0.20179033997183132,0.08853849050330828,0.08060606882629953,1211.6461013350263,1.4467868170002451,3.9010102231238015,0.0,0.0,True,147,8,108,0.9,3,False,250,1.1,0.787734547670904,,0.3344377000175882,7,18580,1.438927999988664
a9-ceiling,waxman-n60-load0.9-cascading-centralised-th0.9-dw3,waxman,60,0.9,cascading,CENTRALISED,spf-static,18,15312447191566706455,0.1269624083548404,0.13439486725397942,0.14596175496936606,0.08701059401958591,0.15766996688540508,959.7285983795688,5.152828398602699,50.46728106202944,0.0,0.0,False,0,0,53,0.9,3,False,250,0.0,0.4941269186856973,,0.03135559998918325,2,19110,0.9012433000025339
a9-ceiling,waxman-n60-load0.9-cascading-centralised-th0.9-dw3,waxman,60,0.9,cascading,CENTRALISED,cspf,19,8410335433369986300,0.08566941766540197,0.07122133490078815,0.032353890645331486,0.1552163248249583,0.046425970128400766,673.4029619318576,18.287010814105496,101.36570295389939,,,True,197,0,145,0.9,3,False,272,0.6000000000000001,0.34968776771756566,,0.4583015999523923,8,20127,1.544687999994494
a9-ceiling,waxman-n60-load0.9-cascading-centralised-th0.9-dw3,waxman,60,0.9,cascading,CENTRALISED,orbit,19,8410335433369986300,0.044555410939435616,0.0684418641248843,0.0856270139042872,0.03824866325109613,0.0072076099706529576,350.2270298356913,31.897889576195265,151.07376058824363,,,True,292,1,147,0.9,3,False,272,0.1,0.4009191388931779,,0.4388683999713976,6,20966,1.5012584000069182
a9-ceiling,waxman-n60-load0.9-cascading-centralised-th0.9-dw3,waxman,60,0.9,cascading,CENTRALISED,orbit-ceiling-0.6,19,8410335433369986300,0.3079960782364009,0.5076439358926547,0.6298621633620861,0.25530728339989056,0.013199414734183864,2420.997795944518,1.285045636415683,2.9250367015578247,0.0,0.2,False,57,0,0,0.9,3,False,272,0.30000000000000004,1.0,,0.09208679999574088,2,14232,1.656629899982363
a9-ceiling,waxman-n60-load0.9-cascading-centralised-th0.9-dw3,waxman,60,0.9,cascading,CENTRALISED,orbit-ceiling-0.7,19,8410335433369986300,0.34305834134753044,0.6979067813046844,0.6919361177183265,0.20083661755171453,0.06314712049831939,2696.60410300833,1.1990506508886913,2.5497180908805337,0.0,0.0,True,60,0,0,0.9,3,False,272,0.30000000000000004,1.0,,0.12518460000865161,2,13804,1.704009400011273
a9-ceiling,waxman-n60-load0.9-cascading-centralised-th0.9-dw3,waxman,60,0.9,cascading,CENTRALISED,orbit-ceiling-0.8,19,8410335433369986300,0.46630672106757975,0.8428996934825891,0.7460214718115816,0.4577865759132634,0.0587047741060545,3665.3958401126874,1.238613766960962,2.9434124514828293,,0.0,True,75,0,0,0.9,3,False,272,0.30000000000000004,0.9275880287407543,,0.12985460000345483,2,11576,2.1517759999842383
a9-ceiling,waxman-n60-load0.9-cascading-centralised-th0.9-dw3,waxman,60,0.9,cascading,CENTRALISED,orbit-ceiling-0.9,19,8410335433369986300,0.5018061036794275,0.8709343962479636,0.8106521930043579,0.5043974696724316,0.05997831829857443,3944.43811738061,1.4885266621067559,3.930901555917631,,0.0,True,85,0,0,0.9,3,False,272,0.30000000000000004,0.9297770565333282,,0.13147170000593178,2,10098,2.7081856000004336
a9-ceiling,waxman-n60-load0.9-cascading-centralised-th0.9-dw3,waxman,60,0.9,cascading,CENTRALISED,orbit-ceiling-0.95,19,8410335433369986300,0.3441854063353763,0.4185547571102586,0.5097202549912161,0.39965854245293164,0.1002415576087544,2705.463377668856,1.251247682393717,2.830615298276581,,0.2,True,139,0,60,0.9,3,False,272,1.8,0.7136822209661975,,0.3702908000268508,10,14367,1.9904757000040263
a9-ceiling,waxman-n60-load0.9-cascading-centralised-th0.9-dw3,waxman,60,0.9,cascading,CENTRALISED,orbit-ceiling-1.0,19,8410335433369986300,0.21184935453144219,0.32906638145648637,0.21103694598025696,0.2803747481129223,0.06435294486038508,1665.2381528027981,1.155847769724298,2.9843725466363953,,1.5,True,155,0,107,0.9,3,False,272,3.1,0.7732624753751131,,0.5431186000641901,13,17864,1.7350060000026133
a9-ceiling,waxman-n60-load0.9-cascading-centralised-th0.9-dw3,waxman,60,0.9,cascading,CENTRALISED,orbit-no-fallback,19,8410335433369986300,0.16100612421313068,0.41533675181298674,0.1510148802395221,0.16351299087825283,0.0365899084311873,1265.5858285129625,1.222267764089947,2.3647848151068867,,0.7000000000000001,True,176,22,124,0.9,3,False,272,1.6,0.7890609102714952,,0.4396691001020372,10,19013,1.5550617999979295
a9-ceiling,waxman-n60-load0.9-cascading-centralised-th0.9-dw3,waxman,60,0.9,cascading,CENTRALISED,spf-static,19,8410335433369986300,0.1385765582994317,0.08965449457348924,0.08003939624873535,0.22936107641218237,0.09364958127603064,1089.2786172264007,4.514790963622048,3.911903774186932,0.0,0.0,False,0,0,51,0.9,3,False,272,0.0,0.3785997283947904,,0.03808559998287819,3,19257,0.9177720999869052
a9-ceiling,waxman-n60-load0.9-cascading-centralised-th0.9-dw3,waxman,60,0.9,cascading,CENTRALISED,cspf,20,9354882311026296945,0.05230586921593935,0.03161366763195548,0.10391907660207557,0.05234999417013891,0.009955867200877933,466.241673877284,29.352560243413205,151.03637055713588,,,True,188,0,159,0.9,3,False,278,0.1,0.0,,0.3818052999849897,6,20780,1.4541566999978386
a9-ceiling,waxman-n60-load0.9-cascading-centralised-th0.9-dw3,waxman,60,0.9,cascading,CENTRALISED,orbit,20,9354882311026296945,0.052464917932383184,0.041046697550816844,0.10281714030184759,0.037451070143546455,0.02632289599166499,467.65939507940504,26.561392675964864,102.4833422265716,,,True,310,1,141,0.9,3,False,278,0.1,0.0,,0.4446097000327427,5,20643,1.4709843999880832
a9-ceiling,waxman-n60-load0.9-cascading-centralised-th0.9-dw3,waxman,60,0.9,cascading,CENTRALISED,orbit-ceiling-0.6,20,9354882311026296945,0.27345243496004,0.2965797143881631,0.3816491111530793,0.26666061719332695,0.15423577848305822,2437.487855812866,1.3447449506677946,2.447747242691222,0.0,0.2,False,53,0,0,0.9,3,False,278,0.30000000000000004,1.0,,0.07485929998802021,2,14854,1.3678782999922987
a9-ceiling,waxman-n60-load0.9-cascading-centralised-th0.9-dw3,waxman,60,0.9,cascading,CENTRALISED,orbit-ceiling-0.7,20,9354882311026296945,0.3290323269885231,0.6047790648338351,0.42027954732097067,0.31764597289058505,0.08291575163905403,2932.9133650668427,1.3291348100367457,2.5550487990392945,0.0,0.0,True,57,0,0,0.9,3,False,278,0.0,1.0,,0.08872830000473186,2,14210,1.524188800016418
a9-ceiling,waxman-n60-load0.9-cascading-centralised-th0.9-dw3,waxman,60,0.9,cascading,CENTRALISED,orbit-ceiling-0.8,20,9354882311026296945,0.3823209323332477,0.72574483217678,0.6840461449469247,0.2513361699385871,0.03498179781042932,3407.9149074738502,1.4663136431286454,3.7383706451104866,,0.0,True,63,0,0,0.9,3,False,278,0.30000000000000004,0.9250646066346059,,0.09605890000239015,2,13332,1.8357606000208762
a9-ceiling,waxman-n60-load0.9-cascading-centralised-th0.9-dw3,waxman,60,0.9,cascading,CENTRALISED,orbit-ceiling-0.9,20,9354882311026296945,0.4349890422030043,0.9119957340281368,0.8564495082440906,0.16615736986436774,0.06786582331642722,3877.3855055868617,1.4029901999377257,2.9561952014038484,,0.0,True,67,0,0,0.9,3,False,278,0.0,0.9395666370679346,,0.12125399999786168,2,12710,2.0236534000141546
a9-ceiling,waxman-n60-load0.9-cascading-centralised-th0.9-dw3,waxman,60,0.9,cascading,CENTRALISED,orbit-ceiling-0.95,20,9354882311026296945,0.39681961135224425,0.8788779069263022,0.7510904971381397,0.12206755546895076,0.1058662148552972,3537.152571930183,1.4404156517917195,3.3782598813175357,,0.0,True,82,0,24,0.9,3,False,278,0.30000000000000004,0.9392181434274073,,0.1673424000327941,3,13903,1.8331380000163335
a9-ceiling,waxman-n60-load0.9-cascading-centralised-th0.9-dw3,waxman,60,0.9,cascading,CENTRALISED,orbit-ceiling-1.0,20,9354882311026296945,0.34283267618874536,0.5820268943501627,0.6391332240092358,0.16824173886723293,0.12270537163719367,3055.9262890016184,1.270166654534839,2.7157548823991786,,0.0,True,108,0,52,0.9,3,False,278,0.8,0.7886632231874208,,0.2893334000254981,6,15046,1.7374547999934293
a9-ceiling,waxman-n60-load0.9-cascading-centralised-th0.9-dw3,waxman,60,0.9,cascading,CENTRALISED,orbit-no-fallback,20,9354882311026296945,0.2836306620112912,0.5638356679230643,0.48584713374157307,0.09699089633827912,0.1549625553004472,2528.2140723658695,1.1664245547072185,2.6822155513039543,,0.5,True,126,9,73,0.9,3,False,278,1.1,0.8409875930960695,,0.35764200004632585,8,16361,1.6209334000013769
a9-ceiling,waxman-n60-load0.9-cascading-centralised-th0.9-dw3,waxman,60,0.9,cascading,CENTRALISED,spf-static,20,9354882311026296945,0.07783689619522137,0.09316238527454596,0.06925256648283017,0.08861672674007971,0.06314566862135332,693.8189789304446,8.239365907490859,51.18434851104571,0.0,0.0,False,0,0,57,0.9,3,False,278,0.0,0.39528020269490677,,0.03270760001032613,2,20286,0.8545630000007804
a9-ceiling,waxman-n60-load0.9-cascading-centralised-th0.9-dw3,waxman,60,0.9,cascading,CENTRALISED,cspf,21,3432002575598101817,0.05033824627619462,0.059697895114898404,0.04692142989670493,0.057062568488760644,0.04012802799637284,522.8462924804237,27.572390112843745,150.6881747917024,,0.0,True,163,0,184,0.9,3,False,312,0.1,0.09926970223385287,,0.39431830000830814,5,20847,1.564959400013322
a9-ceiling,waxman-n60-load0.9-cascading-centralised-th0.9-dw3,waxman,60,0.9,cascading,CENTRALISED,orbit,21,3432002575598101817,0.04078232264353879,0.10320800717177527,0.030782129058274946,0.011595280234361075,0.058286822941127615,423.59215448072644,31.132271214860115,150.85840742119655,,0.0,True,320,2,185,0.9,3,False,312,0.1,0.18873831994728885,,0.5078415999887511,6,20905,1.6939804000139702
a9-ceiling,waxman-n60-load0.9-cascading-centralised-th0.9-dw3,waxman,60,0.9,cascading,CENTRALISED,orbit-ceiling-0.6,21,3432002575598101817,0.2269736615277169,0.4033901145347298,0.21339426982341225,0.21372280210574587,0.16980077052162218,2357.498446992868,1.176680778880479,2.1860786766777744,0.0,0.2,False,52,0,0,0.9,3,False,312,0.30000000000000004,1.0,,0.088277000002563,2,15004,1.2849244000099134
a9-ceiling,waxman-n60-load0.9-cascading-centralised-th0.9-dw3,waxman,60,0.9,cascading,CENTRALISED,orbit-ceiling-0.7,21,3432002575598101817,0.2935712989883485,0.500529357579551,0.31260029291122027,0.3464106656923266,0.10074546756007201,3049.2255215356586,1.3278523803957467,3.08848951675226,0.0,0.0,True,60,0,0,0.9,3,False,312,0.30000000000000004,1.0,,0.09973010001704097,2,13782,1.607530500012217
a9-ceiling,waxman-n60-load0.9-cascading-centralised-th0.9-dw3,waxman,60,0.9,cascading,CENTRALISED,orbit-ceiling-0.8,21,3432002575598101817,0.32256836004023137,0.6089841961595635,0.42277458571792353,0.37233317599755195,0.013012939730384887,3350.408160688807,1.3846739695441521,2.8811852700674345,0.0,0.0,True,61,0,0,0.9,3,False,312,0.30000000000000004,1.0,,0.10899589996552095,2,13632,1.760746999992989
a9-ceiling,waxman-n60-load0.9-cascading-centralised-th0.9-dw3,waxman,60,0.9,cascading,CENTRALISED,orbit-ceiling-0.9,21,3432002575598101817,0.4391852273219264,0.8040968285427464,0.6069584807742507,0.45953801521499255,0.06196088501853563,4561.668011983038,1.5698828785007881,3.8699791206721113,,0.0,True,76,0,0,0.9,3,False,312,0.30000000000000004,0.9293624547515889,,0.11447549998410977,2,11382,2.314508299983572
a9-ceiling,waxman-n60-load0.9-cascading-centralised-th0.9-dw3,waxman,60,0.9,cascading,CENTRALISED,orbit-ceiling-0.95,21,3432002575598101817,0.3294874877270629,0.7029225997355025,0.5038261209376411,0.264139906448209,0.055308629588084496,3422.274793435791,1.3630689283107986,3.646732062072115,,0.2,True,84,0,53,0.9,3,False,312,0.30000000000000004,0.8903297592613068,,0.23971500003244728,6,14584,1.8391990000091027
a9-ceiling,waxman-n60-load0.9-cascading-centralised-th0.9-dw3,waxman,60,0.9,cascading,CENTRALISED,orbit-ceiling-1.0,21,3432002575598101817,0.255908892470176,0.46794847356122354,0.43200120602239006,0.15940272449308518,0.10219105321603791,2658.038877768345,1.2229044572007357,2.1546476021630996,,0.0,True,108,0,118,0.9,3,False,312,0.8,0.7425320374440046,,0.2583364000020083,6,16765,1.6504218000045512
a9-ceiling,waxman-n60-load0.9-cascading-centralised-th0.9-dw3,waxman,60,0.9,cascading,CENTRALISED,orbit-no-fallback,21,3432002575598101817,0.19461181650452064,0.5076676281197345,0.33388957583008166,0.07335078280612788,0.05995246506287219,2021.3669378543395,1.3407601062740178,3.5927788299238816,,0.0,True,136,12,137,0.9,3,False,312,1.6,0.8204871022517238,,0.4308893998968415,10,17905,1.777025200019125
a9-ceiling,waxman-n60-load0.9-cascading-centralised-th0.9-dw3,waxman,60,0.9,cascading,CENTRALISED,spf-static,21,3432002575598101817,0.1040579799903672,0.16897733333713175,0.11558048518678816,0.08742791251655359,0.08214642983935368,1080.8149481896992,5.320090222385021,50.51113510078897,0.0,0.0,False,0,0,64,0.9,3,False,312,0.0,0.5787432605939855,,0.03973509999923408,2,19551,0.9482665999967139
a9-ceiling,waxman-n60-load0.9-cascading-centralised-th0.9-dw3,waxman,60,0.9,cascading,CENTRALISED,cspf,22,9855241225322873675,0.02207392489949559,0.05999001191235818,0.027598391998028608,0.012707538672014924,0.007910395521031703,213.13634573854213,57.58862058628235,152.4864048576888,,,True,132,0,166,0.9,3,False,278,0.6000000000000001,0.14110609147929024,,0.35735969999223016,7,21477,1.3881289999990258
a9-ceiling,waxman-n60-load0.9-cascading-centralised-th0.9-dw3,waxman,60,0.9,cascading,CENTRALISED,orbit,22,9855241225322873675,0.03491664472455368,0.07081376824158654,0.03957159642122326,0.027517407172730404,0.01997844811085197,337.1401368776231,35.503824325096076,103.19271137908085,,,True,310,1,146,0.9,3,False,278,0.0,0.10484059678064818,,0.4396903000306338,4,20975,1.4507913000124972
a9-ceiling,waxman-n60-load0.9-cascading-centralised-th0.9-dw3,waxman,60,0.9,cascading,CENTRALISED,orbit-ceiling-0.6,22,9855241225322873675,0.2294875266101973,0.33543621111809213,0.27228016976553965,0.23522105860748396,0.11709975040731099,2215.8330716886503,1.299713576733749,2.938888340161729,0.0,0.2,False,51,0,0,0.9,3,False,278,0.30000000000000004,1.0000000000000002,,0.0759873999923002,2,15154,1.355665000010049
a9-ceiling,waxman-n60-load0.9-cascading-centralised-th0.9-dw3,waxman,60,0.9,cascading,CENTRALISED,orbit-ceiling-0.7,22,9855241225322873675,0.2737983859464861,0.4712537533431895,0.4012194740275485,0.23714566937927198,0.08470247817868527,2643.679713301849,1.153315977047323,2.007461998576933,0.2,0.2,False,54,0,0,0.9,3,False,278,0.30000000000000004,1.0,,0.0842152000113856,2,14704,1.4144003999826964
a9-ceiling,waxman-n60-load0.9-cascading-centralised-th0.9-dw3,waxman,60,0.9,cascading,CENTRALISED,orbit-ceiling-0.8,22,9855241225322873675,0.35183835279984005,0.6389547338202384,0.5849855197336635,0.27192879538971954,0.06739701139148543,3397.2001421523114,1.236285573700037,2.425027657907906,,0.2,True,63,0,0,0.9,3,False,278,0.30000000000000004,0.9229973296161983,,0.10388380000949837,2,13332,1.7603222999896389
a9-ceiling,waxman-n60-load0.9-cascading-centralised-th0.9-dw3,waxman,60,0.9,cascading,CENTRALISED,orbit-ceiling-0.9,22,9855241225322873675,0.382788622507268,0.9317990656646284,0.6610258180508761,0.19030770734968502,0.062111864749339926,3696.0426640462874,1.4224478114136552,3.0185344114874053,0.2,0.2,True,66,0,0,0.9,3,False,278,0.30000000000000004,1.0,,0.11641130002681166,2,12882,1.9285050999897067
a9-ceiling,waxman-n60-load0.9-cascading-centralised-th0.9-dw3,waxman,60,0.9,cascading,CENTRALISED,orbit-ceiling-0.95,22,9855241225322873675,0.2989312957055088,0.71500459461453,0.5220205119706538,0.13922421593767775,0.06354716454560991,2886.3523040714704,1.2521465757075583,2.4358456805253836,,0.2,True,91,0,56,0.9,3,False,278,0.8,0.8564148000648033,,0.2330544000142254,6,15196,1.6715159000013955
a9-ceiling,waxman-n60-load0.9-cascading-centralised-th0.9-dw3,waxman,60,0.9,cascading,CENTRALISED,orbit-ceiling-1.0,22,9855241225322873675,0.2574827045687813,0.6474417606053768,0.4076855214079737,0.15003274044807244,0.034954969329195826,2486.1424958422645,1.1294660011970243,2.0782574516187777,0.2,0.2,True,101,0,73,0.9,3,False,278,0.30000000000000004,0.8785755452640739,,0.3299339000368491,7,16609,1.564792999997735
a9-ceiling,waxman-n60-load0.9-cascading-centralised-th0.9-dw3,waxman,60,0.9,cascading,CENTRALISED,orbit-no-fallback,22,9855241225322873675,0.25156791862795225,0.7203605213575592,0.3638357304234205,0.1468166473990102,0.01696844485036316,2429.0318611457215,1.2051622617600715,2.315512605394919,0.2,0.2,True,110,7,90,0.9,3,False,278,0.30000000000000004,0.8754330780480851,,0.2386928999912925,5,16632,1.5350718999980018
a9-ceiling,waxman-n60-load0.9-cascading-centralised-th0.9-dw3,waxman,60,0.9,cascading,CENTRALISED,spf-static,22,9855241225322873675,0.07334329893246759,0.12373751085714862,0.03361852306192958,0.059236383118546336,0.10364392286139007,708.1714189954894,7.852230187224746,50.9070004183134,0.0,0.0,False,0,0,63,0.9,3,False,278,0.0,0.5001467087450318,,0.036248199990950525,2,20286,0.8843524999974761
a9-ceiling,waxman-n60-load0.9-cascading-centralised-th0.9-dw3,waxman,60,0.9,cascading,CENTRALISED,cspf,23,7770093315829151291,0.052986586151235374,0.03719393622533617,0.11639076360279664,0.0358119680123773,0.02688322658846077,401.8391020062236,26.092720608662706,102.89548527144095,,,True,158,0,119,0.9,3,False,244,0.1,0.0,,0.3496976000024006,6,20405,1.2987220999784768
a9-ceiling,waxman-n60-load0.9-cascading-centralised-th0.9-dw3,waxman,60,0.9,cascading,CENTRALISED,orbit,23,7770093315829151291,0.03898482330802647,0.031037887433410967,0.06734114878923089,0.010603213572284956,0.05136440276753443,295.6526835915699,27.590049139182568,102.95502008051643,,,True,275,1,116,0.9,3,False,244,0.0,0.0,,0.41315219999523833,6,21050,1.32927909999853
a9-ceiling,waxman-n60-load0.9-cascading-centralised-th0.9-dw3,waxman,60,0.9,cascading,CENTRALISED,orbit-ceiling-0.6,23,7770093315829151291,0.2617232072118374,0.5510751995725435,0.5485826851786426,0.1337180208161302,0.023982489033534667,1984.8536431468415,1.3176726399562344,3.2200272286578895,,0.0,True,50,0,0,0.9,3,False,244,0.30000000000000004,0.9394746047195627,,0.06956419997732155,2,15282,1.425282399985008
a9-ceiling,waxman-n60-load0.9-cascading-centralised-th0.9-dw3,waxman,60,0.9,cascading,CENTRALISED,orbit-ceiling-0.7,23,7770093315829151291,0.32585796428206587,0.9990179124398674,0.6526826699986903,0.08050394011945526,0.0,2471.2381238327525,1.3139061476365743,2.6006080795586644,0.2,0.2,True,57,0,0,0.9,3,False,244,0.30000000000000004,1.0,,0.07988669999758713,2,14406,1.6877960999845527
a9-ceiling,waxman-n60-load0.9-cascading-centralised-th0.9-dw3,waxman,60,0.9,cascading,CENTRALISED,orbit-ceiling-0.8,23,7770093315829151291,0.3746920822300287,0.9662020673033236,0.8113177184556717,0.0934179238415304,0.03732258097446501,2841.5857821526474,1.3109714386112765,2.795733876722373,0.2,0.2,False,66,0,0,0.9,3,False,244,0.30000000000000004,0.9615439314806145,,0.09698459997889586,2,13056,1.9930281999986619
a9-ceiling,waxman-n60-load0.9-cascading-centralised-th0.9-dw3,waxman,60,0.9,cascading,CENTRALISED,orbit-ceiling-0.9,23,7770093315829151291,0.4016106115284771,0.9662020673033236,0.8552843954795245,0.1542860356610309,0.024340323655003656,3045.730235047629,1.5226737915574098,3.485670892779762,0.2,0.2,True,73,0,0,0.9,3,False,244,0.30000000000000004,0.9615439314806145,,0.10524760000407696,2,12136,2.2735070000053383
a9-ceiling,waxman-n60-load0.9-cascading-centralised-th0.9-dw3,waxman,60,0.9,cascading,CENTRALISED,orbit-ceiling-0.95,23,7770093315829151291,0.2510179769658806,0.4985376640809203,0.4214368047773981,0.14821394756404727,0.10320669805035579,1903.667433178022,1.3365814410736239,2.382766760374408,,0.0,True,126,0,62,0.9,3,False,244,1.3,0.8158106186517272,,0.37368749995948747,8,16218,1.6602724000113085
a9-ceiling,waxman-n60-load0.9-cascading-centralised-th0.9-dw3,waxman,60,0.9,cascading,CENTRALISED,orbit-ceiling-1.0,23,7770093315829151291,0.11209139603990127,0.1468692360690171,0.16984084483328332,0.09016973369544927,0.07135768016553108,850.0775233704641,1.2755795817355453,2.9401787672743662,,0.5,True,133,0,116,0.9,3,False,244,0.6000000000000001,0.4641171803150853,,0.27591699999175034,7,19340,1.3168550000118557
a9-ceiling,waxman-n60-load0.9-cascading-centralised-th0.9-dw3,waxman,60,0.9,cascading,CENTRALISED,orbit-no-fallback,23,7770093315829151291,0.11198031924001388,0.2027982314193275,0.14683932711347963,0.036392349004528944,0.1242805765165206,849.2351403304796,1.665014932281241,2.788972214309124,,0.0,True,132,8,119,0.9,3,False,244,0.1,0.35169254306538816,,0.20916689993464388,5,19624,1.2111696999927517
a9-ceiling,waxman-n60-load0.9-cascading-centralised-th0.9-dw3,waxman,60,0.9,cascading,CENTRALISED,spf-static,23,7770093315829151291,0.09711896936842027,0.07080963589273367,0.19164637561545605,0.04317722588052385,0.09189178464217272,736.5297950576883,5.878143595017494,50.67439050338121,0.0,0.0,False,0,0,45,0.9,3,False,244,0.0,0.37997312654881304,,0.03332880002562888,2,19698,0.8490567000117153
a9-ceiling,waxman-n60-load0.9-cascading-centralised-th0.9-dw3,waxman,60,0.9,cascading,CENTRALISED,cspf,24,14055642767569060435,0.05403085679507888,0.035549952696900006,0.11081976087702461,0.025741350724710302,0.048786091470031163,366.5251530295439,25.827644681628993,102.41502636357207,,0.0,True,138,0,114,0.9,3,False,250,0.0,0.0,,0.3078102999716066,4,20636,1.2496964999882039
a9-ceiling,waxman-n60-load0.9-cascading-centralised-th0.9-dw3,waxman,60,0.9,cascading,CENTRALISED,orbit,24,14055642767569060435,0.06827401565111875,0.062063114301358996,0.10862679336272142,0.013025708830751256,0.10969934520198688,463.14542316765505,19.89285182124558,101.97689478413834,,,True,304,1,122,0.9,3,False,250,0.0,0.07367761877541891,,0.3923038999782875,5,20437,1.37033600002178
a9-ceiling,waxman-n60-load0.9-cascading-centralised-th0.9-dw3,waxman,60,0.9,cascading,CENTRALISED,orbit-ceiling-0.6,24,14055642767569060435,0.29088994906668375,0.6834991778510586,0.50023210668421,0.0896795195063549,0.11611595013099213,1973.2887727616655,1.324802775463171,2.6925241205924464,,0.0,True,51,0,1,0.9,3,False,250,0.8,0.9415436677192877,,0.1067905000236351,3,15502,1.4078347000177018
a9-ceiling,waxman-n60-load0.9-cascading-centralised-th0.9-dw3,waxman,60,0.9,cascading,CENTRALISED,orbit-ceiling-0.7,24,14055642767569060435,0.37447786918167486,0.8879478975552497,0.6297777166282972,0.15471274478729513,0.10324937223714283,2540.3180043684247,1.3185490342037975,2.562170196156005,,0.2,True,63,0,0,0.9,3,False,250,0.30000000000000004,0.895032010450935,,0.09971380000934005,2,13506,1.7483539000095334
a9-ceiling,waxman-n60-load0.9-cascading-centralised-th0.9-dw3,waxman,60,0.9,cascading,CENTRALISED,orbit-ceiling-0.8,24,14055642767569060435,0.42036518893113645,0.9111373381548475,0.6958125253390133,0.25847429252007237,0.061786775712544546,2851.600443532315,1.34436189521482,2.694418321105915,,0.0,True,72,0,0,0.9,3,False,250,0.30000000000000004,0.8974661594094423,,0.11994350000168197,2,12178,2.1126912999898195
a9-ceiling,waxman-n60-load0.9-cascading-centralised-th0.9-dw3,waxman,60,0.9,cascading,CENTRALISED,orbit-ceiling-0.9,24,14055642767569060435,0.5019506578105186,0.9111373381548475,0.7383656899801683,0.40283962481618196,0.14566338661920294,3405.045793833075,1.448408882704313,2.891316526778176,,0.0,True,85,0,0,0.9,3,False,250,0.30000000000000004,0.8974661594094423,,0.11633809999329969,2,10206,2.5659605000109877
a9-ceiling,waxman-n60-load0.9-cascading-centralised-th0.9-dw3,waxman,60,0.9,cascading,CENTRALISED,orbit-ceiling-0.95,24,14055642767569060435,0.21807181284512545,0.34343175684167615,0.28033703874081506,0.18418645715337445,0.12405355186314358,1479.3177327843073,1.4392383689154762,2.6376080860608697,,0.0,True,138,0,70,0.9,3,False,250,0.6000000000000001,0.6903435771110534,,0.284887899964815,7,17003,1.4911720000091009
a9-ceiling,waxman-n60-load0.9-cascading-centralised-th0.9-dw3,waxman,60,0.9,cascading,CENTRALISED,orbit-ceiling-1.0,24,14055642767569060435,0.12135300628074756,0.1483442300021018,0.12271181272082783,0.09519426651913412,0.13975455381657734,823.2134716341818,1.3876952342692703,3.076856145494565,,0.5,True,134,0,116,0.9,3,False,250,0.6000000000000001,0.34564415833466333,,0.28759370002080686,6,19569,1.3237292999983765
a9-ceiling,waxman-n60-load0.9-cascading-centralised-th0.9-dw3,waxman,60,0.9,cascading,CENTRALISED,orbit-no-fallback,24,14055642767569060435,0.13022543789120128,0.19320862283773177,0.13862473054357208,0.11546803300392326,0.10269537375328117,883.4007339998212,1.4568133318012635,3.0863085954316776,,0.0,True,157,14,112,0.9,3,False,250,0.6000000000000001,0.4054201468307237,,0.2848719999601599,6,19390,1.3180116000003181
a9-ceiling,waxman-n60-load0.9-cascading-centralised-th0.9-dw3,waxman,60,0.9,cascading,CENTRALISED,spf-static,24,14055642767569060435,0.07771032944338158,0.017115494561381495,0.16784209001322675,0.04085525716631175,0.07786528388223449,527.1578516557212,8.381240399403252,100.42914218110678,,0.0,True,0,0,46,0.9,3,False,250,0.0,0.0,,0.03308299998752773,2,20433,0.8100216999882832
a9-ceiling,waxman-n60-load0.9-cascading-centralised-th0.9-dw3,waxman,60,0.9,cascading,CENTRALISED,cspf,25,2327587938646556194,0.06801891667088289,0.0679154569037502,0.10521524613702127,0.04948796166141486,0.05870524637803579,700.2059754265233,22.4247552164739,150.5216099886783,,0.0,True,198,0,199,0.9,3,False,330,0.1,0.12119297426812667,,0.48711360001470894,6,19965,1.7618081999826245
a9-ceiling,waxman-n60-load0.9-cascading-centralised-th0.9-dw3,waxman,60,0.9,cascading,CENTRALISED,orbit,25,2327587938646556194,0.05845426754636267,0.07621315863284416,0.13029284455287077,0.017360897562214976,0.03818980295348725,601.7447708435044,24.795251819439244,102.87901971293839,,,True,343,3,190,0.9,3,False,330,0.6000000000000001,0.0994671317676121,,0.5797507999814115,7,20268,1.8268351000151597
a9-ceiling,waxman-n60-load0.9-cascading-centralised-th0.9-dw3,waxman,60,0.9,cascading,CENTRALISED,orbit-ceiling-0.6,25,2327587938646556194,0.23421927848076837,0.3171576754165871,0.22526837979158307,0.18852097186985506,0.2626878240715164,2411.1195293783294,0.9627087199855344,1.7278548919032857,0.2,0.2,False,54,0,0,0.9,3,False,330,0.30000000000000004,1.0,,0.09402730004512705,2,14552,1.3321826999890618
a9-ceiling,waxman-n60-load0.9-cascading-centralised-th0.9-dw3,waxman,60,0.9,cascading,CENTRALISED,orbit-ceiling-0.7,25,2327587938646556194,0.2769540430263169,0.3301300802022677,0.30083821907574276,0.2563750197761885,0.25414222543859744,2851.043288205966,1.0545821746253417,1.9990567054536914,,0.0,True,58,0,0,0.9,3,False,330,0.0,0.9005872937054543,,0.10557139996672049,2,13930,1.5249803999904543
a9-ceiling,waxman-n60-load0.9-cascading-centralised-th0.9-dw3,waxman,60,0.9,cascading,CENTRALISED,orbit-ceiling-0.8,25,2327587938646556194,0.3770358954308139,0.5403519472444294,0.4785481674692294,0.4092789960889777,0.1432049096860665,3881.3141968777986,1.215179312562585,2.356791390995746,,0.0,True,71,0,0,0.9,3,False,330,0.0,0.9371569731318165,,0.12265480001224205,2,11980,1.9949409000109881
a9-ceiling,waxman-n60-load0.9-cascading-centralised-th0.9-dw3,waxman,60,0.9,cascading,CENTRALISED,orbit-ceiling-0.9,25,2327587938646556194,0.4586590516852476,0.7495881719021079,0.5977114960317811,0.48675451349645726,0.12442362656056548,4721.56606414979,1.3967406312098973,3.5730666856251565,,0.0,True,79,0,0,0.9,3,False,330,0.30000000000000004,0.8826773561843813,,0.1553020999999717,2,11062,2.3571728999959305
a9-ceiling,waxman-n60-load0.9-cascading-centralised-th0.9-dw3,waxman,60,0.9,cascading,CENTRALISED,orbit-ceiling-0.95,25,2327587938646556194,0.39224997180660537,0.6816625531387849,0.5255569305241409,0.39833804921085103,0.09588814033538533,4037.9322041958267,1.4725348915780085,3.5568312946666882,,0.0,True,103,0,45,0.9,3,False,330,0.30000000000000004,0.9085847424919546,,0.260321700014174,6,13112,2.1135178999975324
a9-ceiling,waxman-n60-load0.9-cascading-centralised-th0.9-dw3,waxman,60,0.9,cascading,CENTRALISED,orbit-ceiling-1.0,25,2327587938646556194,0.34864727398284673,0.6522105426686788,0.49149407203200207,0.31919182128723017,0.086174103413337,3589.073694604445,1.3497416443272021,2.9700660998305644,,0.0,True,109,0,73,0.9,3,False,330,0.1,0.8746025389101234,,0.28525980000267737,6,14111,1.9732233000104316
a9-ceiling,waxman-n60-load0.9-cascading-centralised-th0.9-dw3,waxman,60,0.9,cascading,CENTRALISED,orbit-no-fallback,25,2327587938646556194,0.2477041790877204,0.6159813507983085,0.2994493237152351,0.19424916162805075,0.07192736514932256,2549.9369120295078,1.4025579717304792,2.354740157969681,,0.0,True,152,25,128,0.9,3,False,330,1.6,0.8299247969709318,,0.49813940000603907,9,16641,1.9235885000089183
a9-ceiling,waxman-n60-load0.9-cascading-centralised-th0.9-dw3,waxman,60,0.9,cascading,CENTRALISED,spf-static,25,2327587938646556194,0.1387233347156275,0.11401256826289416,0.1223834884621484,0.1550740615489583,0.1446666247458521,1428.0572619080972,4.6730429878672854,50.19166917424773,0.0,0.0,False,0,0,63,0.9,3,False,330,0.0,0.4628700653579828,,0.03845909997471608,2,18375,1.062425499985693
a9-ceiling,waxman-n60-load0.9-cascading-centralised-th0.9-dw3,waxman,60,0.9,cascading,CENTRALISED,cspf,26,17327337641304115661,0.06152725590009769,0.1148345878923034,0.062115040917886014,0.03443890757486602,0.06515191391906254,397.71372680042583,21.164834958958988,101.88000810438129,,0.0,True,152,0,125,0.9,3,False,254,0.0,0.263817656787649,,0.2923497000010684,4,20551,1.2689257000165526
a9-ceiling,waxman-n60-load0.9-cascading-centralised-th0.9-dw3,waxman,60,0.9,cascading,CENTRALISED,orbit,26,17327337641304115661,0.11374382987427235,0.2092024392627563,0.09534689823034802,0.08862052607417077,0.10951973248600473,735.2429718839231,12.166248338792121,54.59046863854025,,0.0,True,276,1,121,0.9,3,False,254,0.0,0.439682720917786,,0.35587710002437234,5,19373,1.4068531999946572
a9-ceiling,waxman-n60-load0.9-cascading-centralised-th0.9-dw3,waxman,60,0.9,cascading,CENTRALISED,orbit-ceiling-0.6,26,17327337641304115661,0.375352005474694,0.7026657003641007,0.6054399381655893,0.3155789690101258,0.018895781203015317,2426.284786725185,1.2098562129016956,2.6198922945923333,,0.0,True,64,0,0,0.9,3,False,254,0.0,0.9018039542728333,,0.09442419998231344,2,13290,1.7746335999981966
a9-ceiling,waxman-n60-load0.9-cascading-centralised-th0.9-dw3,waxman,60,0.9,cascading,CENTRALISED,orbit-ceiling-0.7,26,17327337641304115661,0.4452534884296536,0.894264363393559,0.6804696822758718,0.28616629548962247,0.14290867583176955,2878.1297274459894,1.169913423610407,2.397242260937322,,0.2,True,73,0,0,0.9,3,False,254,0.30000000000000004,0.9214097502285694,,0.12121109999134205,2,12114,1.9294015000050422
a9-ceiling,waxman-n60-load0.9-cascading-centralised-th0.9-dw3,waxman,60,0.9,cascading,CENTRALISED,orbit-ceiling-0.8,26,17327337641304115661,0.47239200670951587,0.894264363393559,0.7435158856162001,0.28465041356222776,0.18670375913181952,3053.553790928534,1.3434575974651384,3.061162921587857,,0.0,True,79,0,0,0.9,3,False,254,0.0,0.9214097502285694,,0.12889609998092055,2,11170,2.2191835999838077
a9-ceiling,waxman-n60-load0.9-cascading-centralised-th0.9-dw3,waxman,60,0.9,cascading,CENTRALISED,orbit-ceiling-0.9,26,17327337641304115661,0.5583182567496291,0.899647566615151,0.7773476482058685,0.4539702519743221,0.2643279116578176,3608.9832283948717,1.3009359467858383,2.4947538334013943,,0.0,True,93,0,0,0.9,3,False,254,0.0,0.8842087307097929,,0.15059710000059567,2,9070,2.717605800018646
a9-ceiling,waxman-n60-load0.9-cascading-centralised-th0.9-dw3,waxman,60,0.9,cascading,CENTRALISED,orbit-ceiling-0.95,26,17327337641304115661,0.2802615523934538,0.4429811115932116,0.27422672613823834,0.2947609237384768,0.17036528020720126,1811.617710730641,1.2054582837429475,2.6781658923196767,,0.0,True,153,0,73,0.9,3,False,254,1.8,0.6583730662788513,,0.46220910002011806,12,15449,1.8863831000053324
a9-ceiling,waxman-n60-load0.9-cascading-centralised-th0.9-dw3,waxman,60,0.9,cascading,CENTRALISED,orbit-ceiling-1.0,26,17327337641304115661,0.227394220410542,0.3915916293238528,0.2447188219985132,0.21194312354360348,0.13196499096212413,1469.881949541171,1.2918233069076022,2.991844486763544,,0.0,True,157,0,82,0.9,3,False,254,1.6,0.6965095638489969,,0.3942971000506077,9,17061,1.6029798000236042
a9-ceiling,waxman-n60-load0.9-cascading-centralised-th0.9-dw3,waxman,60,0.9,cascading,CENTRALISED,orbit-no-fallback,26,17327337641304115661,0.19262044696336814,0.31063617005088134,0.24684315968202897,0.13548182374773513,0.1414770050092449,1245.1034049715076,1.1538120135017005,2.091920611529534,,1.7000000000000002,True,169,16,97,0.9,3,False,254,1.8,0.6006895771456132,,0.41941550001502037,10,17841,1.5345323999936227
a9-ceiling,waxman-n60-load0.9-cascading-centralised-th0.9-dw3,waxman,60,0.9,cascading,CENTRALISED,spf-static,26,17327337641304115661,0.12701066683869472,0.120116010719567,0.14107951146677897,0.1557345240143552,0.07821627585692474,821.0001390902976,5.9359661470139,50.5304713944503,0.0,0.0,False,0,0,52,0.9,3,False,254,0.0,0.4326301330183372,,0.031071299978066236,2,19404,0.9011215000064112
a9-ceiling,waxman-n60-load0.9-cascading-centralised-th0.9-dw3,waxman,60,0.9,cascading,CENTRALISED,cspf,27,13798247298840138021,0.06291456690118437,0.07043270700660256,0.04011192596087883,0.09059942710366797,0.046925918184203774,410.06567245627497,24.52037593759998,103.00676252754903,,,True,149,0,131,0.9,3,False,234,0.0,0.12431868111974839,,0.28780259998166,4,20596,1.2692721999774221
a9-ceiling,waxman-n60-load0.9-cascading-centralised-th0.9-dw3,waxman,60,0.9,cascading,CENTRALISED,orbit,27,13798247298840138021,0.06175879012166093,0.1905302829590575,0.027932230042891724,0.05296792125496058,0.03696794032991357,402.5325302024466,20.766000622502894,102.56478087321547,0.0,0.0,True,241,0,124,0.9,3,False,234,0.0,0.48116035532178897,,0.31516389999887906,5,20586,1.2760427000175696
a9-ceiling,waxman-n60-load0.9-cascading-centralised-th0.9-dw3,waxman,60,0.9,cascading,CENTRALISED,orbit-ceiling-0.6,27,13798247298840138021,0.3066233023233147,0.7296750897697513,0.49203608526219916,0.16060334858236774,0.05974278389960958,1998.5147613820222,1.3450143655655313,2.732286640418851,0.0,0.0,True,54,0,0,0.9,3,False,234,0.30000000000000004,1.0,,0.08755880000535399,2,14704,1.4522181999927852
a9-ceiling,waxman-n60-load0.9-cascading-centralised-th0.9-dw3,waxman,60,0.9,cascading,CENTRALISED,orbit-ceiling-0.7,27,13798247298840138021,0.34223744875083395,1.0,0.5839507976197882,0.10899186993857395,0.01660067496307196,2230.6412723487856,1.4736237038348126,4.240356507902005,0.0,0.2,False,55,0,0,0.9,3,False,234,0.30000000000000004,1.0,,0.0924498000240419,2,14532,1.6371192000224255
a9-ceiling,waxman-n60-load0.9-cascading-centralised-th0.9-dw3,waxman,60,0.9,cascading,CENTRALISED,orbit-ceiling-0.8,27,13798247298840138021,0.42084446223285726,1.0,0.6923048116571816,0.2344262775011813,0.04624586981340911,2742.98744956897,1.5048850911533367,3.5038135093226757,0.0,0.2,False,71,0,0,0.9,3,False,234,0.30000000000000004,1.0,,0.10250269999960437,2,12176,2.155534399993485
a9-ceiling,waxman-n60-load0.9-cascading-centralised-th0.9-dw3,waxman,60,0.9,cascading,CENTRALISED,orbit-ceiling-0.9,27,13798247298840138021,0.49809282941142924,1.0,0.7598497073531458,0.3429726899571454,0.1365304400709185,3246.478217978504,1.5052023706686515,3.0004961318879384,0.0,0.2,False,86,0,0,0.9,3,False,234,0.30000000000000004,1.0,,0.1172517999948468,2,10056,2.6174793999816757
a9-ceiling,waxman-n60-load0.9-cascading-centralised-th0.9-dw3,waxman,60,0.9,cascading,CENTRALISED,orbit-ceiling-0.95,27,13798247298840138021,0.3049921224040194,0.565871874928901,0.33161902089568424,0.25886140896487875,0.18954251661247165,1987.8830281690512,1.2715341164740352,2.4519770236568483,,0.0,True,131,0,71,0.9,3,False,234,0.6000000000000001,0.7754779389272479,,0.23922470002435148,7,14573,1.7398464000143576
a9-ceiling,waxman-n60-load0.9-cascading-centralised-th0.9-dw3,waxman,60,0.9,cascading,CENTRALISED,orbit-ceiling-1.0,27,13798247298840138021,0.1295563975923629,0.17945825777032487,0.2068717977367448,0.06326918545705365,0.10508381586423188,844.4249705027328,1.3778841520884504,3.647501882107668,,0.5,True,146,0,110,0.9,3,False,234,0.6000000000000001,0.3954284809373418,,0.31545720002031885,8,19219,1.3338939000095706
a9-ceiling,waxman-n60-load0.9-cascading-centralised-th0.9-dw3,waxman,60,0.9,cascading,CENTRALISED,orbit-no-fallback,27,13798247298840138021,0.13266659987905075,0.18022359438426888,0.2068717977367448,0.062288161952230976,0.11822127896021131,864.6967017564639,1.3803577671233518,3.647501882107668,,0.0,True,147,1,110,0.9,3,False,234,0.6000000000000001,0.39058761021637217,,0.26858329991227947,8,19087,1.2940212000103202
a9-ceiling,waxman-n60-load0.9-cascading-centralised-th0.9-dw3,waxman,60,0.9,cascading,CENTRALISED,spf-static,27,13798247298840138021,0.09982756476380363,0.1868971757614759,0.06663982510800623,0.10639281645434083,0.0777714538473541,650.6578601873973,7.436541124506283,50.95995471783392,0.0,0.0,False,0,0,52,0.9,3,False,234,0.0,0.5946613492751146,,0.032284699962474406,3,19698,0.8616201999830082
a9-ceiling,waxman-n60-load0.9-cascading-centralised-th0.9-dw3,waxman,60,0.9,cascading,CENTRALISED,cspf,28,10909858104733326281,0.07033863888293616,0.031085016916524075,0.0412531352013889,0.08450453086130538,0.10069487992215904,484.39808649458297,20.42827403478315,102.02029417932616,,,True,164,0,124,0.9,3,False,248,0.1,0.0,,0.376175500015961,6,20215,1.3926378000178374
a9-ceiling,waxman-n60-load0.9-cascading-centralised-th0.9-dw3,waxman,60,0.9,cascading,CENTRALISED,orbit,28,10909858104733326281,0.0722890972169679,0.10147454378351542,0.0871606776026298,0.07923085753890287,0.0325672545653951,497.8302242185557,19.013519477006803,102.59125171897954,,,True,293,0,125,0.9,3,False,248,0.0,0.2642058030569669,,0.41920179995941,5,20009,1.4251371000136714
a9-ceiling,waxman-n60-load0.9-cascading-centralised-th0.9-dw3,waxman,60,0.9,cascading,CENTRALISED,orbit-ceiling-0.6,28,10909858104733326281,0.3155677326760485,0.654286630906156,0.4109066813932711,0.26893565056307783,0.10590079066598028,2173.2067650913164,1.4282293041399106,3.6323600999709065,0.2,0.2,False,57,0,2,0.9,3,False,248,0.8,1.0,,0.12097350004478358,3,14401,1.4905318999954034
a9-ceiling,waxman-n60-load0.9-cascading-centralised-th0.9-dw3,waxman,60,0.9,cascading,CENTRALISED,orbit-ceiling-0.7,28,10909858104733326281,0.36814398849249413,0.7131841606204306,0.6311962753935582,0.20578536371811243,0.14569260733788642,2535.281410222306,1.4310347806381318,2.8069328946008993,,0.2,True,61,0,0,0.9,3,False,248,0.30000000000000004,0.9230076032254095,,0.1257540000078734,2,13654,1.6826795000233687
a9-ceiling,waxman-n60-load0.9-cascading-centralised-th0.9-dw3,waxman,60,0.9,cascading,CENTRALISED,orbit-ceiling-0.8,28,10909858104733326281,0.42377559027951794,0.7477930557159108,0.6639278908789276,0.2617977514945852,0.23476817412360548,2918.397175358335,1.5117974507089602,2.8069328946008993,,0.2,True,73,0,0,0.9,3,False,248,0.30000000000000004,0.9263434510671782,,0.13398610000149347,2,11876,2.0557708000123966
a9-ceiling,waxman-n60-load0.9-cascading-centralised-th0.9-dw3,waxman,60,0.9,cascading,CENTRALISED,orbit-ceiling-0.9,28,10909858104733326281,0.4719651436572103,0.7847992727806246,0.7608217800999373,0.347462057559728,0.18883201386436985,3250.2621050171556,1.742529020504646,3.4000590874845464,,0.2,True,81,0,0,0.9,3,False,248,0.30000000000000004,0.9296047363508427,,0.12590370001271367,2,10784,2.4368621000030544
a9-ceiling,waxman-n60-load0.9-cascading-centralised-th0.9-dw3,waxman,60,0.9,cascading,CENTRALISED,orbit-ceiling-0.95,28,10909858104733326281,0.3140361918836709,0.5538394894297995,0.4639492632896184,0.24980032776247155,0.1258567885958627,2162.6595688276693,1.679443044319131,3.9017136075883285,,0.0,True,128,0,52,0.9,3,False,248,0.8,0.931141515384021,,0.3318387000472285,7,14357,1.8830799999996088
a9-ceiling,waxman-n60-load0.9-cascading-centralised-th0.9-dw3,waxman,60,0.9,cascading,CENTRALISED,orbit-ceiling-1.0,28,10909858104733326281,0.15546029219293353,0.2244367346772501,0.23736050445102894,0.12926696429924367,0.07309068797201038,1070.6017241743118,1.725452563363427,4.661777143780407,,0.0,True,153,0,117,0.9,3,False,248,0.1,0.48211364374689114,,0.3155817999795545,6,18287,1.4487243999901693
a9-ceiling,waxman-n60-load0.9-cascading-centralised-th0.9-dw3,waxman,60,0.9,cascading,CENTRALISED,orbit-no-fallback,28,10909858104733326281,0.09437575303057306,0.141747589210275,0.1521985832775823,0.06020146968007942,0.058375014394990286,649.9334491754757,1.922236672093378,4.448013650706925,,0.0,True,166,12,127,0.9,3,False,248,0.6000000000000001,0.6697778852021886,,0.33482690004166216,8,19997,1.3517199000052642
a9-ceiling,waxman-n60-load0.9-cascading-centralised-th0.9-dw3,waxman,60,0.9,cascading,CENTRALISED,spf-static,28,10909858104733326281,0.09096874684988451,0.12920976974871576,0.10463968221900784,0.10430246478389056,0.03894145692646798,626.4705658895565,6.910348581030067,50.92287821072555,0.0,0.0,False,0,0,48,0.9,3,False,248,0.0,0.5147212247758094,,0.033632999984547496,2,19845,0.8693886999972165
a9-ceiling,waxman-n60-load0.9-cascading-centralised-th0.9-dw3,waxman,60,0.9,cascading,CENTRALISED,cspf,29,6329859330397869564,0.036643545586603016,0.03055325169491888,0.029831085371504945,0.017805670100922814,0.07479220742712135,360.28988090772515,43.156689988443105,151.70774329185627,,0.0,True,202,0,183,0.9,3,False,296,0.1,0.0,,0.4354818000283558,7,20807,1.5854957000119612
a9-ceiling,waxman-n60-load0.9-cascading-centralised-th0.9-dw3,waxman,60,0.9,cascading,CENTRALISED,orbit,29,6329859330397869564,0.05050683527745486,0.06670320902166602,0.05591121876506822,0.025583687232231783,0.071056006863099,496.5977329932073,27.714752443159192,150.78332151331628,,0.0,True,304,0,168,0.9,3,False,296,0.1,0.1362547484005024,,0.4408858999959193,5,20402,1.5751900000032037
a9-ceiling,waxman-n60-load0.9-cascading-centralised-th0.9-dw3,waxman,60,0.9,cascading,CENTRALISED,orbit-ceiling-0.6,29,6329859330397869564,0.25211043871707817,0.3060510679700189,0.29569645199774425,0.21135193049893727,0.2324680420188887,2478.822354302395,1.1515239660899046,2.947982745803078,0.2,0.2,True,54,0,0,0.9,3,False,296,0.30000000000000004,1.0,,0.07834429998183623,2,14682,1.3848552999843378
a9-ceiling,waxman-n60-load0.9-cascading-centralised-th0.9-dw3,waxman,60,0.9,cascading,CENTRALISED,orbit-ceiling-0.7,29,6329859330397869564,0.3178571766895099,0.45972185662805554,0.3726888384569549,0.29976482241110214,0.20005140668554114,3125.2631944272985,1.23499542896425,2.641663894368489,,0.0,True,61,0,0,0.9,3,False,296,0.30000000000000004,0.9323977651892096,,0.09299710002960637,2,13632,1.5741745000123046
a9-ceiling,waxman-n60-load0.9-cascading-centralised-th0.9-dw3,waxman,60,0.9,cascading,CENTRALISED,orbit-ceiling-0.8,29,6329859330397869564,0.37775191567477917,0.5763298049249547,0.5599209879628129,0.2739096937389808,0.21570083868374487,3714.1654971534695,1.2253953425263282,2.901531793965094,,0.0,True,67,0,0,0.9,3,False,296,0.0,0.8823443005475186,,0.10674079999444075,2,12710,1.7924158000096213
a9-ceiling,waxman-n60-load0.9-cascading-centralised-th0.9-dw3,waxman,60,0.9,cascading,CENTRALISED,orbit-ceiling-0.9,29,6329859330397869564,0.4131711615330192,0.8618096080732961,0.7440164675525319,0.1790460207665376,0.13123883682878104,4062.4177109559537,1.3655222563841047,3.073784328087717,,0.0,True,70,0,0,0.9,3,False,296,0.30000000000000004,0.9474505637707926,,0.11066440001013689,2,12326,2.0334104000066873
a9-ceiling,waxman-n60-load0.9-cascading-centralised-th0.9-dw3,waxman,60,0.9,cascading,CENTRALISED,orbit-ceiling-0.95,29,6329859330397869564,0.3481955373653462,0.7506545563763054,0.5567613392880932,0.16965072791752206,0.1424657264574707,3423.5586835742038,1.174784809023836,3.1538763042415816,,0.2,True,96,0,64,0.9,3,False,296,0.30000000000000004,0.8921369604368966,,0.20994209998752922,5,14341,1.8018048999947496
a9-ceiling,waxman-n60-load0.9-cascading-centralised-th0.9-dw3,waxman,60,0.9,cascading,CENTRALISED,orbit-ceiling-1.0,29,6329859330397869564,0.3203811911388268,0.6874180826523618,0.5538317666816895,0.13329109860297625,0.12241918346461991,3150.080030538437,1.2032343451857324,3.1538763042415816,,0.2,True,106,0,80,0.9,3,False,296,1.8,0.9142449670177469,,0.2563574000087101,7,14875,1.8031605999858584
a9-ceiling,waxman-n60-load0.9-cascading-centralised-th0.9-dw3,waxman,60,0.9,cascading,CENTRALISED,orbit-no-fallback,29,6329859330397869564,0.3091425895880503,0.7254129756601564,0.5096392728855149,0.11814511607625551,0.12152316814910702,3039.578867250924,1.20729318840774,2.4949274309920013,,0.2,True,108,6,83,0.9,3,False,296,0.30000000000000004,0.8387622488683435,,0.26389559998642653,6,15315,1.771527100005187
a9-ceiling,waxman-n60-load0.9-cascading-centralised-th0.9-dw3,waxman,60,0.9,cascading,CENTRALISED,spf-static,29,6329859330397869564,0.05385046354476194,0.015408526615372028,0.041433090378221786,0.05197456424733391,0.09302224514003893,529.4732479288635,11.512210287467955,100.72526872345065,,0.0,True,0,0,72,0.9,3,False,296,0.0,0.0,,0.03875259999767877,2,20727,0.8993002000206616
a9-ceiling,waxman-n60-load0.9-cascading-centralised-th0.95-dw3,waxman,60,0.9,cascading,CENTRALISED,cspf,0,4053591605603262345,0.053280497170135284,0.08702006742490674,0.029810775845522074,0.06509333528210844,0.04025866238642236,434.20854646953893,30.39511861658075,150.96268653380915,,,True,171,0,145,0.95,3,False,262,0.0,0.18312808492282664,,0.3631576000188943,6,20899,1.382330299995374
a9-ceiling,waxman-n60-load0.9-cascading-centralised-th0.95-dw3,waxman,60,0.9,cascading,CENTRALISED,orbit,0,4053591605603262345,0.052343291824676244,0.08500846789239927,0.0412638712302116,0.048645062713609494,0.04979391095380702,426.5708067259363,26.946587226178718,102.89715407950689,,,True,296,0,128,0.95,3,False,262,0.0,0.17591025736539936,,0.4438566999742761,6,20558,1.439217799983453
a9-ceiling,waxman-n60-load0.9-cascading-centralised-th0.95-dw3,waxman,60,0.9,cascading,CENTRALISED,orbit-ceiling-0.6,0,4053591605603262345,0.2855609782180267,0.52126595414125,0.5821240960838557,0.16143881425291157,0.06947060000092979,2327.174554781922,1.1659906363504189,2.507153977636558,0.2,0.2,False,56,0,0,0.95,3,False,262,0.30000000000000004,0.9511175397592447,,0.07380310000735335,2,14404,1.5565160999831278
a9-ceiling,waxman-n60-load0.9-cascading-centralised-th0.95-dw3,waxman,60,0.9,cascading,CENTRALISED,orbit-ceiling-0.7,0,4053591605603262345,0.325129460535284,0.7718949468272412,0.7156575805484728,0.07074934295278404,0.09037762533451167,2649.6372588764366,1.399033247266632,4.039837277951339,0.2,0.2,False,59,0,0,0.95,3,False,262,0.30000000000000004,1.0000000000000002,,0.08385219998308457,2,13976,1.8180566999944858
a9-ceiling,waxman-n60-load0.9-cascading-centralised-th0.95-dw3,waxman,60,0.9,cascading,CENTRALISED,orbit-ceiling-0.8,0,4053591605603262345,0.3684365081597862,0.9745113841773849,0.7101835320304133,0.12002148175077222,0.08465965525380759,3002.5673402320276,1.393074360728685,2.8674640196705212,0.2,0.2,False,64,0,0,0.95,3,False,262,0.30000000000000004,1.0,,0.10184100002516061,2,13248,1.9292442000005394
a9-ceiling,waxman-n60-load0.9-cascading-centralised-th0.95-dw3,waxman,60,0.9,cascading,CENTRALISED,orbit-ceiling-0.9,0,4053591605603262345,0.40822006892539275,0.9543212485922852,0.7834699589789841,0.16509693335075667,0.11966841143392391,3326.7828226487195,1.5061842371051852,3.2142879706869656,,0.0,True,74,0,0,0.95,3,False,262,0.30000000000000004,0.9476751476237757,,0.10991920001106337,2,11856,2.2462703000055626
a9-ceiling,waxman-n60-load0.9-cascading-centralised-th0.95-dw3,waxman,60,0.9,cascading,CENTRALISED,orbit-ceiling-0.95,0,4053591605603262345,0.4245414841676569,0.99897178928666,0.8134563750341944,0.16478116864476922,0.1314396638573045,3459.793931123166,1.5444298010716215,3.4208308270405228,0.2,0.2,False,76,0,0,0.95,3,False,262,0.30000000000000004,1.0,,0.10810360001050867,2,11534,2.371809200005373
a9-ceiling,waxman-n60-load0.9-cascading-centralised-th0.95-dw3,waxman,60,0.9,cascading,CENTRALISED,orbit-ceiling-1.0,0,4053591605603262345,0.3312846541524747,0.6596295019329168,0.5209070507729203,0.2540020090624887,0.09721065733938336,2699.798909305949,1.5264537213210312,3.111816417326474,,0.0,True,120,0,39,0.95,3,False,262,1.8,0.8754364099339698,,0.33104749995982274,11,13920,1.9984659999900032
a9-ceiling,waxman-n60-load0.9-cascading-centralised-th0.95-dw3,waxman,60,0.9,cascading,CENTRALISED,orbit-no-fallback,0,4053591605603262345,0.3260353312041441,0.9104453251563149,0.4524856401473003,0.1483431158960556,0.14664362821291274,2657.019637181938,1.4572814879246572,2.8550018030182915,0.2,0.2,True,123,12,42,0.95,3,False,262,1.8,1.0587076490737368,,0.3059703999897465,8,14184,1.95435010001529
a9-ceiling,waxman-n60-load0.9-cascading-centralised-th0.95-dw3,waxman,60,0.9,cascading,CENTRALISED,spf-static,0,4053591605603262345,0.1304682081444714,0.07620537309234308,0.09942565016756034,0.19769514589239634,0.0962492503751183,1063.2485436087447,4.83326944555873,50.16497865442362,0.0,0.0,False,0,0,51,0.95,3,False,262,0.0,0.3533582208625152,,0.03530319998390041,2,18816,0.9249022000003606
a9-ceiling,waxman-n60-load0.9-cascading-centralised-th0.95-dw3,waxman,60,0.9,cascading,CENTRALISED,cspf,1,2320596041710581958,0.08604325616877503,0.060365231795388316,0.10064486437408847,0.10384795608383582,0.06405369380840803,821.5724079576601,17.40114512051352,101.90383252683964,,0.0,True,203,0,143,0.95,3,False,284,0.0,0.1025052442646505,,0.37670180000714026,4,19859,1.4678777999943122
a9-ceiling,waxman-n60-load0.9-cascading-centralised-th0.95-dw3,waxman,60,0.9,cascading,CENTRALISED,orbit,1,2320596041710581958,0.07579571782996013,0.03774004422071378,0.1301253370224439,0.05935066140319142,0.06977515722591408,723.725172467822,18.379414022059347,102.31737893468485,,0.0,True,308,0,133,0.95,3,False,284,0.0,0.0,,0.4756799999740906,5,20248,1.524924800003646
a9-ceiling,waxman-n60-load0.9-cascading-centralised-th0.95-dw3,waxman,60,0.9,cascading,CENTRALISED,orbit-ceiling-0.6,1,2320596041710581958,0.24349807880192134,0.32932085570468567,0.35501476379337993,0.2987753785773375,0.020596886918939655,2325.0085113231326,1.2797223820465409,2.829575346108076,0.2,0.2,True,52,0,0,0.95,3,False,284,0.30000000000000004,0.9999999999999999,,0.07127710003987886,2,14982,1.4846391000028234
a9-ceiling,waxman-n60-load0.9-cascading-centralised-th0.95-dw3,waxman,60,0.9,cascading,CENTRALISED,orbit-ceiling-0.7,1,2320596041710581958,0.2820199335628287,0.4263570391856404,0.4767124829882862,0.28367324115013864,0.020596886918939655,2692.8292375963797,1.2358701430503243,2.658515030891974,0.2,0.2,True,55,0,0,0.95,3,False,284,0.30000000000000004,1.0,,0.07461009998223744,2,14532,1.5332653000077698
a9-ceiling,waxman-n60-load0.9-cascading-centralised-th0.95-dw3,waxman,60,0.9,cascading,CENTRALISED,orbit-ceiling-0.8,1,2320596041710581958,0.3183999703252117,0.6630128324302071,0.6615958560728519,0.15330338538576263,0.026774301545619477,3040.199104048573,1.473282031843382,2.678063591956529,0.0,0.2,False,57,0,0,0.95,3,False,284,0.30000000000000004,0.9504270376585768,,0.08561999999801628,2,14232,1.744344299979275
a9-ceiling,waxman-n60-load0.9-cascading-centralised-th0.95-dw3,waxman,60,0.9,cascading,CENTRALISED,orbit-ceiling-0.9,1,2320596041710581958,0.3764694842938474,0.7778172084078671,0.7385957510722698,0.19205919957677783,0.06062608824749121,3594.668013576619,1.553896475928633,3.776932354939804,0.0,0.2,False,66,0,0,0.95,3,False,284,0.30000000000000004,0.9574742465828809,,0.09564580000005662,2,13056,1.997331699996721
a9-ceiling,waxman-n60-load0.9-cascading-centralised-th0.95-dw3,waxman,60,0.9,cascading,CENTRALISED,orbit-ceiling-0.95,1,2320596041710581958,0.40898241410158015,0.9679823994531642,0.7786464547119438,0.20001783503613518,0.02853587606899599,3905.113331679202,1.6176775365584664,3.7014769312943088,0.0,0.0,False,68,0,0,0.95,3,False,284,0.30000000000000004,0.9630566147536486,,0.10309290001168847,2,12582,2.182743899989873
a9-ceiling,waxman-n60-load0.9-cascading-centralised-th0.95-dw3,waxman,60,0.9,cascading,CENTRALISED,orbit-ceiling-1.0,1,2320596041710581958,0.3785026165503474,0.8338216639277288,0.6648297217982954,0.20915013113400346,0.08091651803850901,3614.0811022722937,1.3917111686869934,2.813587970524187,0.0,0.2,False,78,0,24,0.95,3,False,284,0.30000000000000004,0.9702810163516096,,0.16326730002765544,4,14084,1.7921956999925897
a9-ceiling,waxman-n60-load0.9-cascading-centralised-th0.95-dw3,waxman,60,0.9,cascading,CENTRALISED,orbit-no-fallback,1,2320596041710581958,0.36672983533158204,0.8652955068615275,0.5835630910945412,0.21978136199039303,0.07814738367564739,3501.670291188069,1.3455972908924847,2.832521334622454,0.0,0.0,True,87,2,29,0.95,3,False,284,0.8,0.9758664877885943,,0.2569292999978643,6,14096,1.83156640001107
a9-ceiling,waxman-n60-load0.9-cascading-centralised-th0.95-dw3,waxman,60,0.9,cascading,CENTRALISED,spf-static,1,2320596041710581958,0.13634581143659666,0.1443238413591017,0.1254483627509239,0.1388338245517201,0.13842122139300905,1301.8795615682072,4.669578235260281,1.192454177711705,0.0,0.0,False,0,0,52,0.95,3,False,284,0.0,0.579645339406365,,0.03617460001260042,2,19110,0.9510664999834262
a9-ceiling,waxman-n60-load0.9-cascading-centralised-th0.95-dw3,waxman,60,0.9,cascading,CENTRALISED,cspf,2,284056897045571085,0.055736572446532004,0.04503566999704591,0.08784875862019194,0.03355524436663435,0.05955047930186564,471.75567065594583,28.842667043333854,150.91771540039,,,True,169,0,147,0.95,3,False,268,0.1,0.0,,0.42763819996616803,6,20771,1.4659805999835953
a9-ceiling,waxman-n60-load0.9-cascading-centralised-th0.95-dw3,waxman,60,0.9,cascading,CENTRALISED,orbit,2,284056897045571085,0.0651416589035533,0.0457870747502272,0.11053035472848743,0.06619701056073023,0.029066011946461242,551.3605454150736,22.605912479072405,102.44852714823814,,,True,311,1,133,0.95,3,False,268,0.1,0.0,,0.5610922999912873,7,20354,1.584963000001153
a9-ceiling,waxman-n60-load0.9-cascading-centralised-th0.95-dw3,waxman,60,0.9,cascading,CENTRALISED,orbit-ceiling-0.6,2,284056897045571085,0.2620918838171395,0.4546095045110693,0.40798504265688057,0.2387448791546584,0.04777629557154116,2218.351918612249,1.3051873406663967,2.9512926398474115,0.2,0.2,True,51,0,0,0.95,3,False,268,0.30000000000000004,1.0,,0.08161079999990761,2,15154,1.3563677000056487
a9-ceiling,waxman-n60-load0.9-cascading-centralised-th0.95-dw3,waxman,60,0.9,cascading,CENTRALISED,orbit-ceiling-0.7,2,284056897045571085,0.36648721314215066,0.7339204459738594,0.58604074647185,0.25023498004117745,0.11233654045937805,3101.956461146929,1.3955450555228905,3.4999333679146107,0.0,0.2,False,65,0,0,0.95,3,False,268,0.30000000000000004,1.0,,0.08918899999116547,2,13032,1.7546917999861762
a9-ceiling,waxman-n60-load0.9-cascading-centralised-th0.95-dw3,waxman,60,0.9,cascading,CENTRALISED,orbit-ceiling-0.8,2,284056897045571085,0.39583269588045855,0.9292021583110486,0.6710263829378883,0.23123404424097696,0.0643143624805986,3350.3373228013365,1.3598295816135766,3.0458759277357776,0.2,0.2,True,67,0,0,0.95,3,False,268,0.30000000000000004,1.0,,0.11982829999760725,2,12798,1.8617889000161085
a9-ceiling,waxman-n60-load0.9-cascading-centralised-th0.95-dw3,waxman,60,0.9,cascading,CENTRALISED,orbit-ceiling-0.9,2,284056897045571085,0.4260736511695443,0.9446563985895212,0.8161306622067115,0.17871398118804738,0.1004138349888797,3606.2974853564488,1.5508109087036623,3.7749287593710634,,0.0,True,72,0,0,0.95,3,False,268,0.30000000000000004,0.9361419983725201,,0.12317979996441863,2,12026,2.160324299999047
a9-ceiling,waxman-n60-load0.9-cascading-centralised-th0.95-dw3,waxman,60,0.9,cascading,CENTRALISED,orbit-ceiling-0.95,2,284056897045571085,0.4487029435715154,0.9446563985895212,0.8193596844270009,0.217871854052233,0.1318733380933492,3797.832352768727,1.7048056912185527,4.029372159594151,,0.0,True,76,0,0,0.95,3,False,268,0.30000000000000004,0.9361419983725201,,0.13137610000558197,2,11382,2.3143588000093587
a9-ceiling,waxman-n60-load0.9-cascading-centralised-th0.95-dw3,waxman,60,0.9,cascading,CENTRALISED,orbit-ceiling-1.0,2,284056897045571085,0.3447012177323841,0.8361202634665836,0.6357196333149598,0.10191674364380952,0.12510243799002302,2917.559279470551,1.6211818328726306,3.9557901758075764,0.2,0.2,True,116,0,44,0.95,3,False,268,0.30000000000000004,0.9740984787281924,,0.23305599996820092,5,14050,1.9403005000203848
a9-ceiling,waxman-n60-load0.9-cascading-centralised-th0.95-dw3,waxman,60,0.9,cascading,CENTRALISED,orbit-no-fallback,2,284056897045571085,0.28186333770900585,0.6616391109384113,0.4647972607722692,0.10140881230472384,0.14396781794586855,2385.6979731179895,1.7682969784936498,3.781358915028142,0.0,0.0,True,178,21,86,0.95,3,False,268,3.3000000000000003,1.0838499530371206,,0.5365239999664482,14,15880,1.936938500002725
a9-ceiling,waxman-n60-load0.9-cascading-centralised-th0.95-dw3,waxman,60,0.9,cascading,CENTRALISED,spf-static,2,284056897045571085,0.0799641576140247,0.10844036695145406,0.11304954465654335,0.07379397414301651,0.040554084334390075,676.8185259298122,6.9940559945643646,50.799967325380244,0.0,0.0,False,0,0,47,0.95,3,False,268,0.0,0.4454861472516672,,0.03525930002797395,2,19992,0.8428050999937113
a9-ceiling,waxman-n60-load0.9-cascading-centralised-th0.95-dw3,waxman,60,0.9,cascading,CENTRALISED,cspf,3,16184490997428116268,0.044512304998903546,0.040560908284977513,0.024605898955389068,0.03967424582599518,0.07574160200631795,421.64162085145796,37.137468196596544,151.53797461331385,,,True,199,0,166,0.95,3,False,284,0.0,0.0,,0.3829113999963738,5,20831,1.4739430000190623
a9-ceiling,waxman-n60-load0.9-cascading-centralised-th0.95-dw3,waxman,60,0.9,cascading,CENTRALISED,orbit,3,16184490997428116268,0.05274433504193104,0.05577316297634409,0.037195239024167444,0.06296247426814124,0.052252126469856226,499.61930568097887,27.746496640052392,102.49296586614041,,0.2,True,354,2,143,0.95,3,False,284,0.30000000000000004,0.0735108448879756,,0.5535523000580724,7,20451,1.624314599990612
a9-ceiling,waxman-n60-load0.9-cascading-centralised-th0.95-dw3,waxman,60,0.9,cascading,CENTRALISED,orbit-ceiling-0.6,3,16184490997428116268,0.24120883947027263,0.38709715993505933,0.29531937974971767,0.22062429073315362,0.12309519506216929,2284.8442928410495,1.284970111369598,4.162865371928018,0.0,0.2,False,49,0,0,0.95,3,False,284,0.30000000000000004,1.0,,0.07601280001108535,2,15454,1.2987157000170555
a9-ceiling,waxman-n60-load0.9-cascading-centralised-th0.95-dw3,waxman,60,0.9,cascading,CENTRALISED,orbit-ceiling-0.7,3,16184490997428116268,0.314388042774745,0.47755861947729933,0.42753296297861904,0.27238855338413254,0.1540680214027903,2978.0323426325876,1.189689095637803,2.6383748291954827,0.0,0.2,True,58,0,0,0.95,3,False,284,0.30000000000000004,1.0,,0.08417849999386817,2,14126,1.4839084999985062
a9-ceiling,waxman-n60-load0.9-cascading-centralised-th0.95-dw3,waxman,60,0.9,cascading,CENTRALISED,orbit-ceiling-0.8,3,16184490997428116268,0.3537348932991866,0.6307501536527212,0.7135022216119447,0.17449604646416433,0.06315859334824492,3350.744333865894,1.1933971895308129,2.4641017087725583,0.2,0.2,False,59,0,0,0.95,3,False,284,0.30000000000000004,1.0000000000000002,,0.10245259999646805,2,13932,1.6936591999838129
a9-ceiling,waxman-n60-load0.9-cascading-centralised-th0.95-dw3,waxman,60,0.9,cascading,CENTRALISED,orbit-ceiling-0.9,3,16184490997428116268,0.4574805344054052,0.9345387079720062,0.7768675393502351,0.22144181126829474,0.17164841762839933,4333.472149767074,1.2026026698064836,2.388652863617176,0.2,0.2,False,72,0,0,0.95,3,False,284,0.30000000000000004,1.0,,0.1157361000077799,2,11982,1.9844404000032227
a9-ceiling,waxman-n60-load0.9-cascading-centralised-th0.95-dw3,waxman,60,0.9,cascading,CENTRALISED,orbit-ceiling-0.95,3,16184490997428116268,0.46623617457426625,1.0,0.8116943143456576,0.22290610121055932,0.12798686699108677,4416.409717535844,1.3057755131205968,3.327111179681075,0.0,0.2,False,75,0,0,0.95,3,False,284,0.30000000000000004,1.0,,0.11605229997076094,2,11532,2.168698499997845
a9-ceiling,waxman-n60-load0.9-cascading-centralised-th0.95-dw3,waxman,60,0.9,cascading,CENTRALISED,orbit-ceiling-1.0,3,16184490997428116268,0.3819214873803976,0.7361566344008301,0.6572054002345081,0.22545406470248788,0.10021145298990217,3617.741093862409,1.3094351622508176,3.3328233949062502,0.0,0.0,True,91,0,31,0.95,3,False,284,0.30000000000000004,0.9148597811325828,,0.22648590002791025,5,14018,1.8020264000224415
a9-ceiling,waxman-n60-load0.9-cascading-centralised-th0.95-dw3,waxman,60,0.9,cascading,CENTRALISED,orbit-no-fallback,3,16184490997428116268,0.3548386616980498,0.7443149484097539,0.5432725114540258,0.15764775158993166,0.20629100348031146,3361.19975055916,1.3368293962046984,3.3328233949062502,0.0,0.0,True,124,13,47,0.95,3,False,284,1.1,1.0824145424770417,,0.3839661999954842,9,14411,1.845372599986149
a9-ceiling,waxman-n60-load0.9-cascading-centralised-th0.95-dw3,waxman,60,0.9,cascading,CENTRALISED,spf-static,3,16184490997428116268,0.11733946094824446,0.1493750421904388,0.053125234446678916,0.1208036862277913,0.16150724166188438,1111.494911469376,4.886805023927367,50.503963526661245,0.0,0.0,False,0,0,50,0.95,3,False,284,0.0,0.5415753695060176,,0.03521339999861084,2,19257,0.9047174000006635
a9-ceiling,waxman-n60-load0.9-cascading-centralised-th0.95-dw3,waxman,60,0.9,cascading,CENTRALISED,cspf,4,10028887255842766051,0.09513556537864115,0.22892884956219176,0.13073625713869091,0.0698910400855495,0.023556488901147903,835.8625400652106,16.37363246208588,101.61849774026857,,,True,240,0,140,0.95,3,False,290,0.30000000000000004,0.4549336628627787,,0.5081064000260085,6,19337,1.653793700010283
a9-ceiling,waxman-n60-load0.9-cascading-centralised-th0.95-dw3,waxman,60,0.9,cascading,CENTRALISED,orbit,4,10028887255842766051,0.1138440148803538,0.18125560435462457,0.13578792670180848,0.09774672091615404,0.0786325615358061,1000.2352650177031,13.3267003036809,100.68952805234306,,0.0,True,336,1,139,0.95,3,False,290,0.30000000000000004,0.3425992666350654,,0.5064275999611709,5,19153,1.6780851999938022
a9-ceiling,waxman-n60-load0.9-cascading-centralised-th0.95-dw3,waxman,60,0.9,cascading,CENTRALISED,orbit-ceiling-0.6,4,10028887255842766051,0.2754253802493475,0.34367163406725004,0.4860577161946653,0.27829535029993097,0.05509633315237492,2419.8916253598277,1.2885543455514812,3.096758186348616,,0.0,True,56,0,0,0.95,3,False,290,0.30000000000000004,0.8914159952788708,,0.10700519997044466,2,14404,1.6026653999870177
a9-ceiling,waxman-n60-load0.9-cascading-centralised-th0.95-dw3,waxman,60,0.9,cascading,CENTRALISED,orbit-ceiling-0.7,4,10028887255842766051,0.3595272364720635,0.5253189456005841,0.6045035312736246,0.384930487642121,0.028165175994882698,3158.811827144859,1.1923430739124332,3.913676110535844,0.2,0.2,False,68,0,0,0.95,3,False,290,0.30000000000000004,1.0,,0.10987370001384988,2,12626,1.9338019999850076
a9-ceiling,waxman-n60-load0.9-cascading-centralised-th0.95-dw3,waxman,60,0.9,cascading,CENTRALISED,orbit-ceiling-0.8,4,10028887255842766051,0.43419932165208536,0.7827545404720193,0.7639923583668442,0.35968023723348014,0.05688258951975963,3814.8819155720803,1.35609056510655,3.367821760558053,,0.0,True,77,0,0,0.95,3,False,290,0.0,0.8837154988019806,,0.11579020001227036,2,11210,2.3913400000019465
a9-ceiling,waxman-n60-load0.9-cascading-centralised-th0.95-dw3,waxman,60,0.9,cascading,CENTRALISED,orbit-ceiling-0.9,4,10028887255842766051,0.46691782490806305,0.9475509445815814,0.9448752318234875,0.26027813737878047,0.05806453191629719,4102.347188205162,1.5074864557595304,3.3711748112090882,,0.0,True,82,0,0,0.95,3,False,290,0.30000000000000004,0.940117880640322,,0.1289581999881193,2,10504,2.7759603000013158
a9-ceiling,waxman-n60-load0.9-cascading-centralised-th0.95-dw3,waxman,60,0.9,cascading,CENTRALISED,orbit-ceiling-0.95,4,10028887255842766051,0.4901611381223664,0.9122729516198284,0.9448752318234875,0.34343991315309763,0.05742337807523035,4306.563295457105,1.6571873023503467,4.123555255427087,,0.0,True,86,0,0,0.95,3,False,290,0.30000000000000004,0.8987764826382639,,0.12835500002256595,2,10034,2.961215199989965
a9-ceiling,waxman-n60-load0.9-cascading-centralised-th0.95-dw3,waxman,60,0.9,cascading,CENTRALISED,orbit-ceiling-1.0,4,10028887255842766051,0.38698276622674976,0.7168628713981285,0.698422605971022,0.2713799522930035,0.0873920177042605,3400.0365336807417,1.6396683547225281,3.9280483468589242,,0.2,True,120,0,45,0.95,3,False,290,1.1,0.861799992733179,,0.3330604999791831,8,13036,2.300167599983979
a9-ceiling,waxman-n60-load0.9-cascading-centralised-th0.95-dw3,waxman,60,0.9,cascading,CENTRALISED,orbit-no-fallback,4,10028887255842766051,0.3476444475249031,0.7302398636016627,0.6256146095041583,0.17802240553374252,0.11596463776508494,3054.4094607648276,1.7519501047735468,4.044358034465537,,0.0,True,146,23,61,0.95,3,False,290,1.1,0.8435518061941485,,0.3576415999850724,9,13893,2.195177399989916
a9-ceiling,waxman-n60-load0.9-cascading-centralised-th0.95-dw3,waxman,60,0.9,cascading,CENTRALISED,spf-static,4,10028887255842766051,0.14016741107361788,0.3526621998753921,0.1312570775315732,0.14777893913536755,0.021981037710094017,1231.5130286771016,4.264778328594991,1.45358509544455,0.0,0.0,False,0,0,45,0.95,3,False,290,0.0,0.8262695147077566,,0.03799700000672601,2,18816,0.9143034999724478
a9-ceiling,waxman-n60-load0.9-cascading-centralised-th0.95-dw3,waxman,60,0.9,cascading,CENTRALISED,cspf,5,9550258962755398862,0.074601416310514,0.10249428805656043,0.14387643902786446,0.03235871141245701,0.04916759648614376,546.4839756143612,18.620181310012953,101.4991679912263,,,True,162,0,117,0.95,3,False,262,0.1,0.18159116583346396,,0.3772562999802176,5,20058,1.4068130000086967
a9-ceiling,waxman-n60-load0.9-cascading-centralised-th0.95-dw3,waxman,60,0.9,cascading,CENTRALISED,orbit,5,9550258962755398862,0.12369101237915732,0.23926753198193298,0.1196652386850172,0.06341253950436682,0.14559570931553567,906.0840870818761,10.819700941470845,52.08962536327613,,,True,324,5,102,0.95,3,False,262,0.1,0.41778183437352195,,0.5752283000038005,7,18790,1.6532733000058215
a9-ceiling,waxman-n60-load0.9-cascading-centralised-th0.95-dw3,waxman,60,0.9,cascading,CENTRALISED,orbit-ceiling-0.6,5,9550258962755398862,0.32520372643574535,0.5231279767418248,0.5339545813978778,0.27906505700755024,0.06351934920230945,2382.241974703158,1.3045947153306923,3.284473664858648,,0.2,True,60,0,0,0.95,3,False,262,0.30000000000000004,0.9194307632803225,,0.09453020003275014,2,13848,1.8580466999846976
a9-ceiling,waxman-n60-load0.9-cascading-centralised-th0.95-dw3,waxman,60,0.9,cascading,CENTRALISED,orbit-ceiling-0.7,5,9550258962755398862,0.41478240191277194,0.8284370029162264,0.7037525135718946,0.23240392736373483,0.1399542927901584,3038.4401157839584,1.2490541398515593,3.284473664858648,,0.0,True,69,0,0,0.95,3,False,262,0.30000000000000004,0.9477796224809403,,0.09596639999654144,2,12324,2.1205421999911778
a9-ceiling,waxman-n60-load0.9-cascading-centralised-th0.95-dw3,waxman,60,0.9,cascading,CENTRALISED,orbit-ceiling-0.8,5,9550258962755398862,0.48598390775123496,0.8870677186572241,0.8247792690164405,0.28863132725496604,0.19014384932452236,3560.0184437124126,1.19287477435288,2.4393441572101553,0.2,0.2,False,78,0,0,0.95,3,False,262,0.30000000000000004,0.9981509027464917,,0.11198120002518408,2,10974,2.386467000003904
a9-ceiling,waxman-n60-load0.9-cascading-centralised-th0.95-dw3,waxman,60,0.9,cascading,CENTRALISED,orbit-ceiling-0.9,5,9550258962755398862,0.5434876645713101,0.8870677186572241,0.8247792690164405,0.4127873771240413,0.24374034557367288,3981.2555085557406,1.2505692989909276,2.27576136491184,0.2,0.2,False,88,0,0,0.95,3,False,262,0.30000000000000004,0.9981509027464917,,0.1324066999659408,2,9496,2.7605894999869633
a9-ceiling,waxman-n60-load0.9-cascading-centralised-th0.95-dw3,waxman,60,0.9,cascading,CENTRALISED,orbit-ceiling-0.95,5,9550258962755398862,0.5752320807767698,0.8870677186572241,0.8421503459992787,0.4470793666951868,0.30523413335615884,4213.795527626017,1.2406304518280185,2.305966525486492,0.2,0.2,False,95,0,0,0.95,3,False,262,0.30000000000000004,0.9981509027464917,,0.14617749999160878,2,8576,2.9513407000049483
a9-ceiling,waxman-n60-load0.9-cascading-centralised-th0.95-dw3,waxman,60,0.9,cascading,CENTRALISED,orbit-ceiling-1.0,5,9550258962755398862,0.41009859420197176,0.6789111945055396,0.5798700378812373,0.288602685108273,0.25391418943329996,3004.1294285959652,1.3835102259171528,2.7085070446737287,0.0,0.0,True,130,0,45,0.95,3,False,262,0.1,0.9493364524162525,,0.32153349998407066,7,12015,2.4198163999826647
a9-ceiling,waxman-n60-load0.9-cascading-centralised-th0.95-dw3,waxman,60,0.9,cascading,CENTRALISED,orbit-no-fallback,5,9550258962755398862,0.3266232493322125,0.6238621558563604,0.4442944600802414,0.1763977670188328,0.2472774459623679,2392.640524145009,1.4020974586008095,2.195844675493996,0.0,0.0,True,165,13,69,0.95,3,False,262,0.6000000000000001,0.931692672374255,,0.36010009999154136,8,14586,2.041511299990816
a9-ceiling,waxman-n60-load0.9-cascading-centralised-th0.95-dw3,waxman,60,0.9,cascading,CENTRALISED,spf-static,5,9550258962755398862,0.1511531151948575,0.17582161009488753,0.15231721978197052,0.14158228060944514,0.1490428094304864,1107.2545187930912,4.2132100402393515,1.3119622547038263,0.0,0.0,False,0,0,43,0.95,3,False,262,0.0,0.5987350505713713,,0.0355260000214912,2,18375,0.9560004999802914
a9-ceiling,waxman-n60-load0.9-cascading-centralised-th0.95-dw3,waxman,60,0.9,cascading,CENTRALISED,cspf,6,11541735394445254528,0.06417735130023358,0.10953933088623699,0.06293107198956069,0.0678432032094098,0.03579855912187154,485.75636515449867,20.701242825952722,101.25774915103553,,,True,171,0,122,0.95,3,False,268,0.1,0.25949192710134356,,0.538994599977741,6,20330,1.559945900022285
a9-ceiling,waxman-n60-load0.9-cascading-centralised-th0.95-dw3,waxman,60,0.9,cascading,CENTRALISED,orbit,6,11541735394445254528,0.07666757042883068,0.13266566702656846,0.06914419801144474,0.06260896377546336,0.07195321020221383,580.2944431675194,18.86348293442065,101.63887869140761,,0.0,True,326,1,126,0.95,3,False,268,0.0,0.26098260321047745,,0.5347464000224136,5,20037,1.6280888000037521
a9-ceiling,waxman-n60-load0.9-cascading-centralised-th0.95-dw3,waxman,60,0.9,cascading,CENTRALISED,orbit-ceiling-0.6,6,11541735394445254528,0.29618241981255633,0.519311047854336,0.37900628132888625,0.2849513354220903,0.1108180476481861,2241.7954738853095,1.068498870771065,2.0824920185525375,,0.0,True,59,0,0,0.95,3,False,268,0.30000000000000004,0.823531544135109,,0.08957179999561049,2,13976,1.5029192000220064
a9-ceiling,waxman-n60-load0.9-cascading-centralised-th0.95-dw3,waxman,60,0.9,cascading,CENTRALISED,orbit-ceiling-0.7,6,11541735394445254528,0.3571441388728492,0.8750815820728323,0.635232220288267,0.15645866920879542,0.07669694363269809,2703.212819169078,1.2998929067342437,2.634964690812776,,0.2,True,60,0,0,0.95,3,False,268,0.30000000000000004,0.9404229809898798,,0.12294459997792728,2,13848,1.7220305999799166
a9-ceiling,waxman-n60-load0.9-cascading-centralised-th0.95-dw3,waxman,60,0.9,cascading,CENTRALISED,orbit-ceiling-0.8,6,11541735394445254528,0.41252614356826306,0.8750815820728323,0.7398249346558841,0.25209941997870344,0.06210844693319523,3122.3974809037186,1.2502294403629943,2.4123591721802975,,0.0,True,69,0,0,0.95,3,False,268,0.30000000000000004,0.9404229809898798,,0.12733570000273176,2,12454,2.020461100008106
a9-ceiling,waxman-n60-load0.9-cascading-centralised-th0.95-dw3,waxman,60,0.9,cascading,CENTRALISED,orbit-ceiling-0.9,6,11541735394445254528,0.46284107731463175,0.8750815820728323,0.8318827461509881,0.3431277005894582,0.04618934213958954,3503.2296410732292,1.403034370882542,2.6826853046308785,,0.0,True,79,0,0,0.95,3,False,268,0.30000000000000004,0.9404229809898798,,0.1199738000286743,2,10998,2.5420237999933306
a9-ceiling,waxman-n60-load0.9-cascading-centralised-th0.95-dw3,waxman,60,0.9,cascading,CENTRALISED,orbit-ceiling-0.95,6,11541735394445254528,0.4865799826358839,0.8750815820728323,0.8505383718266797,0.36061762380079326,0.09597070090162088,3682.9086731300767,1.4907683276042356,3.1547708479635905,,0.2,True,84,0,0,0.95,3,False,268,0.30000000000000004,0.9404229809898798,,0.1313170000212267,2,10356,2.6977256999816746
a9-ceiling,waxman-n60-load0.9-cascading-centralised-th0.95-dw3,waxman,60,0.9,cascading,CENTRALISED,orbit-ceiling-1.0,6,11541735394445254528,0.22476627475219876,0.4622066909182428,0.2227269542655852,0.21819716943102882,0.10609591469955112,1701.248905118776,1.5792586587091206,4.216219056387733,0.0,0.0,True,156,0,86,0.95,3,False,268,1.1,0.8487744947414946,,0.40166100003989413,9,16763,1.704136300017126
a9-ceiling,waxman-n60-load0.9-cascading-centralised-th0.95-dw3,waxman,60,0.9,cascading,CENTRALISED,orbit-no-fallback,6,11541735394445254528,0.22107883901095882,0.5723052844632501,0.20375956061218867,0.19129264181071434,0.08573248985047063,1673.3388193000897,1.5671401232005744,3.244376076154501,,0.0,True,182,13,90,0.95,3,False,268,2.3000000000000003,0.8679738802228547,,0.5064845000160858,11,16469,1.8766294000088237
a9-ceiling,waxman-n60-load0.9-cascading-centralised-th0.95-dw3,waxman,60,0.9,cascading,CENTRALISED,spf-static,6,11541735394445254528,0.16669379927762815,0.09710980354173304,0.2674402439038452,0.17548663707274864,0.09717249098155395,1261.7001541881884,3.106176595036515,1.1736310291463354,0.0,0.0,False,0,0,36,0.95,3,False,268,0.0,0.44290608136666854,,0.039338799979304895,2,18228,1.1423282000178006
a9-ceiling,waxman-n60-load0.9-cascading-centralised-th0.95-dw3,waxman,60,0.9,cascading,CENTRALISED,cspf,7,8384104090626853855,0.08852705836505259,0.060771017228623,0.12077596137764691,0.10838039804792561,0.04709924279127527,596.7358441698591,14.927463617373062,101.46274506119907,,,True,117,0,96,0.95,3,False,226,0.30000000000000004,0.1020093494627902,,0.3219641999749001,5,19813,1.2361135999963153
a9-ceiling,waxman-n60-load0.9-cascading-centralised-th0.95-dw3,waxman,60,0.9,cascading,CENTRALISED,orbit,7,8384104090626853855,0.06863184737764823,0.06400313415328475,0.08809782610803694,0.07806073540517144,0.038957427277777276,462.6278579477287,18.473228611480646,102.60679243226971,,0.0,True,272,1,103,0.95,3,False,226,0.0,0.0937198157340719,,0.37299789997632615,5,20192,1.2674537999846507
a9-ceiling,waxman-n60-load0.9-cascading-centralised-th0.95-dw3,waxman,60,0.9,cascading,CENTRALISED,orbit-ceiling-0.6,7,8384104090626853855,0.3095898246740098,0.5373276183750861,0.5780845979509863,0.1749780340592008,0.06707862226667471,2086.8573833260243,1.2505114251736449,2.334885719607677,0.2,0.2,False,49,0,0,0.95,3,False,226,0.30000000000000004,1.0,,0.07593240001006052,2,15498,1.3003060000191908
a9-ceiling,waxman-n60-load0.9-cascading-centralised-th0.95-dw3,waxman,60,0.9,cascading,CENTRALISED,orbit-ceiling-0.7,7,8384104090626853855,0.3361419602635981,0.8238995747812191,0.5179360052786973,0.19310427656801227,0.018279089839218294,2265.8378141478447,1.3226964910174739,2.449538900912204,,0.0,True,52,0,0,0.95,3,False,226,0.30000000000000004,0.9342871085560697,,0.09032690001185983,2,15026,1.4345003000053111
a9-ceiling,waxman-n60-load0.9-cascading-centralised-th0.95-dw3,waxman,60,0.9,cascading,CENTRALISED,orbit-ceiling-0.8,7,8384104090626853855,0.37949611556041457,0.8238995747812191,0.6002767336419651,0.222557568032658,0.0701990926510817,2558.0759042539753,1.5377844461516048,2.8312416285316777,,0.0,True,61,0,0,0.95,3,False,226,0.30000000000000004,0.9342871085560697,,0.09625810000579804,2,13654,1.7405180000059772
a9-ceiling,waxman-n60-load0.9-cascading-centralised-th0.95-dw3,waxman,60,0.9,cascading,CENTRALISED,orbit-ceiling-0.9,7,8384104090626853855,0.4398907521388696,0.8238995747812191,0.6786939572513038,0.3115809045538946,0.1136310118122548,2965.1790556245105,1.6355924457871855,3.200506743560103,,0.2,True,74,0,0,0.95,3,False,226,0.30000000000000004,0.9342871085560697,,0.09552090000943281,2,11986,2.1234519999998156
a9-ceiling,waxman-n60-load0.9-cascading-centralised-th0.95-dw3,waxman,60,0.9,cascading,CENTRALISED,orbit-ceiling-0.95,7,8384104090626853855,0.49685003458229293,0.8584372005065555,0.6824348810850027,0.46017049831695295,0.11416146839014389,3349.125457096759,1.6673095667700684,3.2527566961842207,,0.0,True,82,0,0,0.95,3,False,226,0.30000000000000004,0.9367861010818529,,0.10695740001392551,2,10656,2.42570859999978
a9-ceiling,waxman-n60-load0.9-cascading-centralised-th0.95-dw3,waxman,60,0.9,cascading,CENTRALISED,orbit-ceiling-1.0,7,8384104090626853855,0.21809893167901898,0.29188945911862724,0.27764967246236805,0.20561035610881306,0.12476747709472148,1470.1431687851214,1.5195539120863337,2.9406866394349733,,0.5,True,152,0,82,0.95,3,False,226,1.1,0.7631126201523208,,0.31862829998135567,9,17059,1.4996791000012308
a9-ceiling,waxman-n60-load0.9-cascading-centralised-th0.95-dw3,waxman,60,0.9,cascading,CENTRALISED,orbit-no-fallback,7,8384104090626853855,0.22809511505808444,0.4201107381101243,0.3321910558743516,0.17229176263762194,0.06909745640305764,1537.5246116721714,1.6004574131024463,3.6806222184224193,0.0,0.5,True,146,19,69,0.95,3,False,226,1.1,0.8382368367880779,,0.3164958999841474,8,16796,1.5362110999994911
a9-ceiling,waxman-n60-load0.9-cascading-centralised-th0.95-dw3,waxman,60,0.9,cascading,CENTRALISED,spf-static,7,8384104090626853855,0.12416531564456931,0.06955447443385517,0.11015352574996079,0.1875809416645006,0.08820325594924927,836.9632496117003,5.095558740957417,1.407811064808663,0.0,0.0,False,0,0,38,0.95,3,False,226,0.0,0.3011313658239999,,0.029951100033940747,3,19257,0.852790399978403
a9-ceiling,waxman-n60-load0.9-cascading-centralised-th0.95-dw3,waxman,60,0.9,cascading,CENTRALISED,cspf,8,7891546345124064172,0.056895111511531475,0.0665808572388759,0.062176993650002475,0.025888095311547173,0.09051690648203302,421.3253460251824,23.96936777592842,101.9366776321111,,0.0,True,171,0,110,0.95,3,False,234,0.6000000000000001,0.11328491586688938,,0.3977535999729298,7,20335,1.3066934999951627
a9-ceiling,waxman-n60-load0.9-cascading-centralised-th0.95-dw3,waxman,60,0.9,cascading,CENTRALISED,orbit,8,7891546345124064172,0.06150099638425091,0.03788520226288911,0.10318550840028816,0.018967969146286935,0.09354972284239294,455.4333033908579,22.707834372260674,103.04370343813568,,,True,287,3,111,0.95,3,False,234,0.1,0.0,,0.39276180003071204,6,20461,1.3149319000076503
a9-ceiling,waxman-n60-load0.9-cascading-centralised-th0.95-dw3,waxman,60,0.9,cascading,CENTRALISED,orbit-ceiling-0.6,8,7891546345124064172,0.27053382302247686,0.45805937801374097,0.49768750225022496,0.16157600814896525,0.0639113162614784,2003.3840090700683,1.1369494373989255,2.078815696598169,,0.2,True,49,0,0,0.95,3,False,234,0.30000000000000004,0.9141111315253547,,0.06706130001111887,2,15432,1.2784304000088014
a9-ceiling,waxman-n60-load0.9-cascading-centralised-th0.95-dw3,waxman,60,0.9,cascading,CENTRALISED,orbit-ceiling-0.7,8,7891546345124064172,0.3096826455176075,0.793117895430625,0.5232753823931228,0.09302847009778237,0.08795440327299706,2293.2927682944223,1.442205182497246,2.8593723098663473,,0.2,True,48,0,0,0.95,3,False,234,0.30000000000000004,0.9275428222973402,,0.06648349997703917,2,15604,1.3817126999783795
a9-ceiling,waxman-n60-load0.9-cascading-centralised-th0.95-dw3,waxman,60,0.9,cascading,CENTRALISED,orbit-ceiling-0.8,8,7891546345124064172,0.339317564564209,0.801491421941702,0.5448271873795266,0.13972678326758758,0.11484882467749448,2512.748222199403,1.4305239154409173,2.9659553457555314,,0.0,True,55,0,0,0.95,3,False,234,0.30000000000000004,0.8634645962046232,,0.08182950000627898,2,14554,1.517706199985696
a9-ceiling,waxman-n60-load0.9-cascading-centralised-th0.95-dw3,waxman,60,0.9,cascading,CENTRALISED,orbit-ceiling-0.9,8,7891546345124064172,0.39593576568603495,0.801491421941702,0.647717646550324,0.17283057172829372,0.19156070076069384,2932.022963828864,1.5718904381976473,3.5272704217764588,,0.0,True,66,0,0,0.95,3,False,234,0.30000000000000004,0.8634645962046232,,0.09233430001768284,2,12926,1.891349799989257
a9-ceiling,waxman-n60-load0.9-cascading-centralised-th0.95-dw3,waxman,60,0.9,cascading,CENTRALISED,orbit-ceiling-0.95,8,7891546345124064172,0.40861091273283084,0.8893469480811667,0.7057348936729605,0.12301010586405908,0.19883845192209373,3025.8862250745856,1.5959796028770954,3.8609719944655962,,0.0,True,69,0,0,0.95,3,False,234,0.30000000000000004,0.9349985228156684,,0.10514119997969829,2,12432,2.062783400004264
a9-ceiling,waxman-n60-load0.9-cascading-centralised-th0.95-dw3,waxman,60,0.9,cascading,CENTRALISED,orbit-ceiling-1.0,8,7891546345124064172,0.33544545771853373,0.6494838400761882,0.4257685795096401,0.1878107842986195,0.25429391354802167,2484.074110957527,1.3822882763861977,2.6325255275434856,,0.0,True,100,0,33,0.95,3,False,234,0.30000000000000004,0.8550927114600773,,0.2231476999586448,6,14043,1.7158352000114974
a9-ceiling,waxman-n60-load0.9-cascading-centralised-th0.95-dw3,waxman,60,0.9,cascading,CENTRALISED,orbit-no-fallback,8,7891546345124064172,0.3273180365133113,0.7122985026359099,0.32721763217785826,0.19092327034125717,0.28309376244964135,2423.888122027903,1.362335836361568,2.3754500925742454,0.0,0.0,True,123,8,40,0.95,3,False,234,0.6000000000000001,0.9983882866260367,,0.2868907999654766,8,14160,1.7558456999831833
a9-ceiling,waxman-n60-load0.9-cascading-centralised-th0.95-dw3,waxman,60,0.9,cascading,CENTRALISED,spf-static,8,7891546345124064172,0.08168449065840026,0.015581208163125398,0.13334333916611046,0.06763034471815485,0.08804544933713222,604.8981252908854,5.738307828900203,50.664324158236994,,0.0,True,0,0,33,0.95,3,False,234,0.0,0.0,,0.030668500025058165,2,20139,0.750961699988693
a9-ceiling,waxman-n60-load0.9-cascading-centralised-th0.95-dw3,waxman,60,0.9,cascading,CENTRALISED,cspf,9,17252179256815130095,0.03163932762958453,0.034622116794973616,0.03106672582465456,0.04321482086146251,0.016753264454593627,328.7492765687588,50.2886349904413,152.01915041783064,,0.0,True,201,0,186,0.95,3,False,310,0.1,0.0,,0.44106230000033975,6,21239,1.5890091999899596
a9-ceiling,waxman-n60-load0.9-cascading-centralised-th0.95-dw3,waxman,60,0.9,cascading,CENTRALISED,orbit,9,17252179256815130095,0.038183119740708746,0.06810072910448357,0.049086190705979145,0.018152578894494946,0.035880045273334375,396.74272281813114,40.35006828392925,151.0829802365205,,0.0,True,345,2,187,0.95,3,False,310,0.1,0.10104243154468384,,0.5693132000160404,6,20962,1.7325216000026558
a9-ceiling,waxman-n60-load0.9-cascading-centralised-th0.95-dw3,waxman,60,0.9,cascading,CENTRALISED,orbit-ceiling-0.6,9,17252179256815130095,0.2128801276808645,0.2376749705124478,0.187117278722598,0.2894442881944095,0.13304109519904522,2211.9366375380905,1.0643095614937192,1.992521267484581,0.2,0.2,False,48,0,0,0.95,3,False,310,0.30000000000000004,1.0,,0.07690709998132661,2,15604,1.2708104999910574
a9-ceiling,waxman-n60-load0.9-cascading-centralised-th0.95-dw3,waxman,60,0.9,cascading,CENTRALISED,orbit-ceiling-0.7,9,17252179256815130095,0.321747765020047,0.3930258498255886,0.3284802513378583,0.3965876490637139,0.18803455114342008,3343.1287234135325,1.2700021032880546,2.4028228936121794,0.2,0.2,False,64,0,0,0.95,3,False,310,0.30000000000000004,1.0,,0.09817489999113604,2,13204,1.7304806000029203
a9-ceiling,waxman-n60-load0.9-cascading-centralised-th0.95-dw3,waxman,60,0.9,cascading,CENTRALISED,orbit-ceiling-0.8,9,17252179256815130095,0.3755715463363045,0.5960460204372529,0.4935235753612159,0.4103509354726064,0.10360910426155501,3902.3861569807796,1.2995814122802418,2.4654264650492683,,0.0,True,67,0,0,0.95,3,False,310,0.0,0.927705267945546,,0.10602350000408478,2,12580,1.8810212999815121
a9-ceiling,waxman-n60-load0.9-cascading-centralised-th0.95-dw3,waxman,60,0.9,cascading,CENTRALISED,orbit-ceiling-0.9,9,17252179256815130095,0.45046883310498065,0.7103538965719018,0.595585370334354,0.5109264366381577,0.10068142168902042,4680.608410324173,1.2542232359168404,2.652069163789714,,0.0,True,79,0,0,0.95,3,False,310,0.30000000000000004,0.9387208695941555,,0.13100260001374409,2,10954,2.2554313000000548
a9-ceiling,waxman-n60-load0.9-cascading-centralised-th0.95-dw3,waxman,60,0.9,cascading,CENTRALISED,orbit-ceiling-0.95,9,17252179256815130095,0.43569069292886586,0.7495827748462097,0.6292813898705089,0.4661179377246908,0.04651032701101452,4527.055751152407,1.4166686006655174,3.2484065763603605,0.2,0.2,False,75,0,0,0.95,3,False,310,0.30000000000000004,1.0,,0.13286179999704473,2,11532,2.248431799991522
a9-ceiling,waxman-n60-load0.9-cascading-centralised-th0.95-dw3,waxman,60,0.9,cascading,CENTRALISED,orbit-ceiling-1.0,9,17252179256815130095,0.37813524964599327,0.6032598629477143,0.5019358604464667,0.3855937437137132,0.130799087818829,3929.024384514067,1.2394846150421364,2.2361300784289098,0.2,0.2,True,104,0,60,0.95,3,False,310,0.8,0.882110238503365,,0.2592461000313051,6,13541,1.9884655000059865
a9-ceiling,waxman-n60-load0.9-cascading-centralised-th0.95-dw3,waxman,60,0.9,cascading,CENTRALISED,orbit-no-fallback,9,17252179256815130095,0.3789262003040292,0.646207156161224,0.5071670783316311,0.3268271884722712,0.17647282303547407,3937.242778396362,1.2449454645846858,2.2381591041957525,0.0,0.0,True,123,11,65,0.95,3,False,310,1.1,0.9721459279456731,,0.3476887000433635,8,13436,2.04921800000011
a9-ceiling,waxman-n60-load0.9-cascading-centralised-th0.95-dw3,waxman,60,0.9,cascading,CENTRALISED,spf-static,9,17252179256815130095,0.13528895807605348,0.06398371698545091,0.1400791559773548,0.152512360051936,0.14753339605814708,1405.7235228240454,4.262647741368948,1.6440338902855656,0.0,0.0,False,0,0,56,0.95,3,False,310,0.0,0.28601733927842954,,0.04220479997457005,3,19110,0.9541850000096019
a9-ceiling,waxman-n60-load0.9-cascading-centralised-th0.95-dw3,waxman,60,0.9,cascading,CENTRALISED,cspf,10,11193605584310611830,0.06871046899916003,0.11759546889292485,0.07201010186235454,0.02824190618139997,0.09025590326623549,706.288064838973,22.783388799721454,102.64813446009013,,,True,228,0,174,0.95,3,False,306,1.3,0.2785303236389258,,0.5990405000338797,9,20228,1.7617061999917496
a9-ceiling,waxman-n60-load0.9-cascading-centralised-th0.95-dw3,waxman,60,0.9,cascading,CENTRALISED,orbit,10,11193605584310611830,0.04243394518198991,0.11718560546959271,0.04299175725498755,0.013016384256577522,0.037556364831591575,436.18664611992534,35.49523743740402,153.139842128851,,0.0,True,368,3,176,0.95,3,False,306,0.0,0.23282761631998808,,0.5024627000384498,5,20781,1.64846349999425
a9-ceiling,waxman-n60-load0.9-cascading-centralised-th0.95-dw3,waxman,60,0.9,cascading,CENTRALISED,orbit-ceiling-0.6,10,11193605584310611830,0.25124246862341193,0.21006078194403804,0.19439553102405144,0.3270397077257844,0.23461596522591008,2582.5694330738056,0.9747299369420335,1.8503591101579038,0.0,0.2,False,55,0,0,0.95,3,False,306,0.30000000000000004,1.0,,0.07778849999886006,2,14554,1.3918061000003945
a9-ceiling,waxman-n60-load0.9-cascading-centralised-th0.95-dw3,waxman,60,0.9,cascading,CENTRALISED,orbit-ceiling-0.7,10,11193605584310611830,0.2920411883174209,0.2950889231740115,0.24440503205963648,0.3860386066128952,0.21672407895713955,3001.947283353674,1.2796958853715112,3.343319981737331,0.0,0.2,False,60,0,0,0.95,3,False,306,0.30000000000000004,1.0,,0.08549060000223108,2,13782,1.6578007999924012
a9-ceiling,waxman-n60-load0.9-cascading-centralised-th0.95-dw3,waxman,60,0.9,cascading,CENTRALISED,orbit-ceiling-0.8,10,11193605584310611830,0.36597660470246024,0.5479833630708253,0.38128468508837676,0.5050910434524682,0.06387227684755235,3761.9435826409267,1.4039599791885498,3.0263718001610753,0.0,0.2,False,66,0,0,0.95,3,False,306,0.30000000000000004,1.0,,0.099163699982455,2,12774,2.0177824000129476
a9-ceiling,waxman-n60-load0.9-cascading-centralised-th0.95-dw3,waxman,60,0.9,cascading,CENTRALISED,orbit-ceiling-0.9,10,11193605584310611830,0.4262478649872712,0.6623712907620336,0.5476175960669163,0.48430617418986815,0.08918541426066891,4381.483405495077,1.5032334402934022,3.857686798509983,0.0,0.0,False,72,0,0,0.95,3,False,306,0.30000000000000004,0.9999999999999999,,0.11439940001582727,2,12004,2.1250310000032187
a9-ceiling,waxman-n60-load0.9-cascading-centralised-th0.95-dw3,waxman,60,0.9,cascading,CENTRALISED,orbit-ceiling-0.95,10,11193605584310611830,0.47566631027440587,0.8537042675710078,0.7614936326130738,0.35590867544216387,0.11940914416843518,4889.465065315034,1.5459732476925825,3.1681672994006997,,0.0,True,76,0,0,0.95,3,False,306,0.30000000000000004,0.9315595181158233,,0.12900869999430142,2,11404,2.2015206000069156
a9-ceiling,waxman-n60-load0.9-cascading-centralised-th0.95-dw3,waxman,60,0.9,cascading,CENTRALISED,orbit-ceiling-1.0,10,11193605584310611830,0.3792738725846048,0.7511203555233243,0.6459861449626927,0.2480749605287887,0.061364215445147724,3898.628744842922,1.7366263762307477,3.130191295429431,,0.2,True,78,0,33,0.95,3,False,306,0.30000000000000004,0.8873601023556009,,0.18413630002760328,5,14287,1.8687193999940064
a9-ceiling,waxman-n60-load0.9-cascading-centralised-th0.95-dw3,waxman,60,0.9,cascading,CENTRALISED,orbit-no-fallback,10,11193605584310611830,0.3749114824940623,0.8358716767086666,0.5737858427678972,0.27891225636788214,0.030312716866283767,3853.7869019621867,1.7349980870893074,3.0497866221217587,0.2,0.2,True,95,10,46,0.95,3,False,306,0.30000000000000004,1.0357117054816702,,0.27104200003668666,7,14449,1.9445538000145461
a9-ceiling,waxman-n60-load0.9-cascading-centralised-th0.95-dw3,waxman,60,0.9,cascading,CENTRALISED,spf-static,10,11193605584310611830,0.08722894489106273,0.05649239007352039,0.10040941223046249,0.10206841484871416,0.07173169124186836,896.6430237262283,7.119846192041386,50.762522845192635,0.0,0.0,False,0,0,72,0.95,3,False,306,0.0,0.25047562997943934,,0.040282600006321445,3,20139,0.9404175999807194
a9-ceiling,waxman-n60-load0.9-cascading-centralised-th0.95-dw3,waxman,60,0.9,cascading,CENTRALISED,cspf,11,2609158847039932858,0.09821983182826025,0.1641396437227651,0.12647402232569532,0.07538812089026074,0.059358251277107074,728.6911717181168,16.03588622375879,101.45669321688291,,,True,180,0,117,0.95,3,False,252,0.1,0.3633558765542941,,0.3499796000542119,5,19688,1.3474420999991708
a9-ceiling,waxman-n60-load0.9-cascading-centralised-th0.95-dw3,waxman,60,0.9,cascading,CENTRALISED,orbit,11,2609158847039932858,0.0897745483267038,0.25344140170832297,0.046554888852377505,0.04669892965438823,0.08764886442585547,666.0357648039483,16.015424015515617,101.88032281635536,,0.0,True,295,0,115,0.95,3,False,252,0.1,0.5157869426795418,,0.3799278000369668,5,19871,1.3741759000113234
a9-ceiling,waxman-n60-load0.9-cascading-centralised-th0.95-dw3,waxman,60,0.9,cascading,CENTRALISED,orbit-ceiling-0.6,11,2609158847039932858,0.2704230762919532,0.5510562427849075,0.5365054416649858,0.10512218917246688,0.05885499017530958,2006.2639556068102,1.2839567158093703,3.5505831719408,0.0,0.2,False,48,0,0,0.95,3,False,252,0.30000000000000004,1.0,,0.0873639999772422,2,15582,1.3874621999857482
a9-ceiling,waxman-n60-load0.9-cascading-centralised-th0.95-dw3,waxman,60,0.9,cascading,CENTRALISED,orbit-ceiling-0.7,11,2609158847039932858,0.3208523590290563,0.7169945039038795,0.5306585533411382,0.16335382208474294,0.07703800645667161,2380.3979002755154,1.5402870499318828,3.448654527296196,0.0,0.0,True,55,0,0,0.95,3,False,252,0.30000000000000004,1.0,,0.10490050000953488,2,14554,1.5647838999866508
a9-ceiling,waxman-n60-load0.9-cascading-centralised-th0.95-dw3,waxman,60,0.9,cascading,CENTRALISED,orbit-ceiling-0.8,11,2609158847039932858,0.39442950402765187,0.9653401994026312,0.7142477055273668,0.1447998082400415,0.059080344620658524,2926.265420130849,1.4386915685891866,3.7207870784544506,0.0,0.0,True,65,0,0,0.95,3,False,252,0.30000000000000004,1.0,,0.10087590001057833,2,13228,1.9151123999909032
a9-ceiling,waxman-n60-load0.9-cascading-centralised-th0.95-dw3,waxman,60,0.9,cascading,CENTRALISED,orbit-ceiling-0.9,11,2609158847039932858,0.45988752469740624,0.9702669028684063,0.7366046975635755,0.26178393755582424,0.13212926678089532,3411.8973021279016,1.565143560500683,3.550508367544426,0.0,0.2,True,77,0,0,0.95,3,False,252,0.30000000000000004,0.9656925802327773,,0.12409389999811538,2,11384,2.2594645000062883
a9-ceiling,waxman-n60-load0.9-cascading-centralised-th0.95-dw3,waxman,60,0.9,cascading,CENTRALISED,orbit-ceiling-0.95,11,2609158847039932858,0.4850668339389115,0.9702669028684063,0.7620186809481361,0.29100084078317573,0.16796925481568345,3598.702146045035,1.7866924448342918,4.3322493362386805,0.0,0.0,True,82,0,0,0.95,3,False,252,0.30000000000000004,0.9656925802327773,,0.12237490000552498,2,10678,2.4758006000192836
a9-ceiling,waxman-n60-load0.9-cascading-centralised-th0.95-dw3,waxman,60,0.9,cascading,CENTRALISED,orbit-ceiling-1.0,11,2609158847039932858,0.3207131651882502,0.6599855371902128,0.4037583727741188,0.2244072132765906,0.1522261989620818,2379.365223665661,1.50595946140469,3.0874339220360394,0.2,0.5,True,143,0,55,0.95,3,False,252,1.6,0.9485170261641952,,0.33199949996196665,10,14435,1.8496990000130609
a9-ceiling,waxman-n60-load0.9-cascading-centralised-th0.95-dw3,waxman,60,0.9,cascading,CENTRALISED,orbit-no-fallback,11,2609158847039932858,0.3046098806982033,0.757476897904447,0.3063938826563844,0.17137047331900976,0.19692815837510388,2259.895244689518,1.572535868976317,3.2624639327436395,0.0,1.0,True,170,22,60,0.95,3,False,252,2.1,1.113030996481697,,0.4356022000138182,10,14817,1.9201567999843974
a9-ceiling,waxman-n60-load0.9-cascading-centralised-th0.95-dw3,waxman,60,0.9,cascading,CENTRALISED,spf-static,11,2609158847039932858,0.12808708177282374,0.16507422870517613,0.043857910388878325,0.09417110554988498,0.2388264754942426,950.2757636786969,4.922112688059308,50.23831172338875,0.0,0.0,False,0,0,41,0.95,3,False,252,0.0,0.5839034799503318,,0.029669500014279038,2,18963,0.8915168000094127
a9-ceiling,waxman-n60-load0.9-cascading-centralised-th0.95-dw3,waxman,60,0.9,cascading,CENTRALISED,cspf,12,16513731473521037156,0.024983251581746545,0.03896683524402478,0.024245239775694167,0.03130750244401354,0.008699873451964399,192.08456924128043,57.760666705652795,152.20332667882738,,0.0,True,182,0,121,0.95,3,False,252,0.1,0.0,,0.4335661999939475,7,21282,1.3432463000062853
a9-ceiling,waxman-n60-load0.9-cascading-centralised-th0.95-dw3,waxman,60,0.9,cascading,CENTRALISED,orbit,12,16513731473521037156,0.046910188715828735,0.038192956683037925,0.02312733138449731,0.1011911361015448,0.007131850750360122,360.6705621573543,31.367968331633843,151.6533845498843,,0.0,True,290,2,125,0.95,3,False,252,0.1,0.0,,0.48495029998593964,6,20724,1.4562645000114571
a9-ceiling,waxman-n60-load0.9-cascading-centralised-th0.95-dw3,waxman,60,0.9,cascading,CENTRALISED,orbit-ceiling-0.6,12,16513731473521037156,0.2860261623799695,0.4368966926847305,0.4160216485031925,0.2600798612309492,0.08586690179274704,2199.1217601408835,1.4685026902195517,3.7718463426598507,,0.0,True,55,0,0,0.95,3,False,252,0.30000000000000004,0.911337427550106,,0.08046609998564236,2,14554,1.4997259000083432
a9-ceiling,waxman-n60-load0.9-cascading-centralised-th0.95-dw3,waxman,60,0.9,cascading,CENTRALISED,orbit-ceiling-0.7,12,16513731473521037156,0.3286066907797357,0.6023568143720334,0.5638792557329544,0.22071121872933724,0.04520499847063598,2526.503583478525,1.5212456995263979,2.6815912557733865,,0.0,True,56,0,0,0.95,3,False,252,0.30000000000000004,0.934286633891485,,0.09361290000379086,2,14426,1.5802702000073623
a9-ceiling,waxman-n60-load0.9-cascading-centralised-th0.95-dw3,waxman,60,0.9,cascading,CENTRALISED,orbit-ceiling-0.8,12,16513731473521037156,0.3853138562066027,0.9323742396318299,0.5249004670457066,0.24162697365794691,0.07768738047211453,2962.4985302640825,1.5426958318046726,2.666474445124141,,0.0,True,64,0,0,0.95,3,False,252,0.30000000000000004,0.9219702764982619,,0.11442940001143143,2,13334,1.776096299989149
a9-ceiling,waxman-n60-load0.9-cascading-centralised-th0.95-dw3,waxman,60,0.9,cascading,CENTRALISED,orbit-ceiling-0.9,12,16513731473521037156,0.42241517881225066,0.9323742396318299,0.6092444613991571,0.2881582069948987,0.07562181949302196,3247.753295748434,1.6429652206499747,3.163088443254098,,0.0,True,71,0,0,0.95,3,False,252,0.30000000000000004,0.9219702764982619,,0.1264783999940846,2,12284,2.0845877999963704
a9-ceiling,waxman-n60-load0.9-cascading-centralised-th0.95-dw3,waxman,60,0.9,cascading,CENTRALISED,orbit-ceiling-0.95,12,16513731473521037156,0.448984359645658,0.9323742396318299,0.6123311506028019,0.34127937524499125,0.10946217673711188,3452.0313353294596,1.6656237047328424,2.9723887402859264,,0.0,True,77,0,0,0.95,3,False,252,0.30000000000000004,0.9219702764982619,,0.13098310001078062,2,11384,2.246853299991926
a9-ceiling,waxman-n60-load0.9-cascading-centralised-th0.95-dw3,waxman,60,0.9,cascading,CENTRALISED,orbit-ceiling-1.0,12,16513731473521037156,0.22425861085818147,0.3318455387113271,0.16450358990685524,0.23280292367667824,0.20881138518322756,1724.2198648319538,1.5127976451747416,3.028538830627216,,1.7000000000000002,True,145,0,76,0.95,3,False,252,2.3000000000000003,0.6853808585285358,,0.5297275999910198,9,16921,1.7306914999790024
a9-ceiling,waxman-n60-load0.9-cascading-centralised-th0.95-dw3,waxman,60,0.9,cascading,CENTRALISED,orbit-no-fallback,12,16513731473521037156,0.22985270774002062,0.3924899249229515,0.15432014345306566,0.22426174098400997,0.21481369910493223,1767.230266673608,1.4913002626882361,3.4408329768418286,,0.0,True,129,5,72,0.95,3,False,252,0.30000000000000004,0.5858829097730397,,0.34815099998377264,6,17015,1.5285511999973096
a9-ceiling,waxman-n60-load0.9-cascading-centralised-th0.95-dw3,waxman,60,0.9,cascading,CENTRALISED,spf-static,12,16513731473521037156,0.09210251612899437,0.0198784681983967,0.022624394093548758,0.22266831912207857,0.041902436943429475,708.1332899678217,6.051245985233171,51.015562412159575,,0.0,True,0,0,41,0.95,3,False,252,0.0,0.0,,0.032542700006160885,3,19534,0.9187320999917574
a9-ceiling,waxman-n60-load0.9-cascading-centralised-th0.95-dw3,waxman,60,0.9,cascading,CENTRALISED,cspf,13,18119248762303217604,0.04295732225833756,0.08503382644172831,0.02604321358757292,0.04486876562978842,0.03467688155903101,397.22321273242665,40.241776019868325,151.6717557748805,,,True,226,0,168,0.95,3,False,300,0.1,0.3465309952496794,,0.4525850999925751,6,20745,1.5642289000097662
a9-ceiling,waxman-n60-load0.9-cascading-centralised-th0.95-dw3,waxman,60,0.9,cascading,CENTRALISED,orbit,13,18119248762303217604,0.028100295647495107,0.03624544846352118,0.05534375343803824,0.01733183080304165,0.00981126037934575,259.84137578926,58.846797557212895,153.3298003291191,,,True,302,2,167,0.95,3,False,300,0.1,0.0,,0.4538159999938216,5,21377,1.5391043999989051
a9-ceiling,waxman-n60-load0.9-cascading-centralised-th0.95-dw3,waxman,60,0.9,cascading,CENTRALISED,orbit-ceiling-0.6,13,18119248762303217604,0.2666072016421751,0.4293850875154909,0.23147418575773518,0.35076676394614614,0.10249629231667162,2465.2972672977103,1.285236299085979,3.118600601647825,0.2,0.2,True,54,0,0,0.95,3,False,300,0.30000000000000004,1.0,,0.08695090000401251,2,14682,1.405823800014332
a9-ceiling,waxman-n60-load0.9-cascading-centralised-th0.95-dw3,waxman,60,0.9,cascading,CENTRALISED,orbit-ceiling-0.7,13,18119248762303217604,0.3179810343229457,0.4966872476825057,0.35524054717887943,0.35812177662723044,0.128674326536215,2940.3473354819084,1.4598646395548713,3.520782620443597,,0.0,True,58,0,0,0.95,3,False,300,0.30000000000000004,0.9154695544520454,,0.09727690002182499,2,14126,1.5541698999877553
a9-ceiling,waxman-n60-load0.9-cascading-centralised-th0.95-dw3,waxman,60,0.9,cascading,CENTRALISED,orbit-ceiling-0.8,13,18119248762303217604,0.41268376971663256,0.7829493441960906,0.600416717637267,0.37541114823842925,0.06536546019401974,3816.0565936475036,1.3757433560584227,2.5989212832410504,,0.0,True,70,0,0,0.95,3,False,300,0.30000000000000004,0.9448749604880151,,0.11616579999099486,2,12348,1.9735790000122506
a9-ceiling,waxman-n60-load0.9-cascading-centralised-th0.95-dw3,waxman,60,0.9,cascading,CENTRALISED,orbit-ceiling-0.9,13,18119248762303217604,0.4735863538437403,0.8103376369182493,0.8079836072187284,0.30037122623162515,0.17289420842172054,4379.218328571082,1.4444203083574176,3.20145850472756,,0.0,True,72,0,0,0.95,3,False,300,0.30000000000000004,0.8951257442943652,,0.10950700001558289,2,12026,2.0835773999860976
a9-ceiling,waxman-n60-load0.9-cascading-centralised-th0.95-dw3,waxman,60,0.9,cascading,CENTRALISED,orbit-ceiling-0.95,13,18119248762303217604,0.5107203903778469,0.8795536297511662,0.8681887982994522,0.3332837901525993,0.17425192022957314,4722.594044708468,1.522359638600358,3.126237664914661,,0.2,True,83,0,0,0.95,3,False,300,0.30000000000000004,0.9026826929545165,,0.1273860999790486,2,10506,2.4293912000139244
a9-ceiling,waxman-n60-load0.9-cascading-centralised-th0.95-dw3,waxman,60,0.9,cascading,CENTRALISED,orbit-ceiling-1.0,13,18119248762303217604,0.44599452242297577,0.6676501541179535,0.7787880183807016,0.2915631214576774,0.18552466232471812,4124.078684246525,1.5055963018111411,3.198616192634734,,0.2,True,102,0,24,0.95,3,False,300,0.8,0.8365189218554381,,0.2831333000212908,7,12382,2.188315400009742
a9-ceiling,waxman-n60-load0.9-cascading-centralised-th0.95-dw3,waxman,60,0.9,cascading,CENTRALISED,orbit-no-fallback,13,18119248762303217604,0.4401774969892884,0.8388740327260182,0.7018348066553023,0.2520439590584239,0.19973843483627365,4070.289076099638,1.581587033087544,3.3789298105848484,0.0,0.0,True,113,8,25,0.95,3,False,300,0.6000000000000001,1.0224782036055633,,0.2926529000105802,7,12354,2.1651899999997113
a9-ceiling,waxman-n60-load0.9-cascading-centralised-th0.95-dw3,waxman,60,0.9,cascading,CENTRALISED,spf-static,13,18119248762303217604,0.09397424535998497,0.016359198961298012,0.09272053389365965,0.11223658636544953,0.11391572104530003,868.9729641784982,7.518728905975808,50.964810603734335,,0.0,True,0,0,60,0.95,3,False,300,0.0,0.0,,0.04592389997560531,2,20286,0.8977421000017785
a9-ceiling,waxman-n60-load0.9-cascading-centralised-th0.95-dw3,waxman,60,0.9,cascading,CENTRALISED,cspf,14,13422106581314820688,0.042564600439119735,0.07256324520756166,0.0442307027770718,0.054335671323602446,0.008462759710971579,377.75937113346964,33.65747475869985,151.55263487896568,,,True,146,0,137,0.95,3,False,268,0.0,0.10120046621347338,,0.38775510000414215,6,20989,1.3732376999978442
a9-ceiling,waxman-n60-load0.9-cascading-centralised-th0.95-dw3,waxman,60,0.9,cascading,CENTRALISED,orbit,14,13422106581314820688,0.056100420361625124,0.04060760107827755,0.07059480851996583,0.07989781606070981,0.02023897219759078,497.88930936735653,24.386461361083715,150.8532614388104,,0.0,True,316,1,134,0.95,3,False,268,0.0,0.0,,0.4488928999926429,5,20521,1.4538790000078734
a9-ceiling,waxman-n60-load0.9-cascading-centralised-th0.95-dw3,waxman,60,0.9,cascading,CENTRALISED,orbit-ceiling-0.6,14,13422106581314820688,0.28496480730827967,0.4293461285769703,0.5440370345524599,0.21194502668604204,0.06565820281390482,2529.052905310729,1.1134640462627623,2.6725618425831303,0.2,0.2,False,58,0,1,0.95,3,False,268,0.8,1.0,,0.09039080000366084,3,14408,1.510993599978974
a9-ceiling,waxman-n60-load0.9-cascading-centralised-th0.95-dw3,waxman,60,0.9,cascading,CENTRALISED,orbit-ceiling-0.7,14,13422106581314820688,0.31610309781234197,0.5439899253456003,0.6440331913400418,0.22116182493167014,0.016267206401904145,2805.404167101855,1.2398009867077286,2.6963419177261754,,0.0,True,58,0,0,0.95,3,False,268,0.30000000000000004,0.9322087805962782,,0.07533530000364408,2,14082,1.7118726999906357
a9-ceiling,waxman-n60-load0.9-cascading-centralised-th0.95-dw3,waxman,60,0.9,cascading,CENTRALISED,orbit-ceiling-0.8,14,13422106581314820688,0.3581480892612176,0.7635131960123646,0.7284828770633162,0.19011094860761713,0.016267206401904145,3178.552026242615,1.1801864763573011,2.2981761438834867,,0.0,True,63,0,0,0.95,3,False,268,0.30000000000000004,0.9337381825864852,,0.09457960000145249,2,13354,1.893135299993446
a9-ceiling,waxman-n60-load0.9-cascading-centralised-th0.95-dw3,waxman,60,0.9,cascading,CENTRALISED,orbit-ceiling-0.9,14,13422106581314820688,0.4069363139540566,0.9534824378282912,0.7789795613007917,0.1412509787170784,0.11290912009564998,3611.54584947951,1.3136660943515621,3.5872214999231042,,0.0,True,69,0,0,0.95,3,False,268,0.30000000000000004,0.9463258898018762,,0.12102429999504238,2,12454,2.077882400015369
a9-ceiling,waxman-n60-load0.9-cascading-centralised-th0.95-dw3,waxman,60,0.9,cascading,CENTRALISED,orbit-ceiling-0.95,14,13422106581314820688,0.4439286611633938,0.9534824378282912,0.7991111931228962,0.2215108505953182,0.12877383620032418,3939.851664038665,1.503033116242297,3.646921821023632,,0.0,True,77,0,0,0.95,3,False,268,0.30000000000000004,0.9463258898018762,,0.12484460000996478,2,11298,2.324892600008752
a9-ceiling,waxman-n60-load0.9-cascading-centralised-th0.95-dw3,waxman,60,0.9,cascading,CENTRALISED,orbit-ceiling-1.0,14,13422106581314820688,0.32211653742431257,0.68771017574525,0.5289885308097129,0.2275362769493986,0.05323862883250999,2858.77323770822,1.5058376679891834,3.335512967829431,,0.0,True,102,0,48,0.95,3,False,268,0.30000000000000004,0.8521949373936762,,0.2460288000293076,6,14902,1.7769348000001628
a9-ceiling,waxman-n60-load0.9-cascading-centralised-th0.95-dw3,waxman,60,0.9,cascading,CENTRALISED,orbit-no-fallback,14,13422106581314820688,0.2688676466008309,0.7562078830693774,0.34311710570955545,0.1645236749135722,0.06386388733320963,2386.1911553319474,1.5476615404478236,2.81328737019424,0.0,0.0,True,130,11,67,0.95,3,False,268,1.1,0.9114065684964989,,0.43311959999846295,9,16125,1.7775165000057314
a9-ceiling,waxman-n60-load0.9-cascading-centralised-th0.95-dw3,waxman,60,0.9,cascading,CENTRALISED,spf-static,14,13422106581314820688,0.11349437177649617,0.10246215090132683,0.15861359770217923,0.13369978535604857,0.052173805348180634,1007.2586625310761,5.477026738962074,50.53300231139831,0.0,0.0,False,0,0,52,0.95,3,False,268,0.0,0.4141962198519592,,0.039317500020843,2,19404,0.9027314999839291
a9-ceiling,waxman-n60-load0.9-cascading-centralised-th0.95-dw3,waxman,60,0.9,cascading,CENTRALISED,cspf,15,10634034354848405627,0.059734463633420824,0.035036755899375285,0.045972575128990945,0.06225244327369976,0.08438378218542432,492.2724492062299,27.265327454166307,107.2664370212796,,,True,214,0,141,0.95,3,False,280,0.0,0.0,,0.42932890000520274,6,20463,1.470670800015796
a9-ceiling,waxman-n60-load0.9-cascading-centralised-th0.95-dw3,waxman,60,0.9,cascading,CENTRALISED,orbit,15,10634034354848405627,0.05769205849072451,0.09157656262139995,0.08132927682339697,0.03598295263510449,0.044360696495190054,475.4409633149932,26.582473126910877,102.94513621018615,,,True,347,1,140,0.95,3,False,280,0.0,0.17058824537209033,,0.5065853999985848,6,20395,1.5546323000162374
a9-ceiling,waxman-n60-load0.9-cascading-centralised-th0.95-dw3,waxman,60,0.9,cascading,CENTRALISED,orbit-ceiling-0.6,15,10634034354848405627,0.28363732702344185,0.44920865616130484,0.35722070020938523,0.3379340128341718,0.038637980178731865,2337.4586991690726,1.333300526219988,2.748591412598567,0.0,0.0,True,53,0,0,0.95,3,False,280,0.30000000000000004,1.0,,0.08023920000414364,2,14832,1.452238199999556
a9-ceiling,waxman-n60-load0.9-cascading-centralised-th0.95-dw3,waxman,60,0.9,cascading,CENTRALISED,orbit-ceiling-0.7,15,10634034354848405627,0.3545195332905506,0.6679345377058478,0.37808128754671133,0.3694212780397859,0.1267899482910006,2921.5998324750444,1.2564233048680982,2.2027638410429056,0.0,0.0,True,63,0,0,0.95,3,False,280,0.30000000000000004,1.0,,0.10000579999177717,2,13332,1.6768874999834225
a9-ceiling,waxman-n60-load0.9-cascading-centralised-th0.95-dw3,waxman,60,0.9,cascading,CENTRALISED,orbit-ceiling-0.8,15,10634034354848405627,0.4150529017245454,0.9063011213432024,0.5076022804772807,0.37193033675883763,0.09475505797003084,3420.456065964911,1.4538722413672895,2.5319747926304137,,0.0,True,69,0,0,0.95,3,False,280,0.30000000000000004,0.9331115694789521,,0.11308770001051016,2,12432,1.990390999999363
a9-ceiling,waxman-n60-load0.9-cascading-centralised-th0.95-dw3,waxman,60,0.9,cascading,CENTRALISED,orbit-ceiling-0.9,15,10634034354848405627,0.43897785611492274,0.9063011213432024,0.6781183107117332,0.35482721942474843,0.04404182039723745,3617.6219092404995,1.7420119510197203,4.0056815027188035,,0.2,True,72,0,0,0.95,3,False,280,0.30000000000000004,0.9331115694789521,,0.11091180000221357,2,12004,2.2982158999948297
a9-ceiling,waxman-n60-load0.9-cascading-centralised-th0.95-dw3,waxman,60,0.9,cascading,CENTRALISED,orbit-ceiling-0.95,15,10634034354848405627,0.46450914141290356,0.9063011213432024,0.6781183107117332,0.4000343901108536,0.08269027788541797,3828.0255452746255,1.6099353833700716,3.1469452221168916,,0.2,True,76,0,0,0.95,3,False,280,0.30000000000000004,0.9331115694789521,,0.12932109998655505,2,11382,2.336310800019419
a9-ceiling,waxman-n60-load0.9-cascading-centralised-th0.95-dw3,waxman,60,0.9,cascading,CENTRALISED,orbit-ceiling-1.0,15,10634034354848405627,0.3404597777018381,0.4721862047918924,0.5119765179414276,0.34429674540608185,0.08789348760515958,2805.7332138113065,1.6903805507759084,2.9204248392002916,,0.2,True,117,0,55,0.95,3,False,280,0.6000000000000001,0.8588837101713883,,0.2573397000087425,7,14513,1.8980482000042684
a9-ceiling,waxman-n60-load0.9-cascading-centralised-th0.95-dw3,waxman,60,0.9,cascading,CENTRALISED,orbit-no-fallback,15,10634034354848405627,0.3564596063961047,0.6939341831629566,0.4897903643912227,0.28736863847006644,0.12176746763478334,2937.5879987900744,1.6872527641805513,3.171901052850782,,0.7000000000000001,True,134,13,46,0.95,3,False,280,1.6,0.9225383708529692,,0.4912241000274662,11,13793,2.207603399991058
a9-ceiling,waxman-n60-load0.9-cascading-centralised-th0.95-dw3,waxman,60,0.9,cascading,CENTRALISED,spf-static,15,10634034354848405627,0.12169545853677748,0.07087536647067894,0.12108845804755577,0.12112413609461746,0.15288911498383298,1002.8937699820094,5.492991679112478,50.454682331554515,0.0,0.0,False,0,0,50,0.95,3,False,280,0.0,0.3259898047398961,,0.036256999999750406,2,18963,0.9521001999964938
a9-ceiling,waxman-n60-load0.9-cascading-centralised-th0.95-dw3,waxman,60,0.9,cascading,CENTRALISED,cspf,16,7840558395724448283,0.04614812367299735,0.04189775311705141,0.023597828128790115,0.031022194497160507,0.09391386363440196,482.6543132128325,31.41877822390365,150.86056984529435,,0.0,True,235,0,164,0.95,3,False,308,0.0,0.0,,0.49177990001044236,6,20603,1.6071339000191074
a9-ceiling,waxman-n60-load0.9-cascading-centralised-th0.95-dw3,waxman,60,0.9,cascading,CENTRALISED,orbit,16,7840558395724448283,0.057847412681356965,0.10914564689635754,0.05304126272060205,0.01984645747522057,0.08375998075479847,605.0149175446682,24.982630346612744,150.73452732560634,,0.0,True,316,0,162,0.95,3,False,308,0.0,0.21947341963195033,,0.4913450999883935,5,20249,1.6343544000119437
a9-ceiling,waxman-n60-load0.9-cascading-centralised-th0.95-dw3,waxman,60,0.9,cascading,CENTRALISED,orbit-ceiling-0.6,16,7840558395724448283,0.24656037771608538,0.21328485821092044,0.3041622448484602,0.21310543474526764,0.25751151906515557,2578.727373951419,1.1183228178679687,2.1407841729537354,0.0,0.2,False,55,0,0,0.95,3,False,308,0.30000000000000004,1.0,,0.07282830000622198,2,14554,1.408308300015051
a9-ceiling,waxman-n60-load0.9-cascading-centralised-th0.95-dw3,waxman,60,0.9,cascading,CENTRALISED,orbit-ceiling-0.7,16,7840558395724448283,0.2729284184907095,0.25409929534759124,0.4112027531605825,0.2867185642694929,0.12339650542611584,2854.505620127241,1.2280960108298826,2.7423745870060663,0.0,0.2,False,55,0,0,0.95,3,False,308,0.30000000000000004,1.0,,0.09092129999771714,2,14402,1.561122700019041
a9-ceiling,waxman-n60-load0.9-cascading-centralised-th0.95-dw3,waxman,60,0.9,cascading,CENTRALISED,orbit-ceiling-0.8,16,7840558395724448283,0.34227923348143385,0.39227964910614777,0.5034675163501774,0.3558385790462868,0.12420186546709383,3579.8324008492928,1.37782893688404,2.9611338990920135,0.0,0.0,True,63,0,0,0.95,3,False,308,0.30000000000000004,1.0,,0.10110069997608662,2,13332,1.807133199996315
a9-ceiling,waxman-n60-load0.9-cascading-centralised-th0.95-dw3,waxman,60,0.9,cascading,CENTRALISED,orbit-ceiling-0.9,16,7840558395724448283,0.39482008667498075,0.6431720234014752,0.6950658516075369,0.23733522826159778,0.14972205150691162,4129.347037531824,1.39722539827061,3.2803466504497214,0.0,0.0,False,69,0,0,0.95,3,False,308,0.30000000000000004,1.0,,0.11194620002061129,2,12454,1.9735818000044674
a9-ceiling,waxman-n60-load0.9-cascading-centralised-th0.95-dw3,waxman,60,0.9,cascading,CENTRALISED,orbit-ceiling-0.95,16,7840558395724448283,0.44247487547733655,0.8119649718428683,0.7958638329177573,0.24060467354439508,0.12695163297539902,4627.759270360307,1.553906974196479,3.733806870481411,0.2,0.2,False,76,0,0,0.95,3,False,308,0.30000000000000004,1.0,,0.12820300002931617,2,11556,2.2608911999850534
a9-ceiling,waxman-n60-load0.9-cascading-centralised-th0.95-dw3,waxman,60,0.9,cascading,CENTRALISED,orbit-ceiling-1.0,16,7840558395724448283,0.35561573402980706,0.7025254815757003,0.6273091626857891,0.129588935975796,0.1737110272647899,3719.3162844942544,1.3873971092021453,3.12736302932561,0.0,0.0,False,100,0,46,0.95,3,False,308,0.30000000000000004,0.981950442109736,,0.2910072999657132,7,14268,1.886050700006308
a9-ceiling,waxman-n60-load0.9-cascading-centralised-th0.95-dw3,waxman,60,0.9,cascading,CENTRALISED,orbit-no-fallback,16,7840558395724448283,0.34810575413619144,0.7286602937793529,0.6475275128724711,0.1147025250884605,0.12618254430837064,3640.7708551398605,1.340104902400965,2.7457151407080485,0.0,0.0,False,100,2,49,0.95,3,False,308,0.8,0.9504038587302706,,0.32824689999688417,7,14423,1.9340752999996766
a9-ceiling,waxman-n60-load0.9-cascading-centralised-th0.95-dw3,waxman,60,0.9,cascading,CENTRALISED,spf-static,16,7840558395724448283,0.10907196425500537,0.13024937947047444,0.061168690491831955,0.10111297438656268,0.15580780859506949,1140.7626097933392,5.200321055800739,50.31081530712318,0.0,0.0,False,0,0,58,0.95,3,False,308,0.0,0.5179874244260925,,0.043099199974676594,3,19404,0.947074799973052
a9-ceiling,waxman-n60-load0.9-cascading-centralised-th0.95-dw3,waxman,60,0.9,cascading,CENTRALISED,cspf,17,815718876865160424,0.0629841634482051,0.06718821849132998,0.08719798626699601,0.08005611097247291,0.013938121435589583,547.0779038086844,24.934636952815396,102.0021910221671,,,True,217,0,153,0.95,3,False,294,0.6000000000000001,0.08876385591861738,,0.49325890000909567,7,20226,1.6231057000113651
a9-ceiling,waxman-n60-load0.9-cascading-centralised-th0.95-dw3,waxman,60,0.9,cascading,CENTRALISED,orbit,17,815718876865160424,0.08228028816507606,0.15567716019394187,0.09356988028311072,0.08563736008461618,0.02216674061730219,714.6832649629657,20.092750180308613,101.87561700010143,,0.0,True,376,1,155,0.95,3,False,294,0.6000000000000001,0.26225382973299743,,0.6042599999927916,7,19755,1.7764399999869056
a9-ceiling,waxman-n60-load0.9-cascading-centralised-th0.95-dw3,waxman,60,0.9,cascading,CENTRALISED,orbit-ceiling-0.6,17,815718876865160424,0.3255488839263126,0.3230294933187752,0.49300800380072934,0.3345032321205994,0.15270649013031198,2827.704477683894,1.1327297934085367,2.5815205085350263,,0.2,True,63,0,0,0.95,3,False,294,0.30000000000000004,0.9210065966794592,,0.08742469997378066,2,13332,1.7318876999779604
a9-ceiling,waxman-n60-load0.9-cascading-centralised-th0.95-dw3,waxman,60,0.9,cascading,CENTRALISED,orbit-ceiling-0.7,17,815718876865160424,0.38806891049333436,0.5695310818292005,0.6331936445105254,0.32448427078332304,0.12586033230188834,3370.750907259426,1.2570568655460925,2.718603272847856,0.0,0.0,False,68,0,0,0.95,3,False,294,0.30000000000000004,0.9538280067394378,,0.1278131000290159,2,12604,1.9346112000057474
a9-ceiling,waxman-n60-load0.9-cascading-centralised-th0.95-dw3,waxman,60,0.9,cascading,CENTRALISED,orbit-ceiling-0.8,17,815718876865160424,0.42244776617173146,0.8767325541721193,0.7396137647292746,0.26660877520651827,0.04887061446269557,3669.364261318585,1.357213559420978,3.1965409428423657,0.0,0.2,False,71,0,0,0.95,3,False,294,0.30000000000000004,1.0,,0.12437660002615303,2,12328,2.138182000024244
a9-ceiling,waxman-n60-load0.9-cascading-centralised-th0.95-dw3,waxman,60,0.9,cascading,CENTRALISED,orbit-ceiling-0.9,17,815718876865160424,0.49683493904589876,1.0,0.7974873027532424,0.30529484998923645,0.15767228219761972,4315.488245162866,1.3272300358127305,2.2618789279424028,0.0,0.2,False,82,0,0,0.95,3,False,294,0.30000000000000004,1.0,,0.13825839999481104,2,10482,2.413903600012418
a9-ceiling,waxman-n60-load0.9-cascading-centralised-th0.95-dw3,waxman,60,0.9,cascading,CENTRALISED,orbit-ceiling-0.95,17,815718876865160424,0.5269126330622432,1.0,0.8222525820648462,0.34377248171677044,0.1998669249893527,4576.741882474289,1.3314548984039678,2.569239384794229,0.0,0.2,False,87,0,0,0.95,3,False,294,0.30000000000000004,1.0,,0.13590659998590127,2,9884,2.5513621999998577
a9-ceiling,waxman-n60-load0.9-cascading-centralised-th0.95-dw3,waxman,60,0.9,cascading,CENTRALISED,orbit-ceiling-1.0,17,815718876865160424,0.36897740181489586,0.7503325856910684,0.6259532086605595,0.16737080801211823,0.15981297327614585,3204.922832763613,1.3975196647126689,3.074870472584523,0.0,0.5,False,134,0,59,0.95,3,False,294,3.6,0.9825468911887179,,0.4321715999976732,13,14050,2.1529332000063732
a9-ceiling,waxman-n60-load0.9-cascading-centralised-th0.95-dw3,waxman,60,0.9,cascading,CENTRALISED,orbit-no-fallback,17,815718876865160424,0.2936956891556833,0.7879691357062876,0.38364843599248694,0.1436456260971469,0.10820206807202026,2551.028912419682,1.542239290821267,3.0786515480789256,0.0,0.0,True,165,18,81,0.95,3,False,294,3.1,0.9463279533540759,,0.5758773999696132,13,15735,2.058092899998883
a9-ceiling,waxman-n60-load0.9-cascading-centralised-th0.95-dw3,waxman,60,0.9,cascading,CENTRALISED,spf-static,17,815718876865160424,0.11533596398411884,0.16085319225596295,0.09149320801919027,0.11295922572569032,0.11396255370758358,1001.8035321223877,5.211879753013821,50.27882769405097,0.0,0.0,False,0,0,51,0.95,3,False,294,0.0,0.614005739081875,,0.037761099985800683,3,19257,0.9078631999727804
a9-ceiling,waxman-n60-load0.9-cascading-centralised-th0.95-dw3,waxman,60,0.9,cascading,CENTRALISED,cspf,18,15312447191566706455,0.04876695748713079,0.036545265486970374,0.09987494279013787,0.030622097466698594,0.02787148384985031,368.6370191210672,29.231592309662638,102.82837371843705,,,True,194,0,120,0.95,3,False,250,0.1,0.0,,0.3764159000129439,5,20720,1.322979899996426
a9-ceiling,waxman-n60-load0.9-cascading-centralised-th0.95-dw3,waxman,60,0.9,cascading,CENTRALISED,orbit,18,15312447191566706455,0.06051284589358562,0.0881112129252668,0.06754468445420235,0.025790794667927514,0.08578050892596777,457.4260170860696,22.333296740016973,102.67298030338368,,,True,301,0,117,0.95,3,False,250,0.0,0.1533833808505977,,0.37788949999958277,4,20264,1.3681988999887835
a9-ceiling,waxman-n60-load0.9-cascading-centralised-th0.95-dw3,waxman,60,0.9,cascading,CENTRALISED,orbit-ceiling-0.6,18,15312447191566706455,0.29421996811811885,0.7567794097341889,0.4473162802018992,0.16285039013148245,0.07536009221122514,2224.0545156334715,1.4161114242419803,3.2260674550669317,0.2,0.2,False,52,0,0,0.95,3,False,250,0.30000000000000004,0.956779697739896,,0.08432679998804815,2,15048,1.4040801000082865
a9-ceiling,waxman-n60-load0.9-cascading-centralised-th0.95-dw3,waxman,60,0.9,cascading,CENTRALISED,orbit-ceiling-0.7,18,15312447191566706455,0.37488473277810347,0.9151582409327265,0.6556566036316568,0.17449251382473804,0.07935424899741775,2833.8120220394485,1.4100271734385017,3.246387908295438,,0.0,True,65,0,0,0.95,3,False,250,0.30000000000000004,0.9024929052384816,,0.09527640001033433,2,13184,1.7443096000060905
a9-ceiling,waxman-n60-load0.9-cascading-centralised-th0.95-dw3,waxman,60,0.9,cascading,CENTRALISED,orbit-ceiling-0.8,18,15312447191566706455,0.40295181341830366,0.9227059228031764,0.7417578592514257,0.21538589915764159,0.04213927313575952,3045.9754514550395,1.4122565797151627,3.0077078363609706,,0.0,True,67,0,0,0.95,3,False,250,0.30000000000000004,0.9113378449304086,,0.1005077000008896,2,12862,1.8643845000187866
a9-ceiling,waxman-n60-load0.9-cascading-centralised-th0.95-dw3,waxman,60,0.9,cascading,CENTRALISED,orbit-ceiling-0.9,18,15312447191566706455,0.4656957805233362,0.9441849803360843,0.8343438584500811,0.2815307518027863,0.09161138373109493,3520.2668609105763,1.4549937393810957,3.184727965491333,,0.0,True,80,0,0,0.95,3,False,250,0.30000000000000004,0.9365086154767891,,0.10268979999818839,2,11086,2.248286099988036
a9-ceiling,waxman-n60-load0.9-cascading-centralised-th0.95-dw3,waxman,60,0.9,cascading,CENTRALISED,orbit-ceiling-0.95,18,15312447191566706455,0.49880261407282633,0.9441849803360843,0.8187295434787812,0.353231483587591,0.13927209090036557,3770.526566684553,1.690260554010595,3.7024950476902188,,0.0,True,86,0,0,0.95,3,False,250,0.30000000000000004,0.9365086154767891,,0.11987930000759661,2,10316,2.4190391000011005
a9-ceiling,waxman-n60-load0.9-cascading-centralised-th0.95-dw3,waxman,60,0.9,cascading,CENTRALISED,orbit-ceiling-1.0,18,15312447191566706455,0.28244235095884995,0.6138589906167266,0.41340293568590675,0.18698839934302247,0.10591034395118669,2135.025675089385,1.7062144108943553,3.917723277074549,,0.0,True,132,0,59,0.95,3,False,250,0.30000000000000004,0.8311498728671229,,0.25874399999156594,5,15270,1.6860566999821458
a9-ceiling,waxman-n60-load0.9-cascading-centralised-th0.95-dw3,waxman,60,0.9,cascading,CENTRALISED,orbit-no-fallback,18,15312447191566706455,0.2922783502416333,0.6656506233425273,0.37482734488587555,0.19922973973370361,0.1396223546715408,2209.3775240157624,1.628422873901867,3.519214648186262,,0.5,True,142,8,69,0.95,3,False,250,0.6000000000000001,0.8685280428914622,,0.3082573000283446,7,15117,1.7548949000192806
a9-ceiling,waxman-n60-load0.9-cascading-centralised-th0.95-dw3,waxman,60,0.9,cascading,CENTRALISED,spf-static,18,15312447191566706455,0.14965268539994747,0.13439486725397942,0.1867596036375882,0.08701059401958591,0.20441509214827014,1131.2479328622821,4.473273074630123,1.5377926449378723,0.0,0.0,False,0,0,45,0.95,3,False,250,0.0,0.4941269186856973,,0.03017439998802729,2,18522,0.9319892000057735
a9-ceiling,waxman-n60-load0.9-cascading-centralised-th0.95-dw3,waxman,60,0.9,cascading,CENTRALISED,cspf,19,8410335433369986300,0.09806003854692333,0.04890273739407364,0.08552177801939409,0.17813598621808222,0.02973525670410426,770.7992210541013,17.23170434489176,101.23259354297663,,0.0,True,219,0,139,0.95,3,False,272,0.6000000000000001,0.19631737731084595,,0.4704433999431785,7,19879,1.5489302000205498
a9-ceiling,waxman-n60-load0.9-cascading-centralised-th0.95-dw3,waxman,60,0.9,cascading,CENTRALISED,orbit,19,8410335433369986300,0.05793805274915728,0.13281175241305643,0.06266465711017906,0.05102709713933353,0.024969155059326863,455.42105214523235,27.23372812992873,103.46740993674288,,0.0,True,340,5,141,0.95,3,False,272,0.1,0.2945019238891021,,0.483082899969304,6,20631,1.5325594000169076
a9-ceiling,waxman-n60-load0.9-cascading-centralised-th0.95-dw3,waxman,60,0.9,cascading,CENTRALISED,orbit-ceiling-0.6,19,8410335433369986300,0.3079960782364009,0.5076439358926547,0.6298621633620861,0.25530728339989056,0.013199414734183864,2420.997795944518,1.285045636415683,2.9250367015578247,0.0,0.2,False,57,0,0,0.95,3,False,272,0.30000000000000004,1.0,,0.09466159998555668,2,14232,1.6661123000085354
a9-ceiling,waxman-n60-load0.9-cascading-centralised-th0.95-dw3,waxman,60,0.9,cascading,CENTRALISED,orbit-ceiling-0.7,19,8410335433369986300,0.34305834134753044,0.6979067813046844,0.6919361177183265,0.20083661755171453,0.06314712049831939,2696.60410300833,1.1990506508886913,2.5497180908805337,0.0,0.0,True,60,0,0,0.95,3,False,272,0.30000000000000004,1.0,,0.12024690001271665,2,13804,1.7031189999834169
a9-ceiling,waxman-n60-load0.9-cascading-centralised-th0.95-dw3,waxman,60,0.9,cascading,CENTRALISED,orbit-ceiling-0.8,19,8410335433369986300,0.46630672106757975,0.8428996934825891,0.7460214718115816,0.4577865759132634,0.0587047741060545,3665.3958401126874,1.238613766960962,2.9434124514828293,,0.0,True,75,0,0,0.95,3,False,272,0.30000000000000004,0.9275880287407543,,0.1240531999792438,2,11576,2.153332899993984
a9-ceiling,waxman-n60-load0.9-cascading-centralised-th0.95-dw3,waxman,60,0.9,cascading,CENTRALISED,orbit-ceiling-0.9,19,8410335433369986300,0.5018061036794275,0.8709343962479636,0.8106521930043579,0.5043974696724316,0.05997831829857443,3944.43811738061,1.4885266621067559,3.930901555917631,,0.0,True,85,0,0,0.95,3,False,272,0.30000000000000004,0.9297770565333282,,0.13142629998037592,2,10098,2.6764919999986887
a9-ceiling,waxman-n60-load0.9-cascading-centralised-th0.95-dw3,waxman,60,0.9,cascading,CENTRALISED,orbit-ceiling-0.95,19,8410335433369986300,0.5621465802489616,0.9123795908451424,0.815754379797518,0.6213363492271932,0.10163346343533398,4418.74338002411,1.3875070213618121,2.9843725466363953,,0.0,True,95,0,0,0.95,3,False,272,0.30000000000000004,0.8988995278982477,,0.14154849995975383,2,8576,2.9839991999906488
a9-ceiling,waxman-n60-load0.9-cascading-centralised-th0.95-dw3,waxman,60,0.9,cascading,CENTRALISED,orbit-ceiling-1.0,19,8410335433369986300,0.39360239794445384,0.6423225347212996,0.6111290085664204,0.4033465398238951,0.07790522375570788,3093.904777484205,1.4427966526003324,2.813860775231884,,0.7000000000000001,True,128,0,50,0.95,3,False,272,1.3,0.8527019423430986,,0.45368640002561733,10,12666,2.401987699995516
a9-ceiling,waxman-n60-load0.9-cascading-centralised-th0.95-dw3,waxman,60,0.9,cascading,CENTRALISED,orbit-no-fallback,19,8410335433369986300,0.3809963834353011,0.7782865900934683,0.5578944540397768,0.365545310218378,0.055333744167902245,2994.8154205123337,1.5045875572177039,3.2333432447121804,0.2,0.7000000000000001,True,157,15,64,0.95,3,False,272,1.8,1.0037568961449361,,0.4389331999991555,12,12819,2.3609442000160925
a9-ceiling,waxman-n60-load0.9-cascading-centralised-th0.95-dw3,waxman,60,0.9,cascading,CENTRALISED,spf-static,19,8410335433369986300,0.14325944099487925,0.08965449457348924,0.10087199985031146,0.22936107641218237,0.09364958127603064,1126.0883348996351,4.3799178016602776,3.0782454065010256,0.0,0.0,False,0,0,48,0.95,3,False,272,0.0,0.3785997283947904,,0.03666789998533204,3,19110,0.9270862000121269
a9-ceiling,waxman-n60-load0.9-cascading-centralised-th0.95-dw3,waxman,60,0.9,cascading,CENTRALISED,cspf,20,9354882311026296945,0.06073135193243617,0.07691148405149441,0.1034712601716556,0.04229973813882833,0.030780833809985714,541.3443578370129,26.013067771924128,151.19480569868466,,,True,176,0,153,0.95,3,False,278,0.0,0.17807344593469257,,0.40989619999891147,6,20629,1.4786752999934833
a9-ceiling,waxman-n60-load0.9-cascading-centralised-th0.95-dw3,waxman,60,0.9,cascading,CENTRALISED,orbit,20,9354882311026296945,0.06223966002624882,0.040373291196765373,0.13788450115983866,0.03989690406409176,0.025496073698065093,554.7890458026908,22.604367402439756,102.3486437619009,,,True,321,2,134,0.95,3,False,278,0.1,0.0,,0.5191078999778256,6,20443,1.547281799983466
a9-ceiling,waxman-n60-load0.9-cascading-centralised-th0.95-dw3,waxman,60,0.9,cascading,CENTRALISED,orbit-ceiling-0.6,20,9354882311026296945,0.27345243496004,0.2965797143881631,0.3816491111530793,0.26666061719332695,0.15423577848305822,2437.487855812866,1.3447449506677946,2.447747242691222,0.0,0.2,False,53,0,0,0.95,3,False,278,0.30000000000000004,1.0,,0.07705570000689477,2,14854,1.3808502000174485
a9-ceiling,waxman-n60-load0.9-cascading-centralised-th0.95-dw3,waxman,60,0.9,cascading,CENTRALISED,orbit-ceiling-0.7,20,9354882311026296945,0.3290323269885231,0.6047790648338351,0.42027954732097067,0.31764597289058505,0.08291575163905403,2932.9133650668427,1.3291348100367457,2.5550487990392945,0.0,0.0,True,57,0,0,0.95,3,False,278,0.0,1.0,,0.08715600002324209,2,14210,1.5261449000099674
a9-ceiling,waxman-n60-load0.9-cascading-centralised-th0.95-dw3,waxman,60,0.9,cascading,CENTRALISED,orbit-ceiling-0.8,20,9354882311026296945,0.3823209323332477,0.72574483217678,0.6840461449469247,0.2513361699385871,0.03498179781042932,3407.9149074738502,1.4663136431286454,3.7383706451104866,,0.0,True,63,0,0,0.95,3,False,278,0.30000000000000004,0.9250646066346059,,0.09525770001346245,2,13332,1.8533824000041932
a9-ceiling,waxman-n60-load0.9-cascading-centralised-th0.95-dw3,waxman,60,0.9,cascading,CENTRALISED,orbit-ceiling-0.9,20,9354882311026296945,0.4349890422030043,0.9119957340281368,0.8564495082440906,0.16615736986436774,0.06786582331642722,3877.3855055868617,1.4029901999377257,2.9561952014038484,,0.0,True,67,0,0,0.95,3,False,278,0.0,0.9395666370679346,,0.11896039999555796,2,12710,2.031807499995921
a9-ceiling,waxman-n60-load0.9-cascading-centralised-th0.95-dw3,waxman,60,0.9,cascading,CENTRALISED,orbit-ceiling-0.95,20,9354882311026296945,0.47034527883515975,0.9119957340281368,0.8761613661016238,0.24942085375913184,0.0759738314692046,4192.542316791409,1.5099448814085215,3.406964817512236,,0.0,True,74,0,0,0.95,3,False,278,0.30000000000000004,0.9395666370679346,,0.12034289998700842,2,11682,2.245837599999504
a9-ceiling,waxman-n60-load0.9-cascading-centralised-th0.95-dw3,waxman,60,0.9,cascading,CENTRALISED,orbit-ceiling-1.0,20,9354882311026296945,0.3691752684331844,0.6913817578361813,0.7244314552852176,0.13570066305707976,0.11680665941111663,3290.737687539113,1.5139016011630586,3.5059471973730227,,0.0,True,97,0,35,0.95,3,False,278,0.30000000000000004,0.8576801322053947,,0.23257190000731498,5,14002,1.905989299993962
a9-ceiling,waxman-n60-load0.9-cascading-centralised-th0.95-dw3,waxman,60,0.9,cascading,CENTRALISED,orbit-no-fallback,20,9354882311026296945,0.36655952857148094,0.6583079872062272,0.6084945394353046,0.20597758146474915,0.15358562554848645,3267.4216247371874,1.4934116666844253,3.1548738281915423,0.2,0.2,False,126,11,51,0.95,3,False,278,2.8000000000000003,0.9401520173267784,,0.3521264999581035,9,14242,1.9312198999978136
a9-ceiling,waxman-n60-load0.9-cascading-centralised-th0.95-dw3,waxman,60,0.9,cascading,CENTRALISED,spf-static,20,9354882311026296945,0.07783689619522137,0.09316238527454596,0.06925256648283017,0.08861672674007971,0.06314566862135332,693.8189789304446,8.239365907490859,51.18434851104571,0.0,0.0,False,0,0,56,0.95,3,False,278,0.0,0.39528020269490677,,0.03349209998850711,2,20286,0.8576337000122294
a9-ceiling,waxman-n60-load0.9-cascading-centralised-th0.95-dw3,waxman,60,0.9,cascading,CENTRALISED,cspf,21,3432002575598101817,0.05675520735965447,0.0658101289366714,0.029344701748575813,0.0785692576499993,0.050598417567399766,589.4970910217465,25.831958525513922,102.62598068259024,,0.0,True,233,0,172,0.95,3,False,312,0.1,0.10199844534212485,,0.5172714999644086,6,20451,1.6996046999993268
a9-ceiling,waxman-n60-load0.9-cascading-centralised-th0.95-dw3,waxman,60,0.9,cascading,CENTRALISED,orbit,21,3432002575598101817,0.04410696346388458,0.07782434586113052,0.04916040727707816,0.01673992899946896,0.05854160570957736,458.1240711710565,31.946457333612873,114.92975936506822,,,True,390,3,176,0.95,3,False,312,0.6000000000000001,0.17215275091254062,,0.6584518999734428,8,20642,1.8309962000057567
a9-ceiling,waxman-n60-load0.9-cascading-centralised-th0.95-dw3,waxman,60,0.9,cascading,CENTRALISED,orbit-ceiling-0.6,21,3432002575598101817,0.2269736615277169,0.4033901145347298,0.21339426982341225,0.21372280210574587,0.16980077052162218,2357.498446992868,1.176680778880479,2.1860786766777744,0.0,0.2,False,52,0,0,0.95,3,False,312,0.30000000000000004,1.0,,0.08406199997989461,2,15004,1.2722372999996878
a9-ceiling,waxman-n60-load0.9-cascading-centralised-th0.95-dw3,waxman,60,0.9,cascading,CENTRALISED,orbit-ceiling-0.7,21,3432002575598101817,0.2935712989883485,0.500529357579551,0.31260029291122027,0.3464106656923266,0.10074546756007201,3049.2255215356586,1.3278523803957467,3.08848951675226,0.0,0.0,True,60,0,0,0.95,3,False,312,0.30000000000000004,1.0,,0.09931860002689064,2,13782,1.6149436000268906
a9-ceiling,waxman-n60-load0.9-cascading-centralised-th0.95-dw3,waxman,60,0.9,cascading,CENTRALISED,orbit-ceiling-0.8,21,3432002575598101817,0.32256836004023137,0.6089841961595635,0.42277458571792353,0.37233317599755195,0.013012939730384887,3350.408160688807,1.3846739695441521,2.8811852700674345,0.0,0.0,True,61,0,0,0.95,3,False,312,0.30000000000000004,1.0,,0.10799009999027476,2,13632,1.7758743000158574
a9-ceiling,waxman-n60-load0.9-cascading-centralised-th0.95-dw3,waxman,60,0.9,cascading,CENTRALISED,orbit-ceiling-0.9,21,3432002575598101817,0.4391852273219264,0.8040968285427464,0.6069584807742507,0.45953801521499255,0.06196088501853563,4561.668011983038,1.5698828785007881,3.8699791206721113,,0.0,True,76,0,0,0.95,3,False,312,0.30000000000000004,0.9293624547515889,,0.11232200002996251,2,11382,2.3095497000031173
a9-ceiling,waxman-n60-load0.9-cascading-centralised-th0.95-dw3,waxman,60,0.9,cascading,CENTRALISED,orbit-ceiling-0.95,21,3432002575598101817,0.4606738959049592,0.8040968285427464,0.6561426291254638,0.46584409184897013,0.08673662908779156,4784.863524940201,1.6390503716085991,3.8037353431758363,,0.0,True,78,0,0,0.95,3,False,312,0.30000000000000004,0.9293624547515889,,0.1262218999909237,2,11082,2.336613399995258
a9-ceiling,waxman-n60-load0.9-cascading-centralised-th0.95-dw3,waxman,60,0.9,cascading,CENTRALISED,orbit-ceiling-1.0,21,3432002575598101817,0.3567019040338066,0.6907669591116359,0.5453372805375242,0.27384964537915063,0.11122309647796422,3704.941706182982,1.5125606415582231,3.3374787117362428,,0.0,True,108,0,67,0.95,3,False,312,0.8,0.8471485449042163,,0.25301820001914166,6,13885,1.980052800005069
a9-ceiling,waxman-n60-load0.9-cascading-centralised-th0.95-dw3,waxman,60,0.9,cascading,CENTRALISED,orbit-no-fallback,21,3432002575598101817,0.3156183889649778,0.6848637783699827,0.49215302111964326,0.22676894555097424,0.07257136692904484,3278.2211681264353,1.5078706228036376,3.2085583990717357,0.2,0.2,True,131,15,96,0.95,3,False,312,1.3,0.9678802986140435,,0.3502729000465479,8,14767,1.983935800002655
a9-ceiling,waxman-n60-load0.9-cascading-centralised-th0.95-dw3,waxman,60,0.9,cascading,CENTRALISED,spf-static,21,3432002575598101817,0.11174121522340838,0.16897733333713175,0.11558048518678816,0.08742791251655359,0.11155438572722363,1160.6181068815881,4.98954983389557,50.12505733073954,0.0,0.0,False,0,0,58,0.95,3,False,312,0.0,0.5787432605939855,,0.04021800000919029,2,19404,0.9518062999995891
a9-ceiling,waxman-n60-load0.9-cascading-centralised-th0.95-dw3,waxman,60,0.9,cascading,CENTRALISED,cspf,22,9855241225322873675,0.06693123416497974,0.14266542954718853,0.024173219279529264,0.06564752084855564,0.06715100398555655,646.2592733574274,22.367929241201754,103.42322907243064,,,True,177,0,152,0.95,3,False,278,0.0,0.4021571966992823,,0.3395141999644693,4,20501,1.4046947000024375
a9-ceiling,waxman-n60-load0.9-cascading-centralised-th0.95-dw3,waxman,60,0.9,cascading,CENTRALISED,orbit,22,9855241225322873675,0.03490279242000356,0.11387138010003652,0.04054601452374702,0.010427312276589102,0.018333723748086075,337.0063849696451,36.91511008170603,151.10852197106328,,,True,332,3,133,0.95,3,False,278,0.1,0.21036954260067858,,0.501665400021011,5,20922,1.4816640999924857
a9-ceiling,waxman-n60-load0.9-cascading-centralised-th0.95-dw3,waxman,60,0.9,cascading,CENTRALISED,orbit-ceiling-0.6,22,9855241225322873675,0.2294875266101973,0.33543621111809213,0.27228016976553965,0.23522105860748396,0.11709975040731099,2215.8330716886503,1.299713576733749,2.938888340161729,0.0,0.2,False,51,0,0,0.95,3,False,278,0.30000000000000004,1.0000000000000002,,0.07227619999321178,2,15154,1.352757599990582
a9-ceiling,waxman-n60-load0.9-cascading-centralised-th0.95-dw3,waxman,60,0.9,cascading,CENTRALISED,orbit-ceiling-0.7,22,9855241225322873675,0.2737983859464861,0.4712537533431895,0.4012194740275485,0.23714566937927198,0.08470247817868527,2643.679713301849,1.153315977047323,2.007461998576933,0.2,0.2,False,54,0,0,0.95,3,False,278,0.30000000000000004,1.0,,0.08729090000269935,2,14704,1.4316729000129271
a9-ceiling,waxman-n60-load0.9-cascading-centralised-th0.95-dw3,waxman,60,0.9,cascading,CENTRALISED,orbit-ceiling-0.8,22,9855241225322873675,0.35183835279984005,0.6389547338202384,0.5849855197336635,0.27192879538971954,0.06739701139148543,3397.2001421523114,1.236285573700037,2.425027657907906,,0.2,True,63,0,0,0.95,3,False,278,0.30000000000000004,0.9229973296161983,,0.10192949997144751,2,13332,1.7592073999985587
a9-ceiling,waxman-n60-load0.9-cascading-centralised-th0.95-dw3,waxman,60,0.9,cascading,CENTRALISED,orbit-ceiling-0.9,22,9855241225322873675,0.382788622507268,0.9317990656646284,0.6610258180508761,0.19030770734968502,0.062111864749339926,3696.0426640462874,1.4224478114136552,3.0185344114874053,0.2,0.2,True,66,0,0,0.95,3,False,278,0.30000000000000004,1.0,,0.11766839999472722,2,12882,1.9482836999814026
a9-ceiling,waxman-n60-load0.9-cascading-centralised-th0.95-dw3,waxman,60,0.9,cascading,CENTRALISED,orbit-ceiling-0.95,22,9855241225322873675,0.44388863915214144,0.9455087133464973,0.7299113221148328,0.3172078013746636,0.04894864015859452,4285.998203514033,1.3351426409768243,2.5392470191257255,,0.0,True,74,0,0,0.95,3,False,278,0.30000000000000004,0.9371254384767274,,0.12617499998304993,2,11704,2.1007581999874674
a9-ceiling,waxman-n60-load0.9-cascading-centralised-th0.95-dw3,waxman,60,0.9,cascading,CENTRALISED,orbit-ceiling-1.0,22,9855241225322873675,0.3902957547506122,0.8810198375803285,0.5626889757408419,0.2970120810627615,0.06680095617352409,3768.528311279731,1.2911903881592306,2.851080947745787,0.2,0.2,True,91,0,30,0.95,3,False,278,0.8,0.9615323868105052,,0.2524501000007149,6,13697,1.8274136999971233
a9-ceiling,waxman-n60-load0.9-cascading-centralised-th0.95-dw3,waxman,60,0.9,cascading,CENTRALISED,orbit-no-fallback,22,9855241225322873675,0.36963316512378164,0.911729441826568,0.4830544183391398,0.29075335221655113,0.054207620423244875,3569.019213255283,1.3550636286090558,2.851080947745787,0.2,0.2,True,104,5,39,0.95,3,False,278,1.8,0.9991619872679051,,0.33958700005314313,8,14072,1.9066766999894753
a9-ceiling,waxman-n60-load0.9-cascading-centralised-th0.95-dw3,waxman,60,0.9,cascading,CENTRALISED,spf-static,22,9855241225322873675,0.10435095559603759,0.1787244297024137,0.07101651699829672,0.08599250969896767,0.12042529070967865,1007.5680447101889,5.771399762636799,50.68004426854254,0.0,0.0,False,0,0,55,0.95,3,False,278,0.0,0.6214070213904717,,0.034686400002101436,2,19698,0.8985079000121914
a9-ceiling,waxman-n60-load0.9-cascading-centralised-th0.95-dw3,waxman,60,0.9,cascading,CENTRALISED,cspf,23,7770093315829151291,0.05433824638022017,0.041717575931745986,0.14036696806263,0.03355241842499408,0.011726649150366936,412.0898083091831,26.68717109096088,150.68041701024944,,0.2,True,184,0,113,0.95,3,False,244,0.30000000000000004,0.0,,0.37732559998403303,6,20319,1.315321900008712
a9-ceiling,waxman-n60-load0.9-cascading-centralised-th0.95-dw3,waxman,60,0.9,cascading,CENTRALISED,orbit,23,7770093315829151291,0.06514426772583576,0.13477542531767392,0.10681530730600339,0.03128039943613655,0.03448926960954706,494.0403967352505,21.243541450169637,102.63373266771167,,,True,297,3,113,0.95,3,False,244,0.0,0.2886892890646084,,0.39018770001712255,4,20276,1.3473066000151448
a9-ceiling,waxman-n60-load0.9-cascading-centralised-th0.95-dw3,waxman,60,0.9,cascading,CENTRALISED,orbit-ceiling-0.6,23,7770093315829151291,0.2617232072118374,0.5510751995725435,0.5485826851786426,0.1337180208161302,0.023982489033534667,1984.8536431468415,1.3176726399562344,3.2200272286578895,,0.0,True,50,0,0,0.95,3,False,244,0.30000000000000004,0.9394746047195627,,0.07144909998169169,2,15282,1.4168595999944955
a9-ceiling,waxman-n60-load0.9-cascading-centralised-th0.95-dw3,waxman,60,0.9,cascading,CENTRALISED,orbit-ceiling-0.7,23,7770093315829151291,0.32585796428206587,0.9990179124398674,0.6526826699986903,0.08050394011945526,0.0,2471.2381238327525,1.3139061476365743,2.6006080795586644,0.2,0.2,True,57,0,0,0.95,3,False,244,0.30000000000000004,1.0,,0.07942469997215085,2,14406,1.7178848999901675
a9-ceiling,waxman-n60-load0.9-cascading-centralised-th0.95-dw3,waxman,60,0.9,cascading,CENTRALISED,orbit-ceiling-0.8,23,7770093315829151291,0.3746920822300287,0.9662020673033236,0.8113177184556717,0.0934179238415304,0.03732258097446501,2841.5857821526474,1.3109714386112765,2.795733876722373,0.2,0.2,False,66,0,0,0.95,3,False,244,0.30000000000000004,0.9615439314806145,,0.09702070002094842,2,13056,2.016936500003794
a9-ceiling,waxman-n60-load0.9-cascading-centralised-th0.95-dw3,waxman,60,0.9,cascading,CENTRALISED,orbit-ceiling-0.9,23,7770093315829151291,0.4016106115284771,0.9662020673033236,0.8552843954795245,0.1542860356610309,0.024340323655003656,3045.730235047629,1.5226737915574098,3.485670892779762,0.2,0.2,True,73,0,0,0.95,3,False,244,0.30000000000000004,0.9615439314806145,,0.1076630000025034,2,12136,2.2979085000115447
a9-ceiling,waxman-n60-load0.9-cascading-centralised-th0.95-dw3,waxman,60,0.9,cascading,CENTRALISED,orbit-ceiling-0.95,23,7770093315829151291,0.46385877655433855,0.9990179124398674,0.8552843954795245,0.3165811434870263,0.039348062093546285,3517.807199284061,1.5200283149587501,2.9321330464647892,0.2,0.2,False,82,0,0,0.95,3,False,244,0.30000000000000004,1.0,,0.11752190001425333,2,10678,2.5915773999877274
a9-ceiling,waxman-n60-load0.9-cascading-centralised-th0.95-dw3,waxman,60,0.9,cascading,CENTRALISED,orbit-ceiling-1.0,23,7770093315829151291,0.2885027073477506,0.6109703323637821,0.4361043472848926,0.23391629092229865,0.06813296858497708,2187.9437281747105,1.3925376854780938,2.9367224170903716,,,True,123,0,50,0.95,3,False,244,0.30000000000000004,0.8246699336377782,,0.26045719999819994,6,14973,1.7476203000114765
a9-ceiling,waxman-n60-load0.9-cascading-centralised-th0.95-dw3,waxman,60,0.9,cascading,CENTRALISED,orbit-no-fallback,23,7770093315829151291,0.27715714860841845,0.7069753462477366,0.33066088290471013,0.23674766059115512,0.06726043838116083,2101.901401866701,1.6260822632557193,3.6483020335414853,0.2,0.7000000000000001,True,146,21,55,0.95,3,False,244,0.8,1.024843099195972,,0.31616010001744144,7,15512,1.7697162000113167
a9-ceiling,waxman-n60-load0.9-cascading-centralised-th0.95-dw3,waxman,60,0.9,cascading,CENTRALISED,spf-static,23,7770093315829151291,0.112801358900596,0.13304017430471016,0.19164637561545605,0.06417270302751837,0.09189178464217272,855.4617320753815,5.211301178528039,50.5191849857648,0.0,0.0,False,0,0,41,0.95,3,False,244,0.0,0.5876306444298882,,0.03445780000765808,2,19404,0.8625267999887001
a9-ceiling,waxman-n60-load0.9-cascading-centralised-th0.95-dw3,waxman,60,0.9,cascading,CENTRALISED,cspf,24,14055642767569060435,0.045798590329190446,0.042890317136071825,0.0881889055948804,0.026713493497901364,0.03211871914423134,310.6805319154742,34.010082226480385,151.31260204952468,,0.0,True,183,0,114,0.95,3,False,250,0.0,0.0,,0.3857275000482332,5,20747,1.3304411999997683
a9-ceiling,waxman-n60-load0.9-cascading-centralised-th0.95-dw3,waxman,60,0.9,cascading,CENTRALISED,orbit,24,14055642767569060435,0.07052978085199518,0.14094664202026697,0.10987033916424746,0.028840019447188604,0.04528310936152796,478.4476918062167,21.402857328541334,102.10548029007016,,0.0,True,298,2,113,0.95,3,False,250,0.0,0.29397271907491374,,0.41187250000075437,5,20418,1.3646121999772731
a9-ceiling,waxman-n60-load0.9-cascading-centralised-th0.95-dw3,waxman,60,0.9,cascading,CENTRALISED,orbit-ceiling-0.6,24,14055642767569060435,0.29088994906668375,0.6834991778510586,0.50023210668421,0.0896795195063549,0.11611595013099213,1973.2887727616655,1.324802775463171,2.6925241205924464,,0.0,True,51,0,1,0.95,3,False,250,0.8,0.9415436677192877,,0.10074779999558814,3,15502,1.372597899986431
a9-ceiling,waxman-n60-load0.9-cascading-centralised-th0.95-dw3,waxman,60,0.9,cascading,CENTRALISED,orbit-ceiling-0.7,24,14055642767569060435,0.37447786918167486,0.8879478975552497,0.6297777166282972,0.15471274478729513,0.10324937223714283,2540.3180043684247,1.3185490342037975,2.562170196156005,,0.2,True,63,0,0,0.95,3,False,250,0.30000000000000004,0.895032010450935,,0.09762789998785593,2,13506,1.7255181999935303
a9-ceiling,waxman-n60-load0.9-cascading-centralised-th0.95-dw3,waxman,60,0.9,cascading,CENTRALISED,orbit-ceiling-0.8,24,14055642767569060435,0.42036518893113645,0.9111373381548475,0.6958125253390133,0.25847429252007237,0.061786775712544546,2851.600443532315,1.34436189521482,2.694418321105915,,0.0,True,72,0,0,0.95,3,False,250,0.30000000000000004,0.8974661594094423,,0.12209929997334257,2,12178,2.0870479999866802
a9-ceiling,waxman-n60-load0.9-cascading-centralised-th0.95-dw3,waxman,60,0.9,cascading,CENTRALISED,orbit-ceiling-0.9,24,14055642767569060435,0.5019506578105186,0.9111373381548475,0.7383656899801683,0.40283962481618196,0.14566338661920294,3405.045793833075,1.448408882704313,2.891316526778176,,0.0,True,85,0,0,0.95,3,False,250,0.30000000000000004,0.8974661594094423,,0.12171140001737513,2,10206,2.5365250000031665
a9-ceiling,waxman-n60-load0.9-cascading-centralised-th0.95-dw3,waxman,60,0.9,cascading,CENTRALISED,orbit-ceiling-0.95,24,14055642767569060435,0.5254665232820516,0.9111373381548475,0.7614944115367526,0.4986543757018182,0.08256711515136378,3564.5686424761275,1.4896105523258172,2.672611222422583,,0.2,True,90,0,0,0.95,3,False,250,0.30000000000000004,0.8974661594094423,,0.13667760000680573,2,9586,2.834097999992082
a9-ceiling,waxman-n60-load0.9-cascading-centralised-th0.95-dw3,waxman,60,0.9,cascading,CENTRALISED,orbit-ceiling-1.0,24,14055642767569060435,0.2998337091286544,0.5058706743495063,0.4024449996275916,0.22609641219879545,0.17046815638507595,2033.9599007026145,1.4476050617521306,2.535384701827059,,0.0,True,154,0,66,0.95,3,False,250,1.1,0.7452323251775302,,0.355425700021442,8,15100,1.8041405999974813
a9-ceiling,waxman-n60-load0.9-cascading-centralised-th0.95-dw3,waxman,60,0.9,cascading,CENTRALISED,orbit-no-fallback,24,14055642767569060435,0.31931006150909264,0.5661279039436433,0.43809138702484723,0.24152559173802324,0.15361526490475338,2166.080201214814,1.3954191526317266,2.725208086557622,0.0,0.0,True,189,34,68,0.95,3,False,250,1.3,0.8783992724444559,,0.4360695000505075,10,14770,1.9312399000045843
a9-ceiling,waxman-n60-load0.9-cascading-centralised-th0.95-dw3,waxman,60,0.9,cascading,CENTRALISED,spf-static,24,14055642767569060435,0.0857711784809607,0.017115494561381495,0.16784209001322675,0.04085525716631175,0.11046502436558009,581.8396409571975,7.67258806466704,53.727017354531654,,0.0,True,0,0,42,0.95,3,False,250,0.0,0.0,,0.03262300000642426,2,20286,0.8237492000043858
a9-ceiling,waxman-n60-load0.9-cascading-centralised-th0.95-dw3,waxman,60,0.9,cascading,CENTRALISED,cspf,25,2327587938646556194,0.08078209056921394,0.0435386480712972,0.10782890889257252,0.0650366829198846,0.09768189579253335,831.5936991131734,20.22423879940603,101.87412073304584,,,True,242,0,181,0.95,3,False,330,0.6000000000000001,0.0,,0.5366267000499647,6,19656,1.7905596000200603
a9-ceiling,waxman-n60-load0.9-cascading-centralised-th0.95-dw3,waxman,60,0.9,cascading,CENTRALISED,orbit,25,2327587938646556194,0.06501134924773944,0.053667175487665524,0.13511755843338585,0.039109486298940746,0.04066750480006963,669.2452253255932,24.020598815329055,103.02181228903382,,,True,362,4,180,0.95,3,False,330,0.6000000000000001,0.08883706496038207,,0.6614130999951158,8,20114,1.880760400003055
a9-ceiling,waxman-n60-load0.9-cascading-centralised-th0.95-dw3,waxman,60,0.9,cascading,CENTRALISED,orbit-ceiling-0.6,25,2327587938646556194,0.23421927848076837,0.3171576754165871,0.22526837979158307,0.18852097186985506,0.2626878240715164,2411.1195293783294,0.9627087199855344,1.7278548919032857,0.2,0.2,False,54,0,0,0.95,3,False,330,0.30000000000000004,1.0,,0.09457639997708611,2,14552,1.3244882999861147
a9-ceiling,waxman-n60-load0.9-cascading-centralised-th0.95-dw3,waxman,60,0.9,cascading,CENTRALISED,orbit-ceiling-0.7,25,2327587938646556194,0.2769540430263169,0.3301300802022677,0.30083821907574276,0.2563750197761885,0.25414222543859744,2851.043288205966,1.0545821746253417,1.9990567054536914,,0.0,True,58,0,0,0.95,3,False,330,0.0,0.9005872937054543,,0.10752769999089651,2,13930,1.4996322999941185
a9-ceiling,waxman-n60-load0.9-cascading-centralised-th0.95-dw3,waxman,60,0.9,cascading,CENTRALISED,orbit-ceiling-0.8,25,2327587938646556194,0.3770358954308139,0.5403519472444294,0.4785481674692294,0.4092789960889777,0.1432049096860665,3881.3141968777986,1.215179312562585,2.356791390995746,,0.0,True,71,0,0,0.95,3,False,330,0.0,0.9371569731318165,,0.12636620001285337,2,11980,1.9697843999892939
a9-ceiling,waxman-n60-load0.9-cascading-centralised-th0.95-dw3,waxman,60,0.9,cascading,CENTRALISED,orbit-ceiling-0.9,25,2327587938646556194,0.4586590516852476,0.7495881719021079,0.5977114960317811,0.48675451349645726,0.12442362656056548,4721.56606414979,1.3967406312098973,3.5730666856251565,,0.0,True,79,0,0,0.95,3,False,330,0.30000000000000004,0.8826773561843813,,0.15175180000369437,2,11062,2.346227200003341
a9-ceiling,waxman-n60-load0.9-cascading-centralised-th0.95-dw3,waxman,60,0.9,cascading,CENTRALISED,orbit-ceiling-0.95,25,2327587938646556194,0.5195071272537861,0.8128474206972609,0.6347267778621831,0.5317774716799111,0.229592142033461,5347.953372146035,1.4872458304085385,3.5568312946666882,,0.0,True,88,0,0,0.95,3,False,330,0.30000000000000004,0.890944935934552,,0.15921220000018366,2,9712,2.5968959000019822
a9-ceiling,waxman-n60-load0.9-cascading-centralised-th0.95-dw3,waxman,60,0.9,cascading,CENTRALISED,orbit-ceiling-1.0,25,2327587938646556194,0.4455812848243236,0.7817546926409784,0.5786712235288738,0.45790855453693524,0.11480671353807052,4586.939831486282,1.4565456903508966,3.5119652591569164,,0.0,True,101,0,36,0.95,3,False,330,0.30000000000000004,0.9108505113045265,,0.22200049998355098,5,11489,2.3862676999997348
a9-ceiling,waxman-n60-load0.9-cascading-centralised-th0.95-dw3,waxman,60,0.9,cascading,CENTRALISED,orbit-no-fallback,25,2327587938646556194,0.41254542459092813,0.7770842479927693,0.5198663912532635,0.3401623929028987,0.21228563000091535,4246.8593381331575,1.4735731855015497,3.6597985446773382,,0.0,True,128,17,62,0.95,3,False,330,1.1,0.9822102887794396,,0.43776040006196126,9,12094,2.4352742999908514
a9-ceiling,waxman-n60-load0.9-cascading-centralised-th0.95-dw3,waxman,60,0.9,cascading,CENTRALISED,spf-static,25,2327587938646556194,0.1474074065136153,0.11401256826289416,0.1223834884621484,0.17901483480579802,0.1446666247458521,1517.4535543160735,4.416555338614896,50.07914204143437,0.0,0.0,False,0,0,61,0.95,3,False,330,0.0,0.4628700653579828,,0.03867460001492873,2,18228,1.0489254999847617
a9-ceiling,waxman-n60-load0.9-cascading-centralised-th0.95-dw3,waxman,60,0.9,cascading,CENTRALISED,cspf,26,17327337641304115661,0.12298501174081135,0.15754919571076995,0.09757781782264002,0.09059883441302184,0.17203197146449428,794.9782034721712,12.060551451141452,100.39516242701855,,0.0,True,182,0,102,0.95,3,False,254,0.1,0.3536468498596283,,0.36868880002293736,5,18943,1.4030439999769442
a9-ceiling,waxman-n60-load0.9-cascading-centralised-th0.95-dw3,waxman,60,0.9,cascading,CENTRALISED,orbit,26,17327337641304115661,0.10939549795628303,0.25705014953830996,0.10726723287702988,0.09894205731405784,0.03754615213563844,707.1352451997232,13.348299625450803,100.42628463142337,,0.0,True,309,3,105,0.95,3,False,254,1.6,0.5240715267070727,,0.49540339995292015,8,19431,1.5036092999798711
a9-ceiling,waxman-n60-load0.9-cascading-centralised-th0.95-dw3,waxman,60,0.9,cascading,CENTRALISED,orbit-ceiling-0.6,26,17327337641304115661,0.375352005474694,0.7026657003641007,0.6054399381655893,0.3155789690101258,0.018895781203015317,2426.284786725185,1.2098562129016956,2.6198922945923333,,0.0,True,64,0,0,0.95,3,False,254,0.0,0.9018039542728333,,0.09844680002424866,2,13290,1.7828508000238799
a9-ceiling,waxman-n60-load0.9-cascading-centralised-th0.95-dw3,waxman,60,0.9,cascading,CENTRALISED,orbit-ceiling-0.7,26,17327337641304115661,0.4452534884296536,0.894264363393559,0.6804696822758718,0.28616629548962247,0.14290867583176955,2878.1297274459894,1.169913423610407,2.397242260937322,,0.2,True,73,0,0,0.95,3,False,254,0.30000000000000004,0.9214097502285694,,0.12612860000808723,2,12114,1.9321759000013117
a9-ceiling,waxman-n60-load0.9-cascading-centralised-th0.95-dw3,waxman,60,0.9,cascading,CENTRALISED,orbit-ceiling-0.8,26,17327337641304115661,0.47239200670951587,0.894264363393559,0.7435158856162001,0.28465041356222776,0.18670375913181952,3053.553790928534,1.3434575974651384,3.061162921587857,,0.0,True,79,0,0,0.95,3,False,254,0.0,0.9214097502285694,,0.1250158999755513,2,11170,2.2198116999934427
a9-ceiling,waxman-n60-load0.9-cascading-centralised-th0.95-dw3,waxman,60,0.9,cascading,CENTRALISED,orbit-ceiling-0.9,26,17327337641304115661,0.5583182567496291,0.899647566615151,0.7773476482058685,0.4539702519743221,0.2643279116578176,3608.9832283948717,1.3009359467858383,2.4947538334013943,,0.0,True,93,0,0,0.95,3,False,254,0.0,0.8842087307097929,,0.1505998000211548,2,9070,2.7008800999901723
a9-ceiling,waxman-n60-load0.9-cascading-centralised-th0.95-dw3,waxman,60,0.9,cascading,CENTRALISED,orbit-ceiling-0.95,26,17327337641304115661,0.6049642177302599,0.899647566615151,0.848255992051895,0.5480080052340076,0.2503815828822185,3910.503891236012,1.4460178362475968,3.438860975748469,,0.0,True,96,0,0,0.95,3,False,254,0.30000000000000004,0.8842087307097929,,0.13876620001974516,2,8642,2.974895799998194
a9-ceiling,waxman-n60-load0.9-cascading-centralised-th0.95-dw3,waxman,60,0.9,cascading,CENTRALISED,orbit-ceiling-1.0,26,17327337641304115661,0.36121493951709016,0.5031448869794367,0.42382083707946916,0.3004415928652178,0.291877704764721,2334.9024374594974,1.2570048418055098,2.695979046083601,,0.5,True,166,0,64,0.95,3,False,254,4.1000000000000005,0.8196436682884671,,0.522263200051384,14,13855,2.1018000000040047
a9-ceiling,waxman-n60-load0.9-cascading-centralised-th0.95-dw3,waxman,60,0.9,cascading,CENTRALISED,orbit-no-fallback,26,17327337641304115661,0.29901226953653476,0.5978629099503255,0.3866843874563204,0.18093319314547823,0.1860995949871316,1932.822817086498,1.5127297757645248,2.999947806462374,,0.2,True,179,25,68,0.95,3,False,254,3.8000000000000003,0.8702298851460379,,0.5004960999940522,12,15146,1.9361343999917153
a9-ceiling,waxman-n60-load0.9-cascading-centralised-th0.95-dw3,waxman,60,0.9,cascading,CENTRALISED,spf-static,26,17327337641304115661,0.1697534951700429,0.120116010719567,0.22003960857278174,0.1557345240143552,0.16531134085526644,1097.2908544970337,4.636019016871307,1.8725655314733087,0.0,0.0,False,0,0,47,0.95,3,False,254,0.0,0.4326301330183372,,0.03017300000647083,2,18522,0.9430324999848381
a9-ceiling,waxman-n60-load0.9-cascading-centralised-th0.95-dw3,waxman,60,0.9,cascading,CENTRALISED,cspf,27,13798247298840138021,0.040840976861111954,0.071399010105916,0.05835803841994723,0.02211695872907265,0.029284233537690885,266.1940384430711,41.584084102627706,151.67847570030793,,,True,176,0,122,0.95,3,False,234,0.30000000000000004,0.0980253208886814,,0.3586261000309605,6,21040,1.2882662000192795
a9-ceiling,waxman-n60-load0.9-cascading-centralised-th0.95-dw3,waxman,60,0.9,cascading,CENTRALISED,orbit,27,13798247298840138021,0.09318956454782575,0.11316763823339142,0.034351903519490835,0.10326836805278226,0.1319807901337135,607.3925854441864,14.891135339193863,101.39268541317784,,,True,263,5,103,0.95,3,False,234,0.1,0.37230660914048,,0.42027649996452965,7,19888,1.375225900002988
a9-ceiling,waxman-n60-load0.9-cascading-centralised-th0.95-dw3,waxman,60,0.9,cascading,CENTRALISED,orbit-ceiling-0.6,27,13798247298840138021,0.3066233023233147,0.7296750897697513,0.49203608526219916,0.16060334858236774,0.05974278389960958,1998.5147613820222,1.3450143655655313,2.732286640418851,0.0,0.0,True,54,0,0,0.95,3,False,234,0.30000000000000004,1.0,,0.0871012999850791,2,14704,1.4370960000087507
a9-ceiling,waxman-n60-load0.9-cascading-centralised-th0.95-dw3,waxman,60,0.9,cascading,CENTRALISED,orbit-ceiling-0.7,27,13798247298840138021,0.34223744875083395,1.0,0.5839507976197882,0.10899186993857395,0.01660067496307196,2230.6412723487856,1.4736237038348126,4.240356507902005,0.0,0.2,False,55,0,0,0.95,3,False,234,0.30000000000000004,1.0,,0.09493039999506436,2,14532,1.6224219999858178
a9-ceiling,waxman-n60-load0.9-cascading-centralised-th0.95-dw3,waxman,60,0.9,cascading,CENTRALISED,orbit-ceiling-0.8,27,13798247298840138021,0.42084446223285726,1.0,0.6923048116571816,0.2344262775011813,0.04624586981340911,2742.98744956897,1.5048850911533367,3.5038135093226757,0.0,0.2,False,71,0,0,0.95,3,False,234,0.30000000000000004,1.0,,0.10354970002663322,2,12176,2.145695999992313
a9-ceiling,waxman-n60-load0.9-cascading-centralised-th0.95-dw3,waxman,60,0.9,cascading,CENTRALISED,orbit-ceiling-0.9,27,13798247298840138021,0.49809282941142924,1.0,0.7598497073531458,0.3429726899571454,0.1365304400709185,3246.478217978504,1.5052023706686515,3.0004961318879384,0.0,0.2,False,86,0,0,0.95,3,False,234,0.30000000000000004,1.0,,0.11502329999348149,2,10056,2.6024805999768432
a9-ceiling,waxman-n60-load0.9-cascading-centralised-th0.95-dw3,waxman,60,0.9,cascading,CENTRALISED,orbit-ceiling-0.95,27,13798247298840138021,0.5079000259078555,1.0,0.8385779802047697,0.33014143232071325,0.1074152168917812,3310.3997360672215,1.7365679898761885,3.453048951595612,0.0,0.2,False,85,0,0,0.95,3,False,234,0.30000000000000004,1.0,,0.1143551999994088,2,10184,2.763091600005282
a9-ceiling,waxman-n60-load0.9-cascading-centralised-th0.95-dw3,waxman,60,0.9,cascading,CENTRALISED,orbit-ceiling-1.0,27,13798247298840138021,0.30014023881496305,0.5100525648436728,0.4274408029893443,0.20486679163933216,0.16957446366176435,1956.259335841154,1.4335734517591867,3.1383900826408286,,0.0,True,149,0,67,0.95,3,False,234,0.1,0.7128997144065136,,0.2614588999422267,7,14674,1.7299212999932934
a9-ceiling,waxman-n60-load0.9-cascading-centralised-th0.95-dw3,waxman,60,0.9,cascading,CENTRALISED,orbit-no-fallback,27,13798247298840138021,0.25219451552856964,0.5259215182309528,0.2795936351764461,0.19619984281122774,0.1415845205195873,1643.757855989637,1.5063340289483913,3.4541502171340173,0.0,0.0,True,177,21,81,0.95,3,False,234,1.6,1.0403119605225353,,0.36108669999521226,9,16064,1.6671962999971583
a9-ceiling,waxman-n60-load0.9-cascading-centralised-th0.95-dw3,waxman,60,0.9,cascading,CENTRALISED,spf-static,27,13798247298840138021,0.12765644586484431,0.22439866984473178,0.06663982510800623,0.16239135083387068,0.0931654755862818,832.0414316634199,6.019978232069599,50.58365725418761,0.0,0.0,False,0,0,46,0.95,3,False,234,0.0,0.6536831037735674,,0.030488799966406077,3,18963,0.9108851000200957
a9-ceiling,waxman-n60-load0.9-cascading-centralised-th0.95-dw3,waxman,60,0.9,cascading,CENTRALISED,cspf,28,10909858104733326281,0.12833695672953577,0.057660877469871114,0.06582201674870135,0.1405560834913445,0.2113246039952453,883.8126135734259,11.31920107161072,53.23787050618539,,0.0,True,159,0,105,0.95,3,False,248,0.1,0.12198713886098174,,0.4147350999992341,6,18980,1.4616171999950893
a9-ceiling,waxman-n60-load0.9-cascading-centralised-th0.95-dw3,waxman,60,0.9,cascading,CENTRALISED,orbit,28,10909858104733326281,0.08290499475085009,0.03251159325309955,0.08278250294822052,0.12039115624693683,0.05823142634674771,570.9382702868539,17.176928324001217,102.00714332965865,,0.0,True,287,1,104,0.95,3,False,248,0.1,0.0,,0.4812914999492932,6,19858,1.4608559000189416
a9-ceiling,waxman-n60-load0.9-cascading-centralised-th0.95-dw3,waxman,60,0.9,cascading,CENTRALISED,orbit-ceiling-0.6,28,10909858104733326281,0.3155677326760485,0.654286630906156,0.4109066813932711,0.26893565056307783,0.10590079066598028,2173.2067650913164,1.4282293041399106,3.6323600999709065,0.2,0.2,False,57,0,2,0.95,3,False,248,0.8,1.0,,0.12019560000044294,3,14401,1.5047768000222277
a9-ceiling,waxman-n60-load0.9-cascading-centralised-th0.95-dw3,waxman,60,0.9,cascading,CENTRALISED,orbit-ceiling-0.7,28,10909858104733326281,0.36814398849249413,0.7131841606204306,0.6311962753935582,0.20578536371811243,0.14569260733788642,2535.281410222306,1.4310347806381318,2.8069328946008993,,0.2,True,61,0,0,0.95,3,False,248,0.30000000000000004,0.9230076032254095,,0.12898239996866323,2,13654,1.7052671999845188
a9-ceiling,waxman-n60-load0.9-cascading-centralised-th0.95-dw3,waxman,60,0.9,cascading,CENTRALISED,orbit-ceiling-0.8,28,10909858104733326281,0.42377559027951794,0.7477930557159108,0.6639278908789276,0.2617977514945852,0.23476817412360548,2918.397175358335,1.5117974507089602,2.8069328946008993,,0.2,True,73,0,0,0.95,3,False,248,0.30000000000000004,0.9263434510671782,,0.14416470000287518,2,11876,2.0642716999864206
a9-ceiling,waxman-n60-load0.9-cascading-centralised-th0.95-dw3,waxman,60,0.9,cascading,CENTRALISED,orbit-ceiling-0.9,28,10909858104733326281,0.4719651436572103,0.7847992727806246,0.7608217800999373,0.347462057559728,0.18883201386436985,3250.2621050171556,1.742529020504646,3.4000590874845464,,0.2,True,81,0,0,0.95,3,False,248,0.30000000000000004,0.9296047363508427,,0.12501869996776804,2,10784,2.430275699996855
a9-ceiling,waxman-n60-load0.9-cascading-centralised-th0.95-dw3,waxman,60,0.9,cascading,CENTRALISED,orbit-ceiling-0.95,28,10909858104733326281,0.5280287448061143,0.7847992727806246,0.7747260271544137,0.4705024629665409,0.22491213042269542,3636.3529016235816,1.7113492414641507,3.2503971204625945,,0.2,True,89,0,0,0.95,3,False,248,0.30000000000000004,0.9296047363508427,,0.13532029997440986,2,9562,2.7237444999918807
a9-ceiling,waxman-n60-load0.9-cascading-centralised-th0.95-dw3,waxman,60,0.9,cascading,CENTRALISED,orbit-ceiling-1.0,28,10909858104733326281,0.28631680681198607,0.21884532425000572,0.31219854926895624,0.3333864941813039,0.2314911277162156,1971.7656689630812,1.6150140783639941,3.099069874418772,,0.5,True,147,0,75,0.95,3,False,248,1.1,0.7316814604187052,,0.38936049994663335,8,15148,1.8521772999956738
a9-ceiling,waxman-n60-load0.9-cascading-centralised-th0.95-dw3,waxman,60,0.9,cascading,CENTRALISED,orbit-no-fallback,28,10909858104733326281,0.21944176045356806,0.3951829435453608,0.19696033448705444,0.23301209115878074,0.13097207752223217,1511.2201565006146,1.8294783345479344,4.448013650706925,0.0,0.0,True,178,27,87,0.95,3,False,248,1.6,1.0765903052637544,,0.4557933999749366,9,16891,1.7305121000099462
a9-ceiling,waxman-n60-load0.9-cascading-centralised-th0.95-dw3,waxman,60,0.9,cascading,CENTRALISED,spf-static,28,10909858104733326281,0.10344269246162116,0.12920976974871576,0.10463968221900784,0.11565053645186565,0.07199469860519862,712.3743519355014,6.110839331588302,50.7405230136979,0.0,0.0,False,0,0,44,0.95,3,False,248,0.0,0.5147212247758094,,0.03476690000388771,2,19551,0.8582668000017293
a9-ceiling,waxman-n60-load0.9-cascading-centralised-th0.95-dw3,waxman,60,0.9,cascading,CENTRALISED,cspf,29,6329859330397869564,0.05759767838574006,0.09091812164543399,0.07441432244522765,0.02960753583808251,0.06016505581553857,566.316942150562,27.2970425588867,104.78103136614165,,,True,189,0,165,0.95,3,False,296,0.1,0.22990681711151323,,0.468815599946538,7,20402,1.5954975000058766
a9-ceiling,waxman-n60-load0.9-cascading-centralised-th0.95-dw3,waxman,60,0.9,cascading,CENTRALISED,orbit,29,6329859330397869564,0.0635967920519301,0.13716734714599446,0.07270081650664746,0.04221383228601031,0.04020752070948092,625.3019533917706,25.5884457394023,103.00443883359594,,0.0,True,372,2,164,0.95,3,False,296,0.6000000000000001,0.4051510686179671,,0.5973273999989033,8,20264,1.7314066999824718
a9-ceiling,waxman-n60-load0.9-cascading-centralised-th0.95-dw3,waxman,60,0.9,cascading,CENTRALISED,orbit-ceiling-0.6,29,6329859330397869564,0.25211043871707817,0.3060510679700189,0.29569645199774425,0.21135193049893727,0.2324680420188887,2478.822354302395,1.1515239660899046,2.947982745803078,0.2,0.2,True,54,0,0,0.95,3,False,296,0.30000000000000004,1.0,,0.08130719998735003,2,14682,1.4034133999957703
a9-ceiling,waxman-n60-load0.9-cascading-centralised-th0.95-dw3,waxman,60,0.9,cascading,CENTRALISED,orbit-ceiling-0.7,29,6329859330397869564,0.3178571766895099,0.45972185662805554,0.3726888384569549,0.29976482241110214,0.20005140668554114,3125.2631944272985,1.23499542896425,2.641663894368489,,0.0,True,61,0,0,0.95,3,False,296,0.30000000000000004,0.9323977651892096,,0.09461329999612644,2,13632,1.586776199983433
a9-ceiling,waxman-n60-load0.9-cascading-centralised-th0.95-dw3,waxman,60,0.9,cascading,CENTRALISED,orbit-ceiling-0.8,29,6329859330397869564,0.37775191567477917,0.5763298049249547,0.5599209879628129,0.2739096937389808,0.21570083868374487,3714.1654971534695,1.2253953425263282,2.901531793965094,,0.0,True,67,0,0,0.95,3,False,296,0.0,0.8823443005475186,,0.10625650000292808,2,12710,1.76690650000819
a9-ceiling,waxman-n60-load0.9-cascading-centralised-th0.95-dw3,waxman,60,0.9,cascading,CENTRALISED,orbit-ceiling-0.9,29,6329859330397869564,0.4131711615330192,0.8618096080732961,0.7440164675525319,0.1790460207665376,0.13123883682878104,4062.4177109559537,1.3655222563841047,3.073784328087717,,0.0,True,70,0,0,0.95,3,False,296,0.30000000000000004,0.9474505637707926,,0.10833429999183863,2,12326,2.038362599996617
a9-ceiling,waxman-n60-load0.9-cascading-centralised-th0.95-dw3,waxman,60,0.9,cascading,CENTRALISED,orbit-ceiling-0.95,29,6329859330397869564,0.4763187725319368,0.9246586207710789,0.8290028411409486,0.25121688367781486,0.15853833826161057,4683.303187025315,1.3788186089857926,3.1652545428665335,0.0,0.0,False,78,0,0,0.95,3,False,296,0.30000000000000004,0.9508702636990782,,0.1180125999962911,2,11082,2.23744440000155
a9-ceiling,waxman-n60-load0.9-cascading-centralised-th0.95-dw3,waxman,60,0.9,cascading,CENTRALISED,orbit-ceiling-1.0,29,6329859330397869564,0.439963932149483,0.8565099092382885,0.8260386217884934,0.2191216226473429,0.10025673973633197,4325.851938732289,1.41415607176907,3.1652545428665335,,0.0,True,93,0,21,0.95,3,False,296,0.30000000000000004,0.9245473755133392,,0.2148441000317689,5,12118,2.259165199997369
a9-ceiling,waxman-n60-load0.9-cascading-centralised-th0.95-dw3,waxman,60,0.9,cascading,CENTRALISED,orbit-no-fallback,29,6329859330397869564,0.40084398715153813,0.875446766464323,0.672953691131064,0.19955935298752533,0.11731411117720326,3941.213386463502,1.3585429568586325,3.1652545428665335,0.5,0.5,True,109,11,33,0.95,3,False,296,1.6,0.9513853698361816,,0.31333209996228106,9,13009,2.1222209999978077
a9-ceiling,waxman-n60-load0.9-cascading-centralised-th0.95-dw3,waxman,60,0.9,cascading,CENTRALISED,spf-static,29,6329859330397869564,0.10493836015990916,0.11053547469229523,0.0780304350252501,0.10362494371611618,0.13172742008382907,1031.7841431394793,6.346031151055652,50.55696883540496,0.0,0.0,False,0,0,59,0.95,3,False,296,0.0,0.49006576456498846,,0.038861899985931814,2,19698,0.922718799993163
